full_name;type;alpha;seed;value;feasible
lr106_t1_08R_08V_02F_04M;t1;0.05;24;883.07;TRUE
lr208_t2_08R_08V_02F_04M;t2;0.05;24;662.81;TRUE
lr109_t1_08R_08V_04F_04M;t1;0.05;24;968.56;TRUE
lr209_t2_08R_08V_04F_04M;t2;0.05;24;836.82;TRUE
lr106_t1_12R_12V_02F_04M;t1;0.05;24;984.12;TRUE
lr209_t2_12R_12V_02F_04M;t2;0.05;24;979.4;TRUE
lr109_t1_12R_12V_04F_04M;t1;0.05;24;1394.99;TRUE
lr210_t2_12R_12V_04F_04M;t2;0.05;24;1345.58;TRUE
LR1_2_8_t1_40R_40V_02F_06M;t1;0.05;24;4628.26;TRUE
LR2_2_7_t2_40R_40V_02F_06M;t2;0.05;24;5804.2;TRUE
LR1_2_8_t1_40R_40V_04F_06M;t1;0.05;24;6053.06;TRUE
LR2_2_6_t2_40R_40V_04F_06M;t2;0.05;24;7857.74;TRUE
LR1_2_10_t1_60R_60V_02F_06M;t1;0.05;24;8675.56;TRUE
LR2_2_6_t2_60R_60V_02F_06M;t2;0.05;24;10434.17;TRUE
LR1_2_9_t1_60R_60V_04F_06M;t1;0.05;24;12052.84;TRUE
LR2_2_6_t2_60R_60V_04F_06M;t2;0.05;24;12046.07;TRUE
lr106_t1_08R_08V_02F_04M;t1;0.05;31;883.07;TRUE
lr208_t2_08R_08V_02F_04M;t2;0.05;31;661.91;TRUE
lr109_t1_08R_08V_04F_04M;t1;0.05;31;968.56;TRUE
lr209_t2_08R_08V_04F_04M;t2;0.05;31;836.82;TRUE
lr106_t1_12R_12V_02F_04M;t1;0.05;31;984.12;TRUE
lr209_t2_12R_12V_02F_04M;t2;0.05;31;986.81;TRUE
lr109_t1_12R_12V_04F_04M;t1;0.05;31;1394.97;TRUE
lr210_t2_12R_12V_04F_04M;t2;0.05;31;1341.51;TRUE
LR1_2_8_t1_40R_40V_02F_06M;t1;0.05;31;4434.36;TRUE
LR2_2_7_t2_40R_40V_02F_06M;t2;0.05;31;5843.71;TRUE
LR1_2_8_t1_40R_40V_04F_06M;t1;0.05;31;6162.55;TRUE
LR2_2_6_t2_40R_40V_04F_06M;t2;0.05;31;7881.82;TRUE
LR1_2_10_t1_60R_60V_02F_06M;t1;0.05;31;8540.53;TRUE
LR2_2_6_t2_60R_60V_02F_06M;t2;0.05;31;10313.66;TRUE
LR1_2_9_t1_60R_60V_04F_06M;t1;0.05;31;12169.19;TRUE
LR2_2_6_t2_60R_60V_04F_06M;t2;0.05;31;11834.71;TRUE
lr106_t1_08R_08V_02F_04M;t1;0.05;38;883.07;TRUE
lr208_t2_08R_08V_02F_04M;t2;0.05;38;652.99;TRUE
lr109_t1_08R_08V_04F_04M;t1;0.05;38;968.56;TRUE
lr209_t2_08R_08V_04F_04M;t2;0.05;38;836.82;TRUE
lr106_t1_12R_12V_02F_04M;t1;0.05;38;984.12;TRUE
lr209_t2_12R_12V_02F_04M;t2;0.05;38;984.47;TRUE
lr109_t1_12R_12V_04F_04M;t1;0.05;38;1393.64;TRUE
lr210_t2_12R_12V_04F_04M;t2;0.05;38;1335.74;TRUE
LR1_2_8_t1_40R_40V_02F_06M;t1;0.05;38;4534.92;TRUE
LR2_2_7_t2_40R_40V_02F_06M;t2;0.05;38;5833.64;TRUE
LR1_2_8_t1_40R_40V_04F_06M;t1;0.05;38;6197.04;TRUE
LR2_2_6_t2_40R_40V_04F_06M;t2;0.05;38;7901.16;TRUE
LR1_2_10_t1_60R_60V_02F_06M;t1;0.05;38;8639.74;TRUE
LR2_2_6_t2_60R_60V_02F_06M;t2;0.05;38;10294.18;TRUE
LR1_2_9_t1_60R_60V_04F_06M;t1;0.05;38;12082.93;TRUE
LR2_2_6_t2_60R_60V_04F_06M;t2;0.05;38;11857;TRUE
lr106_t1_08R_08V_02F_04M;t1;0.05;45;883.07;TRUE
lr208_t2_08R_08V_02F_04M;t2;0.05;45;662.58;TRUE
lr109_t1_08R_08V_04F_04M;t1;0.05;45;968.56;TRUE
lr209_t2_08R_08V_04F_04M;t2;0.05;45;836.82;TRUE
lr106_t1_12R_12V_02F_04M;t1;0.05;45;984.12;TRUE
lr209_t2_12R_12V_02F_04M;t2;0.05;45;1000.27;TRUE
lr109_t1_12R_12V_04F_04M;t1;0.05;45;1394.97;TRUE
lr210_t2_12R_12V_04F_04M;t2;0.05;45;1341.51;TRUE
LR1_2_8_t1_40R_40V_02F_06M;t1;0.05;45;4579.63;TRUE
LR2_2_7_t2_40R_40V_02F_06M;t2;0.05;45;5823.62;TRUE
LR1_2_8_t1_40R_40V_04F_06M;t1;0.05;45;6102.58;TRUE
LR2_2_6_t2_40R_40V_04F_06M;t2;0.05;45;7806.35;TRUE
LR1_2_10_t1_60R_60V_02F_06M;t1;0.05;45;8586.74;TRUE
LR2_2_6_t2_60R_60V_02F_06M;t2;0.05;45;10116.79;TRUE
LR1_2_9_t1_60R_60V_04F_06M;t1;0.05;45;12040.24;TRUE
LR2_2_6_t2_60R_60V_04F_06M;t2;0.05;45;11721.38;TRUE
lr106_t1_08R_08V_02F_04M;t1;0.05;52;883.07;TRUE
lr208_t2_08R_08V_02F_04M;t2;0.05;52;653.68;TRUE
lr109_t1_08R_08V_04F_04M;t1;0.05;52;968.56;TRUE
lr209_t2_08R_08V_04F_04M;t2;0.05;52;836.82;TRUE
lr106_t1_12R_12V_02F_04M;t1;0.05;52;984.12;TRUE
lr209_t2_12R_12V_02F_04M;t2;0.05;52;996.04;TRUE
lr109_t1_12R_12V_04F_04M;t1;0.05;52;1394.97;TRUE
lr210_t2_12R_12V_04F_04M;t2;0.05;52;1341.92;TRUE
LR1_2_8_t1_40R_40V_02F_06M;t1;0.05;52;4479.21;TRUE
LR2_2_7_t2_40R_40V_02F_06M;t2;0.05;52;5870.64;TRUE
LR1_2_8_t1_40R_40V_04F_06M;t1;0.05;52;6267.8;TRUE
LR2_2_6_t2_40R_40V_04F_06M;t2;0.05;52;7765.97;TRUE
LR1_2_10_t1_60R_60V_02F_06M;t1;0.05;52;8696.74;TRUE
LR2_2_6_t2_60R_60V_02F_06M;t2;0.05;52;10224.58;TRUE
LR1_2_9_t1_60R_60V_04F_06M;t1;0.05;52;11916.32;TRUE
LR2_2_6_t2_60R_60V_04F_06M;t2;0.05;52;11562.28;TRUE
lr106_t1_08R_08V_02F_04M;t1;0.05;59;883.07;TRUE
lr208_t2_08R_08V_02F_04M;t2;0.05;59;654.25;TRUE
lr109_t1_08R_08V_04F_04M;t1;0.05;59;968.56;TRUE
lr209_t2_08R_08V_04F_04M;t2;0.05;59;836.82;TRUE
lr106_t1_12R_12V_02F_04M;t1;0.05;59;984.12;TRUE
lr209_t2_12R_12V_02F_04M;t2;0.05;59;972.62;TRUE
lr109_t1_12R_12V_04F_04M;t1;0.05;59;1394.97;TRUE
lr210_t2_12R_12V_04F_04M;t2;0.05;59;1345.09;TRUE
LR1_2_8_t1_40R_40V_02F_06M;t1;0.05;59;4504.43;TRUE
LR2_2_7_t2_40R_40V_02F_06M;t2;0.05;59;5881.85;TRUE
LR1_2_8_t1_40R_40V_04F_06M;t1;0.05;59;6153.78;TRUE
LR2_2_6_t2_40R_40V_04F_06M;t2;0.05;59;7857.47;TRUE
LR1_2_10_t1_60R_60V_02F_06M;t1;0.05;59;8610.67;TRUE
LR2_2_6_t2_60R_60V_02F_06M;t2;0.05;59;10121.71;TRUE
LR1_2_9_t1_60R_60V_04F_06M;t1;0.05;59;12087.85;TRUE
LR2_2_6_t2_60R_60V_04F_06M;t2;0.05;59;11405.82;TRUE
lr106_t1_08R_08V_02F_04M;t1;0.05;66;883.07;TRUE
lr208_t2_08R_08V_02F_04M;t2;0.05;66;651.63;TRUE
lr109_t1_08R_08V_04F_04M;t1;0.05;66;968.56;TRUE
lr209_t2_08R_08V_04F_04M;t2;0.05;66;836.82;TRUE
lr106_t1_12R_12V_02F_04M;t1;0.05;66;984.12;TRUE
lr209_t2_12R_12V_02F_04M;t2;0.05;66;981.39;TRUE
lr109_t1_12R_12V_04F_04M;t1;0.05;66;1394.97;TRUE
lr210_t2_12R_12V_04F_04M;t2;0.05;66;1335.33;TRUE
LR1_2_8_t1_40R_40V_02F_06M;t1;0.05;66;4607.84;TRUE
LR2_2_7_t2_40R_40V_02F_06M;t2;0.05;66;5942.39;TRUE
LR1_2_8_t1_40R_40V_04F_06M;t1;0.05;66;6190.49;TRUE
LR2_2_6_t2_40R_40V_04F_06M;t2;0.05;66;7710.56;TRUE
LR1_2_10_t1_60R_60V_02F_06M;t1;0.05;66;8676.45;TRUE
LR2_2_6_t2_60R_60V_02F_06M;t2;0.05;66;10351.71;TRUE
LR1_2_9_t1_60R_60V_04F_06M;t1;0.05;66;11945.93;TRUE
LR2_2_6_t2_60R_60V_04F_06M;t2;0.05;66;11848.83;TRUE
lr106_t1_08R_08V_02F_04M;t1;0.05;73;883.07;TRUE
lr208_t2_08R_08V_02F_04M;t2;0.05;73;652.97;TRUE
lr109_t1_08R_08V_04F_04M;t1;0.05;73;968.56;TRUE
lr209_t2_08R_08V_04F_04M;t2;0.05;73;836.82;TRUE
lr106_t1_12R_12V_02F_04M;t1;0.05;73;984.12;TRUE
lr209_t2_12R_12V_02F_04M;t2;0.05;73;978.58;TRUE
lr109_t1_12R_12V_04F_04M;t1;0.05;73;1394.97;TRUE
lr210_t2_12R_12V_04F_04M;t2;0.05;73;1337.15;TRUE
LR1_2_8_t1_40R_40V_02F_06M;t1;0.05;73;4530.02;TRUE
LR2_2_7_t2_40R_40V_02F_06M;t2;0.05;73;5899.98;TRUE
LR1_2_8_t1_40R_40V_04F_06M;t1;0.05;73;6163.03;TRUE
LR2_2_6_t2_40R_40V_04F_06M;t2;0.05;73;7761.87;TRUE
LR1_2_10_t1_60R_60V_02F_06M;t1;0.05;73;8556.88;TRUE
LR2_2_6_t2_60R_60V_02F_06M;t2;0.05;73;10024.58;TRUE
LR1_2_9_t1_60R_60V_04F_06M;t1;0.05;73;12040.1;TRUE
LR2_2_6_t2_60R_60V_04F_06M;t2;0.05;73;11967.72;TRUE
lr106_t1_08R_08V_02F_04M;t1;0.05;80;883.07;TRUE
lr208_t2_08R_08V_02F_04M;t2;0.05;80;654.25;TRUE
lr109_t1_08R_08V_04F_04M;t1;0.05;80;968.56;TRUE
lr209_t2_08R_08V_04F_04M;t2;0.05;80;836.82;TRUE
lr106_t1_12R_12V_02F_04M;t1;0.05;80;984.12;TRUE
lr209_t2_12R_12V_02F_04M;t2;0.05;80;976.6;TRUE
lr109_t1_12R_12V_04F_04M;t1;0.05;80;1394.97;TRUE
lr210_t2_12R_12V_04F_04M;t2;0.05;80;1336.87;TRUE
LR1_2_8_t1_40R_40V_02F_06M;t1;0.05;80;4560;TRUE
LR2_2_7_t2_40R_40V_02F_06M;t2;0.05;80;5779.57;TRUE
LR1_2_8_t1_40R_40V_04F_06M;t1;0.05;80;6060.12;TRUE
LR2_2_6_t2_40R_40V_04F_06M;t2;0.05;80;7792.72;TRUE
LR1_2_10_t1_60R_60V_02F_06M;t1;0.05;80;8627.97;TRUE
LR2_2_6_t2_60R_60V_02F_06M;t2;0.05;80;10188.22;TRUE
LR1_2_9_t1_60R_60V_04F_06M;t1;0.05;80;12028.05;TRUE
LR2_2_6_t2_60R_60V_04F_06M;t2;0.05;80;11904.4;TRUE
lr106_t1_08R_08V_02F_04M;t1;0.05;87;883.07;TRUE
lr208_t2_08R_08V_02F_04M;t2;0.05;87;652.99;TRUE
lr109_t1_08R_08V_04F_04M;t1;0.05;87;968.56;TRUE
lr209_t2_08R_08V_04F_04M;t2;0.05;87;836.82;TRUE
lr106_t1_12R_12V_02F_04M;t1;0.05;87;984.12;TRUE
lr209_t2_12R_12V_02F_04M;t2;0.05;87;933.29;TRUE
lr109_t1_12R_12V_04F_04M;t1;0.05;87;1394.97;TRUE
lr210_t2_12R_12V_04F_04M;t2;0.05;87;1336.74;TRUE
LR1_2_8_t1_40R_40V_02F_06M;t1;0.05;87;4608.08;TRUE
LR2_2_7_t2_40R_40V_02F_06M;t2;0.05;87;5889.02;TRUE
LR1_2_8_t1_40R_40V_04F_06M;t1;0.05;87;6209.26;TRUE
LR2_2_6_t2_40R_40V_04F_06M;t2;0.05;87;7881.34;TRUE
LR1_2_10_t1_60R_60V_02F_06M;t1;0.05;87;8584.27;TRUE
LR2_2_6_t2_60R_60V_02F_06M;t2;0.05;87;10135.92;TRUE
LR1_2_9_t1_60R_60V_04F_06M;t1;0.05;87;12109.42;TRUE
LR2_2_6_t2_60R_60V_04F_06M;t2;0.05;87;11924.12;TRUE
lr106_t1_08R_08V_02F_04M;t1;0.1;24;883.07;TRUE
lr208_t2_08R_08V_02F_04M;t2;0.1;24;652.32;TRUE
lr109_t1_08R_08V_04F_04M;t1;0.1;24;968.56;TRUE
lr209_t2_08R_08V_04F_04M;t2;0.1;24;836.82;TRUE
lr106_t1_12R_12V_02F_04M;t1;0.1;24;984.12;TRUE
lr209_t2_12R_12V_02F_04M;t2;0.1;24;984.86;TRUE
lr109_t1_12R_12V_04F_04M;t1;0.1;24;1394.99;TRUE
lr210_t2_12R_12V_04F_04M;t2;0.1;24;1335;TRUE
LR1_2_8_t1_40R_40V_02F_06M;t1;0.1;24;4364.32;TRUE
LR2_2_7_t2_40R_40V_02F_06M;t2;0.1;24;5909.12;TRUE
LR1_2_8_t1_40R_40V_04F_06M;t1;0.1;24;6235.6;TRUE
LR2_2_6_t2_40R_40V_04F_06M;t2;0.1;24;7999.04;TRUE
LR1_2_10_t1_60R_60V_02F_06M;t1;0.1;24;8775.54;TRUE
LR2_2_6_t2_60R_60V_02F_06M;t2;0.1;24;10422.6;TRUE
LR1_2_9_t1_60R_60V_04F_06M;t1;0.1;24;12094.81;TRUE
LR2_2_6_t2_60R_60V_04F_06M;t2;0.1;24;12215.01;TRUE
lr106_t1_08R_08V_02F_04M;t1;0.1;31;883.07;TRUE
lr208_t2_08R_08V_02F_04M;t2;0.1;31;651.63;TRUE
lr109_t1_08R_08V_04F_04M;t1;0.1;31;968.56;TRUE
lr209_t2_08R_08V_04F_04M;t2;0.1;31;836.82;TRUE
lr106_t1_12R_12V_02F_04M;t1;0.1;31;984.12;TRUE
lr209_t2_12R_12V_02F_04M;t2;0.1;31;981.05;TRUE
lr109_t1_12R_12V_04F_04M;t1;0.1;31;1394.99;TRUE
lr210_t2_12R_12V_04F_04M;t2;0.1;31;1335.64;TRUE
LR1_2_8_t1_40R_40V_02F_06M;t1;0.1;31;4754.12;TRUE
LR2_2_7_t2_40R_40V_02F_06M;t2;0.1;31;5987.14;TRUE
LR1_2_8_t1_40R_40V_04F_06M;t1;0.1;31;6178.3;TRUE
LR2_2_6_t2_40R_40V_04F_06M;t2;0.1;31;7944.78;TRUE
LR1_2_10_t1_60R_60V_02F_06M;t1;0.1;31;8693.92;TRUE
LR2_2_6_t2_60R_60V_02F_06M;t2;0.1;31;10540.17;TRUE
LR1_2_9_t1_60R_60V_04F_06M;t1;0.1;31;11853.27;TRUE
LR2_2_6_t2_60R_60V_04F_06M;t2;0.1;31;12114.95;TRUE
lr106_t1_08R_08V_02F_04M;t1;0.1;38;883.07;TRUE
lr208_t2_08R_08V_02F_04M;t2;0.1;38;652.32;TRUE
lr109_t1_08R_08V_04F_04M;t1;0.1;38;968.56;TRUE
lr209_t2_08R_08V_04F_04M;t2;0.1;38;836.82;TRUE
lr106_t1_12R_12V_02F_04M;t1;0.1;38;984.12;TRUE
lr209_t2_12R_12V_02F_04M;t2;0.1;38;988.33;TRUE
lr109_t1_12R_12V_04F_04M;t1;0.1;38;1394.99;TRUE
lr210_t2_12R_12V_04F_04M;t2;0.1;38;1342.26;TRUE
LR1_2_8_t1_40R_40V_02F_06M;t1;0.1;38;4638.79;TRUE
LR2_2_7_t2_40R_40V_02F_06M;t2;0.1;38;5858.15;TRUE
LR1_2_8_t1_40R_40V_04F_06M;t1;0.1;38;6244.27;TRUE
LR2_2_6_t2_40R_40V_04F_06M;t2;0.1;38;7946.74;TRUE
LR1_2_10_t1_60R_60V_02F_06M;t1;0.1;38;8703.4;TRUE
LR2_2_6_t2_60R_60V_02F_06M;t2;0.1;38;10689.83;TRUE
LR1_2_9_t1_60R_60V_04F_06M;t1;0.1;38;12192.64;TRUE
LR2_2_6_t2_60R_60V_04F_06M;t2;0.1;38;12253.16;TRUE
lr106_t1_08R_08V_02F_04M;t1;0.1;45;883.07;TRUE
lr208_t2_08R_08V_02F_04M;t2;0.1;45;651.93;TRUE
lr109_t1_08R_08V_04F_04M;t1;0.1;45;968.56;TRUE
lr209_t2_08R_08V_04F_04M;t2;0.1;45;836.82;TRUE
lr106_t1_12R_12V_02F_04M;t1;0.1;45;984.12;TRUE
lr209_t2_12R_12V_02F_04M;t2;0.1;45;983.46;TRUE
lr109_t1_12R_12V_04F_04M;t1;0.1;45;1394.99;TRUE
lr210_t2_12R_12V_04F_04M;t2;0.1;45;1335.33;TRUE
LR1_2_8_t1_40R_40V_02F_06M;t1;0.1;45;4699.51;TRUE
LR2_2_7_t2_40R_40V_02F_06M;t2;0.1;45;6044.34;TRUE
LR1_2_8_t1_40R_40V_04F_06M;t1;0.1;45;6171.87;TRUE
LR2_2_6_t2_40R_40V_04F_06M;t2;0.1;45;7828.76;TRUE
LR1_2_10_t1_60R_60V_02F_06M;t1;0.1;45;8684.02;TRUE
LR2_2_6_t2_60R_60V_02F_06M;t2;0.1;45;10825.39;TRUE
LR1_2_9_t1_60R_60V_04F_06M;t1;0.1;45;12067.47;TRUE
LR2_2_6_t2_60R_60V_04F_06M;t2;0.1;45;12053.57;TRUE
lr106_t1_08R_08V_02F_04M;t1;0.1;52;883.07;TRUE
lr208_t2_08R_08V_02F_04M;t2;0.1;52;660.35;TRUE
lr109_t1_08R_08V_04F_04M;t1;0.1;52;968.56;TRUE
lr209_t2_08R_08V_04F_04M;t2;0.1;52;836.82;TRUE
lr106_t1_12R_12V_02F_04M;t1;0.1;52;984.12;TRUE
lr209_t2_12R_12V_02F_04M;t2;0.1;52;994.92;TRUE
lr109_t1_12R_12V_04F_04M;t1;0.1;52;1394.97;TRUE
lr210_t2_12R_12V_04F_04M;t2;0.1;52;1343.06;TRUE
LR1_2_8_t1_40R_40V_02F_06M;t1;0.1;52;4588.12;TRUE
LR2_2_7_t2_40R_40V_02F_06M;t2;0.1;52;5815.11;TRUE
LR1_2_8_t1_40R_40V_04F_06M;t1;0.1;52;6173.02;TRUE
LR2_2_6_t2_40R_40V_04F_06M;t2;0.1;52;7951.26;TRUE
LR1_2_10_t1_60R_60V_02F_06M;t1;0.1;52;8629.16;TRUE
LR2_2_6_t2_60R_60V_02F_06M;t2;0.1;52;10811.93;TRUE
LR1_2_9_t1_60R_60V_04F_06M;t1;0.1;52;12140.56;TRUE
LR2_2_6_t2_60R_60V_04F_06M;t2;0.1;52;12032.22;TRUE
lr106_t1_08R_08V_02F_04M;t1;0.1;59;883.07;TRUE
lr208_t2_08R_08V_02F_04M;t2;0.1;59;651.63;TRUE
lr109_t1_08R_08V_04F_04M;t1;0.1;59;968.56;TRUE
lr209_t2_08R_08V_04F_04M;t2;0.1;59;836.82;TRUE
lr106_t1_12R_12V_02F_04M;t1;0.1;59;984.12;TRUE
lr209_t2_12R_12V_02F_04M;t2;0.1;59;988.23;TRUE
lr109_t1_12R_12V_04F_04M;t1;0.1;59;1394.99;TRUE
lr210_t2_12R_12V_04F_04M;t2;0.1;59;1338.34;TRUE
LR1_2_8_t1_40R_40V_02F_06M;t1;0.1;59;4609.63;TRUE
LR2_2_7_t2_40R_40V_02F_06M;t2;0.1;59;5911.22;TRUE
LR1_2_8_t1_40R_40V_04F_06M;t1;0.1;59;6190.69;TRUE
LR2_2_6_t2_40R_40V_04F_06M;t2;0.1;59;7972.38;TRUE
LR1_2_10_t1_60R_60V_02F_06M;t1;0.1;59;8742.88;TRUE
LR2_2_6_t2_60R_60V_02F_06M;t2;0.1;59;10451.86;TRUE
LR1_2_9_t1_60R_60V_04F_06M;t1;0.1;59;11992.73;TRUE
LR2_2_6_t2_60R_60V_04F_06M;t2;0.1;59;11812.18;TRUE
lr106_t1_08R_08V_02F_04M;t1;0.1;66;883.07;TRUE
lr208_t2_08R_08V_02F_04M;t2;0.1;66;651.63;TRUE
lr109_t1_08R_08V_04F_04M;t1;0.1;66;968.56;TRUE
lr209_t2_08R_08V_04F_04M;t2;0.1;66;836.82;TRUE
lr106_t1_12R_12V_02F_04M;t1;0.1;66;984.12;TRUE
lr209_t2_12R_12V_02F_04M;t2;0.1;66;998.54;TRUE
lr109_t1_12R_12V_04F_04M;t1;0.1;66;1394.99;TRUE
lr210_t2_12R_12V_04F_04M;t2;0.1;66;1335.82;TRUE
LR1_2_8_t1_40R_40V_02F_06M;t1;0.1;66;4577.05;TRUE
LR2_2_7_t2_40R_40V_02F_06M;t2;0.1;66;5895.08;TRUE
LR1_2_8_t1_40R_40V_04F_06M;t1;0.1;66;5956.98;TRUE
LR2_2_6_t2_40R_40V_04F_06M;t2;0.1;66;7958.32;TRUE
LR1_2_10_t1_60R_60V_02F_06M;t1;0.1;66;8648.23;TRUE
LR2_2_6_t2_60R_60V_02F_06M;t2;0.1;66;10792.61;TRUE
LR1_2_9_t1_60R_60V_04F_06M;t1;0.1;66;12133.29;TRUE
LR2_2_6_t2_60R_60V_04F_06M;t2;0.1;66;11840.7;TRUE
lr106_t1_08R_08V_02F_04M;t1;0.1;73;883.07;TRUE
lr208_t2_08R_08V_02F_04M;t2;0.1;73;650.73;TRUE
lr109_t1_08R_08V_04F_04M;t1;0.1;73;968.56;TRUE
lr209_t2_08R_08V_04F_04M;t2;0.1;73;836.82;TRUE
lr106_t1_12R_12V_02F_04M;t1;0.1;73;984.12;TRUE
lr209_t2_12R_12V_02F_04M;t2;0.1;73;994.98;TRUE
lr109_t1_12R_12V_04F_04M;t1;0.1;73;1394.97;TRUE
lr210_t2_12R_12V_04F_04M;t2;0.1;73;1340.15;TRUE
LR1_2_8_t1_40R_40V_02F_06M;t1;0.1;73;4457.6;TRUE
LR2_2_7_t2_40R_40V_02F_06M;t2;0.1;73;5866.22;TRUE
LR1_2_8_t1_40R_40V_04F_06M;t1;0.1;73;6189.45;TRUE
LR2_2_6_t2_40R_40V_04F_06M;t2;0.1;73;7826.71;TRUE
LR1_2_10_t1_60R_60V_02F_06M;t1;0.1;73;8650.96;TRUE
LR2_2_6_t2_60R_60V_02F_06M;t2;0.1;73;10780.84;TRUE
LR1_2_9_t1_60R_60V_04F_06M;t1;0.1;73;11913.33;TRUE
LR2_2_6_t2_60R_60V_04F_06M;t2;0.1;73;12193.02;TRUE
lr106_t1_08R_08V_02F_04M;t1;0.1;80;883.07;TRUE
lr208_t2_08R_08V_02F_04M;t2;0.1;80;654.25;TRUE
lr109_t1_08R_08V_04F_04M;t1;0.1;80;968.56;TRUE
lr209_t2_08R_08V_04F_04M;t2;0.1;80;836.82;TRUE
lr106_t1_12R_12V_02F_04M;t1;0.1;80;984.12;TRUE
lr209_t2_12R_12V_02F_04M;t2;0.1;80;990.85;TRUE
lr109_t1_12R_12V_04F_04M;t1;0.1;80;1394.99;TRUE
lr210_t2_12R_12V_04F_04M;t2;0.1;80;1340.4;TRUE
LR1_2_8_t1_40R_40V_02F_06M;t1;0.1;80;4614.29;TRUE
LR2_2_7_t2_40R_40V_02F_06M;t2;0.1;80;5796.1;TRUE
LR1_2_8_t1_40R_40V_04F_06M;t1;0.1;80;6087.1;TRUE
LR2_2_6_t2_40R_40V_04F_06M;t2;0.1;80;7715.03;TRUE
LR1_2_10_t1_60R_60V_02F_06M;t1;0.1;80;8756.82;TRUE
LR2_2_6_t2_60R_60V_02F_06M;t2;0.1;80;10653.11;TRUE
LR1_2_9_t1_60R_60V_04F_06M;t1;0.1;80;12122.07;TRUE
LR2_2_6_t2_60R_60V_04F_06M;t2;0.1;80;12173.51;TRUE
lr106_t1_08R_08V_02F_04M;t1;0.1;87;883.07;TRUE
lr208_t2_08R_08V_02F_04M;t2;0.1;87;651.63;TRUE
lr109_t1_08R_08V_04F_04M;t1;0.1;87;968.56;TRUE
lr209_t2_08R_08V_04F_04M;t2;0.1;87;836.82;TRUE
lr106_t1_12R_12V_02F_04M;t1;0.1;87;984.12;TRUE
lr209_t2_12R_12V_02F_04M;t2;0.1;87;973.33;TRUE
lr109_t1_12R_12V_04F_04M;t1;0.1;87;1394.99;TRUE
lr210_t2_12R_12V_04F_04M;t2;0.1;87;1334.33;TRUE
LR1_2_8_t1_40R_40V_02F_06M;t1;0.1;87;4440.81;TRUE
LR2_2_7_t2_40R_40V_02F_06M;t2;0.1;87;5741.94;TRUE
LR1_2_8_t1_40R_40V_04F_06M;t1;0.1;87;6257.55;TRUE
LR2_2_6_t2_40R_40V_04F_06M;t2;0.1;87;7878.73;TRUE
LR1_2_10_t1_60R_60V_02F_06M;t1;0.1;87;8710.59;TRUE
LR2_2_6_t2_60R_60V_02F_06M;t2;0.1;87;10674.28;TRUE
LR1_2_9_t1_60R_60V_04F_06M;t1;0.1;87;11988.58;TRUE
LR2_2_6_t2_60R_60V_04F_06M;t2;0.1;87;12137.9;TRUE
lr106_t1_08R_08V_02F_04M;t1;0.15;24;883.07;TRUE
lr208_t2_08R_08V_02F_04M;t2;0.15;24;653.6;TRUE
lr109_t1_08R_08V_04F_04M;t1;0.15;24;968.56;TRUE
lr209_t2_08R_08V_04F_04M;t2;0.15;24;836.82;TRUE
lr106_t1_12R_12V_02F_04M;t1;0.15;24;984.12;TRUE
lr209_t2_12R_12V_02F_04M;t2;0.15;24;973.52;TRUE
lr109_t1_12R_12V_04F_04M;t1;0.15;24;1399.97;TRUE
lr210_t2_12R_12V_04F_04M;t2;0.15;24;1334.33;TRUE
LR1_2_8_t1_40R_40V_02F_06M;t1;0.15;24;4692.68;TRUE
LR2_2_7_t2_40R_40V_02F_06M;t2;0.15;24;5971.37;TRUE
LR1_2_8_t1_40R_40V_04F_06M;t1;0.15;24;6061.86;TRUE
LR2_2_6_t2_40R_40V_04F_06M;t2;0.15;24;7995.85;TRUE
LR1_2_10_t1_60R_60V_02F_06M;t1;0.15;24;8780.8;TRUE
LR2_2_6_t2_60R_60V_02F_06M;t2;0.15;24;10914.9;TRUE
LR1_2_9_t1_60R_60V_04F_06M;t1;0.15;24;12240.01;TRUE
LR2_2_6_t2_60R_60V_04F_06M;t2;0.15;24;12298.34;TRUE
lr106_t1_08R_08V_02F_04M;t1;0.15;31;883.07;TRUE
lr208_t2_08R_08V_02F_04M;t2;0.15;31;652.32;TRUE
lr109_t1_08R_08V_04F_04M;t1;0.15;31;968.56;TRUE
lr209_t2_08R_08V_04F_04M;t2;0.15;31;836.82;TRUE
lr106_t1_12R_12V_02F_04M;t1;0.15;31;984.12;TRUE
lr209_t2_12R_12V_02F_04M;t2;0.15;31;967.66;TRUE
lr109_t1_12R_12V_04F_04M;t1;0.15;31;1394.99;TRUE
lr210_t2_12R_12V_04F_04M;t2;0.15;31;1338.34;TRUE
LR1_2_8_t1_40R_40V_02F_06M;t1;0.15;31;4650.63;TRUE
LR2_2_7_t2_40R_40V_02F_06M;t2;0.15;31;5977.77;TRUE
LR1_2_8_t1_40R_40V_04F_06M;t1;0.15;31;6165.38;TRUE
LR2_2_6_t2_40R_40V_04F_06M;t2;0.15;31;7949.93;TRUE
LR1_2_10_t1_60R_60V_02F_06M;t1;0.15;31;8666.36;TRUE
LR2_2_6_t2_60R_60V_02F_06M;t2;0.15;31;11036.5;TRUE
LR1_2_9_t1_60R_60V_04F_06M;t1;0.15;31;12086.13;TRUE
LR2_2_6_t2_60R_60V_04F_06M;t2;0.15;31;12286.38;TRUE
lr106_t1_08R_08V_02F_04M;t1;0.15;38;883.07;TRUE
lr208_t2_08R_08V_02F_04M;t2;0.15;38;651.11;TRUE
lr109_t1_08R_08V_04F_04M;t1;0.15;38;968.56;TRUE
lr209_t2_08R_08V_04F_04M;t2;0.15;38;836.82;TRUE
lr106_t1_12R_12V_02F_04M;t1;0.15;38;984.12;TRUE
lr209_t2_12R_12V_02F_04M;t2;0.15;38;998.71;TRUE
lr109_t1_12R_12V_04F_04M;t1;0.15;38;1394.97;TRUE
lr210_t2_12R_12V_04F_04M;t2;0.15;38;1342.26;TRUE
LR1_2_8_t1_40R_40V_02F_06M;t1;0.15;38;4643.75;TRUE
LR2_2_7_t2_40R_40V_02F_06M;t2;0.15;38;5980.65;TRUE
LR1_2_8_t1_40R_40V_04F_06M;t1;0.15;38;6131.41;TRUE
LR2_2_6_t2_40R_40V_04F_06M;t2;0.15;38;7782.11;TRUE
LR1_2_10_t1_60R_60V_02F_06M;t1;0.15;38;8699.44;TRUE
LR2_2_6_t2_60R_60V_02F_06M;t2;0.15;38;10680.4;TRUE
LR1_2_9_t1_60R_60V_04F_06M;t1;0.15;38;12167.17;TRUE
LR2_2_6_t2_60R_60V_04F_06M;t2;0.15;38;12277.17;TRUE
lr106_t1_08R_08V_02F_04M;t1;0.15;45;883.07;TRUE
lr208_t2_08R_08V_02F_04M;t2;0.15;45;652.32;TRUE
lr109_t1_08R_08V_04F_04M;t1;0.15;45;968.56;TRUE
lr209_t2_08R_08V_04F_04M;t2;0.15;45;836.82;TRUE
lr106_t1_12R_12V_02F_04M;t1;0.15;45;984.12;TRUE
lr209_t2_12R_12V_02F_04M;t2;0.15;45;984.36;TRUE
lr109_t1_12R_12V_04F_04M;t1;0.15;45;1394.97;TRUE
lr210_t2_12R_12V_04F_04M;t2;0.15;45;1336.04;TRUE
LR1_2_8_t1_40R_40V_02F_06M;t1;0.15;45;4724.03;TRUE
LR2_2_7_t2_40R_40V_02F_06M;t2;0.15;45;5994.24;TRUE
LR1_2_8_t1_40R_40V_04F_06M;t1;0.15;45;6280.66;TRUE
LR2_2_6_t2_40R_40V_04F_06M;t2;0.15;45;7864.68;TRUE
LR1_2_10_t1_60R_60V_02F_06M;t1;0.15;45;8694.53;TRUE
LR2_2_6_t2_60R_60V_02F_06M;t2;0.15;45;10819.04;TRUE
LR1_2_9_t1_60R_60V_04F_06M;t1;0.15;45;11914.98;TRUE
LR2_2_6_t2_60R_60V_04F_06M;t2;0.15;45;12270.76;TRUE
lr106_t1_08R_08V_02F_04M;t1;0.15;52;883.07;TRUE
lr208_t2_08R_08V_02F_04M;t2;0.15;52;651.63;TRUE
lr109_t1_08R_08V_04F_04M;t1;0.15;52;968.56;TRUE
lr209_t2_08R_08V_04F_04M;t2;0.15;52;836.82;TRUE
lr106_t1_12R_12V_02F_04M;t1;0.15;52;984.12;TRUE
lr209_t2_12R_12V_02F_04M;t2;0.15;52;997.64;TRUE
lr109_t1_12R_12V_04F_04M;t1;0.15;52;1394.97;TRUE
lr210_t2_12R_12V_04F_04M;t2;0.15;52;1337.55;TRUE
LR1_2_8_t1_40R_40V_02F_06M;t1;0.15;52;4727.41;TRUE
LR2_2_7_t2_40R_40V_02F_06M;t2;0.15;52;6046.2;TRUE
LR1_2_8_t1_40R_40V_04F_06M;t1;0.15;52;6150.01;TRUE
LR2_2_6_t2_40R_40V_04F_06M;t2;0.15;52;7951.26;TRUE
LR1_2_10_t1_60R_60V_02F_06M;t1;0.15;52;8818.68;TRUE
LR2_2_6_t2_60R_60V_02F_06M;t2;0.15;52;10873.53;TRUE
LR1_2_9_t1_60R_60V_04F_06M;t1;0.15;52;12337.38;TRUE
LR2_2_6_t2_60R_60V_04F_06M;t2;0.15;52;12270.52;TRUE
lr106_t1_08R_08V_02F_04M;t1;0.15;59;883.07;TRUE
lr208_t2_08R_08V_02F_04M;t2;0.15;59;655.61;TRUE
lr109_t1_08R_08V_04F_04M;t1;0.15;59;968.56;TRUE
lr209_t2_08R_08V_04F_04M;t2;0.15;59;836.82;TRUE
lr106_t1_12R_12V_02F_04M;t1;0.15;59;984.12;TRUE
lr209_t2_12R_12V_02F_04M;t2;0.15;59;993.99;TRUE
lr109_t1_12R_12V_04F_04M;t1;0.15;59;1392.53;TRUE
lr210_t2_12R_12V_04F_04M;t2;0.15;59;1334.33;TRUE
LR1_2_8_t1_40R_40V_02F_06M;t1;0.15;59;4590.94;TRUE
LR2_2_7_t2_40R_40V_02F_06M;t2;0.15;59;5985.25;TRUE
LR1_2_8_t1_40R_40V_04F_06M;t1;0.15;59;6192.72;TRUE
LR2_2_6_t2_40R_40V_04F_06M;t2;0.15;59;8027.37;TRUE
LR1_2_10_t1_60R_60V_02F_06M;t1;0.15;59;8775.96;TRUE
LR2_2_6_t2_60R_60V_02F_06M;t2;0.15;59;10850.82;TRUE
LR1_2_9_t1_60R_60V_04F_06M;t1;0.15;59;11992.94;TRUE
LR2_2_6_t2_60R_60V_04F_06M;t2;0.15;59;12152.84;TRUE
lr106_t1_08R_08V_02F_04M;t1;0.15;66;883.07;TRUE
lr208_t2_08R_08V_02F_04M;t2;0.15;66;657.95;TRUE
lr109_t1_08R_08V_04F_04M;t1;0.15;66;968.56;TRUE
lr209_t2_08R_08V_04F_04M;t2;0.15;66;836.82;TRUE
lr106_t1_12R_12V_02F_04M;t1;0.15;66;984.12;TRUE
lr209_t2_12R_12V_02F_04M;t2;0.15;66;978.11;TRUE
lr109_t1_12R_12V_04F_04M;t1;0.15;66;1394.99;TRUE
lr210_t2_12R_12V_04F_04M;t2;0.15;66;1335.32;TRUE
LR1_2_8_t1_40R_40V_02F_06M;t1;0.15;66;4679.57;TRUE
LR2_2_7_t2_40R_40V_02F_06M;t2;0.15;66;6116.7;TRUE
LR1_2_8_t1_40R_40V_04F_06M;t1;0.15;66;6175.1;TRUE
LR2_2_6_t2_40R_40V_04F_06M;t2;0.15;66;7961.34;TRUE
LR1_2_10_t1_60R_60V_02F_06M;t1;0.15;66;8714.04;TRUE
LR2_2_6_t2_60R_60V_02F_06M;t2;0.15;66;10906.31;TRUE
LR1_2_9_t1_60R_60V_04F_06M;t1;0.15;66;12035.85;TRUE
LR2_2_6_t2_60R_60V_04F_06M;t2;0.15;66;12338.78;TRUE
lr106_t1_08R_08V_02F_04M;t1;0.15;73;883.07;TRUE
lr208_t2_08R_08V_02F_04M;t2;0.15;73;653.04;TRUE
lr109_t1_08R_08V_04F_04M;t1;0.15;73;968.56;TRUE
lr209_t2_08R_08V_04F_04M;t2;0.15;73;836.82;TRUE
lr106_t1_12R_12V_02F_04M;t1;0.15;73;984.12;TRUE
lr209_t2_12R_12V_02F_04M;t2;0.15;73;1003.4;TRUE
lr109_t1_12R_12V_04F_04M;t1;0.15;73;1394.97;TRUE
lr210_t2_12R_12V_04F_04M;t2;0.15;73;1337.55;TRUE
LR1_2_8_t1_40R_40V_02F_06M;t1;0.15;73;4716.12;TRUE
LR2_2_7_t2_40R_40V_02F_06M;t2;0.15;73;6034.07;TRUE
LR1_2_8_t1_40R_40V_04F_06M;t1;0.15;73;6086.12;TRUE
LR2_2_6_t2_40R_40V_04F_06M;t2;0.15;73;8035.98;TRUE
LR1_2_10_t1_60R_60V_02F_06M;t1;0.15;73;8701.65;TRUE
LR2_2_6_t2_60R_60V_02F_06M;t2;0.15;73;10883.39;TRUE
LR1_2_9_t1_60R_60V_04F_06M;t1;0.15;73;12166.12;TRUE
LR2_2_6_t2_60R_60V_04F_06M;t2;0.15;73;12292.32;TRUE
lr106_t1_08R_08V_02F_04M;t1;0.15;80;883.07;TRUE
lr208_t2_08R_08V_02F_04M;t2;0.15;80;651.73;TRUE
lr109_t1_08R_08V_04F_04M;t1;0.15;80;968.56;TRUE
lr209_t2_08R_08V_04F_04M;t2;0.15;80;836.82;TRUE
lr106_t1_12R_12V_02F_04M;t1;0.15;80;984.12;TRUE
lr209_t2_12R_12V_02F_04M;t2;0.15;80;1009.72;TRUE
lr109_t1_12R_12V_04F_04M;t1;0.15;80;1394.99;TRUE
lr210_t2_12R_12V_04F_04M;t2;0.15;80;1345.14;TRUE
LR1_2_8_t1_40R_40V_02F_06M;t1;0.15;80;4697.08;TRUE
LR2_2_7_t2_40R_40V_02F_06M;t2;0.15;80;6046.92;TRUE
LR1_2_8_t1_40R_40V_04F_06M;t1;0.15;80;6272.54;TRUE
LR2_2_6_t2_40R_40V_04F_06M;t2;0.15;80;8006.33;TRUE
LR1_2_10_t1_60R_60V_02F_06M;t1;0.15;80;8808.31;TRUE
LR2_2_6_t2_60R_60V_02F_06M;t2;0.15;80;10716.47;TRUE
LR1_2_9_t1_60R_60V_04F_06M;t1;0.15;80;12115;TRUE
LR2_2_6_t2_60R_60V_04F_06M;t2;0.15;80;12268.68;TRUE
lr106_t1_08R_08V_02F_04M;t1;0.15;87;883.07;TRUE
lr208_t2_08R_08V_02F_04M;t2;0.15;87;650.47;TRUE
lr109_t1_08R_08V_04F_04M;t1;0.15;87;968.56;TRUE
lr209_t2_08R_08V_04F_04M;t2;0.15;87;836.82;TRUE
lr106_t1_12R_12V_02F_04M;t1;0.15;87;984.12;TRUE
lr209_t2_12R_12V_02F_04M;t2;0.15;87;983.74;TRUE
lr109_t1_12R_12V_04F_04M;t1;0.15;87;1394.97;TRUE
lr210_t2_12R_12V_04F_04M;t2;0.15;87;1340.15;TRUE
LR1_2_8_t1_40R_40V_02F_06M;t1;0.15;87;4651.26;TRUE
LR2_2_7_t2_40R_40V_02F_06M;t2;0.15;87;5917.1;TRUE
LR1_2_8_t1_40R_40V_04F_06M;t1;0.15;87;6197.72;TRUE
LR2_2_6_t2_40R_40V_04F_06M;t2;0.15;87;8017.82;TRUE
LR1_2_10_t1_60R_60V_02F_06M;t1;0.15;87;8770.35;TRUE
LR2_2_6_t2_60R_60V_02F_06M;t2;0.15;87;10928.19;TRUE
LR1_2_9_t1_60R_60V_04F_06M;t1;0.15;87;12044.93;TRUE
LR2_2_6_t2_60R_60V_04F_06M;t2;0.15;87;12256.12;TRUE
lr106_t1_08R_08V_02F_04M;t1;0.2;24;883.07;TRUE
lr208_t2_08R_08V_02F_04M;t2;0.2;24;652.97;TRUE
lr109_t1_08R_08V_04F_04M;t1;0.2;24;968.56;TRUE
lr209_t2_08R_08V_04F_04M;t2;0.2;24;836.82;TRUE
lr106_t1_12R_12V_02F_04M;t1;0.2;24;984.12;TRUE
lr209_t2_12R_12V_02F_04M;t2;0.2;24;1003.47;TRUE
lr109_t1_12R_12V_04F_04M;t1;0.2;24;1394.99;TRUE
lr210_t2_12R_12V_04F_04M;t2;0.2;24;1335.46;TRUE
LR1_2_8_t1_40R_40V_02F_06M;t1;0.2;24;4733.77;TRUE
LR2_2_7_t2_40R_40V_02F_06M;t2;0.2;24;5935.87;TRUE
LR1_2_8_t1_40R_40V_04F_06M;t1;0.2;24;6162.66;TRUE
LR2_2_6_t2_40R_40V_04F_06M;t2;0.2;24;7948.59;TRUE
LR1_2_10_t1_60R_60V_02F_06M;t1;0.2;24;8776.13;TRUE
LR2_2_6_t2_60R_60V_02F_06M;t2;0.2;24;10826.65;TRUE
LR1_2_9_t1_60R_60V_04F_06M;t1;0.2;24;11972.38;TRUE
LR2_2_6_t2_60R_60V_04F_06M;t2;0.2;24;12202.96;TRUE
lr106_t1_08R_08V_02F_04M;t1;0.2;31;883.07;TRUE
lr208_t2_08R_08V_02F_04M;t2;0.2;31;653.66;TRUE
lr109_t1_08R_08V_04F_04M;t1;0.2;31;968.56;TRUE
lr209_t2_08R_08V_04F_04M;t2;0.2;31;836.82;TRUE
lr106_t1_12R_12V_02F_04M;t1;0.2;31;984.12;TRUE
lr209_t2_12R_12V_02F_04M;t2;0.2;31;986.16;TRUE
lr109_t1_12R_12V_04F_04M;t1;0.2;31;1394.99;TRUE
lr210_t2_12R_12V_04F_04M;t2;0.2;31;1334.33;TRUE
LR1_2_8_t1_40R_40V_02F_06M;t1;0.2;31;4682.29;TRUE
LR2_2_7_t2_40R_40V_02F_06M;t2;0.2;31;6126.76;TRUE
LR1_2_8_t1_40R_40V_04F_06M;t1;0.2;31;6243.71;TRUE
LR2_2_6_t2_40R_40V_04F_06M;t2;0.2;31;7949.93;TRUE
LR1_2_10_t1_60R_60V_02F_06M;t1;0.2;31;8785.51;TRUE
LR2_2_6_t2_60R_60V_02F_06M;t2;0.2;31;10752.82;TRUE
LR1_2_9_t1_60R_60V_04F_06M;t1;0.2;31;12060.77;TRUE
LR2_2_6_t2_60R_60V_04F_06M;t2;0.2;31;12293.21;TRUE
lr106_t1_08R_08V_02F_04M;t1;0.2;38;883.07;TRUE
lr208_t2_08R_08V_02F_04M;t2;0.2;38;654.92;TRUE
lr109_t1_08R_08V_04F_04M;t1;0.2;38;968.56;TRUE
lr209_t2_08R_08V_04F_04M;t2;0.2;38;836.82;TRUE
lr106_t1_12R_12V_02F_04M;t1;0.2;38;984.12;TRUE
lr209_t2_12R_12V_02F_04M;t2;0.2;38;998.71;TRUE
lr109_t1_12R_12V_04F_04M;t1;0.2;38;1397.44;TRUE
lr210_t2_12R_12V_04F_04M;t2;0.2;38;1350.07;TRUE
LR1_2_8_t1_40R_40V_02F_06M;t1;0.2;38;4756.96;TRUE
LR2_2_7_t2_40R_40V_02F_06M;t2;0.2;38;6119.44;TRUE
LR1_2_8_t1_40R_40V_04F_06M;t1;0.2;38;6254.64;TRUE
LR2_2_6_t2_40R_40V_04F_06M;t2;0.2;38;8006.31;TRUE
LR1_2_10_t1_60R_60V_02F_06M;t1;0.2;38;8865.84;TRUE
LR2_2_6_t2_60R_60V_02F_06M;t2;0.2;38;10655.56;TRUE
LR1_2_9_t1_60R_60V_04F_06M;t1;0.2;38;12309.82;TRUE
LR2_2_6_t2_60R_60V_04F_06M;t2;0.2;38;12166.85;TRUE
lr106_t1_08R_08V_02F_04M;t1;0.2;45;883.07;TRUE
lr208_t2_08R_08V_02F_04M;t2;0.2;45;654.32;TRUE
lr109_t1_08R_08V_04F_04M;t1;0.2;45;968.56;TRUE
lr209_t2_08R_08V_04F_04M;t2;0.2;45;836.82;TRUE
lr106_t1_12R_12V_02F_04M;t1;0.2;45;984.12;TRUE
lr209_t2_12R_12V_02F_04M;t2;0.2;45;979.99;TRUE
lr109_t1_12R_12V_04F_04M;t1;0.2;45;1394.97;TRUE
lr210_t2_12R_12V_04F_04M;t2;0.2;45;1346.79;TRUE
LR1_2_8_t1_40R_40V_02F_06M;t1;0.2;45;4645.41;TRUE
LR2_2_7_t2_40R_40V_02F_06M;t2;0.2;45;5986.96;TRUE
LR1_2_8_t1_40R_40V_04F_06M;t1;0.2;45;6265.37;TRUE
LR2_2_6_t2_40R_40V_04F_06M;t2;0.2;45;7864.68;TRUE
LR1_2_10_t1_60R_60V_02F_06M;t1;0.2;45;8738.51;TRUE
LR2_2_6_t2_60R_60V_02F_06M;t2;0.2;45;10819.04;TRUE
LR1_2_9_t1_60R_60V_04F_06M;t1;0.2;45;12264.89;TRUE
LR2_2_6_t2_60R_60V_04F_06M;t2;0.2;45;12213.09;TRUE
lr106_t1_08R_08V_02F_04M;t1;0.2;52;883.07;TRUE
lr208_t2_08R_08V_02F_04M;t2;0.2;52;660.2;TRUE
lr109_t1_08R_08V_04F_04M;t1;0.2;52;968.56;TRUE
lr209_t2_08R_08V_04F_04M;t2;0.2;52;836.82;TRUE
lr106_t1_12R_12V_02F_04M;t1;0.2;52;984.12;TRUE
lr209_t2_12R_12V_02F_04M;t2;0.2;52;993.16;TRUE
lr109_t1_12R_12V_04F_04M;t1;0.2;52;1394.97;TRUE
lr210_t2_12R_12V_04F_04M;t2;0.2;52;1339.1;TRUE
LR1_2_8_t1_40R_40V_02F_06M;t1;0.2;52;4673.46;TRUE
LR2_2_7_t2_40R_40V_02F_06M;t2;0.2;52;6118.97;TRUE
LR1_2_8_t1_40R_40V_04F_06M;t1;0.2;52;6201.06;TRUE
LR2_2_6_t2_40R_40V_04F_06M;t2;0.2;52;8032.91;TRUE
LR1_2_10_t1_60R_60V_02F_06M;t1;0.2;52;8751.79;TRUE
LR2_2_6_t2_60R_60V_02F_06M;t2;0.2;52;11012.29;TRUE
LR1_2_9_t1_60R_60V_04F_06M;t1;0.2;52;12152.53;TRUE
LR2_2_6_t2_60R_60V_04F_06M;t2;0.2;52;12280.46;TRUE
lr106_t1_08R_08V_02F_04M;t1;0.2;59;883.07;TRUE
lr208_t2_08R_08V_02F_04M;t2;0.2;59;653.56;TRUE
lr109_t1_08R_08V_04F_04M;t1;0.2;59;968.56;TRUE
lr209_t2_08R_08V_04F_04M;t2;0.2;59;836.82;TRUE
lr106_t1_12R_12V_02F_04M;t1;0.2;59;984.12;TRUE
lr209_t2_12R_12V_02F_04M;t2;0.2;59;999.4;TRUE
lr109_t1_12R_12V_04F_04M;t1;0.2;59;1394.99;TRUE
lr210_t2_12R_12V_04F_04M;t2;0.2;59;1340.65;TRUE
LR1_2_8_t1_40R_40V_02F_06M;t1;0.2;59;4541.63;TRUE
LR2_2_7_t2_40R_40V_02F_06M;t2;0.2;59;6068.87;TRUE
LR1_2_8_t1_40R_40V_04F_06M;t1;0.2;59;6272;TRUE
LR2_2_6_t2_40R_40V_04F_06M;t2;0.2;59;8029.53;TRUE
LR1_2_10_t1_60R_60V_02F_06M;t1;0.2;59;8860.66;TRUE
LR2_2_6_t2_60R_60V_02F_06M;t2;0.2;59;10686.34;TRUE
LR1_2_9_t1_60R_60V_04F_06M;t1;0.2;59;12216.24;TRUE
LR2_2_6_t2_60R_60V_04F_06M;t2;0.2;59;12102.77;TRUE
lr106_t1_08R_08V_02F_04M;t1;0.2;66;883.07;TRUE
lr208_t2_08R_08V_02F_04M;t2;0.2;66;663.49;TRUE
lr109_t1_08R_08V_04F_04M;t1;0.2;66;968.56;TRUE
lr209_t2_08R_08V_04F_04M;t2;0.2;66;836.82;TRUE
lr106_t1_12R_12V_02F_04M;t1;0.2;66;984.12;TRUE
lr209_t2_12R_12V_02F_04M;t2;0.2;66;980.18;TRUE
lr109_t1_12R_12V_04F_04M;t1;0.2;66;1394.97;TRUE
lr210_t2_12R_12V_04F_04M;t2;0.2;66;1341.82;TRUE
LR1_2_8_t1_40R_40V_02F_06M;t1;0.2;66;4540.88;TRUE
LR2_2_7_t2_40R_40V_02F_06M;t2;0.2;66;5937.91;TRUE
LR1_2_8_t1_40R_40V_04F_06M;t1;0.2;66;6228.41;TRUE
LR2_2_6_t2_40R_40V_04F_06M;t2;0.2;66;7965.08;TRUE
LR1_2_10_t1_60R_60V_02F_06M;t1;0.2;66;8872.26;TRUE
LR2_2_6_t2_60R_60V_02F_06M;t2;0.2;66;10701.7;TRUE
LR1_2_9_t1_60R_60V_04F_06M;t1;0.2;66;12172.18;TRUE
LR2_2_6_t2_60R_60V_04F_06M;t2;0.2;66;12218.22;TRUE
lr106_t1_08R_08V_02F_04M;t1;0.2;73;883.07;TRUE
lr208_t2_08R_08V_02F_04M;t2;0.2;73;650.73;TRUE
lr109_t1_08R_08V_04F_04M;t1;0.2;73;968.56;TRUE
lr209_t2_08R_08V_04F_04M;t2;0.2;73;836.82;TRUE
lr106_t1_12R_12V_02F_04M;t1;0.2;73;984.12;TRUE
lr209_t2_12R_12V_02F_04M;t2;0.2;73;991.03;TRUE
lr109_t1_12R_12V_04F_04M;t1;0.2;73;1394.97;TRUE
lr210_t2_12R_12V_04F_04M;t2;0.2;73;1343.12;TRUE
LR1_2_8_t1_40R_40V_02F_06M;t1;0.2;73;4813.06;TRUE
LR2_2_7_t2_40R_40V_02F_06M;t2;0.2;73;6069.08;TRUE
LR1_2_8_t1_40R_40V_04F_06M;t1;0.2;73;6257.73;TRUE
LR2_2_6_t2_40R_40V_04F_06M;t2;0.2;73;7960.11;TRUE
LR1_2_10_t1_60R_60V_02F_06M;t1;0.2;73;8840.18;TRUE
LR2_2_6_t2_60R_60V_02F_06M;t2;0.2;73;10534.31;TRUE
LR1_2_9_t1_60R_60V_04F_06M;t1;0.2;73;12306.06;TRUE
LR2_2_6_t2_60R_60V_04F_06M;t2;0.2;73;12515.73;TRUE
lr106_t1_08R_08V_02F_04M;t1;0.2;80;883.07;TRUE
lr208_t2_08R_08V_02F_04M;t2;0.2;80;654.25;TRUE
lr109_t1_08R_08V_04F_04M;t1;0.2;80;968.56;TRUE
lr209_t2_08R_08V_04F_04M;t2;0.2;80;836.82;TRUE
lr106_t1_12R_12V_02F_04M;t1;0.2;80;984.12;TRUE
lr209_t2_12R_12V_02F_04M;t2;0.2;80;970.39;TRUE
lr109_t1_12R_12V_04F_04M;t1;0.2;80;1394.99;TRUE
lr210_t2_12R_12V_04F_04M;t2;0.2;80;1342.35;TRUE
LR1_2_8_t1_40R_40V_02F_06M;t1;0.2;80;4759.39;TRUE
LR2_2_7_t2_40R_40V_02F_06M;t2;0.2;80;5851.33;TRUE
LR1_2_8_t1_40R_40V_04F_06M;t1;0.2;80;6269.72;TRUE
LR2_2_6_t2_40R_40V_04F_06M;t2;0.2;80;8050.76;TRUE
LR1_2_10_t1_60R_60V_02F_06M;t1;0.2;80;8785.41;TRUE
LR2_2_6_t2_60R_60V_02F_06M;t2;0.2;80;11118.46;TRUE
LR1_2_9_t1_60R_60V_04F_06M;t1;0.2;80;12283.56;TRUE
LR2_2_6_t2_60R_60V_04F_06M;t2;0.2;80;12235.98;TRUE
lr106_t1_08R_08V_02F_04M;t1;0.2;87;883.07;TRUE
lr208_t2_08R_08V_02F_04M;t2;0.2;87;661.25;TRUE
lr109_t1_08R_08V_04F_04M;t1;0.2;87;968.56;TRUE
lr209_t2_08R_08V_04F_04M;t2;0.2;87;836.82;TRUE
lr106_t1_12R_12V_02F_04M;t1;0.2;87;984.12;TRUE
lr209_t2_12R_12V_02F_04M;t2;0.2;87;997.4;TRUE
lr109_t1_12R_12V_04F_04M;t1;0.2;87;1394.97;TRUE
lr210_t2_12R_12V_04F_04M;t2;0.2;87;1344.22;TRUE
LR1_2_8_t1_40R_40V_02F_06M;t1;0.2;87;4761.81;TRUE
LR2_2_7_t2_40R_40V_02F_06M;t2;0.2;87;5997.75;TRUE
LR1_2_8_t1_40R_40V_04F_06M;t1;0.2;87;6187.89;TRUE
LR2_2_6_t2_40R_40V_04F_06M;t2;0.2;87;7946.64;TRUE
LR1_2_10_t1_60R_60V_02F_06M;t1;0.2;87;8838.62;TRUE
LR2_2_6_t2_60R_60V_02F_06M;t2;0.2;87;10988.65;TRUE
LR1_2_9_t1_60R_60V_04F_06M;t1;0.2;87;12194.45;TRUE
LR2_2_6_t2_60R_60V_04F_06M;t2;0.2;87;12328.31;TRUE
lr106_t1_08R_08V_02F_04M;t1;0.05;94;883.07;TRUE
lr208_t2_08R_08V_02F_04M;t2;0.05;94;662.61;TRUE
lr109_t1_08R_08V_04F_04M;t1;0.05;94;968.56;TRUE
lr209_t2_08R_08V_04F_04M;t2;0.05;94;836.82;TRUE
lr106_t1_12R_12V_02F_04M;t1;0.05;94;984.12;TRUE
lr209_t2_12R_12V_02F_04M;t2;0.05;94;972.4;TRUE
lr109_t1_12R_12V_04F_04M;t1;0.05;94;1394.97;TRUE
lr210_t2_12R_12V_04F_04M;t2;0.05;94;1344.28;TRUE
LR1_2_8_t1_40R_40V_02F_06M;t1;0.05;94;4574.71;TRUE
LR2_2_7_t2_40R_40V_02F_06M;t2;0.05;94;5469.43;TRUE
LR1_2_8_t1_40R_40V_04F_06M;t1;0.05;94;6127.05;TRUE
LR2_2_6_t2_40R_40V_04F_06M;t2;0.05;94;7781.69;TRUE
LR1_2_10_t1_60R_60V_02F_06M;t1;0.05;94;8554.11;TRUE
LR2_2_6_t2_60R_60V_02F_06M;t2;0.05;94;10403.37;TRUE
LR1_2_9_t1_60R_60V_04F_06M;t1;0.05;94;12158.02;TRUE
LR2_2_6_t2_60R_60V_04F_06M;t2;0.05;94;12138.46;TRUE
lr106_t1_08R_08V_02F_04M;t1;0.05;101;883.07;TRUE
lr208_t2_08R_08V_02F_04M;t2;0.05;101;655.61;TRUE
lr109_t1_08R_08V_04F_04M;t1;0.05;101;968.56;TRUE
lr209_t2_08R_08V_04F_04M;t2;0.05;101;836.82;TRUE
lr106_t1_12R_12V_02F_04M;t1;0.05;101;984.12;TRUE
lr209_t2_12R_12V_02F_04M;t2;0.05;101;994.51;TRUE
lr109_t1_12R_12V_04F_04M;t1;0.05;101;1394.97;TRUE
lr210_t2_12R_12V_04F_04M;t2;0.05;101;1341.51;TRUE
LR1_2_8_t1_40R_40V_02F_06M;t1;0.05;101;4599.3;TRUE
LR2_2_7_t2_40R_40V_02F_06M;t2;0.05;101;5704.77;TRUE
LR1_2_8_t1_40R_40V_04F_06M;t1;0.05;101;6167.08;TRUE
LR2_2_6_t2_40R_40V_04F_06M;t2;0.05;101;7820.97;TRUE
LR1_2_10_t1_60R_60V_02F_06M;t1;0.05;101;8561.9;TRUE
LR2_2_6_t2_60R_60V_02F_06M;t2;0.05;101;10405.72;TRUE
LR1_2_9_t1_60R_60V_04F_06M;t1;0.05;101;12134.26;TRUE
LR2_2_6_t2_60R_60V_04F_06M;t2;0.05;101;11778.73;TRUE
lr106_t1_08R_08V_02F_04M;t1;0.05;108;883.07;TRUE
lr208_t2_08R_08V_02F_04M;t2;0.05;108;652.32;TRUE
lr109_t1_08R_08V_04F_04M;t1;0.05;108;968.56;TRUE
lr209_t2_08R_08V_04F_04M;t2;0.05;108;836.82;TRUE
lr106_t1_12R_12V_02F_04M;t1;0.05;108;984.12;TRUE
lr209_t2_12R_12V_02F_04M;t2;0.05;108;996.61;TRUE
lr109_t1_12R_12V_04F_04M;t1;0.05;108;1394.99;TRUE
lr210_t2_12R_12V_04F_04M;t2;0.05;108;1336.74;TRUE
LR1_2_8_t1_40R_40V_02F_06M;t1;0.05;108;4491.95;TRUE
LR2_2_7_t2_40R_40V_02F_06M;t2;0.05;108;5736.41;TRUE
LR1_2_8_t1_40R_40V_04F_06M;t1;0.05;108;6116.86;TRUE
LR2_2_6_t2_40R_40V_04F_06M;t2;0.05;108;7861.22;TRUE
LR1_2_10_t1_60R_60V_02F_06M;t1;0.05;108;8529.78;TRUE
LR2_2_6_t2_60R_60V_02F_06M;t2;0.05;108;10114.85;TRUE
LR1_2_9_t1_60R_60V_04F_06M;t1;0.05;108;12045.91;TRUE
LR2_2_6_t2_60R_60V_04F_06M;t2;0.05;108;11921.83;TRUE
lr106_t1_08R_08V_02F_04M;t1;0.05;115;883.07;TRUE
lr208_t2_08R_08V_02F_04M;t2;0.05;115;650.73;TRUE
lr109_t1_08R_08V_04F_04M;t1;0.05;115;968.56;TRUE
lr209_t2_08R_08V_04F_04M;t2;0.05;115;836.82;TRUE
lr106_t1_12R_12V_02F_04M;t1;0.05;115;984.12;TRUE
lr209_t2_12R_12V_02F_04M;t2;0.05;115;978.78;TRUE
lr109_t1_12R_12V_04F_04M;t1;0.05;115;1394.99;TRUE
lr210_t2_12R_12V_04F_04M;t2;0.05;115;1345.09;TRUE
LR1_2_8_t1_40R_40V_02F_06M;t1;0.05;115;4564.31;TRUE
LR2_2_7_t2_40R_40V_02F_06M;t2;0.05;115;5818.99;TRUE
LR1_2_8_t1_40R_40V_04F_06M;t1;0.05;115;6203.27;TRUE
LR2_2_6_t2_40R_40V_04F_06M;t2;0.05;115;7803.25;TRUE
LR1_2_10_t1_60R_60V_02F_06M;t1;0.05;115;8546.38;TRUE
LR2_2_6_t2_60R_60V_02F_06M;t2;0.05;115;10296.37;TRUE
LR1_2_9_t1_60R_60V_04F_06M;t1;0.05;115;11838.19;TRUE
LR2_2_6_t2_60R_60V_04F_06M;t2;0.05;115;11807.3;TRUE
lr106_t1_08R_08V_02F_04M;t1;0.05;122;883.07;TRUE
lr208_t2_08R_08V_02F_04M;t2;0.05;122;651.63;TRUE
lr109_t1_08R_08V_04F_04M;t1;0.05;122;968.56;TRUE
lr209_t2_08R_08V_04F_04M;t2;0.05;122;836.82;TRUE
lr106_t1_12R_12V_02F_04M;t1;0.05;122;984.12;TRUE
lr209_t2_12R_12V_02F_04M;t2;0.05;122;981.27;TRUE
lr109_t1_12R_12V_04F_04M;t1;0.05;122;1394.97;TRUE
lr210_t2_12R_12V_04F_04M;t2;0.05;122;1335.74;TRUE
LR1_2_8_t1_40R_40V_02F_06M;t1;0.05;122;4686;TRUE
LR2_2_7_t2_40R_40V_02F_06M;t2;0.05;122;5758.59;TRUE
LR1_2_8_t1_40R_40V_04F_06M;t1;0.05;122;6246.31;TRUE
LR2_2_6_t2_40R_40V_04F_06M;t2;0.05;122;7835.57;TRUE
LR1_2_10_t1_60R_60V_02F_06M;t1;0.05;122;8612.62;TRUE
LR2_2_6_t2_60R_60V_02F_06M;t2;0.05;122;10433.69;TRUE
LR1_2_9_t1_60R_60V_04F_06M;t1;0.05;122;11797.55;TRUE
LR2_2_6_t2_60R_60V_04F_06M;t2;0.05;122;11954.01;TRUE
lr106_t1_08R_08V_02F_04M;t1;0.05;129;883.07;TRUE
lr208_t2_08R_08V_02F_04M;t2;0.05;129;652.32;TRUE
lr109_t1_08R_08V_04F_04M;t1;0.05;129;968.56;TRUE
lr209_t2_08R_08V_04F_04M;t2;0.05;129;836.82;TRUE
lr106_t1_12R_12V_02F_04M;t1;0.05;129;984.12;TRUE
lr209_t2_12R_12V_02F_04M;t2;0.05;129;995.01;TRUE
lr109_t1_12R_12V_04F_04M;t1;0.05;129;1394.97;TRUE
lr210_t2_12R_12V_04F_04M;t2;0.05;129;1345.69;TRUE
LR1_2_8_t1_40R_40V_02F_06M;t1;0.05;129;4462.64;TRUE
LR2_2_7_t2_40R_40V_02F_06M;t2;0.05;129;5766.85;TRUE
LR1_2_8_t1_40R_40V_04F_06M;t1;0.05;129;6135.79;TRUE
LR2_2_6_t2_40R_40V_04F_06M;t2;0.05;129;7676.76;TRUE
LR1_2_10_t1_60R_60V_02F_06M;t1;0.05;129;8650.24;TRUE
LR2_2_6_t2_60R_60V_02F_06M;t2;0.05;129;10270.36;TRUE
LR1_2_9_t1_60R_60V_04F_06M;t1;0.05;129;12053.37;TRUE
LR2_2_6_t2_60R_60V_04F_06M;t2;0.05;129;12055.97;TRUE
lr106_t1_08R_08V_02F_04M;t1;0.05;136;883.07;TRUE
lr208_t2_08R_08V_02F_04M;t2;0.05;136;658.98;TRUE
lr109_t1_08R_08V_04F_04M;t1;0.05;136;968.56;TRUE
lr209_t2_08R_08V_04F_04M;t2;0.05;136;836.82;TRUE
lr106_t1_12R_12V_02F_04M;t1;0.05;136;984.12;TRUE
lr209_t2_12R_12V_02F_04M;t2;0.05;136;983.65;TRUE
lr109_t1_12R_12V_04F_04M;t1;0.05;136;1394.97;TRUE
lr210_t2_12R_12V_04F_04M;t2;0.05;136;1337.92;TRUE
LR1_2_8_t1_40R_40V_02F_06M;t1;0.05;136;4488.73;TRUE
LR2_2_7_t2_40R_40V_02F_06M;t2;0.05;136;5771.01;TRUE
LR1_2_8_t1_40R_40V_04F_06M;t1;0.05;136;6139.77;TRUE
LR2_2_6_t2_40R_40V_04F_06M;t2;0.05;136;7860.98;TRUE
LR1_2_10_t1_60R_60V_02F_06M;t1;0.05;136;8569.58;TRUE
LR2_2_6_t2_60R_60V_02F_06M;t2;0.05;136;9966.69;TRUE
LR1_2_9_t1_60R_60V_04F_06M;t1;0.05;136;11946.2;TRUE
LR2_2_6_t2_60R_60V_04F_06M;t2;0.05;136;11605.19;TRUE
lr106_t1_08R_08V_02F_04M;t1;0.05;143;883.07;TRUE
lr208_t2_08R_08V_02F_04M;t2;0.05;143;652.99;TRUE
lr109_t1_08R_08V_04F_04M;t1;0.05;143;968.56;TRUE
lr209_t2_08R_08V_04F_04M;t2;0.05;143;836.82;TRUE
lr106_t1_12R_12V_02F_04M;t1;0.05;143;984.12;TRUE
lr209_t2_12R_12V_02F_04M;t2;0.05;143;976.41;TRUE
lr109_t1_12R_12V_04F_04M;t1;0.05;143;1394.99;TRUE
lr210_t2_12R_12V_04F_04M;t2;0.05;143;1339.45;TRUE
LR1_2_8_t1_40R_40V_02F_06M;t1;0.05;143;4593.96;TRUE
LR2_2_7_t2_40R_40V_02F_06M;t2;0.05;143;5777.4;TRUE
LR1_2_8_t1_40R_40V_04F_06M;t1;0.05;143;6097.06;TRUE
LR2_2_6_t2_40R_40V_04F_06M;t2;0.05;143;7836.47;TRUE
LR1_2_10_t1_60R_60V_02F_06M;t1;0.05;143;8649.73;TRUE
LR2_2_6_t2_60R_60V_02F_06M;t2;0.05;143;9897.71;TRUE
LR1_2_9_t1_60R_60V_04F_06M;t1;0.05;143;12048.92;TRUE
LR2_2_6_t2_60R_60V_04F_06M;t2;0.05;143;11698.42;TRUE
lr106_t1_08R_08V_02F_04M;t1;0.05;150;883.07;TRUE
lr208_t2_08R_08V_02F_04M;t2;0.05;150;651.63;TRUE
lr109_t1_08R_08V_04F_04M;t1;0.05;150;968.56;TRUE
lr209_t2_08R_08V_04F_04M;t2;0.05;150;836.82;TRUE
lr106_t1_12R_12V_02F_04M;t1;0.05;150;984.12;TRUE
lr209_t2_12R_12V_02F_04M;t2;0.05;150;983.2;TRUE
lr109_t1_12R_12V_04F_04M;t1;0.05;150;1394.97;TRUE
lr210_t2_12R_12V_04F_04M;t2;0.05;150;1338.04;TRUE
LR1_2_8_t1_40R_40V_02F_06M;t1;0.05;150;4501.47;TRUE
LR2_2_7_t2_40R_40V_02F_06M;t2;0.05;150;5850.94;TRUE
LR1_2_8_t1_40R_40V_04F_06M;t1;0.05;150;6136.5;TRUE
LR2_2_6_t2_40R_40V_04F_06M;t2;0.05;150;7906.91;TRUE
LR1_2_10_t1_60R_60V_02F_06M;t1;0.05;150;8688.06;TRUE
LR2_2_6_t2_60R_60V_02F_06M;t2;0.05;150;10281.85;TRUE
LR1_2_9_t1_60R_60V_04F_06M;t1;0.05;150;11964.85;TRUE
LR2_2_6_t2_60R_60V_04F_06M;t2;0.05;150;11731.27;TRUE
lr106_t1_08R_08V_02F_04M;t1;0.05;157;883.07;TRUE
lr208_t2_08R_08V_02F_04M;t2;0.05;157;661.99;TRUE
lr109_t1_08R_08V_04F_04M;t1;0.05;157;968.56;TRUE
lr209_t2_08R_08V_04F_04M;t2;0.05;157;836.82;TRUE
lr106_t1_12R_12V_02F_04M;t1;0.05;157;984.12;TRUE
lr209_t2_12R_12V_02F_04M;t2;0.05;157;981.52;TRUE
lr109_t1_12R_12V_04F_04M;t1;0.05;157;1394.97;TRUE
lr210_t2_12R_12V_04F_04M;t2;0.05;157;1337.15;TRUE
LR1_2_8_t1_40R_40V_02F_06M;t1;0.05;157;4460.48;TRUE
LR2_2_7_t2_40R_40V_02F_06M;t2;0.05;157;5634.58;TRUE
LR1_2_8_t1_40R_40V_04F_06M;t1;0.05;157;6018.44;TRUE
LR2_2_6_t2_40R_40V_04F_06M;t2;0.05;157;7791.55;TRUE
LR1_2_10_t1_60R_60V_02F_06M;t1;0.05;157;8656.24;TRUE
LR2_2_6_t2_60R_60V_02F_06M;t2;0.05;157;10309.65;TRUE
LR1_2_9_t1_60R_60V_04F_06M;t1;0.05;157;12015.03;TRUE
LR2_2_6_t2_60R_60V_04F_06M;t2;0.05;157;12016.24;TRUE
lr106_t1_08R_08V_02F_04M;t1;0.1;94;883.07;TRUE
lr208_t2_08R_08V_02F_04M;t2;0.1;94;653.35;TRUE
lr109_t1_08R_08V_04F_04M;t1;0.1;94;968.56;TRUE
lr209_t2_08R_08V_04F_04M;t2;0.1;94;836.82;TRUE
lr106_t1_12R_12V_02F_04M;t1;0.1;94;984.12;TRUE
lr209_t2_12R_12V_02F_04M;t2;0.1;94;989.4;TRUE
lr109_t1_12R_12V_04F_04M;t1;0.1;94;1394.99;TRUE
lr210_t2_12R_12V_04F_04M;t2;0.1;94;1333.97;TRUE
LR1_2_8_t1_40R_40V_02F_06M;t1;0.1;94;4665.59;TRUE
LR2_2_7_t2_40R_40V_02F_06M;t2;0.1;94;5986.39;TRUE
LR1_2_8_t1_40R_40V_04F_06M;t1;0.1;94;6026.95;TRUE
LR2_2_6_t2_40R_40V_04F_06M;t2;0.1;94;7904.99;TRUE
LR1_2_10_t1_60R_60V_02F_06M;t1;0.1;94;8629.86;TRUE
LR2_2_6_t2_60R_60V_02F_06M;t2;0.1;94;10651.17;TRUE
LR1_2_9_t1_60R_60V_04F_06M;t1;0.1;94;12042.12;TRUE
LR2_2_6_t2_60R_60V_04F_06M;t2;0.1;94;11939;TRUE
lr106_t1_08R_08V_02F_04M;t1;0.1;101;883.07;TRUE
lr208_t2_08R_08V_02F_04M;t2;0.1;101;650.73;TRUE
lr109_t1_08R_08V_04F_04M;t1;0.1;101;968.56;TRUE
lr209_t2_08R_08V_04F_04M;t2;0.1;101;836.82;TRUE
lr106_t1_12R_12V_02F_04M;t1;0.1;101;984.12;TRUE
lr209_t2_12R_12V_02F_04M;t2;0.1;101;987.05;TRUE
lr109_t1_12R_12V_04F_04M;t1;0.1;101;1394.97;TRUE
lr210_t2_12R_12V_04F_04M;t2;0.1;101;1334.09;TRUE
LR1_2_8_t1_40R_40V_02F_06M;t1;0.1;101;4605.29;TRUE
LR2_2_7_t2_40R_40V_02F_06M;t2;0.1;101;6021.51;TRUE
LR1_2_8_t1_40R_40V_04F_06M;t1;0.1;101;6253.24;TRUE
LR2_2_6_t2_40R_40V_04F_06M;t2;0.1;101;7929.28;TRUE
LR1_2_10_t1_60R_60V_02F_06M;t1;0.1;101;8629.06;TRUE
LR2_2_6_t2_60R_60V_02F_06M;t2;0.1;101;10346.55;TRUE
LR1_2_9_t1_60R_60V_04F_06M;t1;0.1;101;12027.28;TRUE
LR2_2_6_t2_60R_60V_04F_06M;t2;0.1;101;12283.47;TRUE
lr106_t1_08R_08V_02F_04M;t1;0.1;108;883.07;TRUE
lr208_t2_08R_08V_02F_04M;t2;0.1;108;653.56;TRUE
lr109_t1_08R_08V_04F_04M;t1;0.1;108;968.56;TRUE
lr209_t2_08R_08V_04F_04M;t2;0.1;108;836.82;TRUE
lr106_t1_12R_12V_02F_04M;t1;0.1;108;984.12;TRUE
lr209_t2_12R_12V_02F_04M;t2;0.1;108;989.81;TRUE
lr109_t1_12R_12V_04F_04M;t1;0.1;108;1394.99;TRUE
lr210_t2_12R_12V_04F_04M;t2;0.1;108;1331.63;TRUE
LR1_2_8_t1_40R_40V_02F_06M;t1;0.1;108;4584.37;TRUE
LR2_2_7_t2_40R_40V_02F_06M;t2;0.1;108;5729.9;TRUE
LR1_2_8_t1_40R_40V_04F_06M;t1;0.1;108;6116.57;TRUE
LR2_2_6_t2_40R_40V_04F_06M;t2;0.1;108;7904.61;TRUE
LR1_2_10_t1_60R_60V_02F_06M;t1;0.1;108;8568.63;TRUE
LR2_2_6_t2_60R_60V_02F_06M;t2;0.1;108;10719.77;TRUE
LR1_2_9_t1_60R_60V_04F_06M;t1;0.1;108;12198.36;TRUE
LR2_2_6_t2_60R_60V_04F_06M;t2;0.1;108;12143.02;TRUE
lr106_t1_08R_08V_02F_04M;t1;0.1;115;883.07;TRUE
lr208_t2_08R_08V_02F_04M;t2;0.1;115;661.12;TRUE
lr109_t1_08R_08V_04F_04M;t1;0.1;115;968.56;TRUE
lr209_t2_08R_08V_04F_04M;t2;0.1;115;836.82;TRUE
lr106_t1_12R_12V_02F_04M;t1;0.1;115;984.12;TRUE
lr209_t2_12R_12V_02F_04M;t2;0.1;115;976.71;TRUE
lr109_t1_12R_12V_04F_04M;t1;0.1;115;1394.99;TRUE
lr210_t2_12R_12V_04F_04M;t2;0.1;115;1338.19;TRUE
LR1_2_8_t1_40R_40V_02F_06M;t1;0.1;115;4677.49;TRUE
LR2_2_7_t2_40R_40V_02F_06M;t2;0.1;115;5766.87;TRUE
LR1_2_8_t1_40R_40V_04F_06M;t1;0.1;115;6225.48;TRUE
LR2_2_6_t2_40R_40V_04F_06M;t2;0.1;115;7786;TRUE
LR1_2_10_t1_60R_60V_02F_06M;t1;0.1;115;8613.74;TRUE
LR2_2_6_t2_60R_60V_02F_06M;t2;0.1;115;10594.7;TRUE
LR1_2_9_t1_60R_60V_04F_06M;t1;0.1;115;12121.5;TRUE
LR2_2_6_t2_60R_60V_04F_06M;t2;0.1;115;12117.03;TRUE
lr106_t1_08R_08V_02F_04M;t1;0.1;122;883.07;TRUE
lr208_t2_08R_08V_02F_04M;t2;0.1;122;651.63;TRUE
lr109_t1_08R_08V_04F_04M;t1;0.1;122;968.56;TRUE
lr209_t2_08R_08V_04F_04M;t2;0.1;122;836.82;TRUE
lr106_t1_12R_12V_02F_04M;t1;0.1;122;984.12;TRUE
lr209_t2_12R_12V_02F_04M;t2;0.1;122;987.97;TRUE
lr109_t1_12R_12V_04F_04M;t1;0.1;122;1394.97;TRUE
lr210_t2_12R_12V_04F_04M;t2;0.1;122;1341.51;TRUE
LR1_2_8_t1_40R_40V_02F_06M;t1;0.1;122;4633.02;TRUE
LR2_2_7_t2_40R_40V_02F_06M;t2;0.1;122;5704.79;TRUE
LR1_2_8_t1_40R_40V_04F_06M;t1;0.1;122;6223.14;TRUE
LR2_2_6_t2_40R_40V_04F_06M;t2;0.1;122;7792.03;TRUE
LR1_2_10_t1_60R_60V_02F_06M;t1;0.1;122;8680.1;TRUE
LR2_2_6_t2_60R_60V_02F_06M;t2;0.1;122;10652.33;TRUE
LR1_2_9_t1_60R_60V_04F_06M;t1;0.1;122;12090.06;TRUE
LR2_2_6_t2_60R_60V_04F_06M;t2;0.1;122;11960.18;TRUE
lr106_t1_08R_08V_02F_04M;t1;0.1;129;883.07;TRUE
lr208_t2_08R_08V_02F_04M;t2;0.1;129;652.39;TRUE
lr109_t1_08R_08V_04F_04M;t1;0.1;129;968.56;TRUE
lr209_t2_08R_08V_04F_04M;t2;0.1;129;836.82;TRUE
lr106_t1_12R_12V_02F_04M;t1;0.1;129;984.12;TRUE
lr209_t2_12R_12V_02F_04M;t2;0.1;129;986.37;TRUE
lr109_t1_12R_12V_04F_04M;t1;0.1;129;1394.97;TRUE
lr210_t2_12R_12V_04F_04M;t2;0.1;129;1336.04;TRUE
LR1_2_8_t1_40R_40V_02F_06M;t1;0.1;129;4579.88;TRUE
LR2_2_7_t2_40R_40V_02F_06M;t2;0.1;129;6041.65;TRUE
LR1_2_8_t1_40R_40V_04F_06M;t1;0.1;129;6189.24;TRUE
LR2_2_6_t2_40R_40V_04F_06M;t2;0.1;129;7935.27;TRUE
LR1_2_10_t1_60R_60V_02F_06M;t1;0.1;129;8730.61;TRUE
LR2_2_6_t2_60R_60V_02F_06M;t2;0.1;129;10728.05;TRUE
LR1_2_9_t1_60R_60V_04F_06M;t1;0.1;129;12254.64;TRUE
LR2_2_6_t2_60R_60V_04F_06M;t2;0.1;129;11968.23;TRUE
lr106_t1_08R_08V_02F_04M;t1;0.1;136;883.07;TRUE
lr208_t2_08R_08V_02F_04M;t2;0.1;136;661.38;TRUE
lr109_t1_08R_08V_04F_04M;t1;0.1;136;968.56;TRUE
lr209_t2_08R_08V_04F_04M;t2;0.1;136;836.82;TRUE
lr106_t1_12R_12V_02F_04M;t1;0.1;136;984.12;TRUE
lr209_t2_12R_12V_02F_04M;t2;0.1;136;980.59;TRUE
lr109_t1_12R_12V_04F_04M;t1;0.1;136;1394.99;TRUE
lr210_t2_12R_12V_04F_04M;t2;0.1;136;1340.96;TRUE
LR1_2_8_t1_40R_40V_02F_06M;t1;0.1;136;4529.1;TRUE
LR2_2_7_t2_40R_40V_02F_06M;t2;0.1;136;5939.37;TRUE
LR1_2_8_t1_40R_40V_04F_06M;t1;0.1;136;6160.07;TRUE
LR2_2_6_t2_40R_40V_04F_06M;t2;0.1;136;7841.63;TRUE
LR1_2_10_t1_60R_60V_02F_06M;t1;0.1;136;8588.96;TRUE
LR2_2_6_t2_60R_60V_02F_06M;t2;0.1;136;10657.29;TRUE
LR1_2_9_t1_60R_60V_04F_06M;t1;0.1;136;12059.41;TRUE
LR2_2_6_t2_60R_60V_04F_06M;t2;0.1;136;12105.81;TRUE
lr106_t1_08R_08V_02F_04M;t1;0.1;143;883.07;TRUE
lr208_t2_08R_08V_02F_04M;t2;0.1;143;655.61;TRUE
lr109_t1_08R_08V_04F_04M;t1;0.1;143;968.56;TRUE
lr209_t2_08R_08V_04F_04M;t2;0.1;143;836.82;TRUE
lr106_t1_12R_12V_02F_04M;t1;0.1;143;984.12;TRUE
lr209_t2_12R_12V_02F_04M;t2;0.1;143;976.06;TRUE
lr109_t1_12R_12V_04F_04M;t1;0.1;143;1394.99;TRUE
lr210_t2_12R_12V_04F_04M;t2;0.1;143;1335.56;TRUE
LR1_2_8_t1_40R_40V_02F_06M;t1;0.1;143;4676.06;TRUE
LR2_2_7_t2_40R_40V_02F_06M;t2;0.1;143;5992.15;TRUE
LR1_2_8_t1_40R_40V_04F_06M;t1;0.1;143;6285.7;TRUE
LR2_2_6_t2_40R_40V_04F_06M;t2;0.1;143;7870.8;TRUE
LR1_2_10_t1_60R_60V_02F_06M;t1;0.1;143;8679.12;TRUE
LR2_2_6_t2_60R_60V_02F_06M;t2;0.1;143;10381.41;TRUE
LR1_2_9_t1_60R_60V_04F_06M;t1;0.1;143;12048;TRUE
LR2_2_6_t2_60R_60V_04F_06M;t2;0.1;143;12032.66;TRUE
lr106_t1_08R_08V_02F_04M;t1;0.1;150;883.07;TRUE
lr208_t2_08R_08V_02F_04M;t2;0.1;150;661.12;TRUE
lr109_t1_08R_08V_04F_04M;t1;0.1;150;968.56;TRUE
lr209_t2_08R_08V_04F_04M;t2;0.1;150;836.82;TRUE
lr106_t1_12R_12V_02F_04M;t1;0.1;150;984.12;TRUE
lr209_t2_12R_12V_02F_04M;t2;0.1;150;1007.81;TRUE
lr109_t1_12R_12V_04F_04M;t1;0.1;150;1397.42;TRUE
lr210_t2_12R_12V_04F_04M;t2;0.1;150;1336.74;TRUE
LR1_2_8_t1_40R_40V_02F_06M;t1;0.1;150;4722.49;TRUE
LR2_2_7_t2_40R_40V_02F_06M;t2;0.1;150;5918.32;TRUE
LR1_2_8_t1_40R_40V_04F_06M;t1;0.1;150;6137.41;TRUE
LR2_2_6_t2_40R_40V_04F_06M;t2;0.1;150;7951.86;TRUE
LR1_2_10_t1_60R_60V_02F_06M;t1;0.1;150;8632.96;TRUE
LR2_2_6_t2_60R_60V_02F_06M;t2;0.1;150;10603.17;TRUE
LR1_2_9_t1_60R_60V_04F_06M;t1;0.1;150;12114.88;TRUE
LR2_2_6_t2_60R_60V_04F_06M;t2;0.1;150;12119.3;TRUE
lr106_t1_08R_08V_02F_04M;t1;0.1;157;883.07;TRUE
lr208_t2_08R_08V_02F_04M;t2;0.1;157;652.32;TRUE
lr109_t1_08R_08V_04F_04M;t1;0.1;157;968.56;TRUE
lr209_t2_08R_08V_04F_04M;t2;0.1;157;836.82;TRUE
lr106_t1_12R_12V_02F_04M;t1;0.1;157;984.12;TRUE
lr209_t2_12R_12V_02F_04M;t2;0.1;157;976.51;TRUE
lr109_t1_12R_12V_04F_04M;t1;0.1;157;1394.99;TRUE
lr210_t2_12R_12V_04F_04M;t2;0.1;157;1339.45;TRUE
LR1_2_8_t1_40R_40V_02F_06M;t1;0.1;157;4606.38;TRUE
LR2_2_7_t2_40R_40V_02F_06M;t2;0.1;157;5911.28;TRUE
LR1_2_8_t1_40R_40V_04F_06M;t1;0.1;157;6208.13;TRUE
LR2_2_6_t2_40R_40V_04F_06M;t2;0.1;157;7924.3;TRUE
LR1_2_10_t1_60R_60V_02F_06M;t1;0.1;157;8607.99;TRUE
LR2_2_6_t2_60R_60V_02F_06M;t2;0.1;157;10407.72;TRUE
LR1_2_9_t1_60R_60V_04F_06M;t1;0.1;157;12099.05;TRUE
LR2_2_6_t2_60R_60V_04F_06M;t2;0.1;157;11945.93;TRUE
lr106_t1_08R_08V_02F_04M;t1;0.15;94;883.07;TRUE
lr208_t2_08R_08V_02F_04M;t2;0.15;94;651.11;TRUE
lr109_t1_08R_08V_04F_04M;t1;0.15;94;968.56;TRUE
lr209_t2_08R_08V_04F_04M;t2;0.15;94;836.82;TRUE
lr106_t1_12R_12V_02F_04M;t1;0.15;94;984.12;TRUE
lr209_t2_12R_12V_02F_04M;t2;0.15;94;1004.4;TRUE
lr109_t1_12R_12V_04F_04M;t1;0.15;94;1394.99;TRUE
lr210_t2_12R_12V_04F_04M;t2;0.15;94;1333.97;TRUE
LR1_2_8_t1_40R_40V_02F_06M;t1;0.15;94;4652.34;TRUE
LR2_2_7_t2_40R_40V_02F_06M;t2;0.15;94;5679.96;TRUE
LR1_2_8_t1_40R_40V_04F_06M;t1;0.15;94;6206.21;TRUE
LR2_2_6_t2_40R_40V_04F_06M;t2;0.15;94;8002.38;TRUE
LR1_2_10_t1_60R_60V_02F_06M;t1;0.15;94;8697.62;TRUE
LR2_2_6_t2_60R_60V_02F_06M;t2;0.15;94;10707.2;TRUE
LR1_2_9_t1_60R_60V_04F_06M;t1;0.15;94;12118.9;TRUE
LR2_2_6_t2_60R_60V_04F_06M;t2;0.15;94;12354.91;TRUE
lr106_t1_08R_08V_02F_04M;t1;0.15;101;883.07;TRUE
lr208_t2_08R_08V_02F_04M;t2;0.15;101;651.42;TRUE
lr109_t1_08R_08V_04F_04M;t1;0.15;101;968.56;TRUE
lr209_t2_08R_08V_04F_04M;t2;0.15;101;836.82;TRUE
lr106_t1_12R_12V_02F_04M;t1;0.15;101;984.12;TRUE
lr209_t2_12R_12V_02F_04M;t2;0.15;101;1002.48;TRUE
lr109_t1_12R_12V_04F_04M;t1;0.15;101;1394.99;TRUE
lr210_t2_12R_12V_04F_04M;t2;0.15;101;1336.14;TRUE
LR1_2_8_t1_40R_40V_02F_06M;t1;0.15;101;4734.74;TRUE
LR2_2_7_t2_40R_40V_02F_06M;t2;0.15;101;6085.13;TRUE
LR1_2_8_t1_40R_40V_04F_06M;t1;0.15;101;5993.04;TRUE
LR2_2_6_t2_40R_40V_04F_06M;t2;0.15;101;7939.13;TRUE
LR1_2_10_t1_60R_60V_02F_06M;t1;0.15;101;8625.2;TRUE
LR2_2_6_t2_60R_60V_02F_06M;t2;0.15;101;10629.53;TRUE
LR1_2_9_t1_60R_60V_04F_06M;t1;0.15;101;12211.8;TRUE
LR2_2_6_t2_60R_60V_04F_06M;t2;0.15;101;12330.74;TRUE
lr106_t1_08R_08V_02F_04M;t1;0.15;108;883.07;TRUE
lr208_t2_08R_08V_02F_04M;t2;0.15;108;652.66;TRUE
lr109_t1_08R_08V_04F_04M;t1;0.15;108;968.56;TRUE
lr209_t2_08R_08V_04F_04M;t2;0.15;108;836.82;TRUE
lr106_t1_12R_12V_02F_04M;t1;0.15;108;984.12;TRUE
lr209_t2_12R_12V_02F_04M;t2;0.15;108;1010.71;TRUE
lr109_t1_12R_12V_04F_04M;t1;0.15;108;1394.99;TRUE
lr210_t2_12R_12V_04F_04M;t2;0.15;108;1336.74;TRUE
LR1_2_8_t1_40R_40V_02F_06M;t1;0.15;108;4673.2;TRUE
LR2_2_7_t2_40R_40V_02F_06M;t2;0.15;108;5871.13;TRUE
LR1_2_8_t1_40R_40V_04F_06M;t1;0.15;108;6095.5;TRUE
LR2_2_6_t2_40R_40V_04F_06M;t2;0.15;108;8029.3;TRUE
LR1_2_10_t1_60R_60V_02F_06M;t1;0.15;108;8812.59;TRUE
LR2_2_6_t2_60R_60V_02F_06M;t2;0.15;108;10475.21;TRUE
LR1_2_9_t1_60R_60V_04F_06M;t1;0.15;108;12170.01;TRUE
LR2_2_6_t2_60R_60V_04F_06M;t2;0.15;108;12165.08;TRUE
lr106_t1_08R_08V_02F_04M;t1;0.15;115;883.07;TRUE
lr208_t2_08R_08V_02F_04M;t2;0.15;115;651.63;TRUE
lr109_t1_08R_08V_04F_04M;t1;0.15;115;968.56;TRUE
lr209_t2_08R_08V_04F_04M;t2;0.15;115;836.82;TRUE
lr106_t1_12R_12V_02F_04M;t1;0.15;115;984.12;TRUE
lr209_t2_12R_12V_02F_04M;t2;0.15;115;987;TRUE
lr109_t1_12R_12V_04F_04M;t1;0.15;115;1394.99;TRUE
lr210_t2_12R_12V_04F_04M;t2;0.15;115;1338.19;TRUE
LR1_2_8_t1_40R_40V_02F_06M;t1;0.15;115;4679.26;TRUE
LR2_2_7_t2_40R_40V_02F_06M;t2;0.15;115;5786.67;TRUE
LR1_2_8_t1_40R_40V_04F_06M;t1;0.15;115;6129.02;TRUE
LR2_2_6_t2_40R_40V_04F_06M;t2;0.15;115;8013.33;TRUE
LR1_2_10_t1_60R_60V_02F_06M;t1;0.15;115;8582.4;TRUE
LR2_2_6_t2_60R_60V_02F_06M;t2;0.15;115;10859.15;TRUE
LR1_2_9_t1_60R_60V_04F_06M;t1;0.15;115;12207.34;TRUE
LR2_2_6_t2_60R_60V_04F_06M;t2;0.15;115;12319.39;TRUE
lr106_t1_08R_08V_02F_04M;t1;0.15;122;883.07;TRUE
lr208_t2_08R_08V_02F_04M;t2;0.15;122;652.99;TRUE
lr109_t1_08R_08V_04F_04M;t1;0.15;122;968.56;TRUE
lr209_t2_08R_08V_04F_04M;t2;0.15;122;836.82;TRUE
lr106_t1_12R_12V_02F_04M;t1;0.15;122;984.12;TRUE
lr209_t2_12R_12V_02F_04M;t2;0.15;122;985.1;TRUE
lr109_t1_12R_12V_04F_04M;t1;0.15;122;1392.53;TRUE
lr210_t2_12R_12V_04F_04M;t2;0.15;122;1340.15;TRUE
LR1_2_8_t1_40R_40V_02F_06M;t1;0.15;122;4735.37;TRUE
LR2_2_7_t2_40R_40V_02F_06M;t2;0.15;122;5919.73;TRUE
LR1_2_8_t1_40R_40V_04F_06M;t1;0.15;122;6316.25;TRUE
LR2_2_6_t2_40R_40V_04F_06M;t2;0.15;122;8000.26;TRUE
LR1_2_10_t1_60R_60V_02F_06M;t1;0.15;122;8851.66;TRUE
LR2_2_6_t2_60R_60V_02F_06M;t2;0.15;122;10854.29;TRUE
LR1_2_9_t1_60R_60V_04F_06M;t1;0.15;122;12115.98;TRUE
LR2_2_6_t2_60R_60V_04F_06M;t2;0.15;122;12065.31;TRUE
lr106_t1_08R_08V_02F_04M;t1;0.15;129;883.07;TRUE
lr208_t2_08R_08V_02F_04M;t2;0.15;129;651.73;TRUE
lr109_t1_08R_08V_04F_04M;t1;0.15;129;968.56;TRUE
lr209_t2_08R_08V_04F_04M;t2;0.15;129;836.82;TRUE
lr106_t1_12R_12V_02F_04M;t1;0.15;129;984.12;TRUE
lr209_t2_12R_12V_02F_04M;t2;0.15;129;1002.08;TRUE
lr109_t1_12R_12V_04F_04M;t1;0.15;129;1394.97;TRUE
lr210_t2_12R_12V_04F_04M;t2;0.15;129;1338.6;TRUE
LR1_2_8_t1_40R_40V_02F_06M;t1;0.15;129;4629.43;TRUE
LR2_2_7_t2_40R_40V_02F_06M;t2;0.15;129;5894.06;TRUE
LR1_2_8_t1_40R_40V_04F_06M;t1;0.15;129;6142.74;TRUE
LR2_2_6_t2_40R_40V_04F_06M;t2;0.15;129;7939.3;TRUE
LR1_2_10_t1_60R_60V_02F_06M;t1;0.15;129;8652.81;TRUE
LR2_2_6_t2_60R_60V_02F_06M;t2;0.15;129;10708.36;TRUE
LR1_2_9_t1_60R_60V_04F_06M;t1;0.15;129;12175.09;TRUE
LR2_2_6_t2_60R_60V_04F_06M;t2;0.15;129;12178.8;TRUE
lr106_t1_08R_08V_02F_04M;t1;0.15;136;883.07;TRUE
lr208_t2_08R_08V_02F_04M;t2;0.15;136;652.39;TRUE
lr109_t1_08R_08V_04F_04M;t1;0.15;136;968.56;TRUE
lr209_t2_08R_08V_04F_04M;t2;0.15;136;836.82;TRUE
lr106_t1_12R_12V_02F_04M;t1;0.15;136;984.12;TRUE
lr209_t2_12R_12V_02F_04M;t2;0.15;136;979.06;TRUE
lr109_t1_12R_12V_04F_04M;t1;0.15;136;1394.97;TRUE
lr210_t2_12R_12V_04F_04M;t2;0.15;136;1344.53;TRUE
LR1_2_8_t1_40R_40V_02F_06M;t1;0.15;136;4659.59;TRUE
LR2_2_7_t2_40R_40V_02F_06M;t2;0.15;136;5989.62;TRUE
LR1_2_8_t1_40R_40V_04F_06M;t1;0.15;136;6234.08;TRUE
LR2_2_6_t2_40R_40V_04F_06M;t2;0.15;136;8035.64;TRUE
LR1_2_10_t1_60R_60V_02F_06M;t1;0.15;136;8743.23;TRUE
LR2_2_6_t2_60R_60V_02F_06M;t2;0.15;136;10705.05;TRUE
LR1_2_9_t1_60R_60V_04F_06M;t1;0.15;136;12074.74;TRUE
LR2_2_6_t2_60R_60V_04F_06M;t2;0.15;136;12071.33;TRUE
lr106_t1_08R_08V_02F_04M;t1;0.15;143;883.07;TRUE
lr208_t2_08R_08V_02F_04M;t2;0.15;143;650.47;TRUE
lr109_t1_08R_08V_04F_04M;t1;0.15;143;968.56;TRUE
lr209_t2_08R_08V_04F_04M;t2;0.15;143;836.82;TRUE
lr106_t1_12R_12V_02F_04M;t1;0.15;143;984.12;TRUE
lr209_t2_12R_12V_02F_04M;t2;0.15;143;1002.8;TRUE
lr109_t1_12R_12V_04F_04M;t1;0.15;143;1394.99;TRUE
lr210_t2_12R_12V_04F_04M;t2;0.15;143;1333.97;TRUE
LR1_2_8_t1_40R_40V_02F_06M;t1;0.15;143;4717.29;TRUE
LR2_2_7_t2_40R_40V_02F_06M;t2;0.15;143;6022.03;TRUE
LR1_2_8_t1_40R_40V_04F_06M;t1;0.15;143;6212.04;TRUE
LR2_2_6_t2_40R_40V_04F_06M;t2;0.15;143;8003.83;TRUE
LR1_2_10_t1_60R_60V_02F_06M;t1;0.15;143;8724.51;TRUE
LR2_2_6_t2_60R_60V_02F_06M;t2;0.15;143;10930.6;TRUE
LR1_2_9_t1_60R_60V_04F_06M;t1;0.15;143;12211.73;TRUE
LR2_2_6_t2_60R_60V_04F_06M;t2;0.15;143;12061.53;TRUE
lr106_t1_08R_08V_02F_04M;t1;0.15;150;883.07;TRUE
lr208_t2_08R_08V_02F_04M;t2;0.15;150;653.86;TRUE
lr109_t1_08R_08V_04F_04M;t1;0.15;150;968.56;TRUE
lr209_t2_08R_08V_04F_04M;t2;0.15;150;836.82;TRUE
lr106_t1_12R_12V_02F_04M;t1;0.15;150;984.12;TRUE
lr209_t2_12R_12V_02F_04M;t2;0.15;150;974.55;TRUE
lr109_t1_12R_12V_04F_04M;t1;0.15;150;1394.99;TRUE
lr210_t2_12R_12V_04F_04M;t2;0.15;150;1335.38;TRUE
LR1_2_8_t1_40R_40V_02F_06M;t1;0.15;150;4694.45;TRUE
LR2_2_7_t2_40R_40V_02F_06M;t2;0.15;150;6035.81;TRUE
LR1_2_8_t1_40R_40V_04F_06M;t1;0.15;150;6200.57;TRUE
LR2_2_6_t2_40R_40V_04F_06M;t2;0.15;150;8030.34;TRUE
LR1_2_10_t1_60R_60V_02F_06M;t1;0.15;150;8821.11;TRUE
LR2_2_6_t2_60R_60V_02F_06M;t2;0.15;150;10547.4;TRUE
LR1_2_9_t1_60R_60V_04F_06M;t1;0.15;150;12026.14;TRUE
LR2_2_6_t2_60R_60V_04F_06M;t2;0.15;150;12252.81;TRUE
lr106_t1_08R_08V_02F_04M;t1;0.15;157;883.07;TRUE
lr208_t2_08R_08V_02F_04M;t2;0.15;157;660.68;TRUE
lr109_t1_08R_08V_04F_04M;t1;0.15;157;968.56;TRUE
lr209_t2_08R_08V_04F_04M;t2;0.15;157;836.82;TRUE
lr106_t1_12R_12V_02F_04M;t1;0.15;157;984.12;TRUE
lr209_t2_12R_12V_02F_04M;t2;0.15;157;983.83;TRUE
lr109_t1_12R_12V_04F_04M;t1;0.15;157;1397.44;TRUE
lr210_t2_12R_12V_04F_04M;t2;0.15;157;1332.92;TRUE
LR1_2_8_t1_40R_40V_02F_06M;t1;0.15;157;4654.08;TRUE
LR2_2_7_t2_40R_40V_02F_06M;t2;0.15;157;5999.31;TRUE
LR1_2_8_t1_40R_40V_04F_06M;t1;0.15;157;6096.67;TRUE
LR2_2_6_t2_40R_40V_04F_06M;t2;0.15;157;7965.66;TRUE
LR1_2_10_t1_60R_60V_02F_06M;t1;0.15;157;8727.32;TRUE
LR2_2_6_t2_60R_60V_02F_06M;t2;0.15;157;10283.23;TRUE
LR1_2_9_t1_60R_60V_04F_06M;t1;0.15;157;11956.33;TRUE
LR2_2_6_t2_60R_60V_04F_06M;t2;0.15;157;12245.73;TRUE
lr106_t1_08R_08V_02F_04M;t1;0.2;94;883.07;TRUE
lr208_t2_08R_08V_02F_04M;t2;0.2;94;651.11;TRUE
lr109_t1_08R_08V_04F_04M;t1;0.2;94;968.56;TRUE
lr209_t2_08R_08V_04F_04M;t2;0.2;94;836.82;TRUE
lr106_t1_12R_12V_02F_04M;t1;0.2;94;984.12;TRUE
lr209_t2_12R_12V_02F_04M;t2;0.2;94;1008.47;TRUE
lr109_t1_12R_12V_04F_04M;t1;0.2;94;1394.97;TRUE
lr210_t2_12R_12V_04F_04M;t2;0.2;94;1336.78;TRUE
LR1_2_8_t1_40R_40V_02F_06M;t1;0.2;94;4710.04;TRUE
LR2_2_7_t2_40R_40V_02F_06M;t2;0.2;94;5800.66;TRUE
LR1_2_8_t1_40R_40V_04F_06M;t1;0.2;94;6058.17;TRUE
LR2_2_6_t2_40R_40V_04F_06M;t2;0.2;94;7996.83;TRUE
LR1_2_10_t1_60R_60V_02F_06M;t1;0.2;94;8805.55;TRUE
LR2_2_6_t2_60R_60V_02F_06M;t2;0.2;94;10870.6;TRUE
LR1_2_9_t1_60R_60V_04F_06M;t1;0.2;94;12180.79;TRUE
LR2_2_6_t2_60R_60V_04F_06M;t2;0.2;94;12233.07;TRUE
lr106_t1_08R_08V_02F_04M;t1;0.2;101;883.07;TRUE
lr208_t2_08R_08V_02F_04M;t2;0.2;101;651.63;TRUE
lr109_t1_08R_08V_04F_04M;t1;0.2;101;968.56;TRUE
lr209_t2_08R_08V_04F_04M;t2;0.2;101;836.82;TRUE
lr106_t1_12R_12V_02F_04M;t1;0.2;101;984.12;TRUE
lr209_t2_12R_12V_02F_04M;t2;0.2;101;989;TRUE
lr109_t1_12R_12V_04F_04M;t1;0.2;101;1394.99;TRUE
lr210_t2_12R_12V_04F_04M;t2;0.2;101;1345.09;TRUE
LR1_2_8_t1_40R_40V_02F_06M;t1;0.2;101;4728.74;TRUE
LR2_2_7_t2_40R_40V_02F_06M;t2;0.2;101;6064.85;TRUE
LR1_2_8_t1_40R_40V_04F_06M;t1;0.2;101;6089.18;TRUE
LR2_2_6_t2_40R_40V_04F_06M;t2;0.2;101;8002.7;TRUE
LR1_2_10_t1_60R_60V_02F_06M;t1;0.2;101;8812.77;TRUE
LR2_2_6_t2_60R_60V_02F_06M;t2;0.2;101;10440.38;TRUE
LR1_2_9_t1_60R_60V_04F_06M;t1;0.2;101;11850.12;TRUE
LR2_2_6_t2_60R_60V_04F_06M;t2;0.2;101;12134.34;TRUE
lr106_t1_08R_08V_02F_04M;t1;0.2;108;883.07;TRUE
lr208_t2_08R_08V_02F_04M;t2;0.2;108;650.47;TRUE
lr109_t1_08R_08V_04F_04M;t1;0.2;108;968.56;TRUE
lr209_t2_08R_08V_04F_04M;t2;0.2;108;836.82;TRUE
lr106_t1_12R_12V_02F_04M;t1;0.2;108;984.12;TRUE
lr209_t2_12R_12V_02F_04M;t2;0.2;108;999.01;TRUE
lr109_t1_12R_12V_04F_04M;t1;0.2;108;1394.99;TRUE
lr210_t2_12R_12V_04F_04M;t2;0.2;108;1344.53;TRUE
LR1_2_8_t1_40R_40V_02F_06M;t1;0.2;108;4722.92;TRUE
LR2_2_7_t2_40R_40V_02F_06M;t2;0.2;108;6084.24;TRUE
LR1_2_8_t1_40R_40V_04F_06M;t1;0.2;108;6298.29;TRUE
LR2_2_6_t2_40R_40V_04F_06M;t2;0.2;108;8033.92;TRUE
LR1_2_10_t1_60R_60V_02F_06M;t1;0.2;108;8731.14;TRUE
LR2_2_6_t2_60R_60V_02F_06M;t2;0.2;108;10904.93;TRUE
LR1_2_9_t1_60R_60V_04F_06M;t1;0.2;108;12138.91;TRUE
LR2_2_6_t2_60R_60V_04F_06M;t2;0.2;108;12365.09;TRUE
lr106_t1_08R_08V_02F_04M;t1;0.2;115;883.07;TRUE
lr208_t2_08R_08V_02F_04M;t2;0.2;115;661.25;TRUE
lr109_t1_08R_08V_04F_04M;t1;0.2;115;968.56;TRUE
lr209_t2_08R_08V_04F_04M;t2;0.2;115;836.82;TRUE
lr106_t1_12R_12V_02F_04M;t1;0.2;115;984.12;TRUE
lr209_t2_12R_12V_02F_04M;t2;0.2;115;1005.46;TRUE
lr109_t1_12R_12V_04F_04M;t1;0.2;115;1394.99;TRUE
lr210_t2_12R_12V_04F_04M;t2;0.2;115;1335.28;TRUE
LR1_2_8_t1_40R_40V_02F_06M;t1;0.2;115;4755.43;TRUE
LR2_2_7_t2_40R_40V_02F_06M;t2;0.2;115;6017.54;TRUE
LR1_2_8_t1_40R_40V_04F_06M;t1;0.2;115;6246.1;TRUE
LR2_2_6_t2_40R_40V_04F_06M;t2;0.2;115;7991.03;TRUE
LR1_2_10_t1_60R_60V_02F_06M;t1;0.2;115;8847.43;TRUE
LR2_2_6_t2_60R_60V_02F_06M;t2;0.2;115;10966.39;TRUE
LR1_2_9_t1_60R_60V_04F_06M;t1;0.2;115;12174.16;TRUE
LR2_2_6_t2_60R_60V_04F_06M;t2;0.2;115;12242.78;TRUE
lr106_t1_08R_08V_02F_04M;t1;0.2;122;883.07;TRUE
lr208_t2_08R_08V_02F_04M;t2;0.2;122;652.66;TRUE
lr109_t1_08R_08V_04F_04M;t1;0.2;122;968.56;TRUE
lr209_t2_08R_08V_04F_04M;t2;0.2;122;836.82;TRUE
lr106_t1_12R_12V_02F_04M;t1;0.2;122;984.12;TRUE
lr209_t2_12R_12V_02F_04M;t2;0.2;122;975.61;TRUE
lr109_t1_12R_12V_04F_04M;t1;0.2;122;1392.53;TRUE
lr210_t2_12R_12V_04F_04M;t2;0.2;122;1341.51;TRUE
LR1_2_8_t1_40R_40V_02F_06M;t1;0.2;122;4714.67;TRUE
LR2_2_7_t2_40R_40V_02F_06M;t2;0.2;122;5901.39;TRUE
LR1_2_8_t1_40R_40V_04F_06M;t1;0.2;122;6069.76;TRUE
LR2_2_6_t2_40R_40V_04F_06M;t2;0.2;122;8013.57;TRUE
LR1_2_10_t1_60R_60V_02F_06M;t1;0.2;122;8944.98;TRUE
LR2_2_6_t2_60R_60V_02F_06M;t2;0.2;122;10997.31;TRUE
LR1_2_9_t1_60R_60V_04F_06M;t1;0.2;122;12247;TRUE
LR2_2_6_t2_60R_60V_04F_06M;t2;0.2;122;12161.6;TRUE
lr106_t1_08R_08V_02F_04M;t1;0.2;129;883.07;TRUE
lr208_t2_08R_08V_02F_04M;t2;0.2;129;651.63;TRUE
lr109_t1_08R_08V_04F_04M;t1;0.2;129;968.56;TRUE
lr209_t2_08R_08V_04F_04M;t2;0.2;129;836.82;TRUE
lr106_t1_12R_12V_02F_04M;t1;0.2;129;984.12;TRUE
lr209_t2_12R_12V_02F_04M;t2;0.2;129;994.5;TRUE
lr109_t1_12R_12V_04F_04M;t1;0.2;129;1394.99;TRUE
lr210_t2_12R_12V_04F_04M;t2;0.2;129;1347.15;TRUE
LR1_2_8_t1_40R_40V_02F_06M;t1;0.2;129;4707.18;TRUE
LR2_2_7_t2_40R_40V_02F_06M;t2;0.2;129;6023.84;TRUE
LR1_2_8_t1_40R_40V_04F_06M;t1;0.2;129;6225.28;TRUE
LR2_2_6_t2_40R_40V_04F_06M;t2;0.2;129;7937.47;TRUE
LR1_2_10_t1_60R_60V_02F_06M;t1;0.2;129;8816.04;TRUE
LR2_2_6_t2_60R_60V_02F_06M;t2;0.2;129;10659.84;TRUE
LR1_2_9_t1_60R_60V_04F_06M;t1;0.2;129;12306.63;TRUE
LR2_2_6_t2_60R_60V_04F_06M;t2;0.2;129;12417.74;TRUE
lr106_t1_08R_08V_02F_04M;t1;0.2;136;883.07;TRUE
lr208_t2_08R_08V_02F_04M;t2;0.2;136;652.4;TRUE
lr109_t1_08R_08V_04F_04M;t1;0.2;136;968.56;TRUE
lr209_t2_08R_08V_04F_04M;t2;0.2;136;836.82;TRUE
lr106_t1_12R_12V_02F_04M;t1;0.2;136;984.12;TRUE
lr209_t2_12R_12V_02F_04M;t2;0.2;136;984.76;TRUE
lr109_t1_12R_12V_04F_04M;t1;0.2;136;1394.99;TRUE
lr210_t2_12R_12V_04F_04M;t2;0.2;136;1336.37;TRUE
LR1_2_8_t1_40R_40V_02F_06M;t1;0.2;136;4711.97;TRUE
LR2_2_7_t2_40R_40V_02F_06M;t2;0.2;136;6054.2;TRUE
LR1_2_8_t1_40R_40V_04F_06M;t1;0.2;136;6248.93;TRUE
LR2_2_6_t2_40R_40V_04F_06M;t2;0.2;136;8103.45;TRUE
LR1_2_10_t1_60R_60V_02F_06M;t1;0.2;136;8782.54;TRUE
LR2_2_6_t2_60R_60V_02F_06M;t2;0.2;136;10711.69;TRUE
LR1_2_9_t1_60R_60V_04F_06M;t1;0.2;136;11930.13;TRUE
LR2_2_6_t2_60R_60V_04F_06M;t2;0.2;136;12071.33;TRUE
lr106_t1_08R_08V_02F_04M;t1;0.2;143;883.07;TRUE
lr208_t2_08R_08V_02F_04M;t2;0.2;143;652.4;TRUE
lr109_t1_08R_08V_04F_04M;t1;0.2;143;968.56;TRUE
lr209_t2_08R_08V_04F_04M;t2;0.2;143;836.82;TRUE
lr106_t1_12R_12V_02F_04M;t1;0.2;143;984.12;TRUE
lr209_t2_12R_12V_02F_04M;t2;0.2;143;1009.66;TRUE
lr109_t1_12R_12V_04F_04M;t1;0.2;143;1394.99;TRUE
lr210_t2_12R_12V_04F_04M;t2;0.2;143;1335.56;TRUE
LR1_2_8_t1_40R_40V_02F_06M;t1;0.2;143;4736.69;TRUE
LR2_2_7_t2_40R_40V_02F_06M;t2;0.2;143;5986.93;TRUE
LR1_2_8_t1_40R_40V_04F_06M;t1;0.2;143;6248.54;TRUE
LR2_2_6_t2_40R_40V_04F_06M;t2;0.2;143;8027.28;TRUE
LR1_2_10_t1_60R_60V_02F_06M;t1;0.2;143;8615.67;TRUE
LR2_2_6_t2_60R_60V_02F_06M;t2;0.2;143;10940.42;TRUE
LR1_2_9_t1_60R_60V_04F_06M;t1;0.2;143;12149.94;TRUE
LR2_2_6_t2_60R_60V_04F_06M;t2;0.2;143;12144.96;TRUE
lr106_t1_08R_08V_02F_04M;t1;0.2;150;883.07;TRUE
lr208_t2_08R_08V_02F_04M;t2;0.2;150;662.64;TRUE
lr109_t1_08R_08V_04F_04M;t1;0.2;150;968.56;TRUE
lr209_t2_08R_08V_04F_04M;t2;0.2;150;836.82;TRUE
lr106_t1_12R_12V_02F_04M;t1;0.2;150;984.12;TRUE
lr209_t2_12R_12V_02F_04M;t2;0.2;150;993.25;TRUE
lr109_t1_12R_12V_04F_04M;t1;0.2;150;1394.99;TRUE
lr210_t2_12R_12V_04F_04M;t2;0.2;150;1336.14;TRUE
LR1_2_8_t1_40R_40V_02F_06M;t1;0.2;150;4767.37;TRUE
LR2_2_7_t2_40R_40V_02F_06M;t2;0.2;150;6083.37;TRUE
LR1_2_8_t1_40R_40V_04F_06M;t1;0.2;150;6198.77;TRUE
LR2_2_6_t2_40R_40V_04F_06M;t2;0.2;150;7874.02;TRUE
LR1_2_10_t1_60R_60V_02F_06M;t1;0.2;150;8698.33;TRUE
LR2_2_6_t2_60R_60V_02F_06M;t2;0.2;150;10464.39;TRUE
LR1_2_9_t1_60R_60V_04F_06M;t1;0.2;150;12298.26;TRUE
LR2_2_6_t2_60R_60V_04F_06M;t2;0.2;150;12114.55;TRUE
lr106_t1_08R_08V_02F_04M;t1;0.2;157;883.07;TRUE
lr208_t2_08R_08V_02F_04M;t2;0.2;157;662.19;TRUE
lr109_t1_08R_08V_04F_04M;t1;0.2;157;968.56;TRUE
lr209_t2_08R_08V_04F_04M;t2;0.2;157;836.82;TRUE
lr106_t1_12R_12V_02F_04M;t1;0.2;157;984.12;TRUE
lr209_t2_12R_12V_02F_04M;t2;0.2;157;979.15;TRUE
lr109_t1_12R_12V_04F_04M;t1;0.2;157;1394.99;TRUE
lr210_t2_12R_12V_04F_04M;t2;0.2;157;1335.33;TRUE
LR1_2_8_t1_40R_40V_02F_06M;t1;0.2;157;4709.57;TRUE
LR2_2_7_t2_40R_40V_02F_06M;t2;0.2;157;5937.37;TRUE
LR1_2_8_t1_40R_40V_04F_06M;t1;0.2;157;6234.96;TRUE
LR2_2_6_t2_40R_40V_04F_06M;t2;0.2;157;7965.66;TRUE
LR1_2_10_t1_60R_60V_02F_06M;t1;0.2;157;8860.44;TRUE
LR2_2_6_t2_60R_60V_02F_06M;t2;0.2;157;10638.94;TRUE
LR1_2_9_t1_60R_60V_04F_06M;t1;0.2;157;12172.63;TRUE
LR2_2_6_t2_60R_60V_04F_06M;t2;0.2;157;12208.77;TRUE
lr107_t1_08R_08V_02F_03M;t1;0.05;24;843.14;TRUE
lr210_t2_08R_08V_02F_03M;t2;0.05;24;706.87;TRUE
lr106_t1_08R_08V_04F_03M;t1;0.05;24;1011.96;TRUE
lr209_t2_08R_08V_04F_03M;t2;0.05;24;838.87;TRUE
lr109_t1_12R_12V_02F_03M;t1;0.05;24;1006.42;TRUE
lr207_t2_12R_12V_02F_03M;t2;0.05;24;1100.6;TRUE
lr106_t1_12R_12V_04F_03M;t1;0.05;24;1415.74;TRUE
lr209_t2_12R_12V_04F_03M;t2;0.05;24;1181.82;TRUE
LR1_2_6_t1_40R_40V_02F_05M;t1;0.05;24;7575.73;TRUE
LR2_2_9_t2_40R_40V_02F_05M;t2;0.05;24;7927.6;TRUE
LR1_2_10_t1_40R_40V_04F_05M;t1;0.05;24;7531.22;TRUE
LR2_2_6_t2_40R_40V_04F_05M;t2;0.05;24;7934.92;TRUE
LR1_2_6_t1_60R_60V_02F_05M;t1;0.05;24;10077.53;TRUE
LR2_2_6_t2_60R_60V_02F_05M;t2;0.05;24;10615.8;TRUE
LR1_2_9_t1_60R_60V_04F_05M;t1;0.05;24;12410.55;TRUE
LR2_2_7_t2_60R_60V_04F_05M;t2;0.05;24;10391.14;TRUE
lr107_t1_08R_08V_02F_03M;t1;0.05;31;843.14;TRUE
lr210_t2_08R_08V_02F_03M;t2;0.05;31;706.87;TRUE
lr106_t1_08R_08V_04F_03M;t1;0.05;31;1011.96;TRUE
lr209_t2_08R_08V_04F_03M;t2;0.05;31;838.87;TRUE
lr109_t1_12R_12V_02F_03M;t1;0.05;31;1006.78;TRUE
lr207_t2_12R_12V_02F_03M;t2;0.05;31;1102.99;TRUE
lr106_t1_12R_12V_04F_03M;t1;0.05;31;1417.55;TRUE
lr209_t2_12R_12V_04F_03M;t2;0.05;31;1167.51;TRUE
LR1_2_6_t1_40R_40V_02F_05M;t1;0.05;31;7832.98;TRUE
LR2_2_9_t2_40R_40V_02F_05M;t2;0.05;31;7954.97;TRUE
LR1_2_10_t1_40R_40V_04F_05M;t1;0.05;31;7490.75;TRUE
LR2_2_6_t2_40R_40V_04F_05M;t2;0.05;31;7936.08;TRUE
LR1_2_6_t1_60R_60V_02F_05M;t1;0.05;31;9860.73;TRUE
LR2_2_6_t2_60R_60V_02F_05M;t2;0.05;31;10163.32;TRUE
LR1_2_9_t1_60R_60V_04F_05M;t1;0.05;31;12469.39;TRUE
LR2_2_7_t2_60R_60V_04F_05M;t2;0.05;31;10472.28;TRUE
lr107_t1_08R_08V_02F_03M;t1;0.05;38;843.14;TRUE
lr210_t2_08R_08V_02F_03M;t2;0.05;38;706.87;TRUE
lr106_t1_08R_08V_04F_03M;t1;0.05;38;1011.96;TRUE
lr209_t2_08R_08V_04F_03M;t2;0.05;38;838.87;TRUE
lr109_t1_12R_12V_02F_03M;t1;0.05;38;1006.42;TRUE
lr207_t2_12R_12V_02F_03M;t2;0.05;38;1097.69;TRUE
lr106_t1_12R_12V_04F_03M;t1;0.05;38;1417.02;TRUE
lr209_t2_12R_12V_04F_03M;t2;0.05;38;1134.66;TRUE
LR1_2_6_t1_40R_40V_02F_05M;t1;0.05;38;7770.06;TRUE
LR2_2_9_t2_40R_40V_02F_05M;t2;0.05;38;7765.15;TRUE
LR1_2_10_t1_40R_40V_04F_05M;t1;0.05;38;7383.81;TRUE
LR2_2_6_t2_40R_40V_04F_05M;t2;0.05;38;7941.18;TRUE
LR1_2_6_t1_60R_60V_02F_05M;t1;0.05;38;10086.43;TRUE
LR2_2_6_t2_60R_60V_02F_05M;t2;0.05;38;10441.87;TRUE
LR1_2_9_t1_60R_60V_04F_05M;t1;0.05;38;12506.76;TRUE
LR2_2_7_t2_60R_60V_04F_05M;t2;0.05;38;10380.56;TRUE
lr107_t1_08R_08V_02F_03M;t1;0.05;45;843.14;TRUE
lr210_t2_08R_08V_02F_03M;t2;0.05;45;706.87;TRUE
lr106_t1_08R_08V_04F_03M;t1;0.05;45;1011.96;TRUE
lr209_t2_08R_08V_04F_03M;t2;0.05;45;838.87;TRUE
lr109_t1_12R_12V_02F_03M;t1;0.05;45;1006.78;TRUE
lr207_t2_12R_12V_02F_03M;t2;0.05;45;1095.23;TRUE
lr106_t1_12R_12V_04F_03M;t1;0.05;45;1418.71;TRUE
lr209_t2_12R_12V_04F_03M;t2;0.05;45;1192.59;TRUE
LR1_2_6_t1_40R_40V_02F_05M;t1;0.05;45;7784.68;TRUE
LR2_2_9_t2_40R_40V_02F_05M;t2;0.05;45;7931.16;TRUE
LR1_2_10_t1_40R_40V_04F_05M;t1;0.05;45;7430.34;TRUE
LR2_2_6_t2_40R_40V_04F_05M;t2;0.05;45;7874.66;TRUE
LR1_2_6_t1_60R_60V_02F_05M;t1;0.05;45;9936.03;TRUE
LR2_2_6_t2_60R_60V_02F_05M;t2;0.05;45;10385.48;TRUE
LR1_2_9_t1_60R_60V_04F_05M;t1;0.05;45;12250.87;TRUE
LR2_2_7_t2_60R_60V_04F_05M;t2;0.05;45;10559.85;TRUE
lr107_t1_08R_08V_02F_03M;t1;0.05;52;843.14;TRUE
lr210_t2_08R_08V_02F_03M;t2;0.05;52;706.87;TRUE
lr106_t1_08R_08V_04F_03M;t1;0.05;52;1011.96;TRUE
lr209_t2_08R_08V_04F_03M;t2;0.05;52;838.87;TRUE
lr109_t1_12R_12V_02F_03M;t1;0.05;52;1006.42;TRUE
lr207_t2_12R_12V_02F_03M;t2;0.05;52;1077.13;TRUE
lr106_t1_12R_12V_04F_03M;t1;0.05;52;1416.13;TRUE
lr209_t2_12R_12V_04F_03M;t2;0.05;52;1181.69;TRUE
LR1_2_6_t1_40R_40V_02F_05M;t1;0.05;52;7667.97;TRUE
LR2_2_9_t2_40R_40V_02F_05M;t2;0.05;52;7980.8;TRUE
LR1_2_10_t1_40R_40V_04F_05M;t1;0.05;52;7354.49;TRUE
LR2_2_6_t2_40R_40V_04F_05M;t2;0.05;52;7835.39;TRUE
LR1_2_6_t1_60R_60V_02F_05M;t1;0.05;52;9922.01;TRUE
LR2_2_6_t2_60R_60V_02F_05M;t2;0.05;52;10268.11;TRUE
LR1_2_9_t1_60R_60V_04F_05M;t1;0.05;52;12576.87;TRUE
LR2_2_7_t2_60R_60V_04F_05M;t2;0.05;52;10567.78;TRUE
lr107_t1_08R_08V_02F_03M;t1;0.05;59;843.14;TRUE
lr210_t2_08R_08V_02F_03M;t2;0.05;59;706.87;TRUE
lr106_t1_08R_08V_04F_03M;t1;0.05;59;1011.96;TRUE
lr209_t2_08R_08V_04F_03M;t2;0.05;59;838.87;TRUE
lr109_t1_12R_12V_02F_03M;t1;0.05;59;1006.42;TRUE
lr207_t2_12R_12V_02F_03M;t2;0.05;59;1089.06;TRUE
lr106_t1_12R_12V_04F_03M;t1;0.05;59;1403.16;TRUE
lr209_t2_12R_12V_04F_03M;t2;0.05;59;1170.81;TRUE
LR1_2_6_t1_40R_40V_02F_05M;t1;0.05;59;7841.72;TRUE
LR2_2_9_t2_40R_40V_02F_05M;t2;0.05;59;7844.74;TRUE
LR1_2_10_t1_40R_40V_04F_05M;t1;0.05;59;7494.69;TRUE
LR2_2_6_t2_40R_40V_04F_05M;t2;0.05;59;7883.25;TRUE
LR1_2_6_t1_60R_60V_02F_05M;t1;0.05;59;9988.41;TRUE
LR2_2_6_t2_60R_60V_02F_05M;t2;0.05;59;10140.72;TRUE
LR1_2_9_t1_60R_60V_04F_05M;t1;0.05;59;12293.7;TRUE
LR2_2_7_t2_60R_60V_04F_05M;t2;0.05;59;10476.33;TRUE
lr107_t1_08R_08V_02F_03M;t1;0.05;66;843.14;TRUE
lr210_t2_08R_08V_02F_03M;t2;0.05;66;706.87;TRUE
lr106_t1_08R_08V_04F_03M;t1;0.05;66;1011.96;TRUE
lr209_t2_08R_08V_04F_03M;t2;0.05;66;838.87;TRUE
lr109_t1_12R_12V_02F_03M;t1;0.05;66;1006.78;TRUE
lr207_t2_12R_12V_02F_03M;t2;0.05;66;1094.82;TRUE
lr106_t1_12R_12V_04F_03M;t1;0.05;66;1415.99;TRUE
lr209_t2_12R_12V_04F_03M;t2;0.05;66;1181.65;TRUE
LR1_2_6_t1_40R_40V_02F_05M;t1;0.05;66;7725.2;TRUE
LR2_2_9_t2_40R_40V_02F_05M;t2;0.05;66;7873.27;TRUE
LR1_2_10_t1_40R_40V_04F_05M;t1;0.05;66;7465.77;TRUE
LR2_2_6_t2_40R_40V_04F_05M;t2;0.05;66;7794.06;TRUE
LR1_2_6_t1_60R_60V_02F_05M;t1;0.05;66;10073.44;TRUE
LR2_2_6_t2_60R_60V_02F_05M;t2;0.05;66;10411.5;TRUE
LR1_2_9_t1_60R_60V_04F_05M;t1;0.05;66;12480.99;TRUE
LR2_2_7_t2_60R_60V_04F_05M;t2;0.05;66;10541.55;TRUE
lr107_t1_08R_08V_02F_03M;t1;0.05;73;843.14;TRUE
lr210_t2_08R_08V_02F_03M;t2;0.05;73;706.87;TRUE
lr106_t1_08R_08V_04F_03M;t1;0.05;73;1011.96;TRUE
lr209_t2_08R_08V_04F_03M;t2;0.05;73;838.87;TRUE
lr109_t1_12R_12V_02F_03M;t1;0.05;73;1006.78;TRUE
lr207_t2_12R_12V_02F_03M;t2;0.05;73;1088.72;TRUE
lr106_t1_12R_12V_04F_03M;t1;0.05;73;1416.31;TRUE
lr209_t2_12R_12V_04F_03M;t2;0.05;73;1134.71;TRUE
LR1_2_6_t1_40R_40V_02F_05M;t1;0.05;73;7650.8;TRUE
LR2_2_9_t2_40R_40V_02F_05M;t2;0.05;73;7976.23;TRUE
LR1_2_10_t1_40R_40V_04F_05M;t1;0.05;73;7329.09;TRUE
LR2_2_6_t2_40R_40V_04F_05M;t2;0.05;73;7812.61;TRUE
LR1_2_6_t1_60R_60V_02F_05M;t1;0.05;73;9906.46;TRUE
LR2_2_6_t2_60R_60V_02F_05M;t2;0.05;73;10423.15;TRUE
LR1_2_9_t1_60R_60V_04F_05M;t1;0.05;73;12454.49;TRUE
LR2_2_7_t2_60R_60V_04F_05M;t2;0.05;73;10396.04;TRUE
lr107_t1_08R_08V_02F_03M;t1;0.05;80;843.14;TRUE
lr210_t2_08R_08V_02F_03M;t2;0.05;80;706.87;TRUE
lr106_t1_08R_08V_04F_03M;t1;0.05;80;1011.96;TRUE
lr209_t2_08R_08V_04F_03M;t2;0.05;80;838.87;TRUE
lr109_t1_12R_12V_02F_03M;t1;0.05;80;1006.78;TRUE
lr207_t2_12R_12V_02F_03M;t2;0.05;80;1084.2;TRUE
lr106_t1_12R_12V_04F_03M;t1;0.05;80;1416.31;TRUE
lr209_t2_12R_12V_04F_03M;t2;0.05;80;1167.51;TRUE
LR1_2_6_t1_40R_40V_02F_05M;t1;0.05;80;7524.07;TRUE
LR2_2_9_t2_40R_40V_02F_05M;t2;0.05;80;8145.39;TRUE
LR1_2_10_t1_40R_40V_04F_05M;t1;0.05;80;7572.76;TRUE
LR2_2_6_t2_40R_40V_04F_05M;t2;0.05;80;7976.17;TRUE
LR1_2_6_t1_60R_60V_02F_05M;t1;0.05;80;10173.16;TRUE
LR2_2_6_t2_60R_60V_02F_05M;t2;0.05;80;10420.48;TRUE
LR1_2_9_t1_60R_60V_04F_05M;t1;0.05;80;12184.77;TRUE
LR2_2_7_t2_60R_60V_04F_05M;t2;0.05;80;10406.49;TRUE
lr107_t1_08R_08V_02F_03M;t1;0.05;87;843.14;TRUE
lr210_t2_08R_08V_02F_03M;t2;0.05;87;706.87;TRUE
lr106_t1_08R_08V_04F_03M;t1;0.05;87;1011.96;TRUE
lr209_t2_08R_08V_04F_03M;t2;0.05;87;838.87;TRUE
lr109_t1_12R_12V_02F_03M;t1;0.05;87;1006.78;TRUE
lr207_t2_12R_12V_02F_03M;t2;0.05;87;1087.05;TRUE
lr106_t1_12R_12V_04F_03M;t1;0.05;87;1415.74;TRUE
lr209_t2_12R_12V_04F_03M;t2;0.05;87;1170.81;TRUE
LR1_2_6_t1_40R_40V_02F_05M;t1;0.05;87;7808.03;TRUE
LR2_2_9_t2_40R_40V_02F_05M;t2;0.05;87;7911.01;TRUE
LR1_2_10_t1_40R_40V_04F_05M;t1;0.05;87;7438.82;TRUE
LR2_2_6_t2_40R_40V_04F_05M;t2;0.05;87;7956.49;TRUE
LR1_2_6_t1_60R_60V_02F_05M;t1;0.05;87;9921.03;TRUE
LR2_2_6_t2_60R_60V_02F_05M;t2;0.05;87;10404.75;TRUE
LR1_2_9_t1_60R_60V_04F_05M;t1;0.05;87;12354.32;TRUE
LR2_2_7_t2_60R_60V_04F_05M;t2;0.05;87;10384.18;TRUE
lr107_t1_08R_08V_02F_03M;t1;0.1;24;843.14;TRUE
lr210_t2_08R_08V_02F_03M;t2;0.1;24;719.78;TRUE
lr106_t1_08R_08V_04F_03M;t1;0.1;24;1010.71;TRUE
lr209_t2_08R_08V_04F_03M;t2;0.1;24;838.87;TRUE
lr109_t1_12R_12V_02F_03M;t1;0.1;24;1006.42;TRUE
lr207_t2_12R_12V_02F_03M;t2;0.1;24;1093.31;TRUE
lr106_t1_12R_12V_04F_03M;t1;0.1;24;1416.13;TRUE
lr209_t2_12R_12V_04F_03M;t2;0.1;24;1198.41;TRUE
LR1_2_6_t1_40R_40V_02F_05M;t1;0.1;24;7585.01;TRUE
LR2_2_9_t2_40R_40V_02F_05M;t2;0.1;24;8149.98;TRUE
LR1_2_10_t1_40R_40V_04F_05M;t1;0.1;24;7417.17;TRUE
LR2_2_6_t2_40R_40V_04F_05M;t2;0.1;24;7998.27;TRUE
LR1_2_6_t1_60R_60V_02F_05M;t1;0.1;24;10161.8;TRUE
LR2_2_6_t2_60R_60V_02F_05M;t2;0.1;24;10406.38;TRUE
LR1_2_9_t1_60R_60V_04F_05M;t1;0.1;24;12261.78;TRUE
LR2_2_7_t2_60R_60V_04F_05M;t2;0.1;24;10764.57;TRUE
lr107_t1_08R_08V_02F_03M;t1;0.1;31;843.14;TRUE
lr210_t2_08R_08V_02F_03M;t2;0.1;31;711.53;TRUE
lr106_t1_08R_08V_04F_03M;t1;0.1;31;1010.71;TRUE
lr209_t2_08R_08V_04F_03M;t2;0.1;31;838.87;TRUE
lr109_t1_12R_12V_02F_03M;t1;0.1;31;1008.76;TRUE
lr207_t2_12R_12V_02F_03M;t2;0.1;31;1093.27;TRUE
lr106_t1_12R_12V_04F_03M;t1;0.1;31;1417.55;TRUE
lr209_t2_12R_12V_04F_03M;t2;0.1;31;1196.68;TRUE
LR1_2_6_t1_40R_40V_02F_05M;t1;0.1;31;7805.77;TRUE
LR2_2_9_t2_40R_40V_02F_05M;t2;0.1;31;8137.83;TRUE
LR1_2_10_t1_40R_40V_04F_05M;t1;0.1;31;7559.71;TRUE
LR2_2_6_t2_40R_40V_04F_05M;t2;0.1;31;8033.33;TRUE
LR1_2_6_t1_60R_60V_02F_05M;t1;0.1;31;10095.88;TRUE
LR2_2_6_t2_60R_60V_02F_05M;t2;0.1;31;9682.01;TRUE
LR1_2_9_t1_60R_60V_04F_05M;t1;0.1;31;12341.17;TRUE
LR2_2_7_t2_60R_60V_04F_05M;t2;0.1;31;10515.25;TRUE
lr107_t1_08R_08V_02F_03M;t1;0.1;38;843.14;TRUE
lr210_t2_08R_08V_02F_03M;t2;0.1;38;706.87;TRUE
lr106_t1_08R_08V_04F_03M;t1;0.1;38;1010.71;TRUE
lr209_t2_08R_08V_04F_03M;t2;0.1;38;838.87;TRUE
lr109_t1_12R_12V_02F_03M;t1;0.1;38;1008.76;TRUE
lr207_t2_12R_12V_02F_03M;t2;0.1;38;1107.28;TRUE
lr106_t1_12R_12V_04F_03M;t1;0.1;38;1416.45;TRUE
lr209_t2_12R_12V_04F_03M;t2;0.1;38;1191.07;TRUE
LR1_2_6_t1_40R_40V_02F_05M;t1;0.1;38;7845.98;TRUE
LR2_2_9_t2_40R_40V_02F_05M;t2;0.1;38;7990.15;TRUE
LR1_2_10_t1_40R_40V_04F_05M;t1;0.1;38;7318.57;TRUE
LR2_2_6_t2_40R_40V_04F_05M;t2;0.1;38;7956.52;TRUE
LR1_2_6_t1_60R_60V_02F_05M;t1;0.1;38;10168.53;TRUE
LR2_2_6_t2_60R_60V_02F_05M;t2;0.1;38;10768.77;TRUE
LR1_2_9_t1_60R_60V_04F_05M;t1;0.1;38;12372.73;TRUE
LR2_2_7_t2_60R_60V_04F_05M;t2;0.1;38;10685.3;TRUE
lr107_t1_08R_08V_02F_03M;t1;0.1;45;843.14;TRUE
lr210_t2_08R_08V_02F_03M;t2;0.1;45;706.87;TRUE
lr106_t1_08R_08V_04F_03M;t1;0.1;45;1010.71;TRUE
lr209_t2_08R_08V_04F_03M;t2;0.1;45;838.87;TRUE
lr109_t1_12R_12V_02F_03M;t1;0.1;45;1006.78;TRUE
lr207_t2_12R_12V_02F_03M;t2;0.1;45;1094.69;TRUE
lr106_t1_12R_12V_04F_03M;t1;0.1;45;1418.71;TRUE
lr209_t2_12R_12V_04F_03M;t2;0.1;45;1196.68;TRUE
LR1_2_6_t1_40R_40V_02F_05M;t1;0.1;45;7725.95;TRUE
LR2_2_9_t2_40R_40V_02F_05M;t2;0.1;45;7986.87;TRUE
LR1_2_10_t1_40R_40V_04F_05M;t1;0.1;45;7488.57;TRUE
LR2_2_6_t2_40R_40V_04F_05M;t2;0.1;45;7915.51;TRUE
LR1_2_6_t1_60R_60V_02F_05M;t1;0.1;45;9988.29;TRUE
LR2_2_6_t2_60R_60V_02F_05M;t2;0.1;45;10779.81;TRUE
LR1_2_9_t1_60R_60V_04F_05M;t1;0.1;45;12422.37;TRUE
LR2_2_7_t2_60R_60V_04F_05M;t2;0.1;45;10772.86;TRUE
lr107_t1_08R_08V_02F_03M;t1;0.1;52;843.14;TRUE
lr210_t2_08R_08V_02F_03M;t2;0.1;52;711.53;TRUE
lr106_t1_08R_08V_04F_03M;t1;0.1;52;1010.71;TRUE
lr209_t2_08R_08V_04F_03M;t2;0.1;52;838.87;TRUE
lr109_t1_12R_12V_02F_03M;t1;0.1;52;1006.42;TRUE
lr207_t2_12R_12V_02F_03M;t2;0.1;52;1091.81;TRUE
lr106_t1_12R_12V_04F_03M;t1;0.1;52;1416.13;TRUE
lr209_t2_12R_12V_04F_03M;t2;0.1;52;1198.51;TRUE
LR1_2_6_t1_40R_40V_02F_05M;t1;0.1;52;7526.88;TRUE
LR2_2_9_t2_40R_40V_02F_05M;t2;0.1;52;8146.98;TRUE
LR1_2_10_t1_40R_40V_04F_05M;t1;0.1;52;7414.83;TRUE
LR2_2_6_t2_40R_40V_04F_05M;t2;0.1;52;7931.47;TRUE
LR1_2_6_t1_60R_60V_02F_05M;t1;0.1;52;10129.84;TRUE
LR2_2_6_t2_60R_60V_02F_05M;t2;0.1;52;10792.65;TRUE
LR1_2_9_t1_60R_60V_04F_05M;t1;0.1;52;12593.15;TRUE
LR2_2_7_t2_60R_60V_04F_05M;t2;0.1;52;10633.79;TRUE
lr107_t1_08R_08V_02F_03M;t1;0.1;59;843.14;TRUE
lr210_t2_08R_08V_02F_03M;t2;0.1;59;711.53;TRUE
lr106_t1_08R_08V_04F_03M;t1;0.1;59;1010.71;TRUE
lr209_t2_08R_08V_04F_03M;t2;0.1;59;838.87;TRUE
lr109_t1_12R_12V_02F_03M;t1;0.1;59;1006.42;TRUE
lr207_t2_12R_12V_02F_03M;t2;0.1;59;1087.93;TRUE
lr106_t1_12R_12V_04F_03M;t1;0.1;59;1425.98;TRUE
lr209_t2_12R_12V_04F_03M;t2;0.1;59;1200;TRUE
LR1_2_6_t1_40R_40V_02F_05M;t1;0.1;59;7892.53;TRUE
LR2_2_9_t2_40R_40V_02F_05M;t2;0.1;59;8011.05;TRUE
LR1_2_10_t1_40R_40V_04F_05M;t1;0.1;59;7457.94;TRUE
LR2_2_6_t2_40R_40V_04F_05M;t2;0.1;59;7993.16;TRUE
LR1_2_6_t1_60R_60V_02F_05M;t1;0.1;59;10065.39;TRUE
LR2_2_6_t2_60R_60V_02F_05M;t2;0.1;59;10493.63;TRUE
LR1_2_9_t1_60R_60V_04F_05M;t1;0.1;59;12254.51;TRUE
LR2_2_7_t2_60R_60V_04F_05M;t2;0.1;59;10722.08;TRUE
lr107_t1_08R_08V_02F_03M;t1;0.1;66;843.14;TRUE
lr210_t2_08R_08V_02F_03M;t2;0.1;66;706.87;TRUE
lr106_t1_08R_08V_04F_03M;t1;0.1;66;1010.71;TRUE
lr209_t2_08R_08V_04F_03M;t2;0.1;66;838.87;TRUE
lr109_t1_12R_12V_02F_03M;t1;0.1;66;1006.78;TRUE
lr207_t2_12R_12V_02F_03M;t2;0.1;66;1089.49;TRUE
lr106_t1_12R_12V_04F_03M;t1;0.1;66;1422.71;TRUE
lr209_t2_12R_12V_04F_03M;t2;0.1;66;1196.49;TRUE
LR1_2_6_t1_40R_40V_02F_05M;t1;0.1;66;7770.8;TRUE
LR2_2_9_t2_40R_40V_02F_05M;t2;0.1;66;8236.08;TRUE
LR1_2_10_t1_40R_40V_04F_05M;t1;0.1;66;7469.82;TRUE
LR2_2_6_t2_40R_40V_04F_05M;t2;0.1;66;7990.45;TRUE
LR1_2_6_t1_60R_60V_02F_05M;t1;0.1;66;10089.04;TRUE
LR2_2_6_t2_60R_60V_02F_05M;t2;0.1;66;10730.6;TRUE
LR1_2_9_t1_60R_60V_04F_05M;t1;0.1;66;12566.96;TRUE
LR2_2_7_t2_60R_60V_04F_05M;t2;0.1;66;10749.21;TRUE
lr107_t1_08R_08V_02F_03M;t1;0.1;73;843.14;TRUE
lr210_t2_08R_08V_02F_03M;t2;0.1;73;706.87;TRUE
lr106_t1_08R_08V_04F_03M;t1;0.1;73;1010.71;TRUE
lr209_t2_08R_08V_04F_03M;t2;0.1;73;838.87;TRUE
lr109_t1_12R_12V_02F_03M;t1;0.1;73;1006.42;TRUE
lr207_t2_12R_12V_02F_03M;t2;0.1;73;1077.52;TRUE
lr106_t1_12R_12V_04F_03M;t1;0.1;73;1416.45;TRUE
lr209_t2_12R_12V_04F_03M;t2;0.1;73;1172.52;TRUE
LR1_2_6_t1_40R_40V_02F_05M;t1;0.1;73;7786.11;TRUE
LR2_2_9_t2_40R_40V_02F_05M;t2;0.1;73;8122.21;TRUE
LR1_2_10_t1_40R_40V_04F_05M;t1;0.1;73;7480.32;TRUE
LR2_2_6_t2_40R_40V_04F_05M;t2;0.1;73;7885.49;TRUE
LR1_2_6_t1_60R_60V_02F_05M;t1;0.1;73;9961.23;TRUE
LR2_2_6_t2_60R_60V_02F_05M;t2;0.1;73;10673.68;TRUE
LR1_2_9_t1_60R_60V_04F_05M;t1;0.1;73;12343.36;TRUE
LR2_2_7_t2_60R_60V_04F_05M;t2;0.1;73;10719.65;TRUE
lr107_t1_08R_08V_02F_03M;t1;0.1;80;843.14;TRUE
lr210_t2_08R_08V_02F_03M;t2;0.1;80;706.87;TRUE
lr106_t1_08R_08V_04F_03M;t1;0.1;80;1010.71;TRUE
lr209_t2_08R_08V_04F_03M;t2;0.1;80;838.87;TRUE
lr109_t1_12R_12V_02F_03M;t1;0.1;80;1008.76;TRUE
lr207_t2_12R_12V_02F_03M;t2;0.1;80;1089.21;TRUE
lr106_t1_12R_12V_04F_03M;t1;0.1;80;1412.38;TRUE
lr209_t2_12R_12V_04F_03M;t2;0.1;80;1203.61;TRUE
LR1_2_6_t1_40R_40V_02F_05M;t1;0.1;80;7883.08;TRUE
LR2_2_9_t2_40R_40V_02F_05M;t2;0.1;80;8049.23;TRUE
LR1_2_10_t1_40R_40V_04F_05M;t1;0.1;80;7442.24;TRUE
LR2_2_6_t2_40R_40V_04F_05M;t2;0.1;80;7938.13;TRUE
LR1_2_6_t1_60R_60V_02F_05M;t1;0.1;80;9858.62;TRUE
LR2_2_6_t2_60R_60V_02F_05M;t2;0.1;80;10695.57;TRUE
LR1_2_9_t1_60R_60V_04F_05M;t1;0.1;80;12278.34;TRUE
LR2_2_7_t2_60R_60V_04F_05M;t2;0.1;80;10732.23;TRUE
lr107_t1_08R_08V_02F_03M;t1;0.1;87;843.14;TRUE
lr210_t2_08R_08V_02F_03M;t2;0.1;87;711.29;TRUE
lr106_t1_08R_08V_04F_03M;t1;0.1;87;1010.71;TRUE
lr209_t2_08R_08V_04F_03M;t2;0.1;87;838.87;TRUE
lr109_t1_12R_12V_02F_03M;t1;0.1;87;1006.78;TRUE
lr207_t2_12R_12V_02F_03M;t2;0.1;87;1100.09;TRUE
lr106_t1_12R_12V_04F_03M;t1;0.1;87;1415.74;TRUE
lr209_t2_12R_12V_04F_03M;t2;0.1;87;1198.22;TRUE
LR1_2_6_t1_40R_40V_02F_05M;t1;0.1;87;7704.42;TRUE
LR2_2_9_t2_40R_40V_02F_05M;t2;0.1;87;8126.15;TRUE
LR1_2_10_t1_40R_40V_04F_05M;t1;0.1;87;7531.31;TRUE
LR2_2_6_t2_40R_40V_04F_05M;t2;0.1;87;7982.65;TRUE
LR1_2_6_t1_60R_60V_02F_05M;t1;0.1;87;10151.9;TRUE
LR2_2_6_t2_60R_60V_02F_05M;t2;0.1;87;10648.12;TRUE
LR1_2_9_t1_60R_60V_04F_05M;t1;0.1;87;12103.44;TRUE
LR2_2_7_t2_60R_60V_04F_05M;t2;0.1;87;10748.29;TRUE
lr107_t1_08R_08V_02F_03M;t1;0.15;24;843.14;TRUE
lr210_t2_08R_08V_02F_03M;t2;0.15;24;719.78;TRUE
lr106_t1_08R_08V_04F_03M;t1;0.15;24;1010.71;TRUE
lr209_t2_08R_08V_04F_03M;t2;0.15;24;838.87;TRUE
lr109_t1_12R_12V_02F_03M;t1;0.15;24;1010.61;TRUE
lr207_t2_12R_12V_02F_03M;t2;0.15;24;1094.29;TRUE
lr106_t1_12R_12V_04F_03M;t1;0.15;24;1416.45;TRUE
lr209_t2_12R_12V_04F_03M;t2;0.15;24;1210.09;TRUE
LR1_2_6_t1_40R_40V_02F_05M;t1;0.15;24;7768.91;TRUE
LR2_2_9_t2_40R_40V_02F_05M;t2;0.15;24;8273.03;TRUE
LR1_2_10_t1_40R_40V_04F_05M;t1;0.15;24;7451.2;TRUE
LR2_2_6_t2_40R_40V_04F_05M;t2;0.15;24;8045.29;TRUE
LR1_2_6_t1_60R_60V_02F_05M;t1;0.15;24;9900.81;TRUE
LR2_2_6_t2_60R_60V_02F_05M;t2;0.15;24;10711.16;TRUE
LR1_2_9_t1_60R_60V_04F_05M;t1;0.15;24;12440.74;TRUE
LR2_2_7_t2_60R_60V_04F_05M;t2;0.15;24;10775.82;TRUE
lr107_t1_08R_08V_02F_03M;t1;0.15;31;843.14;TRUE
lr210_t2_08R_08V_02F_03M;t2;0.15;31;706.87;TRUE
lr106_t1_08R_08V_04F_03M;t1;0.15;31;1010.71;TRUE
lr209_t2_08R_08V_04F_03M;t2;0.15;31;838.87;TRUE
lr109_t1_12R_12V_02F_03M;t1;0.15;31;1006.78;TRUE
lr207_t2_12R_12V_02F_03M;t2;0.15;31;1112.17;TRUE
lr106_t1_12R_12V_04F_03M;t1;0.15;31;1416.45;TRUE
lr209_t2_12R_12V_04F_03M;t2;0.15;31;1198.32;TRUE
LR1_2_6_t1_40R_40V_02F_05M;t1;0.15;31;7667.66;TRUE
LR2_2_9_t2_40R_40V_02F_05M;t2;0.15;31;8411.99;TRUE
LR1_2_10_t1_40R_40V_04F_05M;t1;0.15;31;7483.31;TRUE
LR2_2_6_t2_40R_40V_04F_05M;t2;0.15;31;8084.91;TRUE
LR1_2_6_t1_60R_60V_02F_05M;t1;0.15;31;10196.87;TRUE
LR2_2_6_t2_60R_60V_02F_05M;t2;0.15;31;10703.93;TRUE
LR1_2_9_t1_60R_60V_04F_05M;t1;0.15;31;12681.5;TRUE
LR2_2_7_t2_60R_60V_04F_05M;t2;0.15;31;10775.82;TRUE
lr107_t1_08R_08V_02F_03M;t1;0.15;38;843.14;TRUE
lr210_t2_08R_08V_02F_03M;t2;0.15;38;711.29;TRUE
lr106_t1_08R_08V_04F_03M;t1;0.15;38;1010.71;TRUE
lr209_t2_08R_08V_04F_03M;t2;0.15;38;838.87;TRUE
lr109_t1_12R_12V_02F_03M;t1;0.15;38;1010.35;TRUE
lr207_t2_12R_12V_02F_03M;t2;0.15;38;1111.8;TRUE
lr106_t1_12R_12V_04F_03M;t1;0.15;38;1416.13;TRUE
lr209_t2_12R_12V_04F_03M;t2;0.15;38;1196.68;TRUE
LR1_2_6_t1_40R_40V_02F_05M;t1;0.15;38;7893.82;TRUE
LR2_2_9_t2_40R_40V_02F_05M;t2;0.15;38;8094.71;TRUE
LR1_2_10_t1_40R_40V_04F_05M;t1;0.15;38;7561.68;TRUE
LR2_2_6_t2_40R_40V_04F_05M;t2;0.15;38;8042.08;TRUE
LR1_2_6_t1_60R_60V_02F_05M;t1;0.15;38;10281.55;TRUE
LR2_2_6_t2_60R_60V_02F_05M;t2;0.15;38;10735.95;TRUE
LR1_2_9_t1_60R_60V_04F_05M;t1;0.15;38;12501.63;TRUE
LR2_2_7_t2_60R_60V_04F_05M;t2;0.15;38;10668.24;TRUE
lr107_t1_08R_08V_02F_03M;t1;0.15;45;843.14;TRUE
lr210_t2_08R_08V_02F_03M;t2;0.15;45;706.87;TRUE
lr106_t1_08R_08V_04F_03M;t1;0.15;45;1010.71;TRUE
lr209_t2_08R_08V_04F_03M;t2;0.15;45;838.87;TRUE
lr109_t1_12R_12V_02F_03M;t1;0.15;45;1006.78;TRUE
lr207_t2_12R_12V_02F_03M;t2;0.15;45;1099.55;TRUE
lr106_t1_12R_12V_04F_03M;t1;0.15;45;1422.7;TRUE
lr209_t2_12R_12V_04F_03M;t2;0.15;45;1200.99;TRUE
LR1_2_6_t1_40R_40V_02F_05M;t1;0.15;45;7867.06;TRUE
LR2_2_9_t2_40R_40V_02F_05M;t2;0.15;45;8217.69;TRUE
LR1_2_10_t1_40R_40V_04F_05M;t1;0.15;45;7581.39;TRUE
LR2_2_6_t2_40R_40V_04F_05M;t2;0.15;45;7924.28;TRUE
LR1_2_6_t1_60R_60V_02F_05M;t1;0.15;45;10158.46;TRUE
LR2_2_6_t2_60R_60V_02F_05M;t2;0.15;45;10649.05;TRUE
LR1_2_9_t1_60R_60V_04F_05M;t1;0.15;45;12152.46;TRUE
LR2_2_7_t2_60R_60V_04F_05M;t2;0.15;45;10721.18;TRUE
lr107_t1_08R_08V_02F_03M;t1;0.15;52;843.14;TRUE
lr210_t2_08R_08V_02F_03M;t2;0.15;52;706.87;TRUE
lr106_t1_08R_08V_04F_03M;t1;0.15;52;1010.71;TRUE
lr209_t2_08R_08V_04F_03M;t2;0.15;52;838.87;TRUE
lr109_t1_12R_12V_02F_03M;t1;0.15;52;1006.78;TRUE
lr207_t2_12R_12V_02F_03M;t2;0.15;52;1095.5;TRUE
lr106_t1_12R_12V_04F_03M;t1;0.15;52;1414.11;TRUE
lr209_t2_12R_12V_04F_03M;t2;0.15;52;1194.01;TRUE
LR1_2_6_t1_40R_40V_02F_05M;t1;0.15;52;7814.89;TRUE
LR2_2_9_t2_40R_40V_02F_05M;t2;0.15;52;8222.17;TRUE
LR1_2_10_t1_40R_40V_04F_05M;t1;0.15;52;7510.9;TRUE
LR2_2_6_t2_40R_40V_04F_05M;t2;0.15;52;7931.47;TRUE
LR1_2_6_t1_60R_60V_02F_05M;t1;0.15;52;10040.53;TRUE
LR2_2_6_t2_60R_60V_02F_05M;t2;0.15;52;10835.59;TRUE
LR1_2_9_t1_60R_60V_04F_05M;t1;0.15;52;12233.09;TRUE
LR2_2_7_t2_60R_60V_04F_05M;t2;0.15;52;10775.82;TRUE
lr107_t1_08R_08V_02F_03M;t1;0.15;59;843.14;TRUE
lr210_t2_08R_08V_02F_03M;t2;0.15;59;719.78;TRUE
lr106_t1_08R_08V_04F_03M;t1;0.15;59;1010.71;TRUE
lr209_t2_08R_08V_04F_03M;t2;0.15;59;838.87;TRUE
lr109_t1_12R_12V_02F_03M;t1;0.15;59;1010.61;TRUE
lr207_t2_12R_12V_02F_03M;t2;0.15;59;1110.91;TRUE
lr106_t1_12R_12V_04F_03M;t1;0.15;59;1417.83;TRUE
lr209_t2_12R_12V_04F_03M;t2;0.15;59;1206.48;TRUE
LR1_2_6_t1_40R_40V_02F_05M;t1;0.15;59;7847.57;TRUE
LR2_2_9_t2_40R_40V_02F_05M;t2;0.15;59;8030.9;TRUE
LR1_2_10_t1_40R_40V_04F_05M;t1;0.15;59;7582;TRUE
LR2_2_6_t2_40R_40V_04F_05M;t2;0.15;59;8043.28;TRUE
LR1_2_6_t1_60R_60V_02F_05M;t1;0.15;59;10016.27;TRUE
LR2_2_6_t2_60R_60V_02F_05M;t2;0.15;59;10754.1;TRUE
LR1_2_9_t1_60R_60V_04F_05M;t1;0.15;59;12119.97;TRUE
LR2_2_7_t2_60R_60V_04F_05M;t2;0.15;59;10705.5;TRUE
lr107_t1_08R_08V_02F_03M;t1;0.15;66;843.14;TRUE
lr210_t2_08R_08V_02F_03M;t2;0.15;66;706.87;TRUE
lr106_t1_08R_08V_04F_03M;t1;0.15;66;1010.71;TRUE
lr209_t2_08R_08V_04F_03M;t2;0.15;66;838.87;TRUE
lr109_t1_12R_12V_02F_03M;t1;0.15;66;1008.76;TRUE
lr207_t2_12R_12V_02F_03M;t2;0.15;66;1117.08;TRUE
lr106_t1_12R_12V_04F_03M;t1;0.15;66;1416.13;TRUE
lr209_t2_12R_12V_04F_03M;t2;0.15;66;1200.99;TRUE
LR1_2_6_t1_40R_40V_02F_05M;t1;0.15;66;7930.23;TRUE
LR2_2_9_t2_40R_40V_02F_05M;t2;0.15;66;8383.62;TRUE
LR1_2_10_t1_40R_40V_04F_05M;t1;0.15;66;7470.59;TRUE
LR2_2_6_t2_40R_40V_04F_05M;t2;0.15;66;7928.81;TRUE
LR1_2_6_t1_60R_60V_02F_05M;t1;0.15;66;10046.26;TRUE
LR2_2_6_t2_60R_60V_02F_05M;t2;0.15;66;10651.55;TRUE
LR1_2_9_t1_60R_60V_04F_05M;t1;0.15;66;12302.61;TRUE
LR2_2_7_t2_60R_60V_04F_05M;t2;0.15;66;10775.82;TRUE
lr107_t1_08R_08V_02F_03M;t1;0.15;73;843.14;TRUE
lr210_t2_08R_08V_02F_03M;t2;0.15;73;711.53;TRUE
lr106_t1_08R_08V_04F_03M;t1;0.15;73;1010.71;TRUE
lr209_t2_08R_08V_04F_03M;t2;0.15;73;838.87;TRUE
lr109_t1_12R_12V_02F_03M;t1;0.15;73;1006.78;TRUE
lr207_t2_12R_12V_02F_03M;t2;0.15;73;1101.06;TRUE
lr106_t1_12R_12V_04F_03M;t1;0.15;73;1416.45;TRUE
lr209_t2_12R_12V_04F_03M;t2;0.15;73;1213.28;TRUE
LR1_2_6_t1_40R_40V_02F_05M;t1;0.15;73;7673.02;TRUE
LR2_2_9_t2_40R_40V_02F_05M;t2;0.15;73;8202.95;TRUE
LR1_2_10_t1_40R_40V_04F_05M;t1;0.15;73;7604.5;TRUE
LR2_2_6_t2_40R_40V_04F_05M;t2;0.15;73;8132.53;TRUE
LR1_2_6_t1_60R_60V_02F_05M;t1;0.15;73;9999.42;TRUE
LR2_2_6_t2_60R_60V_02F_05M;t2;0.15;73;10927.87;TRUE
LR1_2_9_t1_60R_60V_04F_05M;t1;0.15;73;12564.14;TRUE
LR2_2_7_t2_60R_60V_04F_05M;t2;0.15;73;10775.82;TRUE
lr107_t1_08R_08V_02F_03M;t1;0.15;80;843.14;TRUE
lr210_t2_08R_08V_02F_03M;t2;0.15;80;711.53;TRUE
lr106_t1_08R_08V_04F_03M;t1;0.15;80;1010.71;TRUE
lr209_t2_08R_08V_04F_03M;t2;0.15;80;838.87;TRUE
lr109_t1_12R_12V_02F_03M;t1;0.15;80;1006.78;TRUE
lr207_t2_12R_12V_02F_03M;t2;0.15;80;1124.38;TRUE
lr106_t1_12R_12V_04F_03M;t1;0.15;80;1416.31;TRUE
lr209_t2_12R_12V_04F_03M;t2;0.15;80;1211.24;TRUE
LR1_2_6_t1_40R_40V_02F_05M;t1;0.15;80;7916.79;TRUE
LR2_2_9_t2_40R_40V_02F_05M;t2;0.15;80;8019.02;TRUE
LR1_2_10_t1_40R_40V_04F_05M;t1;0.15;80;7525.38;TRUE
LR2_2_6_t2_40R_40V_04F_05M;t2;0.15;80;8004.52;TRUE
LR1_2_6_t1_60R_60V_02F_05M;t1;0.15;80;10272.31;TRUE
LR2_2_6_t2_60R_60V_02F_05M;t2;0.15;80;10728.73;TRUE
LR1_2_9_t1_60R_60V_04F_05M;t1;0.15;80;12623.83;TRUE
LR2_2_7_t2_60R_60V_04F_05M;t2;0.15;80;10775.82;TRUE
lr107_t1_08R_08V_02F_03M;t1;0.15;87;843.14;TRUE
lr210_t2_08R_08V_02F_03M;t2;0.15;87;711.53;TRUE
lr106_t1_08R_08V_04F_03M;t1;0.15;87;1010.71;TRUE
lr209_t2_08R_08V_04F_03M;t2;0.15;87;838.87;TRUE
lr109_t1_12R_12V_02F_03M;t1;0.15;87;1006.78;TRUE
lr207_t2_12R_12V_02F_03M;t2;0.15;87;1068.94;TRUE
lr106_t1_12R_12V_04F_03M;t1;0.15;87;1415.74;TRUE
lr209_t2_12R_12V_04F_03M;t2;0.15;87;1210.79;TRUE
LR1_2_6_t1_40R_40V_02F_05M;t1;0.15;87;7855.64;TRUE
LR2_2_9_t2_40R_40V_02F_05M;t2;0.15;87;8155.74;TRUE
LR1_2_10_t1_40R_40V_04F_05M;t1;0.15;87;7335.38;TRUE
LR2_2_6_t2_40R_40V_04F_05M;t2;0.15;87;7926.92;TRUE
LR1_2_6_t1_60R_60V_02F_05M;t1;0.15;87;10038.11;TRUE
LR2_2_6_t2_60R_60V_02F_05M;t2;0.15;87;10765.87;TRUE
LR1_2_9_t1_60R_60V_04F_05M;t1;0.15;87;12482.84;TRUE
LR2_2_7_t2_60R_60V_04F_05M;t2;0.15;87;10775.82;TRUE
lr107_t1_08R_08V_02F_03M;t1;0.2;24;843.14;TRUE
lr210_t2_08R_08V_02F_03M;t2;0.2;24;711.29;TRUE
lr106_t1_08R_08V_04F_03M;t1;0.2;24;1010.71;TRUE
lr209_t2_08R_08V_04F_03M;t2;0.2;24;838.87;TRUE
lr109_t1_12R_12V_02F_03M;t1;0.2;24;1008.76;TRUE
lr207_t2_12R_12V_02F_03M;t2;0.2;24;1112.95;TRUE
lr106_t1_12R_12V_04F_03M;t1;0.2;24;1416.45;TRUE
lr209_t2_12R_12V_04F_03M;t2;0.2;24;1215.93;TRUE
LR1_2_6_t1_40R_40V_02F_05M;t1;0.2;24;7815.59;TRUE
LR2_2_9_t2_40R_40V_02F_05M;t2;0.2;24;8270.78;TRUE
LR1_2_10_t1_40R_40V_04F_05M;t1;0.2;24;7571.01;TRUE
LR2_2_6_t2_40R_40V_04F_05M;t2;0.2;24;8114.89;TRUE
LR1_2_6_t1_60R_60V_02F_05M;t1;0.2;24;10159.87;TRUE
LR2_2_6_t2_60R_60V_02F_05M;t2;0.2;24;10469.11;TRUE
LR1_2_9_t1_60R_60V_04F_05M;t1;0.2;24;12485.09;TRUE
LR2_2_7_t2_60R_60V_04F_05M;t2;0.2;24;10775.82;TRUE
lr107_t1_08R_08V_02F_03M;t1;0.2;31;843.14;TRUE
lr210_t2_08R_08V_02F_03M;t2;0.2;31;719.78;TRUE
lr106_t1_08R_08V_04F_03M;t1;0.2;31;1010.71;TRUE
lr209_t2_08R_08V_04F_03M;t2;0.2;31;838.87;TRUE
lr109_t1_12R_12V_02F_03M;t1;0.2;31;1010.61;TRUE
lr207_t2_12R_12V_02F_03M;t2;0.2;31;1035.79;TRUE
lr106_t1_12R_12V_04F_03M;t1;0.2;31;1415.74;TRUE
lr209_t2_12R_12V_04F_03M;t2;0.2;31;1198.32;TRUE
LR1_2_6_t1_40R_40V_02F_05M;t1;0.2;31;7827.97;TRUE
LR2_2_9_t2_40R_40V_02F_05M;t2;0.2;31;8310.25;TRUE
LR1_2_10_t1_40R_40V_04F_05M;t1;0.2;31;7576.55;TRUE
LR2_2_6_t2_40R_40V_04F_05M;t2;0.2;31;8086.59;TRUE
LR1_2_6_t1_60R_60V_02F_05M;t1;0.2;31;10243.28;TRUE
LR2_2_6_t2_60R_60V_02F_05M;t2;0.2;31;10899.4;TRUE
LR1_2_9_t1_60R_60V_04F_05M;t1;0.2;31;12379.64;TRUE
LR2_2_7_t2_60R_60V_04F_05M;t2;0.2;31;10775.82;TRUE
lr107_t1_08R_08V_02F_03M;t1;0.2;38;843.14;TRUE
lr210_t2_08R_08V_02F_03M;t2;0.2;38;719.78;TRUE
lr106_t1_08R_08V_04F_03M;t1;0.2;38;1010.71;TRUE
lr209_t2_08R_08V_04F_03M;t2;0.2;38;838.87;TRUE
lr109_t1_12R_12V_02F_03M;t1;0.2;38;1006.42;TRUE
lr207_t2_12R_12V_02F_03M;t2;0.2;38;1101.12;TRUE
lr106_t1_12R_12V_04F_03M;t1;0.2;38;1421.71;TRUE
lr209_t2_12R_12V_04F_03M;t2;0.2;38;1196.68;TRUE
LR1_2_6_t1_40R_40V_02F_05M;t1;0.2;38;7858.25;TRUE
LR2_2_9_t2_40R_40V_02F_05M;t2;0.2;38;8284.95;TRUE
LR1_2_10_t1_40R_40V_04F_05M;t1;0.2;38;7560.62;TRUE
LR2_2_6_t2_40R_40V_04F_05M;t2;0.2;38;8012.66;TRUE
LR1_2_6_t1_60R_60V_02F_05M;t1;0.2;38;10102.96;TRUE
LR2_2_6_t2_60R_60V_02F_05M;t2;0.2;38;10909.07;TRUE
LR1_2_9_t1_60R_60V_04F_05M;t1;0.2;38;12760.06;TRUE
LR2_2_7_t2_60R_60V_04F_05M;t2;0.2;38;10747.49;TRUE
lr107_t1_08R_08V_02F_03M;t1;0.2;45;843.14;TRUE
lr210_t2_08R_08V_02F_03M;t2;0.2;45;706.87;TRUE
lr106_t1_08R_08V_04F_03M;t1;0.2;45;1010.71;TRUE
lr209_t2_08R_08V_04F_03M;t2;0.2;45;838.87;TRUE
lr109_t1_12R_12V_02F_03M;t1;0.2;45;1008.76;TRUE
lr207_t2_12R_12V_02F_03M;t2;0.2;45;1099.55;TRUE
lr106_t1_12R_12V_04F_03M;t1;0.2;45;1416.45;TRUE
lr209_t2_12R_12V_04F_03M;t2;0.2;45;1200.19;TRUE
LR1_2_6_t1_40R_40V_02F_05M;t1;0.2;45;7883.47;TRUE
LR2_2_9_t2_40R_40V_02F_05M;t2;0.2;45;8014.99;TRUE
LR1_2_10_t1_40R_40V_04F_05M;t1;0.2;45;7642.47;TRUE
LR2_2_6_t2_40R_40V_04F_05M;t2;0.2;45;8082.64;TRUE
LR1_2_6_t1_60R_60V_02F_05M;t1;0.2;45;10161.48;TRUE
LR2_2_6_t2_60R_60V_02F_05M;t2;0.2;45;10649.05;TRUE
LR1_2_9_t1_60R_60V_04F_05M;t1;0.2;45;12152.74;TRUE
LR2_2_7_t2_60R_60V_04F_05M;t2;0.2;45;10767.15;TRUE
lr107_t1_08R_08V_02F_03M;t1;0.2;52;843.14;TRUE
lr210_t2_08R_08V_02F_03M;t2;0.2;52;711.29;TRUE
lr106_t1_08R_08V_04F_03M;t1;0.2;52;1010.71;TRUE
lr209_t2_08R_08V_04F_03M;t2;0.2;52;838.87;TRUE
lr109_t1_12R_12V_02F_03M;t1;0.2;52;1010.61;TRUE
lr207_t2_12R_12V_02F_03M;t2;0.2;52;1096.33;TRUE
lr106_t1_12R_12V_04F_03M;t1;0.2;52;1416.04;TRUE
lr209_t2_12R_12V_04F_03M;t2;0.2;52;1194.01;TRUE
LR1_2_6_t1_40R_40V_02F_05M;t1;0.2;52;7912.57;TRUE
LR2_2_9_t2_40R_40V_02F_05M;t2;0.2;52;8149.19;TRUE
LR1_2_10_t1_40R_40V_04F_05M;t1;0.2;52;7644.17;TRUE
LR2_2_6_t2_40R_40V_04F_05M;t2;0.2;52;8034.45;TRUE
LR1_2_6_t1_60R_60V_02F_05M;t1;0.2;52;10300.77;TRUE
LR2_2_6_t2_60R_60V_02F_05M;t2;0.2;52;10486.71;TRUE
LR1_2_9_t1_60R_60V_04F_05M;t1;0.2;52;12513.72;TRUE
LR2_2_7_t2_60R_60V_04F_05M;t2;0.2;52;10775.82;TRUE
lr107_t1_08R_08V_02F_03M;t1;0.2;59;843.14;TRUE
lr210_t2_08R_08V_02F_03M;t2;0.2;59;719.78;TRUE
lr106_t1_08R_08V_04F_03M;t1;0.2;59;1010.71;TRUE
lr209_t2_08R_08V_04F_03M;t2;0.2;59;838.87;TRUE
lr109_t1_12R_12V_02F_03M;t1;0.2;59;1008.76;TRUE
lr207_t2_12R_12V_02F_03M;t2;0.2;59;1119;TRUE
lr106_t1_12R_12V_04F_03M;t1;0.2;59;1412.38;TRUE
lr209_t2_12R_12V_04F_03M;t2;0.2;59;1199.23;TRUE
LR1_2_6_t1_40R_40V_02F_05M;t1;0.2;59;7959.42;TRUE
LR2_2_9_t2_40R_40V_02F_05M;t2;0.2;59;8216.53;TRUE
LR1_2_10_t1_40R_40V_04F_05M;t1;0.2;59;7543.13;TRUE
LR2_2_6_t2_40R_40V_04F_05M;t2;0.2;59;8064.19;TRUE
LR1_2_6_t1_60R_60V_02F_05M;t1;0.2;59;10079.93;TRUE
LR2_2_6_t2_60R_60V_02F_05M;t2;0.2;59;10726.14;TRUE
LR1_2_9_t1_60R_60V_04F_05M;t1;0.2;59;12673.29;TRUE
LR2_2_7_t2_60R_60V_04F_05M;t2;0.2;59;10775.82;TRUE
lr107_t1_08R_08V_02F_03M;t1;0.2;66;843.14;TRUE
lr210_t2_08R_08V_02F_03M;t2;0.2;66;706.87;TRUE
lr106_t1_08R_08V_04F_03M;t1;0.2;66;1010.71;TRUE
lr209_t2_08R_08V_04F_03M;t2;0.2;66;838.87;TRUE
lr109_t1_12R_12V_02F_03M;t1;0.2;66;1006.16;TRUE
lr207_t2_12R_12V_02F_03M;t2;0.2;66;1103.91;TRUE
lr106_t1_12R_12V_04F_03M;t1;0.2;66;1416.45;TRUE
lr209_t2_12R_12V_04F_03M;t2;0.2;66;1201.89;TRUE
LR1_2_6_t1_40R_40V_02F_05M;t1;0.2;66;7877.85;TRUE
LR2_2_9_t2_40R_40V_02F_05M;t2;0.2;66;8319.24;TRUE
LR1_2_10_t1_40R_40V_04F_05M;t1;0.2;66;7499.8;TRUE
LR2_2_6_t2_40R_40V_04F_05M;t2;0.2;66;8042.89;TRUE
LR1_2_6_t1_60R_60V_02F_05M;t1;0.2;66;9959.24;TRUE
LR2_2_6_t2_60R_60V_02F_05M;t2;0.2;66;10752.22;TRUE
LR1_2_9_t1_60R_60V_04F_05M;t1;0.2;66;12412.17;TRUE
LR2_2_7_t2_60R_60V_04F_05M;t2;0.2;66;10775.82;TRUE
lr107_t1_08R_08V_02F_03M;t1;0.2;73;843.14;TRUE
lr210_t2_08R_08V_02F_03M;t2;0.2;73;706.87;TRUE
lr106_t1_08R_08V_04F_03M;t1;0.2;73;1010.71;TRUE
lr209_t2_08R_08V_04F_03M;t2;0.2;73;838.87;TRUE
lr109_t1_12R_12V_02F_03M;t1;0.2;73;1008.76;TRUE
lr207_t2_12R_12V_02F_03M;t2;0.2;73;1110.17;TRUE
lr106_t1_12R_12V_04F_03M;t1;0.2;73;1416.31;TRUE
lr209_t2_12R_12V_04F_03M;t2;0.2;73;1221.83;TRUE
LR1_2_6_t1_40R_40V_02F_05M;t1;0.2;73;7870.08;TRUE
LR2_2_9_t2_40R_40V_02F_05M;t2;0.2;73;8226.47;TRUE
LR1_2_10_t1_40R_40V_04F_05M;t1;0.2;73;7642.39;TRUE
LR2_2_6_t2_40R_40V_04F_05M;t2;0.2;73;8094.63;TRUE
LR1_2_6_t1_60R_60V_02F_05M;t1;0.2;73;10267.69;TRUE
LR2_2_6_t2_60R_60V_02F_05M;t2;0.2;73;10853.18;TRUE
LR1_2_9_t1_60R_60V_04F_05M;t1;0.2;73;12282.84;TRUE
LR2_2_7_t2_60R_60V_04F_05M;t2;0.2;73;10775.82;TRUE
lr107_t1_08R_08V_02F_03M;t1;0.2;80;843.14;TRUE
lr210_t2_08R_08V_02F_03M;t2;0.2;80;706.87;TRUE
lr106_t1_08R_08V_04F_03M;t1;0.2;80;1010.71;TRUE
lr209_t2_08R_08V_04F_03M;t2;0.2;80;838.87;TRUE
lr109_t1_12R_12V_02F_03M;t1;0.2;80;1008.76;TRUE
lr207_t2_12R_12V_02F_03M;t2;0.2;80;1124.38;TRUE
lr106_t1_12R_12V_04F_03M;t1;0.2;80;1417.83;TRUE
lr209_t2_12R_12V_04F_03M;t2;0.2;80;1202.08;TRUE
LR1_2_6_t1_40R_40V_02F_05M;t1;0.2;80;7959.42;TRUE
LR2_2_9_t2_40R_40V_02F_05M;t2;0.2;80;8005.49;TRUE
LR1_2_10_t1_40R_40V_04F_05M;t1;0.2;80;7483.51;TRUE
LR2_2_6_t2_40R_40V_04F_05M;t2;0.2;80;8100.75;TRUE
LR1_2_6_t1_60R_60V_02F_05M;t1;0.2;80;10173.14;TRUE
LR2_2_6_t2_60R_60V_02F_05M;t2;0.2;80;10588.99;TRUE
LR1_2_9_t1_60R_60V_04F_05M;t1;0.2;80;12191.49;TRUE
LR2_2_7_t2_60R_60V_04F_05M;t2;0.2;80;10729.24;TRUE
lr107_t1_08R_08V_02F_03M;t1;0.2;87;843.14;TRUE
lr210_t2_08R_08V_02F_03M;t2;0.2;87;711.29;TRUE
lr106_t1_08R_08V_04F_03M;t1;0.2;87;1010.71;TRUE
lr209_t2_08R_08V_04F_03M;t2;0.2;87;838.87;TRUE
lr109_t1_12R_12V_02F_03M;t1;0.2;87;1006.78;TRUE
lr207_t2_12R_12V_02F_03M;t2;0.2;87;1113.85;TRUE
lr106_t1_12R_12V_04F_03M;t1;0.2;87;1415.74;TRUE
lr209_t2_12R_12V_04F_03M;t2;0.2;87;1211.05;TRUE
LR1_2_6_t1_40R_40V_02F_05M;t1;0.2;87;7943.69;TRUE
LR2_2_9_t2_40R_40V_02F_05M;t2;0.2;87;8322.4;TRUE
LR1_2_10_t1_40R_40V_04F_05M;t1;0.2;87;7475.79;TRUE
LR2_2_6_t2_40R_40V_04F_05M;t2;0.2;87;7926.92;TRUE
LR1_2_6_t1_60R_60V_02F_05M;t1;0.2;87;10157.23;TRUE
LR2_2_6_t2_60R_60V_02F_05M;t2;0.2;87;11006.16;TRUE
LR1_2_9_t1_60R_60V_04F_05M;t1;0.2;87;12615.44;TRUE
LR2_2_7_t2_60R_60V_04F_05M;t2;0.2;87;10736.21;TRUE
lr107_t1_08R_08V_02F_03M;t1;0.05;94;843.14;TRUE
lr210_t2_08R_08V_02F_03M;t2;0.05;94;706.87;TRUE
lr106_t1_08R_08V_04F_03M;t1;0.05;94;1011.96;TRUE
lr209_t2_08R_08V_04F_03M;t2;0.05;94;838.87;TRUE
lr109_t1_12R_12V_02F_03M;t1;0.05;94;1006.78;TRUE
lr207_t2_12R_12V_02F_03M;t2;0.05;94;1088.63;TRUE
lr106_t1_12R_12V_04F_03M;t1;0.05;94;1416.45;TRUE
lr209_t2_12R_12V_04F_03M;t2;0.05;94;1183.17;TRUE
LR1_2_6_t1_40R_40V_02F_05M;t1;0.05;94;7788.64;TRUE
LR2_2_9_t2_40R_40V_02F_05M;t2;0.05;94;8155.74;TRUE
LR1_2_10_t1_40R_40V_04F_05M;t1;0.05;94;7450.89;TRUE
LR2_2_6_t2_40R_40V_04F_05M;t2;0.05;94;7863.62;TRUE
LR1_2_6_t1_60R_60V_02F_05M;t1;0.05;94;10192.62;TRUE
LR2_2_6_t2_60R_60V_02F_05M;t2;0.05;94;10313.06;TRUE
LR1_2_9_t1_60R_60V_04F_05M;t1;0.05;94;12482.63;TRUE
LR2_2_7_t2_60R_60V_04F_05M;t2;0.05;94;10395.92;TRUE
lr107_t1_08R_08V_02F_03M;t1;0.05;101;843.14;TRUE
lr210_t2_08R_08V_02F_03M;t2;0.05;101;706.87;TRUE
lr106_t1_08R_08V_04F_03M;t1;0.05;101;1011.96;TRUE
lr209_t2_08R_08V_04F_03M;t2;0.05;101;838.87;TRUE
lr109_t1_12R_12V_02F_03M;t1;0.05;101;1006.78;TRUE
lr207_t2_12R_12V_02F_03M;t2;0.05;101;1099.16;TRUE
lr106_t1_12R_12V_04F_03M;t1;0.05;101;1412.38;TRUE
lr209_t2_12R_12V_04F_03M;t2;0.05;101;1199.12;TRUE
LR1_2_6_t1_40R_40V_02F_05M;t1;0.05;101;7925.66;TRUE
LR2_2_9_t2_40R_40V_02F_05M;t2;0.05;101;8075.95;TRUE
LR1_2_10_t1_40R_40V_04F_05M;t1;0.05;101;7500.16;TRUE
LR2_2_6_t2_40R_40V_04F_05M;t2;0.05;101;7865.63;TRUE
LR1_2_6_t1_60R_60V_02F_05M;t1;0.05;101;10022.06;TRUE
LR2_2_6_t2_60R_60V_02F_05M;t2;0.05;101;10393.25;TRUE
LR1_2_9_t1_60R_60V_04F_05M;t1;0.05;101;12213.33;TRUE
LR2_2_7_t2_60R_60V_04F_05M;t2;0.05;101;10529.5;TRUE
lr107_t1_08R_08V_02F_03M;t1;0.05;108;843.14;TRUE
lr210_t2_08R_08V_02F_03M;t2;0.05;108;706.87;TRUE
lr106_t1_08R_08V_04F_03M;t1;0.05;108;1011.96;TRUE
lr209_t2_08R_08V_04F_03M;t2;0.05;108;838.87;TRUE
lr109_t1_12R_12V_02F_03M;t1;0.05;108;1008.76;TRUE
lr207_t2_12R_12V_02F_03M;t2;0.05;108;1077.37;TRUE
lr106_t1_12R_12V_04F_03M;t1;0.05;108;1415.74;TRUE
lr209_t2_12R_12V_04F_03M;t2;0.05;108;1167.51;TRUE
LR1_2_6_t1_40R_40V_02F_05M;t1;0.05;108;7682.95;TRUE
LR2_2_9_t2_40R_40V_02F_05M;t2;0.05;108;7991.9;TRUE
LR1_2_10_t1_40R_40V_04F_05M;t1;0.05;108;7327.39;TRUE
LR2_2_6_t2_40R_40V_04F_05M;t2;0.05;108;7928.44;TRUE
LR1_2_6_t1_60R_60V_02F_05M;t1;0.05;108;9754.05;TRUE
LR2_2_6_t2_60R_60V_02F_05M;t2;0.05;108;10461.29;TRUE
LR1_2_9_t1_60R_60V_04F_05M;t1;0.05;108;12512.89;TRUE
LR2_2_7_t2_60R_60V_04F_05M;t2;0.05;108;10579.51;TRUE
lr107_t1_08R_08V_02F_03M;t1;0.05;115;843.14;TRUE
lr210_t2_08R_08V_02F_03M;t2;0.05;115;706.87;TRUE
lr106_t1_08R_08V_04F_03M;t1;0.05;115;1011.96;TRUE
lr209_t2_08R_08V_04F_03M;t2;0.05;115;838.87;TRUE
lr109_t1_12R_12V_02F_03M;t1;0.05;115;1006.78;TRUE
lr207_t2_12R_12V_02F_03M;t2;0.05;115;1049.42;TRUE
lr106_t1_12R_12V_04F_03M;t1;0.05;115;1416.45;TRUE
lr209_t2_12R_12V_04F_03M;t2;0.05;115;1157.73;TRUE
LR1_2_6_t1_40R_40V_02F_05M;t1;0.05;115;7702.69;TRUE
LR2_2_9_t2_40R_40V_02F_05M;t2;0.05;115;8118.43;TRUE
LR1_2_10_t1_40R_40V_04F_05M;t1;0.05;115;7502.37;TRUE
LR2_2_6_t2_40R_40V_04F_05M;t2;0.05;115;7854.31;TRUE
LR1_2_6_t1_60R_60V_02F_05M;t1;0.05;115;10021.31;TRUE
LR2_2_6_t2_60R_60V_02F_05M;t2;0.05;115;10252.15;TRUE
LR1_2_9_t1_60R_60V_04F_05M;t1;0.05;115;12153.8;TRUE
LR2_2_7_t2_60R_60V_04F_05M;t2;0.05;115;10453.02;TRUE
lr107_t1_08R_08V_02F_03M;t1;0.05;122;843.14;TRUE
lr210_t2_08R_08V_02F_03M;t2;0.05;122;706.87;TRUE
lr106_t1_08R_08V_04F_03M;t1;0.05;122;1011.96;TRUE
lr209_t2_08R_08V_04F_03M;t2;0.05;122;838.87;TRUE
lr109_t1_12R_12V_02F_03M;t1;0.05;122;1006.42;TRUE
lr207_t2_12R_12V_02F_03M;t2;0.05;122;1088.39;TRUE
lr106_t1_12R_12V_04F_03M;t1;0.05;122;1416.45;TRUE
lr209_t2_12R_12V_04F_03M;t2;0.05;122;1170.31;TRUE
LR1_2_6_t1_40R_40V_02F_05M;t1;0.05;122;7818.71;TRUE
LR2_2_9_t2_40R_40V_02F_05M;t2;0.05;122;7876.24;TRUE
LR1_2_10_t1_40R_40V_04F_05M;t1;0.05;122;7455.8;TRUE
LR2_2_6_t2_40R_40V_04F_05M;t2;0.05;122;7790.06;TRUE
LR1_2_6_t1_60R_60V_02F_05M;t1;0.05;122;9956.37;TRUE
LR2_2_6_t2_60R_60V_02F_05M;t2;0.05;122;10393.69;TRUE
LR1_2_9_t1_60R_60V_04F_05M;t1;0.05;122;12380.25;TRUE
LR2_2_7_t2_60R_60V_04F_05M;t2;0.05;122;10371;TRUE
lr107_t1_08R_08V_02F_03M;t1;0.05;129;843.14;TRUE
lr210_t2_08R_08V_02F_03M;t2;0.05;129;706.87;TRUE
lr106_t1_08R_08V_04F_03M;t1;0.05;129;1011.96;TRUE
lr209_t2_08R_08V_04F_03M;t2;0.05;129;838.87;TRUE
lr109_t1_12R_12V_02F_03M;t1;0.05;129;1006.42;TRUE
lr207_t2_12R_12V_02F_03M;t2;0.05;129;1102.05;TRUE
lr106_t1_12R_12V_04F_03M;t1;0.05;129;1416.45;TRUE
lr209_t2_12R_12V_04F_03M;t2;0.05;129;1137.18;TRUE
LR1_2_6_t1_40R_40V_02F_05M;t1;0.05;129;7738.28;TRUE
LR2_2_9_t2_40R_40V_02F_05M;t2;0.05;129;8139.17;TRUE
LR1_2_10_t1_40R_40V_04F_05M;t1;0.05;129;7298.98;TRUE
LR2_2_6_t2_40R_40V_04F_05M;t2;0.05;129;7782.88;TRUE
LR1_2_6_t1_60R_60V_02F_05M;t1;0.05;129;9984.41;TRUE
LR2_2_6_t2_60R_60V_02F_05M;t2;0.05;129;10063.88;TRUE
LR1_2_9_t1_60R_60V_04F_05M;t1;0.05;129;12238.17;TRUE
LR2_2_7_t2_60R_60V_04F_05M;t2;0.05;129;10550.72;TRUE
lr107_t1_08R_08V_02F_03M;t1;0.05;136;843.14;TRUE
lr210_t2_08R_08V_02F_03M;t2;0.05;136;706.87;TRUE
lr106_t1_08R_08V_04F_03M;t1;0.05;136;1011.96;TRUE
lr209_t2_08R_08V_04F_03M;t2;0.05;136;838.87;TRUE
lr109_t1_12R_12V_02F_03M;t1;0.05;136;1006.42;TRUE
lr207_t2_12R_12V_02F_03M;t2;0.05;136;1081.68;TRUE
lr106_t1_12R_12V_04F_03M;t1;0.05;136;1416.31;TRUE
lr209_t2_12R_12V_04F_03M;t2;0.05;136;1136.25;TRUE
LR1_2_6_t1_40R_40V_02F_05M;t1;0.05;136;7759.16;TRUE
LR2_2_9_t2_40R_40V_02F_05M;t2;0.05;136;8186.64;TRUE
LR1_2_10_t1_40R_40V_04F_05M;t1;0.05;136;7415.66;TRUE
LR2_2_6_t2_40R_40V_04F_05M;t2;0.05;136;7857.87;TRUE
LR1_2_6_t1_60R_60V_02F_05M;t1;0.05;136;9966.59;TRUE
LR2_2_6_t2_60R_60V_02F_05M;t2;0.05;136;9997.54;TRUE
LR1_2_9_t1_60R_60V_04F_05M;t1;0.05;136;12255.83;TRUE
LR2_2_7_t2_60R_60V_04F_05M;t2;0.05;136;10520.89;TRUE
lr107_t1_08R_08V_02F_03M;t1;0.05;143;843.14;TRUE
lr210_t2_08R_08V_02F_03M;t2;0.05;143;706.87;TRUE
lr106_t1_08R_08V_04F_03M;t1;0.05;143;1011.96;TRUE
lr209_t2_08R_08V_04F_03M;t2;0.05;143;838.87;TRUE
lr109_t1_12R_12V_02F_03M;t1;0.05;143;1006.42;TRUE
lr207_t2_12R_12V_02F_03M;t2;0.05;143;1100.97;TRUE
lr106_t1_12R_12V_04F_03M;t1;0.05;143;1417.26;TRUE
lr209_t2_12R_12V_04F_03M;t2;0.05;143;1136.25;TRUE
LR1_2_6_t1_40R_40V_02F_05M;t1;0.05;143;7762.44;TRUE
LR2_2_9_t2_40R_40V_02F_05M;t2;0.05;143;8065.13;TRUE
LR1_2_10_t1_40R_40V_04F_05M;t1;0.05;143;7579.19;TRUE
LR2_2_6_t2_40R_40V_04F_05M;t2;0.05;143;7893.6;TRUE
LR1_2_6_t1_60R_60V_02F_05M;t1;0.05;143;10020.24;TRUE
LR2_2_6_t2_60R_60V_02F_05M;t2;0.05;143;10190.42;TRUE
LR1_2_9_t1_60R_60V_04F_05M;t1;0.05;143;12321.48;TRUE
LR2_2_7_t2_60R_60V_04F_05M;t2;0.05;143;10437.1;TRUE
lr107_t1_08R_08V_02F_03M;t1;0.05;150;843.14;TRUE
lr210_t2_08R_08V_02F_03M;t2;0.05;150;706.87;TRUE
lr106_t1_08R_08V_04F_03M;t1;0.05;150;1011.96;TRUE
lr209_t2_08R_08V_04F_03M;t2;0.05;150;838.87;TRUE
lr109_t1_12R_12V_02F_03M;t1;0.05;150;1006.42;TRUE
lr207_t2_12R_12V_02F_03M;t2;0.05;150;1094.78;TRUE
lr106_t1_12R_12V_04F_03M;t1;0.05;150;1417.69;TRUE
lr209_t2_12R_12V_04F_03M;t2;0.05;150;1167.76;TRUE
LR1_2_6_t1_40R_40V_02F_05M;t1;0.05;150;7674.51;TRUE
LR2_2_9_t2_40R_40V_02F_05M;t2;0.05;150;8146.85;TRUE
LR1_2_10_t1_40R_40V_04F_05M;t1;0.05;150;7565.03;TRUE
LR2_2_6_t2_40R_40V_04F_05M;t2;0.05;150;7924.02;TRUE
LR1_2_6_t1_60R_60V_02F_05M;t1;0.05;150;9742;TRUE
LR2_2_6_t2_60R_60V_02F_05M;t2;0.05;150;10297.25;TRUE
LR1_2_9_t1_60R_60V_04F_05M;t1;0.05;150;12316.53;TRUE
LR2_2_7_t2_60R_60V_04F_05M;t2;0.05;150;10405.47;TRUE
lr107_t1_08R_08V_02F_03M;t1;0.05;157;843.14;TRUE
lr210_t2_08R_08V_02F_03M;t2;0.05;157;706.87;TRUE
lr106_t1_08R_08V_04F_03M;t1;0.05;157;1011.96;TRUE
lr209_t2_08R_08V_04F_03M;t2;0.05;157;838.87;TRUE
lr109_t1_12R_12V_02F_03M;t1;0.05;157;1006.78;TRUE
lr207_t2_12R_12V_02F_03M;t2;0.05;157;1092.28;TRUE
lr106_t1_12R_12V_04F_03M;t1;0.05;157;1411.26;TRUE
lr209_t2_12R_12V_04F_03M;t2;0.05;157;1134.47;TRUE
LR1_2_6_t1_40R_40V_02F_05M;t1;0.05;157;7785.57;TRUE
LR2_2_9_t2_40R_40V_02F_05M;t2;0.05;157;8222.03;TRUE
LR1_2_10_t1_40R_40V_04F_05M;t1;0.05;157;7391.56;TRUE
LR2_2_6_t2_40R_40V_04F_05M;t2;0.05;157;7848.87;TRUE
LR1_2_6_t1_60R_60V_02F_05M;t1;0.05;157;9688.94;TRUE
LR2_2_6_t2_60R_60V_02F_05M;t2;0.05;157;10404.13;TRUE
LR1_2_9_t1_60R_60V_04F_05M;t1;0.05;157;12369.92;TRUE
LR2_2_7_t2_60R_60V_04F_05M;t2;0.05;157;10640.46;TRUE
lr107_t1_08R_08V_02F_03M;t1;0.1;94;843.14;TRUE
lr210_t2_08R_08V_02F_03M;t2;0.1;94;711.29;TRUE
lr106_t1_08R_08V_04F_03M;t1;0.1;94;1010.71;TRUE
lr209_t2_08R_08V_04F_03M;t2;0.1;94;838.87;TRUE
lr109_t1_12R_12V_02F_03M;t1;0.1;94;1006.78;TRUE
lr207_t2_12R_12V_02F_03M;t2;0.1;94;1108.34;TRUE
lr106_t1_12R_12V_04F_03M;t1;0.1;94;1422.84;TRUE
lr209_t2_12R_12V_04F_03M;t2;0.1;94;1196.49;TRUE
LR1_2_6_t1_40R_40V_02F_05M;t1;0.1;94;7873.37;TRUE
LR2_2_9_t2_40R_40V_02F_05M;t2;0.1;94;8092.32;TRUE
LR1_2_10_t1_40R_40V_04F_05M;t1;0.1;94;7529.7;TRUE
LR2_2_6_t2_40R_40V_04F_05M;t2;0.1;94;7863.62;TRUE
LR1_2_6_t1_60R_60V_02F_05M;t1;0.1;94;10170.64;TRUE
LR2_2_6_t2_60R_60V_02F_05M;t2;0.1;94;10753.77;TRUE
LR1_2_9_t1_60R_60V_04F_05M;t1;0.1;94;12533;TRUE
LR2_2_7_t2_60R_60V_04F_05M;t2;0.1;94;10527.67;TRUE
lr107_t1_08R_08V_02F_03M;t1;0.1;101;843.14;TRUE
lr210_t2_08R_08V_02F_03M;t2;0.1;101;706.87;TRUE
lr106_t1_08R_08V_04F_03M;t1;0.1;101;1010.71;TRUE
lr209_t2_08R_08V_04F_03M;t2;0.1;101;838.87;TRUE
lr109_t1_12R_12V_02F_03M;t1;0.1;101;1006.42;TRUE
lr207_t2_12R_12V_02F_03M;t2;0.1;101;1088.65;TRUE
lr106_t1_12R_12V_04F_03M;t1;0.1;101;1415.74;TRUE
lr209_t2_12R_12V_04F_03M;t2;0.1;101;1198.32;TRUE
LR1_2_6_t1_40R_40V_02F_05M;t1;0.1;101;7781.99;TRUE
LR2_2_9_t2_40R_40V_02F_05M;t2;0.1;101;7948.67;TRUE
LR1_2_10_t1_40R_40V_04F_05M;t1;0.1;101;7472.4;TRUE
LR2_2_6_t2_40R_40V_04F_05M;t2;0.1;101;7978.14;TRUE
LR1_2_6_t1_60R_60V_02F_05M;t1;0.1;101;10047.32;TRUE
LR2_2_6_t2_60R_60V_02F_05M;t2;0.1;101;10903.88;TRUE
LR1_2_9_t1_60R_60V_04F_05M;t1;0.1;101;12611.75;TRUE
LR2_2_7_t2_60R_60V_04F_05M;t2;0.1;101;10642.14;TRUE
lr107_t1_08R_08V_02F_03M;t1;0.1;108;843.14;TRUE
lr210_t2_08R_08V_02F_03M;t2;0.1;108;706.87;TRUE
lr106_t1_08R_08V_04F_03M;t1;0.1;108;1010.71;TRUE
lr209_t2_08R_08V_04F_03M;t2;0.1;108;838.87;TRUE
lr109_t1_12R_12V_02F_03M;t1;0.1;108;1006.78;TRUE
lr207_t2_12R_12V_02F_03M;t2;0.1;108;1073.44;TRUE
lr106_t1_12R_12V_04F_03M;t1;0.1;108;1416.13;TRUE
lr209_t2_12R_12V_04F_03M;t2;0.1;108;1190.38;TRUE
LR1_2_6_t1_40R_40V_02F_05M;t1;0.1;108;7895.04;TRUE
LR2_2_9_t2_40R_40V_02F_05M;t2;0.1;108;8204.69;TRUE
LR1_2_10_t1_40R_40V_04F_05M;t1;0.1;108;7478.72;TRUE
LR2_2_6_t2_40R_40V_04F_05M;t2;0.1;108;7911.74;TRUE
LR1_2_6_t1_60R_60V_02F_05M;t1;0.1;108;10074.94;TRUE
LR2_2_6_t2_60R_60V_02F_05M;t2;0.1;108;10609.12;TRUE
LR1_2_9_t1_60R_60V_04F_05M;t1;0.1;108;12425.06;TRUE
LR2_2_7_t2_60R_60V_04F_05M;t2;0.1;108;10626.1;TRUE
lr107_t1_08R_08V_02F_03M;t1;0.1;115;843.14;TRUE
lr210_t2_08R_08V_02F_03M;t2;0.1;115;711.53;TRUE
lr106_t1_08R_08V_04F_03M;t1;0.1;115;1010.71;TRUE
lr209_t2_08R_08V_04F_03M;t2;0.1;115;838.87;TRUE
lr109_t1_12R_12V_02F_03M;t1;0.1;115;1006.78;TRUE
lr207_t2_12R_12V_02F_03M;t2;0.1;115;1104.12;TRUE
lr106_t1_12R_12V_04F_03M;t1;0.1;115;1415.74;TRUE
lr209_t2_12R_12V_04F_03M;t2;0.1;115;1169.22;TRUE
LR1_2_6_t1_40R_40V_02F_05M;t1;0.1;115;7464.96;TRUE
LR2_2_9_t2_40R_40V_02F_05M;t2;0.1;115;8220.73;TRUE
LR1_2_10_t1_40R_40V_04F_05M;t1;0.1;115;7471.76;TRUE
LR2_2_6_t2_40R_40V_04F_05M;t2;0.1;115;7995.95;TRUE
LR1_2_6_t1_60R_60V_02F_05M;t1;0.1;115;10043.77;TRUE
LR2_2_6_t2_60R_60V_02F_05M;t2;0.1;115;10601.03;TRUE
LR1_2_9_t1_60R_60V_04F_05M;t1;0.1;115;12097.07;TRUE
LR2_2_7_t2_60R_60V_04F_05M;t2;0.1;115;10607.48;TRUE
lr107_t1_08R_08V_02F_03M;t1;0.1;122;843.14;TRUE
lr210_t2_08R_08V_02F_03M;t2;0.1;122;719.78;TRUE
lr106_t1_08R_08V_04F_03M;t1;0.1;122;1010.71;TRUE
lr209_t2_08R_08V_04F_03M;t2;0.1;122;838.87;TRUE
lr109_t1_12R_12V_02F_03M;t1;0.1;122;1006.42;TRUE
lr207_t2_12R_12V_02F_03M;t2;0.1;122;1109.21;TRUE
lr106_t1_12R_12V_04F_03M;t1;0.1;122;1417.69;TRUE
lr209_t2_12R_12V_04F_03M;t2;0.1;122;1194.2;TRUE
LR1_2_6_t1_40R_40V_02F_05M;t1;0.1;122;7858;TRUE
LR2_2_9_t2_40R_40V_02F_05M;t2;0.1;122;8118.09;TRUE
LR1_2_10_t1_40R_40V_04F_05M;t1;0.1;122;7458.78;TRUE
LR2_2_6_t2_40R_40V_04F_05M;t2;0.1;122;7910.78;TRUE
LR1_2_6_t1_60R_60V_02F_05M;t1;0.1;122;9990.37;TRUE
LR2_2_6_t2_60R_60V_02F_05M;t2;0.1;122;10686.57;TRUE
LR1_2_9_t1_60R_60V_04F_05M;t1;0.1;122;12235.67;TRUE
LR2_2_7_t2_60R_60V_04F_05M;t2;0.1;122;10687.19;TRUE
lr107_t1_08R_08V_02F_03M;t1;0.1;129;843.14;TRUE
lr210_t2_08R_08V_02F_03M;t2;0.1;129;711.29;TRUE
lr106_t1_08R_08V_04F_03M;t1;0.1;129;1010.71;TRUE
lr209_t2_08R_08V_04F_03M;t2;0.1;129;838.87;TRUE
lr109_t1_12R_12V_02F_03M;t1;0.1;129;1006.42;TRUE
lr207_t2_12R_12V_02F_03M;t2;0.1;129;1116.65;TRUE
lr106_t1_12R_12V_04F_03M;t1;0.1;129;1417.42;TRUE
lr209_t2_12R_12V_04F_03M;t2;0.1;129;1190.38;TRUE
LR1_2_6_t1_40R_40V_02F_05M;t1;0.1;129;7857.95;TRUE
LR2_2_9_t2_40R_40V_02F_05M;t2;0.1;129;7873.93;TRUE
LR1_2_10_t1_40R_40V_04F_05M;t1;0.1;129;7338.94;TRUE
LR2_2_6_t2_40R_40V_04F_05M;t2;0.1;129;7945.86;TRUE
LR1_2_6_t1_60R_60V_02F_05M;t1;0.1;129;10007.6;TRUE
LR2_2_6_t2_60R_60V_02F_05M;t2;0.1;129;10525.59;TRUE
LR1_2_9_t1_60R_60V_04F_05M;t1;0.1;129;12285.7;TRUE
LR2_2_7_t2_60R_60V_04F_05M;t2;0.1;129;10535.06;TRUE
lr107_t1_08R_08V_02F_03M;t1;0.1;136;843.14;TRUE
lr210_t2_08R_08V_02F_03M;t2;0.1;136;711.29;TRUE
lr106_t1_08R_08V_04F_03M;t1;0.1;136;1010.71;TRUE
lr209_t2_08R_08V_04F_03M;t2;0.1;136;838.87;TRUE
lr109_t1_12R_12V_02F_03M;t1;0.1;136;1006.78;TRUE
lr207_t2_12R_12V_02F_03M;t2;0.1;136;1098.47;TRUE
lr106_t1_12R_12V_04F_03M;t1;0.1;136;1416.31;TRUE
lr209_t2_12R_12V_04F_03M;t2;0.1;136;1149.53;TRUE
LR1_2_6_t1_40R_40V_02F_05M;t1;0.1;136;7959.42;TRUE
LR2_2_9_t2_40R_40V_02F_05M;t2;0.1;136;8115.97;TRUE
LR1_2_10_t1_40R_40V_04F_05M;t1;0.1;136;7503.27;TRUE
LR2_2_6_t2_40R_40V_04F_05M;t2;0.1;136;7995.41;TRUE
LR1_2_6_t1_60R_60V_02F_05M;t1;0.1;136;10148.12;TRUE
LR2_2_6_t2_60R_60V_02F_05M;t2;0.1;136;10734.66;TRUE
LR1_2_9_t1_60R_60V_04F_05M;t1;0.1;136;12569.46;TRUE
LR2_2_7_t2_60R_60V_04F_05M;t2;0.1;136;10742.26;TRUE
lr107_t1_08R_08V_02F_03M;t1;0.1;143;843.14;TRUE
lr210_t2_08R_08V_02F_03M;t2;0.1;143;711.53;TRUE
lr106_t1_08R_08V_04F_03M;t1;0.1;143;1010.71;TRUE
lr209_t2_08R_08V_04F_03M;t2;0.1;143;838.87;TRUE
lr109_t1_12R_12V_02F_03M;t1;0.1;143;1006.78;TRUE
lr207_t2_12R_12V_02F_03M;t2;0.1;143;1092.87;TRUE
lr106_t1_12R_12V_04F_03M;t1;0.1;143;1414.77;TRUE
lr209_t2_12R_12V_04F_03M;t2;0.1;143;1161.61;TRUE
LR1_2_6_t1_40R_40V_02F_05M;t1;0.1;143;7648.82;TRUE
LR2_2_9_t2_40R_40V_02F_05M;t2;0.1;143;8340.07;TRUE
LR1_2_10_t1_40R_40V_04F_05M;t1;0.1;143;7476.05;TRUE
LR2_2_6_t2_40R_40V_04F_05M;t2;0.1;143;7977.67;TRUE
LR1_2_6_t1_60R_60V_02F_05M;t1;0.1;143;10026.17;TRUE
LR2_2_6_t2_60R_60V_02F_05M;t2;0.1;143;10760.36;TRUE
LR1_2_9_t1_60R_60V_04F_05M;t1;0.1;143;12189.39;TRUE
LR2_2_7_t2_60R_60V_04F_05M;t2;0.1;143;10672.48;TRUE
lr107_t1_08R_08V_02F_03M;t1;0.1;150;843.14;TRUE
lr210_t2_08R_08V_02F_03M;t2;0.1;150;706.87;TRUE
lr106_t1_08R_08V_04F_03M;t1;0.1;150;1010.71;TRUE
lr209_t2_08R_08V_04F_03M;t2;0.1;150;838.87;TRUE
lr109_t1_12R_12V_02F_03M;t1;0.1;150;1006.42;TRUE
lr207_t2_12R_12V_02F_03M;t2;0.1;150;1113.8;TRUE
lr106_t1_12R_12V_04F_03M;t1;0.1;150;1413.41;TRUE
lr209_t2_12R_12V_04F_03M;t2;0.1;150;1197.71;TRUE
LR1_2_6_t1_40R_40V_02F_05M;t1;0.1;150;7741.75;TRUE
LR2_2_9_t2_40R_40V_02F_05M;t2;0.1;150;7998.85;TRUE
LR1_2_10_t1_40R_40V_04F_05M;t1;0.1;150;7442.06;TRUE
LR2_2_6_t2_40R_40V_04F_05M;t2;0.1;150;7995.9;TRUE
LR1_2_6_t1_60R_60V_02F_05M;t1;0.1;150;10014.34;TRUE
LR2_2_6_t2_60R_60V_02F_05M;t2;0.1;150;10551;TRUE
LR1_2_9_t1_60R_60V_04F_05M;t1;0.1;150;12348.9;TRUE
LR2_2_7_t2_60R_60V_04F_05M;t2;0.1;150;10775.03;TRUE
lr107_t1_08R_08V_02F_03M;t1;0.1;157;843.14;TRUE
lr210_t2_08R_08V_02F_03M;t2;0.1;157;706.87;TRUE
lr106_t1_08R_08V_04F_03M;t1;0.1;157;1010.71;TRUE
lr209_t2_08R_08V_04F_03M;t2;0.1;157;838.87;TRUE
lr109_t1_12R_12V_02F_03M;t1;0.1;157;1006.78;TRUE
lr207_t2_12R_12V_02F_03M;t2;0.1;157;1077.91;TRUE
lr106_t1_12R_12V_04F_03M;t1;0.1;157;1416.13;TRUE
lr209_t2_12R_12V_04F_03M;t2;0.1;157;1134.47;TRUE
LR1_2_6_t1_40R_40V_02F_05M;t1;0.1;157;7772.22;TRUE
LR2_2_9_t2_40R_40V_02F_05M;t2;0.1;157;8145.48;TRUE
LR1_2_10_t1_40R_40V_04F_05M;t1;0.1;157;7492.72;TRUE
LR2_2_6_t2_40R_40V_04F_05M;t2;0.1;157;7955.92;TRUE
LR1_2_6_t1_60R_60V_02F_05M;t1;0.1;157;10140.91;TRUE
LR2_2_6_t2_60R_60V_02F_05M;t2;0.1;157;10789.92;TRUE
LR1_2_9_t1_60R_60V_04F_05M;t1;0.1;157;12276.49;TRUE
LR2_2_7_t2_60R_60V_04F_05M;t2;0.1;157;10775.82;TRUE
lr107_t1_08R_08V_02F_03M;t1;0.15;94;843.14;TRUE
lr210_t2_08R_08V_02F_03M;t2;0.15;94;719.78;TRUE
lr106_t1_08R_08V_04F_03M;t1;0.15;94;1010.71;TRUE
lr209_t2_08R_08V_04F_03M;t2;0.15;94;838.87;TRUE
lr109_t1_12R_12V_02F_03M;t1;0.15;94;1010.61;TRUE
lr207_t2_12R_12V_02F_03M;t2;0.15;94;1104.11;TRUE
lr106_t1_12R_12V_04F_03M;t1;0.15;94;1408.42;TRUE
lr209_t2_12R_12V_04F_03M;t2;0.15;94;1196.22;TRUE
LR1_2_6_t1_40R_40V_02F_05M;t1;0.15;94;7815.8;TRUE
LR2_2_9_t2_40R_40V_02F_05M;t2;0.15;94;8047.01;TRUE
LR1_2_10_t1_40R_40V_04F_05M;t1;0.15;94;7426.63;TRUE
LR2_2_6_t2_40R_40V_04F_05M;t2;0.15;94;8088.05;TRUE
LR1_2_6_t1_60R_60V_02F_05M;t1;0.15;94;9864.73;TRUE
LR2_2_6_t2_60R_60V_02F_05M;t2;0.15;94;10804.56;TRUE
LR1_2_9_t1_60R_60V_04F_05M;t1;0.15;94;12172.67;TRUE
LR2_2_7_t2_60R_60V_04F_05M;t2;0.15;94;10775.82;TRUE
lr107_t1_08R_08V_02F_03M;t1;0.15;101;843.14;TRUE
lr210_t2_08R_08V_02F_03M;t2;0.15;101;719.78;TRUE
lr106_t1_08R_08V_04F_03M;t1;0.15;101;1010.71;TRUE
lr209_t2_08R_08V_04F_03M;t2;0.15;101;838.87;TRUE
lr109_t1_12R_12V_02F_03M;t1;0.15;101;1006.42;TRUE
lr207_t2_12R_12V_02F_03M;t2;0.15;101;1122.28;TRUE
lr106_t1_12R_12V_04F_03M;t1;0.15;101;1416.13;TRUE
lr209_t2_12R_12V_04F_03M;t2;0.15;101;1199.02;TRUE
LR1_2_6_t1_40R_40V_02F_05M;t1;0.15;101;7850.13;TRUE
LR2_2_9_t2_40R_40V_02F_05M;t2;0.15;101;8344.38;TRUE
LR1_2_10_t1_40R_40V_04F_05M;t1;0.15;101;7528.7;TRUE
LR2_2_6_t2_40R_40V_04F_05M;t2;0.15;101;7997.7;TRUE
LR1_2_6_t1_60R_60V_02F_05M;t1;0.15;101;10282.41;TRUE
LR2_2_6_t2_60R_60V_02F_05M;t2;0.15;101;10661.65;TRUE
LR1_2_9_t1_60R_60V_04F_05M;t1;0.15;101;12599.47;TRUE
LR2_2_7_t2_60R_60V_04F_05M;t2;0.15;101;10690.35;TRUE
lr107_t1_08R_08V_02F_03M;t1;0.15;108;843.14;TRUE
lr210_t2_08R_08V_02F_03M;t2;0.15;108;706.87;TRUE
lr106_t1_08R_08V_04F_03M;t1;0.15;108;1010.71;TRUE
lr209_t2_08R_08V_04F_03M;t2;0.15;108;838.87;TRUE
lr109_t1_12R_12V_02F_03M;t1;0.15;108;1010.35;TRUE
lr207_t2_12R_12V_02F_03M;t2;0.15;108;1077.43;TRUE
lr106_t1_12R_12V_04F_03M;t1;0.15;108;1416.13;TRUE
lr209_t2_12R_12V_04F_03M;t2;0.15;108;1198;TRUE
LR1_2_6_t1_40R_40V_02F_05M;t1;0.15;108;7845.98;TRUE
LR2_2_9_t2_40R_40V_02F_05M;t2;0.15;108;8155.49;TRUE
LR1_2_10_t1_40R_40V_04F_05M;t1;0.15;108;7530.54;TRUE
LR2_2_6_t2_40R_40V_04F_05M;t2;0.15;108;8036.91;TRUE
LR1_2_6_t1_60R_60V_02F_05M;t1;0.15;108;10070.03;TRUE
LR2_2_6_t2_60R_60V_02F_05M;t2;0.15;108;10999.53;TRUE
LR1_2_9_t1_60R_60V_04F_05M;t1;0.15;108;12370.76;TRUE
LR2_2_7_t2_60R_60V_04F_05M;t2;0.15;108;10718.27;TRUE
lr107_t1_08R_08V_02F_03M;t1;0.15;115;843.14;TRUE
lr210_t2_08R_08V_02F_03M;t2;0.15;115;719.78;TRUE
lr106_t1_08R_08V_04F_03M;t1;0.15;115;1010.71;TRUE
lr209_t2_08R_08V_04F_03M;t2;0.15;115;838.87;TRUE
lr109_t1_12R_12V_02F_03M;t1;0.15;115;1008.76;TRUE
lr207_t2_12R_12V_02F_03M;t2;0.15;115;1130.83;TRUE
lr106_t1_12R_12V_04F_03M;t1;0.15;115;1416.13;TRUE
lr209_t2_12R_12V_04F_03M;t2;0.15;115;1192.85;TRUE
LR1_2_6_t1_40R_40V_02F_05M;t1;0.15;115;7770.95;TRUE
LR2_2_9_t2_40R_40V_02F_05M;t2;0.15;115;8358.4;TRUE
LR1_2_10_t1_40R_40V_04F_05M;t1;0.15;115;7502.21;TRUE
LR2_2_6_t2_40R_40V_04F_05M;t2;0.15;115;7990.14;TRUE
LR1_2_6_t1_60R_60V_02F_05M;t1;0.15;115;10084.05;TRUE
LR2_2_6_t2_60R_60V_02F_05M;t2;0.15;115;10871.2;TRUE
LR1_2_9_t1_60R_60V_04F_05M;t1;0.15;115;12392.66;TRUE
LR2_2_7_t2_60R_60V_04F_05M;t2;0.15;115;10775.82;TRUE
lr107_t1_08R_08V_02F_03M;t1;0.15;122;843.14;TRUE
lr210_t2_08R_08V_02F_03M;t2;0.15;122;719.78;TRUE
lr106_t1_08R_08V_04F_03M;t1;0.15;122;1010.71;TRUE
lr209_t2_08R_08V_04F_03M;t2;0.15;122;838.87;TRUE
lr109_t1_12R_12V_02F_03M;t1;0.15;122;1008.76;TRUE
lr207_t2_12R_12V_02F_03M;t2;0.15;122;1120.9;TRUE
lr106_t1_12R_12V_04F_03M;t1;0.15;122;1416.45;TRUE
lr209_t2_12R_12V_04F_03M;t2;0.15;122;1202.08;TRUE
LR1_2_6_t1_40R_40V_02F_05M;t1;0.15;122;7760.55;TRUE
LR2_2_9_t2_40R_40V_02F_05M;t2;0.15;122;8156.25;TRUE
LR1_2_10_t1_40R_40V_04F_05M;t1;0.15;122;7533.34;TRUE
LR2_2_6_t2_40R_40V_04F_05M;t2;0.15;122;7883.92;TRUE
LR1_2_6_t1_60R_60V_02F_05M;t1;0.15;122;10351.02;TRUE
LR2_2_6_t2_60R_60V_02F_05M;t2;0.15;122;11026.67;TRUE
LR1_2_9_t1_60R_60V_04F_05M;t1;0.15;122;12635.91;TRUE
LR2_2_7_t2_60R_60V_04F_05M;t2;0.15;122;10775.82;TRUE
lr107_t1_08R_08V_02F_03M;t1;0.15;129;843.14;TRUE
lr210_t2_08R_08V_02F_03M;t2;0.15;129;711.29;TRUE
lr106_t1_08R_08V_04F_03M;t1;0.15;129;1010.71;TRUE
lr209_t2_08R_08V_04F_03M;t2;0.15;129;838.87;TRUE
lr109_t1_12R_12V_02F_03M;t1;0.15;129;1006.78;TRUE
lr207_t2_12R_12V_02F_03M;t2;0.15;129;1102.5;TRUE
lr106_t1_12R_12V_04F_03M;t1;0.15;129;1417.42;TRUE
lr209_t2_12R_12V_04F_03M;t2;0.15;129;1209.98;TRUE
LR1_2_6_t1_40R_40V_02F_05M;t1;0.15;129;7929.33;TRUE
LR2_2_9_t2_40R_40V_02F_05M;t2;0.15;129;8123.15;TRUE
LR1_2_10_t1_40R_40V_04F_05M;t1;0.15;129;7492.18;TRUE
LR2_2_6_t2_40R_40V_04F_05M;t2;0.15;129;7969.29;TRUE
LR1_2_6_t1_60R_60V_02F_05M;t1;0.15;129;9935.22;TRUE
LR2_2_6_t2_60R_60V_02F_05M;t2;0.15;129;10338.21;TRUE
LR1_2_9_t1_60R_60V_04F_05M;t1;0.15;129;12487.93;TRUE
LR2_2_7_t2_60R_60V_04F_05M;t2;0.15;129;10775.82;TRUE
lr107_t1_08R_08V_02F_03M;t1;0.15;136;843.14;TRUE
lr210_t2_08R_08V_02F_03M;t2;0.15;136;711.29;TRUE
lr106_t1_08R_08V_04F_03M;t1;0.15;136;1010.71;TRUE
lr209_t2_08R_08V_04F_03M;t2;0.15;136;838.87;TRUE
lr109_t1_12R_12V_02F_03M;t1;0.15;136;1006.78;TRUE
lr207_t2_12R_12V_02F_03M;t2;0.15;136;1111.23;TRUE
lr106_t1_12R_12V_04F_03M;t1;0.15;136;1416.45;TRUE
lr209_t2_12R_12V_04F_03M;t2;0.15;136;1196.49;TRUE
LR1_2_6_t1_40R_40V_02F_05M;t1;0.15;136;7760.49;TRUE
LR2_2_9_t2_40R_40V_02F_05M;t2;0.15;136;8114.41;TRUE
LR1_2_10_t1_40R_40V_04F_05M;t1;0.15;136;7555.77;TRUE
LR2_2_6_t2_40R_40V_04F_05M;t2;0.15;136;8047.45;TRUE
LR1_2_6_t1_60R_60V_02F_05M;t1;0.15;136;10156.67;TRUE
LR2_2_6_t2_60R_60V_02F_05M;t2;0.15;136;10584.95;TRUE
LR1_2_9_t1_60R_60V_04F_05M;t1;0.15;136;12505.6;TRUE
LR2_2_7_t2_60R_60V_04F_05M;t2;0.15;136;10731.56;TRUE
lr107_t1_08R_08V_02F_03M;t1;0.15;143;843.14;TRUE
lr210_t2_08R_08V_02F_03M;t2;0.15;143;706.87;TRUE
lr106_t1_08R_08V_04F_03M;t1;0.15;143;1010.71;TRUE
lr209_t2_08R_08V_04F_03M;t2;0.15;143;838.87;TRUE
lr109_t1_12R_12V_02F_03M;t1;0.15;143;1008.76;TRUE
lr207_t2_12R_12V_02F_03M;t2;0.15;143;1126.39;TRUE
lr106_t1_12R_12V_04F_03M;t1;0.15;143;1417.93;TRUE
lr209_t2_12R_12V_04F_03M;t2;0.15;143;1183.08;TRUE
LR1_2_6_t1_40R_40V_02F_05M;t1;0.15;143;7800.03;TRUE
LR2_2_9_t2_40R_40V_02F_05M;t2;0.15;143;8238.65;TRUE
LR1_2_10_t1_40R_40V_04F_05M;t1;0.15;143;7584.46;TRUE
LR2_2_6_t2_40R_40V_04F_05M;t2;0.15;143;8066.46;TRUE
LR1_2_6_t1_60R_60V_02F_05M;t1;0.15;143;10066.16;TRUE
LR2_2_6_t2_60R_60V_02F_05M;t2;0.15;143;10585.1;TRUE
LR1_2_9_t1_60R_60V_04F_05M;t1;0.15;143;12481.89;TRUE
LR2_2_7_t2_60R_60V_04F_05M;t2;0.15;143;10760.61;TRUE
lr107_t1_08R_08V_02F_03M;t1;0.15;150;843.14;TRUE
lr210_t2_08R_08V_02F_03M;t2;0.15;150;706.87;TRUE
lr106_t1_08R_08V_04F_03M;t1;0.15;150;1010.71;TRUE
lr209_t2_08R_08V_04F_03M;t2;0.15;150;838.87;TRUE
lr109_t1_12R_12V_02F_03M;t1;0.15;150;1006.78;TRUE
lr207_t2_12R_12V_02F_03M;t2;0.15;150;1072.99;TRUE
lr106_t1_12R_12V_04F_03M;t1;0.15;150;1412.38;TRUE
lr209_t2_12R_12V_04F_03M;t2;0.15;150;1198.41;TRUE
LR1_2_6_t1_40R_40V_02F_05M;t1;0.15;150;7552.02;TRUE
LR2_2_9_t2_40R_40V_02F_05M;t2;0.15;150;8172.71;TRUE
LR1_2_10_t1_40R_40V_04F_05M;t1;0.15;150;7504.11;TRUE
LR2_2_6_t2_40R_40V_04F_05M;t2;0.15;150;8049.54;TRUE
LR1_2_6_t1_60R_60V_02F_05M;t1;0.15;150;10009.95;TRUE
LR2_2_6_t2_60R_60V_02F_05M;t2;0.15;150;10935.41;TRUE
LR1_2_9_t1_60R_60V_04F_05M;t1;0.15;150;12589.52;TRUE
LR2_2_7_t2_60R_60V_04F_05M;t2;0.15;150;10775.82;TRUE
lr107_t1_08R_08V_02F_03M;t1;0.15;157;843.14;TRUE
lr210_t2_08R_08V_02F_03M;t2;0.15;157;706.87;TRUE
lr106_t1_08R_08V_04F_03M;t1;0.15;157;1010.71;TRUE
lr209_t2_08R_08V_04F_03M;t2;0.15;157;838.87;TRUE
lr109_t1_12R_12V_02F_03M;t1;0.15;157;1006.78;TRUE
lr207_t2_12R_12V_02F_03M;t2;0.15;157;1112.63;TRUE
lr106_t1_12R_12V_04F_03M;t1;0.15;157;1417.83;TRUE
lr209_t2_12R_12V_04F_03M;t2;0.15;157;1196.49;TRUE
LR1_2_6_t1_40R_40V_02F_05M;t1;0.15;157;7914.71;TRUE
LR2_2_9_t2_40R_40V_02F_05M;t2;0.15;157;8313.66;TRUE
LR1_2_10_t1_40R_40V_04F_05M;t1;0.15;157;7498.73;TRUE
LR2_2_6_t2_40R_40V_04F_05M;t2;0.15;157;8131.77;TRUE
LR1_2_6_t1_60R_60V_02F_05M;t1;0.15;157;10002.5;TRUE
LR2_2_6_t2_60R_60V_02F_05M;t2;0.15;157;10981.38;TRUE
LR1_2_9_t1_60R_60V_04F_05M;t1;0.15;157;12617.87;TRUE
LR2_2_7_t2_60R_60V_04F_05M;t2;0.15;157;10775.82;TRUE
lr107_t1_08R_08V_02F_03M;t1;0.2;94;843.14;TRUE
lr210_t2_08R_08V_02F_03M;t2;0.2;94;706.87;TRUE
lr106_t1_08R_08V_04F_03M;t1;0.2;94;1010.71;TRUE
lr209_t2_08R_08V_04F_03M;t2;0.2;94;838.87;TRUE
lr109_t1_12R_12V_02F_03M;t1;0.2;94;1008.76;TRUE
lr207_t2_12R_12V_02F_03M;t2;0.2;94;1094.81;TRUE
lr106_t1_12R_12V_04F_03M;t1;0.2;94;1422.84;TRUE
lr209_t2_12R_12V_04F_03M;t2;0.2;94;1211.69;TRUE
LR1_2_6_t1_40R_40V_02F_05M;t1;0.2;94;7939.19;TRUE
LR2_2_9_t2_40R_40V_02F_05M;t2;0.2;94;7920.16;TRUE
LR1_2_10_t1_40R_40V_04F_05M;t1;0.2;94;7634.22;TRUE
LR2_2_6_t2_40R_40V_04F_05M;t2;0.2;94;7938.95;TRUE
LR1_2_6_t1_60R_60V_02F_05M;t1;0.2;94;10106.92;TRUE
LR2_2_6_t2_60R_60V_02F_05M;t2;0.2;94;10986.8;TRUE
LR1_2_9_t1_60R_60V_04F_05M;t1;0.2;94;12688.71;TRUE
LR2_2_7_t2_60R_60V_04F_05M;t2;0.2;94;10775.82;TRUE
lr107_t1_08R_08V_02F_03M;t1;0.2;101;843.14;TRUE
lr210_t2_08R_08V_02F_03M;t2;0.2;101;706.87;TRUE
lr106_t1_08R_08V_04F_03M;t1;0.2;101;1010.71;TRUE
lr209_t2_08R_08V_04F_03M;t2;0.2;101;838.87;TRUE
lr109_t1_12R_12V_02F_03M;t1;0.2;101;1006.42;TRUE
lr207_t2_12R_12V_02F_03M;t2;0.2;101;1105.26;TRUE
lr106_t1_12R_12V_04F_03M;t1;0.2;101;1415.74;TRUE
lr209_t2_12R_12V_04F_03M;t2;0.2;101;1199.02;TRUE
LR1_2_6_t1_40R_40V_02F_05M;t1;0.2;101;7633.26;TRUE
LR2_2_9_t2_40R_40V_02F_05M;t2;0.2;101;8344.38;TRUE
LR1_2_10_t1_40R_40V_04F_05M;t1;0.2;101;7495.64;TRUE
LR2_2_6_t2_40R_40V_04F_05M;t2;0.2;101;7939.8;TRUE
LR1_2_6_t1_60R_60V_02F_05M;t1;0.2;101;10190.17;TRUE
LR2_2_6_t2_60R_60V_02F_05M;t2;0.2;101;10661.65;TRUE
LR1_2_9_t1_60R_60V_04F_05M;t1;0.2;101;12598.47;TRUE
LR2_2_7_t2_60R_60V_04F_05M;t2;0.2;101;10775.82;TRUE
lr107_t1_08R_08V_02F_03M;t1;0.2;108;843.14;TRUE
lr210_t2_08R_08V_02F_03M;t2;0.2;108;711.29;TRUE
lr106_t1_08R_08V_04F_03M;t1;0.2;108;1010.71;TRUE
lr209_t2_08R_08V_04F_03M;t2;0.2;108;838.87;TRUE
lr109_t1_12R_12V_02F_03M;t1;0.2;108;1008.76;TRUE
lr207_t2_12R_12V_02F_03M;t2;0.2;108;1091.89;TRUE
lr106_t1_12R_12V_04F_03M;t1;0.2;108;1416.45;TRUE
lr209_t2_12R_12V_04F_03M;t2;0.2;108;1215.14;TRUE
LR1_2_6_t1_40R_40V_02F_05M;t1;0.2;108;7913.67;TRUE
LR2_2_9_t2_40R_40V_02F_05M;t2;0.2;108;8160.6;TRUE
LR1_2_10_t1_40R_40V_04F_05M;t1;0.2;108;7526.42;TRUE
LR2_2_6_t2_40R_40V_04F_05M;t2;0.2;108;8038.48;TRUE
LR1_2_6_t1_60R_60V_02F_05M;t1;0.2;108;10347.35;TRUE
LR2_2_6_t2_60R_60V_02F_05M;t2;0.2;108;10235.25;TRUE
LR1_2_9_t1_60R_60V_04F_05M;t1;0.2;108;12480.68;TRUE
LR2_2_7_t2_60R_60V_04F_05M;t2;0.2;108;10775.82;TRUE
lr107_t1_08R_08V_02F_03M;t1;0.2;115;843.14;TRUE
lr210_t2_08R_08V_02F_03M;t2;0.2;115;719.78;TRUE
lr106_t1_08R_08V_04F_03M;t1;0.2;115;1010.71;TRUE
lr209_t2_08R_08V_04F_03M;t2;0.2;115;838.87;TRUE
lr109_t1_12R_12V_02F_03M;t1;0.2;115;1006.42;TRUE
lr207_t2_12R_12V_02F_03M;t2;0.2;115;1106.27;TRUE
lr106_t1_12R_12V_04F_03M;t1;0.2;115;1416.45;TRUE
lr209_t2_12R_12V_04F_03M;t2;0.2;115;1192.85;TRUE
LR1_2_6_t1_40R_40V_02F_05M;t1;0.2;115;7940.82;TRUE
LR2_2_9_t2_40R_40V_02F_05M;t2;0.2;115;8041.91;TRUE
LR1_2_10_t1_40R_40V_04F_05M;t1;0.2;115;7633.59;TRUE
LR2_2_6_t2_40R_40V_04F_05M;t2;0.2;115;7990.14;TRUE
LR1_2_6_t1_60R_60V_02F_05M;t1;0.2;115;10223.9;TRUE
LR2_2_6_t2_60R_60V_02F_05M;t2;0.2;115;11030.73;TRUE
LR1_2_9_t1_60R_60V_04F_05M;t1;0.2;115;12501.46;TRUE
LR2_2_7_t2_60R_60V_04F_05M;t2;0.2;115;10651.71;TRUE
lr107_t1_08R_08V_02F_03M;t1;0.2;122;843.14;TRUE
lr210_t2_08R_08V_02F_03M;t2;0.2;122;706.87;TRUE
lr106_t1_08R_08V_04F_03M;t1;0.2;122;1010.71;TRUE
lr209_t2_08R_08V_04F_03M;t2;0.2;122;838.87;TRUE
lr109_t1_12R_12V_02F_03M;t1;0.2;122;1008.76;TRUE
lr207_t2_12R_12V_02F_03M;t2;0.2;122;1124.17;TRUE
lr106_t1_12R_12V_04F_03M;t1;0.2;122;1416.45;TRUE
lr209_t2_12R_12V_04F_03M;t2;0.2;122;1214.47;TRUE
LR1_2_6_t1_40R_40V_02F_05M;t1;0.2;122;7797.1;TRUE
LR2_2_9_t2_40R_40V_02F_05M;t2;0.2;122;8203.14;TRUE
LR1_2_10_t1_40R_40V_04F_05M;t1;0.2;122;7406.11;TRUE
LR2_2_6_t2_40R_40V_04F_05M;t2;0.2;122;7980.78;TRUE
LR1_2_6_t1_60R_60V_02F_05M;t1;0.2;122;10062.66;TRUE
LR2_2_6_t2_60R_60V_02F_05M;t2;0.2;122;10890.59;TRUE
LR1_2_9_t1_60R_60V_04F_05M;t1;0.2;122;12342.33;TRUE
LR2_2_7_t2_60R_60V_04F_05M;t2;0.2;122;10775.82;TRUE
lr107_t1_08R_08V_02F_03M;t1;0.2;129;843.14;TRUE
lr210_t2_08R_08V_02F_03M;t2;0.2;129;719.78;TRUE
lr106_t1_08R_08V_04F_03M;t1;0.2;129;1010.71;TRUE
lr209_t2_08R_08V_04F_03M;t2;0.2;129;838.87;TRUE
lr109_t1_12R_12V_02F_03M;t1;0.2;129;1008.76;TRUE
lr207_t2_12R_12V_02F_03M;t2;0.2;129;1102.5;TRUE
lr106_t1_12R_12V_04F_03M;t1;0.2;129;1416.31;TRUE
lr209_t2_12R_12V_04F_03M;t2;0.2;129;1203.68;TRUE
LR1_2_6_t1_40R_40V_02F_05M;t1;0.2;129;7959.42;TRUE
LR2_2_9_t2_40R_40V_02F_05M;t2;0.2;129;8123.15;TRUE
LR1_2_10_t1_40R_40V_04F_05M;t1;0.2;129;7481.82;TRUE
LR2_2_6_t2_40R_40V_04F_05M;t2;0.2;129;8045.95;TRUE
LR1_2_6_t1_60R_60V_02F_05M;t1;0.2;129;10096.82;TRUE
LR2_2_6_t2_60R_60V_02F_05M;t2;0.2;129;10336;TRUE
LR1_2_9_t1_60R_60V_04F_05M;t1;0.2;129;12395.26;TRUE
LR2_2_7_t2_60R_60V_04F_05M;t2;0.2;129;10775.82;TRUE
lr107_t1_08R_08V_02F_03M;t1;0.2;136;843.14;TRUE
lr210_t2_08R_08V_02F_03M;t2;0.2;136;706.87;TRUE
lr106_t1_08R_08V_04F_03M;t1;0.2;136;1010.71;TRUE
lr209_t2_08R_08V_04F_03M;t2;0.2;136;838.87;TRUE
lr109_t1_12R_12V_02F_03M;t1;0.2;136;1008.76;TRUE
lr207_t2_12R_12V_02F_03M;t2;0.2;136;1098.31;TRUE
lr106_t1_12R_12V_04F_03M;t1;0.2;136;1416.31;TRUE
lr209_t2_12R_12V_04F_03M;t2;0.2;136;1216.59;TRUE
LR1_2_6_t1_40R_40V_02F_05M;t1;0.2;136;7959.42;TRUE
LR2_2_9_t2_40R_40V_02F_05M;t2;0.2;136;8165.34;TRUE
LR1_2_10_t1_40R_40V_04F_05M;t1;0.2;136;7426.96;TRUE
LR2_2_6_t2_40R_40V_04F_05M;t2;0.2;136;8047.45;TRUE
LR1_2_6_t1_60R_60V_02F_05M;t1;0.2;136;10224.57;TRUE
LR2_2_6_t2_60R_60V_02F_05M;t2;0.2;136;10731.61;TRUE
LR1_2_9_t1_60R_60V_04F_05M;t1;0.2;136;12397.03;TRUE
LR2_2_7_t2_60R_60V_04F_05M;t2;0.2;136;10775.82;TRUE
lr107_t1_08R_08V_02F_03M;t1;0.2;143;843.14;TRUE
lr210_t2_08R_08V_02F_03M;t2;0.2;143;706.87;TRUE
lr106_t1_08R_08V_04F_03M;t1;0.2;143;1010.71;TRUE
lr209_t2_08R_08V_04F_03M;t2;0.2;143;838.87;TRUE
lr109_t1_12R_12V_02F_03M;t1;0.2;143;1008.76;TRUE
lr207_t2_12R_12V_02F_03M;t2;0.2;143;1091.46;TRUE
lr106_t1_12R_12V_04F_03M;t1;0.2;143;1416.45;TRUE
lr209_t2_12R_12V_04F_03M;t2;0.2;143;1204.02;TRUE
LR1_2_6_t1_40R_40V_02F_05M;t1;0.2;143;7795.04;TRUE
LR2_2_9_t2_40R_40V_02F_05M;t2;0.2;143;8395.25;TRUE
LR1_2_10_t1_40R_40V_04F_05M;t1;0.2;143;7514.89;TRUE
LR2_2_6_t2_40R_40V_04F_05M;t2;0.2;143;8066.46;TRUE
LR1_2_6_t1_60R_60V_02F_05M;t1;0.2;143;10332.62;TRUE
LR2_2_6_t2_60R_60V_02F_05M;t2;0.2;143;10788.54;TRUE
LR1_2_9_t1_60R_60V_04F_05M;t1;0.2;143;12312.59;TRUE
LR2_2_7_t2_60R_60V_04F_05M;t2;0.2;143;10775.82;TRUE
lr107_t1_08R_08V_02F_03M;t1;0.2;150;843.14;TRUE
lr210_t2_08R_08V_02F_03M;t2;0.2;150;706.87;TRUE
lr106_t1_08R_08V_04F_03M;t1;0.2;150;1010.71;TRUE
lr209_t2_08R_08V_04F_03M;t2;0.2;150;838.87;TRUE
lr109_t1_12R_12V_02F_03M;t1;0.2;150;1006.78;TRUE
lr207_t2_12R_12V_02F_03M;t2;0.2;150;1133.1;TRUE
lr106_t1_12R_12V_04F_03M;t1;0.2;150;1416.31;TRUE
lr209_t2_12R_12V_04F_03M;t2;0.2;150;1198.41;TRUE
LR1_2_6_t1_40R_40V_02F_05M;t1;0.2;150;7804.95;TRUE
LR2_2_9_t2_40R_40V_02F_05M;t2;0.2;150;8172.71;TRUE
LR1_2_10_t1_40R_40V_04F_05M;t1;0.2;150;7612.88;TRUE
LR2_2_6_t2_40R_40V_04F_05M;t2;0.2;150;8064.46;TRUE
LR1_2_6_t1_60R_60V_02F_05M;t1;0.2;150;10307.81;TRUE
LR2_2_6_t2_60R_60V_02F_05M;t2;0.2;150;11081.62;TRUE
LR1_2_9_t1_60R_60V_04F_05M;t1;0.2;150;12449.65;TRUE
LR2_2_7_t2_60R_60V_04F_05M;t2;0.2;150;10775.82;TRUE
lr107_t1_08R_08V_02F_03M;t1;0.2;157;843.14;TRUE
lr210_t2_08R_08V_02F_03M;t2;0.2;157;706.87;TRUE
lr106_t1_08R_08V_04F_03M;t1;0.2;157;1010.71;TRUE
lr209_t2_08R_08V_04F_03M;t2;0.2;157;838.87;TRUE
lr109_t1_12R_12V_02F_03M;t1;0.2;157;1010.61;TRUE
lr207_t2_12R_12V_02F_03M;t2;0.2;157;1089.25;TRUE
lr106_t1_12R_12V_04F_03M;t1;0.2;157;1412.38;TRUE
lr209_t2_12R_12V_04F_03M;t2;0.2;157;1196.49;TRUE
LR1_2_6_t1_40R_40V_02F_05M;t1;0.2;157;7882.95;TRUE
LR2_2_9_t2_40R_40V_02F_05M;t2;0.2;157;8395.73;TRUE
LR1_2_10_t1_40R_40V_04F_05M;t1;0.2;157;7546.19;TRUE
LR2_2_6_t2_40R_40V_04F_05M;t2;0.2;157;8071.73;TRUE
LR1_2_6_t1_60R_60V_02F_05M;t1;0.2;157;10243.55;TRUE
LR2_2_6_t2_60R_60V_02F_05M;t2;0.2;157;10599.44;TRUE
LR1_2_9_t1_60R_60V_04F_05M;t1;0.2;157;11810.08;TRUE
LR2_2_7_t2_60R_60V_04F_05M;t2;0.2;157;10775.82;TRUE
