full_name;type;alpha;seed;value;feasible
lr106_t1_08R_08V_02I_04M;t1;0.05;24;602.78;TRUE
lr208_t2_08R_08V_02I_04M;t2;0.05;24;548.99;TRUE
lr109_t1_08R_08V_04I_04M;t1;0.05;24;555.44;TRUE
lr208_t2_08R_08V_04I_04M;t2;0.05;24;621.81;TRUE
lr110_t1_12R_12V_02I_04M;t1;0.05;24;971.55;TRUE
lr207_t2_12R_12V_02I_04M;t2;0.05;24;866.72;TRUE
lr108_t1_12R_12V_04I_04M;t1;0.05;24;833.35;TRUE
lr207_t2_12R_12V_04I_04M;t2;0.05;24;843.34;TRUE
LR1_2_8_t1_40R_40V_02I_06M;t1;0.05;24;3741.15;TRUE
LR2_2_10_t2_40R_40V_02I_06M;t2;0.05;24;6336.14;TRUE
LR1_2_8_t1_40R_40V_04I_06M;t1;0.05;24;3211.62;TRUE
LR2_2_6_t2_40R_40V_04I_06M;t2;0.05;24;6097.58;TRUE
LR1_2_9_t1_60R_60V_02I_06M;t1;0.05;24;6636.07;TRUE
LR2_2_10_t2_60R_60V_02I_06M;t2;0.05;24;10426.48;TRUE
LR1_2_9_t1_60R_60V_04I_06M;t1;0.05;24;6996.9;TRUE
LR2_2_8_t2_60R_60V_04I_06M;t2;0.05;24;7018.97;TRUE
lr106_t1_08R_08V_02I_04M;t1;0.05;31;602.78;TRUE
lr208_t2_08R_08V_02I_04M;t2;0.05;31;558.49;TRUE
lr109_t1_08R_08V_04I_04M;t1;0.05;31;555.44;TRUE
lr208_t2_08R_08V_04I_04M;t2;0.05;31;620.7;TRUE
lr110_t1_12R_12V_02I_04M;t1;0.05;31;971.55;TRUE
lr207_t2_12R_12V_02I_04M;t2;0.05;31;868.53;TRUE
lr108_t1_12R_12V_04I_04M;t1;0.05;31;833.35;TRUE
lr207_t2_12R_12V_04I_04M;t2;0.05;31;868.34;TRUE
LR1_2_8_t1_40R_40V_02I_06M;t1;0.05;31;3726.96;TRUE
LR2_2_10_t2_40R_40V_02I_06M;t2;0.05;31;6174.49;TRUE
LR1_2_8_t1_40R_40V_04I_06M;t1;0.05;31;3364.25;TRUE
LR2_2_6_t2_40R_40V_04I_06M;t2;0.05;31;6050.47;TRUE
LR1_2_9_t1_60R_60V_02I_06M;t1;0.05;31;6584.97;TRUE
LR2_2_10_t2_60R_60V_02I_06M;t2;0.05;31;10373.48;TRUE
LR1_2_9_t1_60R_60V_04I_06M;t1;0.05;31;6932.96;TRUE
LR2_2_8_t2_60R_60V_04I_06M;t2;0.05;31;6844.64;TRUE
lr106_t1_08R_08V_02I_04M;t1;0.05;38;602.78;TRUE
lr208_t2_08R_08V_02I_04M;t2;0.05;38;554.22;TRUE
lr109_t1_08R_08V_04I_04M;t1;0.05;38;555.44;TRUE
lr208_t2_08R_08V_04I_04M;t2;0.05;38;622.92;TRUE
lr110_t1_12R_12V_02I_04M;t1;0.05;38;971.55;TRUE
lr207_t2_12R_12V_02I_04M;t2;0.05;38;864.38;TRUE
lr108_t1_12R_12V_04I_04M;t1;0.05;38;833.35;TRUE
lr207_t2_12R_12V_04I_04M;t2;0.05;38;835.03;TRUE
LR1_2_8_t1_40R_40V_02I_06M;t1;0.05;38;3736.02;TRUE
LR2_2_10_t2_40R_40V_02I_06M;t2;0.05;38;6159.33;TRUE
LR1_2_8_t1_40R_40V_04I_06M;t1;0.05;38;3265.15;TRUE
LR2_2_6_t2_40R_40V_04I_06M;t2;0.05;38;6065.43;TRUE
LR1_2_9_t1_60R_60V_02I_06M;t1;0.05;38;6336.88;TRUE
LR2_2_10_t2_60R_60V_02I_06M;t2;0.05;38;9847.67;TRUE
LR1_2_9_t1_60R_60V_04I_06M;t1;0.05;38;7033.88;TRUE
LR2_2_8_t2_60R_60V_04I_06M;t2;0.05;38;7026.63;TRUE
lr106_t1_08R_08V_02I_04M;t1;0.05;45;602.78;TRUE
lr208_t2_08R_08V_02I_04M;t2;0.05;45;561.95;TRUE
lr109_t1_08R_08V_04I_04M;t1;0.05;45;555.44;TRUE
lr208_t2_08R_08V_04I_04M;t2;0.05;45;619.57;TRUE
lr110_t1_12R_12V_02I_04M;t1;0.05;45;971.55;TRUE
lr207_t2_12R_12V_02I_04M;t2;0.05;45;867.01;TRUE
lr108_t1_12R_12V_04I_04M;t1;0.05;45;833.35;TRUE
lr207_t2_12R_12V_04I_04M;t2;0.05;45;844.39;TRUE
LR1_2_8_t1_40R_40V_02I_06M;t1;0.05;45;3700.1;TRUE
LR2_2_10_t2_40R_40V_02I_06M;t2;0.05;45;6129.69;TRUE
LR1_2_8_t1_40R_40V_04I_06M;t1;0.05;45;3255.12;TRUE
LR2_2_6_t2_40R_40V_04I_06M;t2;0.05;45;6014.78;TRUE
LR1_2_9_t1_60R_60V_02I_06M;t1;0.05;45;6590.29;TRUE
LR2_2_10_t2_60R_60V_02I_06M;t2;0.05;45;10556.9;TRUE
LR1_2_9_t1_60R_60V_04I_06M;t1;0.05;45;7061.46;TRUE
LR2_2_8_t2_60R_60V_04I_06M;t2;0.05;45;6945.05;TRUE
lr106_t1_08R_08V_02I_04M;t1;0.05;52;602.78;TRUE
lr208_t2_08R_08V_02I_04M;t2;0.05;52;555.41;TRUE
lr109_t1_08R_08V_04I_04M;t1;0.05;52;555.44;TRUE
lr208_t2_08R_08V_04I_04M;t2;0.05;52;619.27;TRUE
lr110_t1_12R_12V_02I_04M;t1;0.05;52;971.55;TRUE
lr207_t2_12R_12V_02I_04M;t2;0.05;52;866.82;TRUE
lr108_t1_12R_12V_04I_04M;t1;0.05;52;833.35;TRUE
lr207_t2_12R_12V_04I_04M;t2;0.05;52;849.43;TRUE
LR1_2_8_t1_40R_40V_02I_06M;t1;0.05;52;3703.8;TRUE
LR2_2_10_t2_40R_40V_02I_06M;t2;0.05;52;6281.27;TRUE
LR1_2_8_t1_40R_40V_04I_06M;t1;0.05;52;3256.27;TRUE
LR2_2_6_t2_40R_40V_04I_06M;t2;0.05;52;6047.93;TRUE
LR1_2_9_t1_60R_60V_02I_06M;t1;0.05;52;6565.08;TRUE
LR2_2_10_t2_60R_60V_02I_06M;t2;0.05;52;10231.46;TRUE
LR1_2_9_t1_60R_60V_04I_06M;t1;0.05;52;6705.78;TRUE
LR2_2_8_t2_60R_60V_04I_06M;t2;0.05;52;6994.84;TRUE
lr106_t1_08R_08V_02I_04M;t1;0.05;59;602.78;TRUE
lr208_t2_08R_08V_02I_04M;t2;0.05;59;548.99;TRUE
lr109_t1_08R_08V_04I_04M;t1;0.05;59;555.44;TRUE
lr208_t2_08R_08V_04I_04M;t2;0.05;59;620.47;TRUE
lr110_t1_12R_12V_02I_04M;t1;0.05;59;971.55;TRUE
lr207_t2_12R_12V_02I_04M;t2;0.05;59;864.49;TRUE
lr108_t1_12R_12V_04I_04M;t1;0.05;59;833.35;TRUE
lr207_t2_12R_12V_04I_04M;t2;0.05;59;869.66;TRUE
LR1_2_8_t1_40R_40V_02I_06M;t1;0.05;59;3783.73;TRUE
LR2_2_10_t2_40R_40V_02I_06M;t2;0.05;59;6232.53;TRUE
LR1_2_8_t1_40R_40V_04I_06M;t1;0.05;59;3272.35;TRUE
LR2_2_6_t2_40R_40V_04I_06M;t2;0.05;59;6077.03;TRUE
LR1_2_9_t1_60R_60V_02I_06M;t1;0.05;59;6470.09;TRUE
LR2_2_10_t2_60R_60V_02I_06M;t2;0.05;59;10421.92;TRUE
LR1_2_9_t1_60R_60V_04I_06M;t1;0.05;59;6839.5;TRUE
LR2_2_8_t2_60R_60V_04I_06M;t2;0.05;59;6918.97;TRUE
lr106_t1_08R_08V_02I_04M;t1;0.05;66;602.78;TRUE
lr208_t2_08R_08V_02I_04M;t2;0.05;66;549.81;TRUE
lr109_t1_08R_08V_04I_04M;t1;0.05;66;555.44;TRUE
lr208_t2_08R_08V_04I_04M;t2;0.05;66;618.4;TRUE
lr110_t1_12R_12V_02I_04M;t1;0.05;66;971.55;TRUE
lr207_t2_12R_12V_02I_04M;t2;0.05;66;859.87;TRUE
lr108_t1_12R_12V_04I_04M;t1;0.05;66;833.35;TRUE
lr207_t2_12R_12V_04I_04M;t2;0.05;66;853.1;TRUE
LR1_2_8_t1_40R_40V_02I_06M;t1;0.05;66;3605.43;TRUE
LR2_2_10_t2_40R_40V_02I_06M;t2;0.05;66;6192.68;TRUE
LR1_2_8_t1_40R_40V_04I_06M;t1;0.05;66;3403.46;TRUE
LR2_2_6_t2_40R_40V_04I_06M;t2;0.05;66;5997.64;TRUE
LR1_2_9_t1_60R_60V_02I_06M;t1;0.05;66;6610.43;TRUE
LR2_2_10_t2_60R_60V_02I_06M;t2;0.05;66;10425.44;TRUE
LR1_2_9_t1_60R_60V_04I_06M;t1;0.05;66;7018.27;TRUE
LR2_2_8_t2_60R_60V_04I_06M;t2;0.05;66;7116.62;TRUE
lr106_t1_08R_08V_02I_04M;t1;0.05;73;602.78;TRUE
lr208_t2_08R_08V_02I_04M;t2;0.05;73;554.87;TRUE
lr109_t1_08R_08V_04I_04M;t1;0.05;73;555.44;TRUE
lr208_t2_08R_08V_04I_04M;t2;0.05;73;622.21;TRUE
lr110_t1_12R_12V_02I_04M;t1;0.05;73;971.55;TRUE
lr207_t2_12R_12V_02I_04M;t2;0.05;73;870.03;TRUE
lr108_t1_12R_12V_04I_04M;t1;0.05;73;833.35;TRUE
lr207_t2_12R_12V_04I_04M;t2;0.05;73;869.38;TRUE
LR1_2_8_t1_40R_40V_02I_06M;t1;0.05;73;3836.54;TRUE
LR2_2_10_t2_40R_40V_02I_06M;t2;0.05;73;6298.94;TRUE
LR1_2_8_t1_40R_40V_04I_06M;t1;0.05;73;3290.83;TRUE
LR2_2_6_t2_40R_40V_04I_06M;t2;0.05;73;5960.29;TRUE
LR1_2_9_t1_60R_60V_02I_06M;t1;0.05;73;6562.13;TRUE
LR2_2_10_t2_60R_60V_02I_06M;t2;0.05;73;10462.93;TRUE
LR1_2_9_t1_60R_60V_04I_06M;t1;0.05;73;6965.55;TRUE
LR2_2_8_t2_60R_60V_04I_06M;t2;0.05;73;6767.77;TRUE
lr106_t1_08R_08V_02I_04M;t1;0.05;80;602.78;TRUE
lr208_t2_08R_08V_02I_04M;t2;0.05;80;559.95;TRUE
lr109_t1_08R_08V_04I_04M;t1;0.05;80;555.44;TRUE
lr208_t2_08R_08V_04I_04M;t2;0.05;80;618.4;TRUE
lr110_t1_12R_12V_02I_04M;t1;0.05;80;971.55;TRUE
lr207_t2_12R_12V_02I_04M;t2;0.05;80;869.27;TRUE
lr108_t1_12R_12V_04I_04M;t1;0.05;80;833.76;TRUE
lr207_t2_12R_12V_04I_04M;t2;0.05;80;876.56;TRUE
LR1_2_8_t1_40R_40V_02I_06M;t1;0.05;80;3708.87;TRUE
LR2_2_10_t2_40R_40V_02I_06M;t2;0.05;80;6279.46;TRUE
LR1_2_8_t1_40R_40V_04I_06M;t1;0.05;80;3182.86;TRUE
LR2_2_6_t2_40R_40V_04I_06M;t2;0.05;80;6086.38;TRUE
LR1_2_9_t1_60R_60V_02I_06M;t1;0.05;80;6576.76;TRUE
LR2_2_10_t2_60R_60V_02I_06M;t2;0.05;80;10613.02;TRUE
LR1_2_9_t1_60R_60V_04I_06M;t1;0.05;80;6922.81;TRUE
LR2_2_8_t2_60R_60V_04I_06M;t2;0.05;80;7044.01;TRUE
lr106_t1_08R_08V_02I_04M;t1;0.05;87;602.78;TRUE
lr208_t2_08R_08V_02I_04M;t2;0.05;87;554.29;TRUE
lr109_t1_08R_08V_04I_04M;t1;0.05;87;555.44;TRUE
lr208_t2_08R_08V_04I_04M;t2;0.05;87;618.37;TRUE
lr110_t1_12R_12V_02I_04M;t1;0.05;87;971.55;TRUE
lr207_t2_12R_12V_02I_04M;t2;0.05;87;870.03;TRUE
lr108_t1_12R_12V_04I_04M;t1;0.05;87;833.35;TRUE
lr207_t2_12R_12V_04I_04M;t2;0.05;87;846.77;TRUE
LR1_2_8_t1_40R_40V_02I_06M;t1;0.05;87;3619.73;TRUE
LR2_2_10_t2_40R_40V_02I_06M;t2;0.05;87;6198.53;TRUE
LR1_2_8_t1_40R_40V_04I_06M;t1;0.05;87;3254.19;TRUE
LR2_2_6_t2_40R_40V_04I_06M;t2;0.05;87;6156.45;TRUE
LR1_2_9_t1_60R_60V_02I_06M;t1;0.05;87;6644.22;TRUE
LR2_2_10_t2_60R_60V_02I_06M;t2;0.05;87;10226.29;TRUE
LR1_2_9_t1_60R_60V_04I_06M;t1;0.05;87;6871.88;TRUE
LR2_2_8_t2_60R_60V_04I_06M;t2;0.05;87;6982.52;TRUE
lr106_t1_08R_08V_02I_04M;t1;0.1;24;602.78;TRUE
lr208_t2_08R_08V_02I_04M;t2;0.1;24;550.16;TRUE
lr109_t1_08R_08V_04I_04M;t1;0.1;24;555.44;TRUE
lr208_t2_08R_08V_04I_04M;t2;0.1;24;618.4;TRUE
lr110_t1_12R_12V_02I_04M;t1;0.1;24;971.55;TRUE
lr207_t2_12R_12V_02I_04M;t2;0.1;24;859.11;TRUE
lr108_t1_12R_12V_04I_04M;t1;0.1;24;833.35;TRUE
lr207_t2_12R_12V_04I_04M;t2;0.1;24;884.08;TRUE
LR1_2_8_t1_40R_40V_02I_06M;t1;0.1;24;3791.31;TRUE
LR2_2_10_t2_40R_40V_02I_06M;t2;0.1;24;6523.69;TRUE
LR1_2_8_t1_40R_40V_04I_06M;t1;0.1;24;3321.58;TRUE
LR2_2_6_t2_40R_40V_04I_06M;t2;0.1;24;6191.74;TRUE
LR1_2_9_t1_60R_60V_02I_06M;t1;0.1;24;6618.59;TRUE
LR2_2_10_t2_60R_60V_02I_06M;t2;0.1;24;10733.1;TRUE
LR1_2_9_t1_60R_60V_04I_06M;t1;0.1;24;6929.67;TRUE
LR2_2_8_t2_60R_60V_04I_06M;t2;0.1;24;7238.45;TRUE
lr106_t1_08R_08V_02I_04M;t1;0.1;31;602.78;TRUE
lr208_t2_08R_08V_02I_04M;t2;0.1;31;548.99;TRUE
lr109_t1_08R_08V_04I_04M;t1;0.1;31;555.44;TRUE
lr208_t2_08R_08V_04I_04M;t2;0.1;31;618.4;TRUE
lr110_t1_12R_12V_02I_04M;t1;0.1;31;971.55;TRUE
lr207_t2_12R_12V_02I_04M;t2;0.1;31;867.17;TRUE
lr108_t1_12R_12V_04I_04M;t1;0.1;31;833.35;TRUE
lr207_t2_12R_12V_04I_04M;t2;0.1;31;868.34;TRUE
LR1_2_8_t1_40R_40V_02I_06M;t1;0.1;31;3891.08;TRUE
LR2_2_10_t2_40R_40V_02I_06M;t2;0.1;31;6333.35;TRUE
LR1_2_8_t1_40R_40V_04I_06M;t1;0.1;31;3287.61;TRUE
LR2_2_6_t2_40R_40V_04I_06M;t2;0.1;31;6080.87;TRUE
LR1_2_9_t1_60R_60V_02I_06M;t1;0.1;31;6705.92;TRUE
LR2_2_10_t2_60R_60V_02I_06M;t2;0.1;31;10429.68;TRUE
LR1_2_9_t1_60R_60V_04I_06M;t1;0.1;31;7031.26;TRUE
LR2_2_8_t2_60R_60V_04I_06M;t2;0.1;31;7339.69;TRUE
lr106_t1_08R_08V_02I_04M;t1;0.1;38;602.78;TRUE
lr208_t2_08R_08V_02I_04M;t2;0.1;38;548.34;TRUE
lr109_t1_08R_08V_04I_04M;t1;0.1;38;555.44;TRUE
lr208_t2_08R_08V_04I_04M;t2;0.1;38;621.6;TRUE
lr110_t1_12R_12V_02I_04M;t1;0.1;38;971.55;TRUE
lr207_t2_12R_12V_02I_04M;t2;0.1;38;870.5;TRUE
lr108_t1_12R_12V_04I_04M;t1;0.1;38;833.35;TRUE
lr207_t2_12R_12V_04I_04M;t2;0.1;38;876.21;TRUE
LR1_2_8_t1_40R_40V_02I_06M;t1;0.1;38;3924.05;TRUE
LR2_2_10_t2_40R_40V_02I_06M;t2;0.1;38;6426.51;TRUE
LR1_2_8_t1_40R_40V_04I_06M;t1;0.1;38;3432.71;TRUE
LR2_2_6_t2_40R_40V_04I_06M;t2;0.1;38;6164.03;TRUE
LR1_2_9_t1_60R_60V_02I_06M;t1;0.1;38;6690.18;TRUE
LR2_2_10_t2_60R_60V_02I_06M;t2;0.1;38;10689.87;TRUE
LR1_2_9_t1_60R_60V_04I_06M;t1;0.1;38;6989.92;TRUE
LR2_2_8_t2_60R_60V_04I_06M;t2;0.1;38;7363.36;TRUE
lr106_t1_08R_08V_02I_04M;t1;0.1;45;602.78;TRUE
lr208_t2_08R_08V_02I_04M;t2;0.1;45;549.98;TRUE
lr109_t1_08R_08V_04I_04M;t1;0.1;45;555.44;TRUE
lr208_t2_08R_08V_04I_04M;t2;0.1;45;621.9;TRUE
lr110_t1_12R_12V_02I_04M;t1;0.1;45;971.55;TRUE
lr207_t2_12R_12V_02I_04M;t2;0.1;45;872.22;TRUE
lr108_t1_12R_12V_04I_04M;t1;0.1;45;833.87;TRUE
lr207_t2_12R_12V_04I_04M;t2;0.1;45;875.29;TRUE
LR1_2_8_t1_40R_40V_02I_06M;t1;0.1;45;3832.08;TRUE
LR2_2_10_t2_40R_40V_02I_06M;t2;0.1;45;6275.54;TRUE
LR1_2_8_t1_40R_40V_04I_06M;t1;0.1;45;3295.41;TRUE
LR2_2_6_t2_40R_40V_04I_06M;t2;0.1;45;5985.71;TRUE
LR1_2_9_t1_60R_60V_02I_06M;t1;0.1;45;6645.81;TRUE
LR2_2_10_t2_60R_60V_02I_06M;t2;0.1;45;10425.31;TRUE
LR1_2_9_t1_60R_60V_04I_06M;t1;0.1;45;7028.76;TRUE
LR2_2_8_t2_60R_60V_04I_06M;t2;0.1;45;7450.28;TRUE
lr106_t1_08R_08V_02I_04M;t1;0.1;52;602.78;TRUE
lr208_t2_08R_08V_02I_04M;t2;0.1;52;557.12;TRUE
lr109_t1_08R_08V_04I_04M;t1;0.1;52;555.44;TRUE
lr208_t2_08R_08V_04I_04M;t2;0.1;52;622.65;TRUE
lr110_t1_12R_12V_02I_04M;t1;0.1;52;971.55;TRUE
lr207_t2_12R_12V_02I_04M;t2;0.1;52;864.38;TRUE
lr108_t1_12R_12V_04I_04M;t1;0.1;52;833.87;TRUE
lr207_t2_12R_12V_04I_04M;t2;0.1;52;876.56;TRUE
LR1_2_8_t1_40R_40V_02I_06M;t1;0.1;52;3778.24;TRUE
LR2_2_10_t2_40R_40V_02I_06M;t2;0.1;52;6272.45;TRUE
LR1_2_8_t1_40R_40V_04I_06M;t1;0.1;52;3305.71;TRUE
LR2_2_6_t2_40R_40V_04I_06M;t2;0.1;52;6027.06;TRUE
LR1_2_9_t1_60R_60V_02I_06M;t1;0.1;52;6586.93;TRUE
LR2_2_10_t2_60R_60V_02I_06M;t2;0.1;52;10484.07;TRUE
LR1_2_9_t1_60R_60V_04I_06M;t1;0.1;52;7132.58;TRUE
LR2_2_8_t2_60R_60V_04I_06M;t2;0.1;52;6749.93;TRUE
lr106_t1_08R_08V_02I_04M;t1;0.1;59;602.78;TRUE
lr208_t2_08R_08V_02I_04M;t2;0.1;59;556.95;TRUE
lr109_t1_08R_08V_04I_04M;t1;0.1;59;555.44;TRUE
lr208_t2_08R_08V_04I_04M;t2;0.1;59;622.96;TRUE
lr110_t1_12R_12V_02I_04M;t1;0.1;59;971.55;TRUE
lr207_t2_12R_12V_02I_04M;t2;0.1;59;872.34;TRUE
lr108_t1_12R_12V_04I_04M;t1;0.1;59;833.87;TRUE
lr207_t2_12R_12V_04I_04M;t2;0.1;59;885.98;TRUE
LR1_2_8_t1_40R_40V_02I_06M;t1;0.1;59;3850.03;TRUE
LR2_2_10_t2_40R_40V_02I_06M;t2;0.1;59;6273.71;TRUE
LR1_2_8_t1_40R_40V_04I_06M;t1;0.1;59;3350.27;TRUE
LR2_2_6_t2_40R_40V_04I_06M;t2;0.1;59;6115.24;TRUE
LR1_2_9_t1_60R_60V_02I_06M;t1;0.1;59;6509.36;TRUE
LR2_2_10_t2_60R_60V_02I_06M;t2;0.1;59;10393.76;TRUE
LR1_2_9_t1_60R_60V_04I_06M;t1;0.1;59;6900.1;TRUE
LR2_2_8_t2_60R_60V_04I_06M;t2;0.1;59;7348.3;TRUE
lr106_t1_08R_08V_02I_04M;t1;0.1;66;602.78;TRUE
lr208_t2_08R_08V_02I_04M;t2;0.1;66;550.16;TRUE
lr109_t1_08R_08V_04I_04M;t1;0.1;66;555.44;TRUE
lr208_t2_08R_08V_04I_04M;t2;0.1;66;620.49;TRUE
lr110_t1_12R_12V_02I_04M;t1;0.1;66;971.55;TRUE
lr207_t2_12R_12V_02I_04M;t2;0.1;66;875.19;TRUE
lr108_t1_12R_12V_04I_04M;t1;0.1;66;833.35;TRUE
lr207_t2_12R_12V_04I_04M;t2;0.1;66;844.39;TRUE
LR1_2_8_t1_40R_40V_02I_06M;t1;0.1;66;3820.04;TRUE
LR2_2_10_t2_40R_40V_02I_06M;t2;0.1;66;6214.07;TRUE
LR1_2_8_t1_40R_40V_04I_06M;t1;0.1;66;3345.99;TRUE
LR2_2_6_t2_40R_40V_04I_06M;t2;0.1;66;6020.47;TRUE
LR1_2_9_t1_60R_60V_02I_06M;t1;0.1;66;6541.8;TRUE
LR2_2_10_t2_60R_60V_02I_06M;t2;0.1;66;10629.25;TRUE
LR1_2_9_t1_60R_60V_04I_06M;t1;0.1;66;7059.8;TRUE
LR2_2_8_t2_60R_60V_04I_06M;t2;0.1;66;6768.12;TRUE
lr106_t1_08R_08V_02I_04M;t1;0.1;73;602.78;TRUE
lr208_t2_08R_08V_02I_04M;t2;0.1;73;551.18;TRUE
lr109_t1_08R_08V_04I_04M;t1;0.1;73;555.44;TRUE
lr208_t2_08R_08V_04I_04M;t2;0.1;73;621.72;TRUE
lr110_t1_12R_12V_02I_04M;t1;0.1;73;971.55;TRUE
lr207_t2_12R_12V_02I_04M;t2;0.1;73;873.8;TRUE
lr108_t1_12R_12V_04I_04M;t1;0.1;73;833.35;TRUE
lr207_t2_12R_12V_04I_04M;t2;0.1;73;872.48;TRUE
LR1_2_8_t1_40R_40V_02I_06M;t1;0.1;73;3651;TRUE
LR2_2_10_t2_40R_40V_02I_06M;t2;0.1;73;6237.63;TRUE
LR1_2_8_t1_40R_40V_04I_06M;t1;0.1;73;3299.07;TRUE
LR2_2_6_t2_40R_40V_04I_06M;t2;0.1;73;6252.11;TRUE
LR1_2_9_t1_60R_60V_02I_06M;t1;0.1;73;6704.06;TRUE
LR2_2_10_t2_60R_60V_02I_06M;t2;0.1;73;10869.09;TRUE
LR1_2_9_t1_60R_60V_04I_06M;t1;0.1;73;7128.45;TRUE
LR2_2_8_t2_60R_60V_04I_06M;t2;0.1;73;7130.91;TRUE
lr106_t1_08R_08V_02I_04M;t1;0.1;80;602.78;TRUE
lr208_t2_08R_08V_02I_04M;t2;0.1;80;555.89;TRUE
lr109_t1_08R_08V_04I_04M;t1;0.1;80;555.44;TRUE
lr208_t2_08R_08V_04I_04M;t2;0.1;80;620.73;TRUE
lr110_t1_12R_12V_02I_04M;t1;0.1;80;971.55;TRUE
lr207_t2_12R_12V_02I_04M;t2;0.1;80;873.1;TRUE
lr108_t1_12R_12V_04I_04M;t1;0.1;80;833.87;TRUE
lr207_t2_12R_12V_04I_04M;t2;0.1;80;875.37;TRUE
LR1_2_8_t1_40R_40V_02I_06M;t1;0.1;80;3737.99;TRUE
LR2_2_10_t2_40R_40V_02I_06M;t2;0.1;80;6118.75;TRUE
LR1_2_8_t1_40R_40V_04I_06M;t1;0.1;80;3349.76;TRUE
LR2_2_6_t2_40R_40V_04I_06M;t2;0.1;80;6149.48;TRUE
LR1_2_9_t1_60R_60V_02I_06M;t1;0.1;80;6701.55;TRUE
LR2_2_10_t2_60R_60V_02I_06M;t2;0.1;80;10356;TRUE
LR1_2_9_t1_60R_60V_04I_06M;t1;0.1;80;7108.69;TRUE
LR2_2_8_t2_60R_60V_04I_06M;t2;0.1;80;7305.27;TRUE
lr106_t1_08R_08V_02I_04M;t1;0.1;87;602.78;TRUE
lr208_t2_08R_08V_02I_04M;t2;0.1;87;563.07;TRUE
lr109_t1_08R_08V_04I_04M;t1;0.1;87;555.44;TRUE
lr208_t2_08R_08V_04I_04M;t2;0.1;87;620.47;TRUE
lr110_t1_12R_12V_02I_04M;t1;0.1;87;971.55;TRUE
lr207_t2_12R_12V_02I_04M;t2;0.1;87;870.81;TRUE
lr108_t1_12R_12V_04I_04M;t1;0.1;87;833.35;TRUE
lr207_t2_12R_12V_04I_04M;t2;0.1;87;889.88;TRUE
LR1_2_8_t1_40R_40V_02I_06M;t1;0.1;87;3853.37;TRUE
LR2_2_10_t2_40R_40V_02I_06M;t2;0.1;87;6439;TRUE
LR1_2_8_t1_40R_40V_04I_06M;t1;0.1;87;3272.02;TRUE
LR2_2_6_t2_40R_40V_04I_06M;t2;0.1;87;6138;TRUE
LR1_2_9_t1_60R_60V_02I_06M;t1;0.1;87;6695.1;TRUE
LR2_2_10_t2_60R_60V_02I_06M;t2;0.1;87;10595.92;TRUE
LR1_2_9_t1_60R_60V_04I_06M;t1;0.1;87;6891.84;TRUE
LR2_2_8_t2_60R_60V_04I_06M;t2;0.1;87;7205.08;TRUE
lr106_t1_08R_08V_02I_04M;t1;0.15;24;602.78;TRUE
lr208_t2_08R_08V_02I_04M;t2;0.15;24;550.57;TRUE
lr109_t1_08R_08V_04I_04M;t1;0.15;24;555.44;TRUE
lr208_t2_08R_08V_04I_04M;t2;0.15;24;621.53;TRUE
lr110_t1_12R_12V_02I_04M;t1;0.15;24;971.55;TRUE
lr207_t2_12R_12V_02I_04M;t2;0.15;24;880.86;TRUE
lr108_t1_12R_12V_04I_04M;t1;0.15;24;834.52;TRUE
lr207_t2_12R_12V_04I_04M;t2;0.15;24;903.65;TRUE
LR1_2_8_t1_40R_40V_02I_06M;t1;0.15;24;3978.25;TRUE
LR2_2_10_t2_40R_40V_02I_06M;t2;0.15;24;6557.72;TRUE
LR1_2_8_t1_40R_40V_04I_06M;t1;0.15;24;3364.68;TRUE
LR2_2_6_t2_40R_40V_04I_06M;t2;0.15;24;6236.84;TRUE
LR1_2_9_t1_60R_60V_02I_06M;t1;0.15;24;6632.35;TRUE
LR2_2_10_t2_60R_60V_02I_06M;t2;0.15;24;10553.99;TRUE
LR1_2_9_t1_60R_60V_04I_06M;t1;0.15;24;6860.72;TRUE
LR2_2_8_t2_60R_60V_04I_06M;t2;0.15;24;7370.73;TRUE
lr106_t1_08R_08V_02I_04M;t1;0.15;31;602.78;TRUE
lr208_t2_08R_08V_02I_04M;t2;0.15;31;552.29;TRUE
lr109_t1_08R_08V_04I_04M;t1;0.15;31;555.44;TRUE
lr208_t2_08R_08V_04I_04M;t2;0.15;31;623.07;TRUE
lr110_t1_12R_12V_02I_04M;t1;0.15;31;971.55;TRUE
lr207_t2_12R_12V_02I_04M;t2;0.15;31;873.57;TRUE
lr108_t1_12R_12V_04I_04M;t1;0.15;31;833.35;TRUE
lr207_t2_12R_12V_04I_04M;t2;0.15;31;890.64;TRUE
LR1_2_8_t1_40R_40V_02I_06M;t1;0.15;31;3959.7;TRUE
LR2_2_10_t2_40R_40V_02I_06M;t2;0.15;31;6456.1;TRUE
LR1_2_8_t1_40R_40V_04I_06M;t1;0.15;31;3380.19;TRUE
LR2_2_6_t2_40R_40V_04I_06M;t2;0.15;31;5994.29;TRUE
LR1_2_9_t1_60R_60V_02I_06M;t1;0.15;31;6615.9;TRUE
LR2_2_10_t2_60R_60V_02I_06M;t2;0.15;31;11078.31;TRUE
LR1_2_9_t1_60R_60V_04I_06M;t1;0.15;31;7163.87;TRUE
LR2_2_8_t2_60R_60V_04I_06M;t2;0.15;31;7524.25;TRUE
lr106_t1_08R_08V_02I_04M;t1;0.15;38;602.78;TRUE
lr208_t2_08R_08V_02I_04M;t2;0.15;38;548.99;TRUE
lr109_t1_08R_08V_04I_04M;t1;0.15;38;555.44;TRUE
lr208_t2_08R_08V_04I_04M;t2;0.15;38;624.05;TRUE
lr110_t1_12R_12V_02I_04M;t1;0.15;38;971.55;TRUE
lr207_t2_12R_12V_02I_04M;t2;0.15;38;872.19;TRUE
lr108_t1_12R_12V_04I_04M;t1;0.15;38;833.35;TRUE
lr207_t2_12R_12V_04I_04M;t2;0.15;38;896.62;TRUE
LR1_2_8_t1_40R_40V_02I_06M;t1;0.15;38;3873.89;TRUE
LR2_2_10_t2_40R_40V_02I_06M;t2;0.15;38;6382.31;TRUE
LR1_2_8_t1_40R_40V_04I_06M;t1;0.15;38;3403.09;TRUE
LR2_2_6_t2_40R_40V_04I_06M;t2;0.15;38;6164.03;TRUE
LR1_2_9_t1_60R_60V_02I_06M;t1;0.15;38;6672.33;TRUE
LR2_2_10_t2_60R_60V_02I_06M;t2;0.15;38;10750.26;TRUE
LR1_2_9_t1_60R_60V_04I_06M;t1;0.15;38;6968.91;TRUE
LR2_2_8_t2_60R_60V_04I_06M;t2;0.15;38;7506.52;TRUE
lr106_t1_08R_08V_02I_04M;t1;0.15;45;602.78;TRUE
lr208_t2_08R_08V_02I_04M;t2;0.15;45;550.16;TRUE
lr109_t1_08R_08V_04I_04M;t1;0.15;45;555.44;TRUE
lr208_t2_08R_08V_04I_04M;t2;0.15;45;621.54;TRUE
lr110_t1_12R_12V_02I_04M;t1;0.15;45;971.55;TRUE
lr207_t2_12R_12V_02I_04M;t2;0.15;45;874.63;TRUE
lr108_t1_12R_12V_04I_04M;t1;0.15;45;833.35;TRUE
lr207_t2_12R_12V_04I_04M;t2;0.15;45;887.3;TRUE
LR1_2_8_t1_40R_40V_02I_06M;t1;0.15;45;3982.29;TRUE
LR2_2_10_t2_40R_40V_02I_06M;t2;0.15;45;6291.01;TRUE
LR1_2_8_t1_40R_40V_04I_06M;t1;0.15;45;3372.06;TRUE
LR2_2_6_t2_40R_40V_04I_06M;t2;0.15;45;6041.69;TRUE
LR1_2_9_t1_60R_60V_02I_06M;t1;0.15;45;6498.33;TRUE
LR2_2_10_t2_60R_60V_02I_06M;t2;0.15;45;10772.24;TRUE
LR1_2_9_t1_60R_60V_04I_06M;t1;0.15;45;6879.25;TRUE
LR2_2_8_t2_60R_60V_04I_06M;t2;0.15;45;7326.99;TRUE
lr106_t1_08R_08V_02I_04M;t1;0.15;52;602.78;TRUE
lr208_t2_08R_08V_02I_04M;t2;0.15;52;556.88;TRUE
lr109_t1_08R_08V_04I_04M;t1;0.15;52;555.44;TRUE
lr208_t2_08R_08V_04I_04M;t2;0.15;52;625.82;TRUE
lr110_t1_12R_12V_02I_04M;t1;0.15;52;971.55;TRUE
lr207_t2_12R_12V_02I_04M;t2;0.15;52;881.46;TRUE
lr108_t1_12R_12V_04I_04M;t1;0.15;52;833.35;TRUE
lr207_t2_12R_12V_04I_04M;t2;0.15;52;898.59;TRUE
LR1_2_8_t1_40R_40V_02I_06M;t1;0.15;52;3929.99;TRUE
LR2_2_10_t2_40R_40V_02I_06M;t2;0.15;52;6253.69;TRUE
LR1_2_8_t1_40R_40V_04I_06M;t1;0.15;52;3403.88;TRUE
LR2_2_6_t2_40R_40V_04I_06M;t2;0.15;52;6123.28;TRUE
LR1_2_9_t1_60R_60V_02I_06M;t1;0.15;52;6722.51;TRUE
LR2_2_10_t2_60R_60V_02I_06M;t2;0.15;52;10777.65;TRUE
LR1_2_9_t1_60R_60V_04I_06M;t1;0.15;52;7087.13;TRUE
LR2_2_8_t2_60R_60V_04I_06M;t2;0.15;52;7469.86;TRUE
lr106_t1_08R_08V_02I_04M;t1;0.15;59;602.78;TRUE
lr208_t2_08R_08V_02I_04M;t2;0.15;59;549.98;TRUE
lr109_t1_08R_08V_04I_04M;t1;0.15;59;555.44;TRUE
lr208_t2_08R_08V_04I_04M;t2;0.15;59;621.91;TRUE
lr110_t1_12R_12V_02I_04M;t1;0.15;59;971.55;TRUE
lr207_t2_12R_12V_02I_04M;t2;0.15;59;873.98;TRUE
lr108_t1_12R_12V_04I_04M;t1;0.15;59;833.35;TRUE
lr207_t2_12R_12V_04I_04M;t2;0.15;59;902.93;TRUE
LR1_2_8_t1_40R_40V_02I_06M;t1;0.15;59;3879.98;TRUE
LR2_2_10_t2_40R_40V_02I_06M;t2;0.15;59;6329.03;TRUE
LR1_2_8_t1_40R_40V_04I_06M;t1;0.15;59;3377.58;TRUE
LR2_2_6_t2_40R_40V_04I_06M;t2;0.15;59;6115.24;TRUE
LR1_2_9_t1_60R_60V_02I_06M;t1;0.15;59;6660.72;TRUE
LR2_2_10_t2_60R_60V_02I_06M;t2;0.15;59;10952.74;TRUE
LR1_2_9_t1_60R_60V_04I_06M;t1;0.15;59;7158.93;TRUE
LR2_2_8_t2_60R_60V_04I_06M;t2;0.15;59;7377;TRUE
lr106_t1_08R_08V_02I_04M;t1;0.15;66;602.78;TRUE
lr208_t2_08R_08V_02I_04M;t2;0.15;66;557.63;TRUE
lr109_t1_08R_08V_04I_04M;t1;0.15;66;555.44;TRUE
lr208_t2_08R_08V_04I_04M;t2;0.15;66;621.6;TRUE
lr110_t1_12R_12V_02I_04M;t1;0.15;66;971.55;TRUE
lr207_t2_12R_12V_02I_04M;t2;0.15;66;873.52;TRUE
lr108_t1_12R_12V_04I_04M;t1;0.15;66;833.87;TRUE
lr207_t2_12R_12V_04I_04M;t2;0.15;66;882.56;TRUE
LR1_2_8_t1_40R_40V_02I_06M;t1;0.15;66;3955.17;TRUE
LR2_2_10_t2_40R_40V_02I_06M;t2;0.15;66;6363.52;TRUE
LR1_2_8_t1_40R_40V_04I_06M;t1;0.15;66;3390.08;TRUE
LR2_2_6_t2_40R_40V_04I_06M;t2;0.15;66;6147.43;TRUE
LR1_2_9_t1_60R_60V_02I_06M;t1;0.15;66;6652.1;TRUE
LR2_2_10_t2_60R_60V_02I_06M;t2;0.15;66;10786.3;TRUE
LR1_2_9_t1_60R_60V_04I_06M;t1;0.15;66;7096.58;TRUE
LR2_2_8_t2_60R_60V_04I_06M;t2;0.15;66;7571.78;TRUE
lr106_t1_08R_08V_02I_04M;t1;0.15;73;602.78;TRUE
lr208_t2_08R_08V_02I_04M;t2;0.15;73;560.49;TRUE
lr109_t1_08R_08V_04I_04M;t1;0.15;73;555.44;TRUE
lr208_t2_08R_08V_04I_04M;t2;0.15;73;621.58;TRUE
lr110_t1_12R_12V_02I_04M;t1;0.15;73;971.55;TRUE
lr207_t2_12R_12V_02I_04M;t2;0.15;73;870.5;TRUE
lr108_t1_12R_12V_04I_04M;t1;0.15;73;833.76;TRUE
lr207_t2_12R_12V_04I_04M;t2;0.15;73;887.07;TRUE
LR1_2_8_t1_40R_40V_02I_06M;t1;0.15;73;3961.01;TRUE
LR2_2_10_t2_40R_40V_02I_06M;t2;0.15;73;6354.86;TRUE
LR1_2_8_t1_40R_40V_04I_06M;t1;0.15;73;3494.69;TRUE
LR2_2_6_t2_40R_40V_04I_06M;t2;0.15;73;6330.43;TRUE
LR1_2_9_t1_60R_60V_02I_06M;t1;0.15;73;6486.51;TRUE
LR2_2_10_t2_60R_60V_02I_06M;t2;0.15;73;10877.85;TRUE
LR1_2_9_t1_60R_60V_04I_06M;t1;0.15;73;7020.29;TRUE
LR2_2_8_t2_60R_60V_04I_06M;t2;0.15;73;7468.3;TRUE
lr106_t1_08R_08V_02I_04M;t1;0.15;80;602.78;TRUE
lr208_t2_08R_08V_02I_04M;t2;0.15;80;557.59;TRUE
lr109_t1_08R_08V_04I_04M;t1;0.15;80;555.44;TRUE
lr208_t2_08R_08V_04I_04M;t2;0.15;80;622.09;TRUE
lr110_t1_12R_12V_02I_04M;t1;0.15;80;971.55;TRUE
lr207_t2_12R_12V_02I_04M;t2;0.15;80;874.43;TRUE
lr108_t1_12R_12V_04I_04M;t1;0.15;80;833.87;TRUE
lr207_t2_12R_12V_04I_04M;t2;0.15;80;876.56;TRUE
LR1_2_8_t1_40R_40V_02I_06M;t1;0.15;80;3867.89;TRUE
LR2_2_10_t2_40R_40V_02I_06M;t2;0.15;80;6440.99;TRUE
LR1_2_8_t1_40R_40V_04I_06M;t1;0.15;80;3355.88;TRUE
LR2_2_6_t2_40R_40V_04I_06M;t2;0.15;80;6209.08;TRUE
LR1_2_9_t1_60R_60V_02I_06M;t1;0.15;80;6449.31;TRUE
LR2_2_10_t2_60R_60V_02I_06M;t2;0.15;80;10350.6;TRUE
LR1_2_9_t1_60R_60V_04I_06M;t1;0.15;80;6744.96;TRUE
LR2_2_8_t2_60R_60V_04I_06M;t2;0.15;80;7465.42;TRUE
lr106_t1_08R_08V_02I_04M;t1;0.15;87;602.78;TRUE
lr208_t2_08R_08V_02I_04M;t2;0.15;87;561.48;TRUE
lr109_t1_08R_08V_04I_04M;t1;0.15;87;555.44;TRUE
lr208_t2_08R_08V_04I_04M;t2;0.15;87;621.91;TRUE
lr110_t1_12R_12V_02I_04M;t1;0.15;87;971.55;TRUE
lr207_t2_12R_12V_02I_04M;t2;0.15;87;871.49;TRUE
lr108_t1_12R_12V_04I_04M;t1;0.15;87;833.35;TRUE
lr207_t2_12R_12V_04I_04M;t2;0.15;87;889.57;TRUE
LR1_2_8_t1_40R_40V_02I_06M;t1;0.15;87;3985.26;TRUE
LR2_2_10_t2_40R_40V_02I_06M;t2;0.15;87;6252.75;TRUE
LR1_2_8_t1_40R_40V_04I_06M;t1;0.15;87;3334.28;TRUE
LR2_2_6_t2_40R_40V_04I_06M;t2;0.15;87;6203.22;TRUE
LR1_2_9_t1_60R_60V_02I_06M;t1;0.15;87;6761.67;TRUE
LR2_2_10_t2_60R_60V_02I_06M;t2;0.15;87;10672.41;TRUE
LR1_2_9_t1_60R_60V_04I_06M;t1;0.15;87;7217.4;TRUE
LR2_2_8_t2_60R_60V_04I_06M;t2;0.15;87;7371.67;TRUE
lr106_t1_08R_08V_02I_04M;t1;0.2;24;602.78;TRUE
lr208_t2_08R_08V_02I_04M;t2;0.2;24;557.12;TRUE
lr109_t1_08R_08V_04I_04M;t1;0.2;24;555.44;TRUE
lr208_t2_08R_08V_04I_04M;t2;0.2;24;624.23;TRUE
lr110_t1_12R_12V_02I_04M;t1;0.2;24;971.55;TRUE
lr207_t2_12R_12V_02I_04M;t2;0.2;24;898.15;TRUE
lr108_t1_12R_12V_04I_04M;t1;0.2;24;833.35;TRUE
lr207_t2_12R_12V_04I_04M;t2;0.2;24;903.65;TRUE
LR1_2_8_t1_40R_40V_02I_06M;t1;0.2;24;3804.79;TRUE
LR2_2_10_t2_40R_40V_02I_06M;t2;0.2;24;6500.18;TRUE
LR1_2_8_t1_40R_40V_04I_06M;t1;0.2;24;3395.41;TRUE
LR2_2_6_t2_40R_40V_04I_06M;t2;0.2;24;6202;TRUE
LR1_2_9_t1_60R_60V_02I_06M;t1;0.2;24;6562.07;TRUE
LR2_2_10_t2_60R_60V_02I_06M;t2;0.2;24;11100.59;TRUE
LR1_2_9_t1_60R_60V_04I_06M;t1;0.2;24;7198.02;TRUE
LR2_2_8_t2_60R_60V_04I_06M;t2;0.2;24;7569.53;TRUE
lr106_t1_08R_08V_02I_04M;t1;0.2;31;602.78;TRUE
lr208_t2_08R_08V_02I_04M;t2;0.2;31;566.42;TRUE
lr109_t1_08R_08V_04I_04M;t1;0.2;31;555.44;TRUE
lr208_t2_08R_08V_04I_04M;t2;0.2;31;623.57;TRUE
lr110_t1_12R_12V_02I_04M;t1;0.2;31;971.55;TRUE
lr207_t2_12R_12V_02I_04M;t2;0.2;31;882.13;TRUE
lr108_t1_12R_12V_04I_04M;t1;0.2;31;833.35;TRUE
lr207_t2_12R_12V_04I_04M;t2;0.2;31;918.52;TRUE
LR1_2_8_t1_40R_40V_02I_06M;t1;0.2;31;3974.08;TRUE
LR2_2_10_t2_40R_40V_02I_06M;t2;0.2;31;6433.76;TRUE
LR1_2_8_t1_40R_40V_04I_06M;t1;0.2;31;3398.84;TRUE
LR2_2_6_t2_40R_40V_04I_06M;t2;0.2;31;5995.94;TRUE
LR1_2_9_t1_60R_60V_02I_06M;t1;0.2;31;6744.9;TRUE
LR2_2_10_t2_60R_60V_02I_06M;t2;0.2;31;11081.97;TRUE
LR1_2_9_t1_60R_60V_04I_06M;t1;0.2;31;6574.5;TRUE
LR2_2_8_t2_60R_60V_04I_06M;t2;0.2;31;7684.53;TRUE
lr106_t1_08R_08V_02I_04M;t1;0.2;38;602.78;TRUE
lr208_t2_08R_08V_02I_04M;t2;0.2;38;556.6;TRUE
lr109_t1_08R_08V_04I_04M;t1;0.2;38;555.44;TRUE
lr208_t2_08R_08V_04I_04M;t2;0.2;38;626.6;TRUE
lr110_t1_12R_12V_02I_04M;t1;0.2;38;971.55;TRUE
lr207_t2_12R_12V_02I_04M;t2;0.2;38;888.49;TRUE
lr108_t1_12R_12V_04I_04M;t1;0.2;38;833.35;TRUE
lr207_t2_12R_12V_04I_04M;t2;0.2;38;898.96;TRUE
LR1_2_8_t1_40R_40V_02I_06M;t1;0.2;38;3993.87;TRUE
LR2_2_10_t2_40R_40V_02I_06M;t2;0.2;38;6336.12;TRUE
LR1_2_8_t1_40R_40V_04I_06M;t1;0.2;38;3307.93;TRUE
LR2_2_6_t2_40R_40V_04I_06M;t2;0.2;38;6300.91;TRUE
LR1_2_9_t1_60R_60V_02I_06M;t1;0.2;38;6701.5;TRUE
LR2_2_10_t2_60R_60V_02I_06M;t2;0.2;38;10820.94;TRUE
LR1_2_9_t1_60R_60V_04I_06M;t1;0.2;38;7260.96;TRUE
LR2_2_8_t2_60R_60V_04I_06M;t2;0.2;38;7571.63;TRUE
lr106_t1_08R_08V_02I_04M;t1;0.2;45;602.78;TRUE
lr208_t2_08R_08V_02I_04M;t2;0.2;45;557.94;TRUE
lr109_t1_08R_08V_04I_04M;t1;0.2;45;555.44;TRUE
lr208_t2_08R_08V_04I_04M;t2;0.2;45;619.6;TRUE
lr110_t1_12R_12V_02I_04M;t1;0.2;45;971.55;TRUE
lr207_t2_12R_12V_02I_04M;t2;0.2;45;889.78;TRUE
lr108_t1_12R_12V_04I_04M;t1;0.2;45;833.35;TRUE
lr207_t2_12R_12V_04I_04M;t2;0.2;45;896.98;TRUE
LR1_2_8_t1_40R_40V_02I_06M;t1;0.2;45;3995.46;TRUE
LR2_2_10_t2_40R_40V_02I_06M;t2;0.2;45;6498.48;TRUE
LR1_2_8_t1_40R_40V_04I_06M;t1;0.2;45;3249.29;TRUE
LR2_2_6_t2_40R_40V_04I_06M;t2;0.2;45;6276.33;TRUE
LR1_2_9_t1_60R_60V_02I_06M;t1;0.2;45;6652.06;TRUE
LR2_2_10_t2_60R_60V_02I_06M;t2;0.2;45;10923.43;TRUE
LR1_2_9_t1_60R_60V_04I_06M;t1;0.2;45;7110.92;TRUE
LR2_2_8_t2_60R_60V_04I_06M;t2;0.2;45;7616.45;TRUE
lr106_t1_08R_08V_02I_04M;t1;0.2;52;602.78;TRUE
lr208_t2_08R_08V_02I_04M;t2;0.2;52;552.95;TRUE
lr109_t1_08R_08V_04I_04M;t1;0.2;52;555.44;TRUE
lr208_t2_08R_08V_04I_04M;t2;0.2;52;624.53;TRUE
lr110_t1_12R_12V_02I_04M;t1;0.2;52;971.55;TRUE
lr207_t2_12R_12V_02I_04M;t2;0.2;52;881.46;TRUE
lr108_t1_12R_12V_04I_04M;t1;0.2;52;833.76;TRUE
lr207_t2_12R_12V_04I_04M;t2;0.2;52;904.22;TRUE
LR1_2_8_t1_40R_40V_02I_06M;t1;0.2;52;4040.35;TRUE
LR2_2_10_t2_40R_40V_02I_06M;t2;0.2;52;6429.9;TRUE
LR1_2_8_t1_40R_40V_04I_06M;t1;0.2;52;3387.42;TRUE
LR2_2_6_t2_40R_40V_04I_06M;t2;0.2;52;6353.84;TRUE
LR1_2_9_t1_60R_60V_02I_06M;t1;0.2;52;6870.78;TRUE
LR2_2_10_t2_60R_60V_02I_06M;t2;0.2;52;10860.24;TRUE
LR1_2_9_t1_60R_60V_04I_06M;t1;0.2;52;7189.31;TRUE
LR2_2_8_t2_60R_60V_04I_06M;t2;0.2;52;7602.55;TRUE
lr106_t1_08R_08V_02I_04M;t1;0.2;59;602.78;TRUE
lr208_t2_08R_08V_02I_04M;t2;0.2;59;568.93;TRUE
lr109_t1_08R_08V_04I_04M;t1;0.2;59;555.44;TRUE
lr208_t2_08R_08V_04I_04M;t2;0.2;59;628.33;TRUE
lr110_t1_12R_12V_02I_04M;t1;0.2;59;971.55;TRUE
lr207_t2_12R_12V_02I_04M;t2;0.2;59;889.74;TRUE
lr108_t1_12R_12V_04I_04M;t1;0.2;59;833.35;TRUE
lr207_t2_12R_12V_04I_04M;t2;0.2;59;909.81;TRUE
LR1_2_8_t1_40R_40V_02I_06M;t1;0.2;59;3905.65;TRUE
LR2_2_10_t2_40R_40V_02I_06M;t2;0.2;59;6448.87;TRUE
LR1_2_8_t1_40R_40V_04I_06M;t1;0.2;59;3360.07;TRUE
LR2_2_6_t2_40R_40V_04I_06M;t2;0.2;59;6316.96;TRUE
LR1_2_9_t1_60R_60V_02I_06M;t1;0.2;59;6717.35;TRUE
LR2_2_10_t2_60R_60V_02I_06M;t2;0.2;59;11005.98;TRUE
LR1_2_9_t1_60R_60V_04I_06M;t1;0.2;59;7157.68;TRUE
LR2_2_8_t2_60R_60V_04I_06M;t2;0.2;59;7518.16;TRUE
lr106_t1_08R_08V_02I_04M;t1;0.2;66;602.78;TRUE
lr208_t2_08R_08V_02I_04M;t2;0.2;66;559.3;TRUE
lr109_t1_08R_08V_04I_04M;t1;0.2;66;555.44;TRUE
lr208_t2_08R_08V_04I_04M;t2;0.2;66;622.14;TRUE
lr110_t1_12R_12V_02I_04M;t1;0.2;66;972.96;TRUE
lr207_t2_12R_12V_02I_04M;t2;0.2;66;876.18;TRUE
lr108_t1_12R_12V_04I_04M;t1;0.2;66;833.35;TRUE
lr207_t2_12R_12V_04I_04M;t2;0.2;66;900.31;TRUE
LR1_2_8_t1_40R_40V_02I_06M;t1;0.2;66;3996.87;TRUE
LR2_2_10_t2_40R_40V_02I_06M;t2;0.2;66;6472.32;TRUE
LR1_2_8_t1_40R_40V_04I_06M;t1;0.2;66;3375.58;TRUE
LR2_2_6_t2_40R_40V_04I_06M;t2;0.2;66;6202.7;TRUE
LR1_2_9_t1_60R_60V_02I_06M;t1;0.2;66;6719.05;TRUE
LR2_2_10_t2_60R_60V_02I_06M;t2;0.2;66;10926.7;TRUE
LR1_2_9_t1_60R_60V_04I_06M;t1;0.2;66;7203.3;TRUE
LR2_2_8_t2_60R_60V_04I_06M;t2;0.2;66;7624.07;TRUE
lr106_t1_08R_08V_02I_04M;t1;0.2;73;602.78;TRUE
lr208_t2_08R_08V_02I_04M;t2;0.2;73;555.11;TRUE
lr109_t1_08R_08V_04I_04M;t1;0.2;73;555.44;TRUE
lr208_t2_08R_08V_04I_04M;t2;0.2;73;621.54;TRUE
lr110_t1_12R_12V_02I_04M;t1;0.2;73;971.55;TRUE
lr207_t2_12R_12V_02I_04M;t2;0.2;73;877.3;TRUE
lr108_t1_12R_12V_04I_04M;t1;0.2;73;833.35;TRUE
lr207_t2_12R_12V_04I_04M;t2;0.2;73;887.07;TRUE
LR1_2_8_t1_40R_40V_02I_06M;t1;0.2;73;3928.91;TRUE
LR2_2_10_t2_40R_40V_02I_06M;t2;0.2;73;6562.85;TRUE
LR1_2_8_t1_40R_40V_04I_06M;t1;0.2;73;3402.23;TRUE
LR2_2_6_t2_40R_40V_04I_06M;t2;0.2;73;6376.8;TRUE
LR1_2_9_t1_60R_60V_02I_06M;t1;0.2;73;6641.87;TRUE
LR2_2_10_t2_60R_60V_02I_06M;t2;0.2;73;10711.59;TRUE
LR1_2_9_t1_60R_60V_04I_06M;t1;0.2;73;7050.18;TRUE
LR2_2_8_t2_60R_60V_04I_06M;t2;0.2;73;7499.13;TRUE
lr106_t1_08R_08V_02I_04M;t1;0.2;80;602.78;TRUE
lr208_t2_08R_08V_02I_04M;t2;0.2;80;553.23;TRUE
lr109_t1_08R_08V_04I_04M;t1;0.2;80;555.44;TRUE
lr208_t2_08R_08V_04I_04M;t2;0.2;80;621.54;TRUE
lr110_t1_12R_12V_02I_04M;t1;0.2;80;971.55;TRUE
lr207_t2_12R_12V_02I_04M;t2;0.2;80;883.39;TRUE
lr108_t1_12R_12V_04I_04M;t1;0.2;80;833.35;TRUE
lr207_t2_12R_12V_04I_04M;t2;0.2;80;909.33;TRUE
LR1_2_8_t1_40R_40V_02I_06M;t1;0.2;80;3792.54;TRUE
LR2_2_10_t2_40R_40V_02I_06M;t2;0.2;80;6594.24;TRUE
LR1_2_8_t1_40R_40V_04I_06M;t1;0.2;80;3258.89;TRUE
LR2_2_6_t2_40R_40V_04I_06M;t2;0.2;80;6206.56;TRUE
LR1_2_9_t1_60R_60V_02I_06M;t1;0.2;80;6772.4;TRUE
LR2_2_10_t2_60R_60V_02I_06M;t2;0.2;80;11072.63;TRUE
LR1_2_9_t1_60R_60V_04I_06M;t1;0.2;80;6942.41;TRUE
LR2_2_8_t2_60R_60V_04I_06M;t2;0.2;80;7513.95;TRUE
lr106_t1_08R_08V_02I_04M;t1;0.2;87;602.78;TRUE
lr208_t2_08R_08V_02I_04M;t2;0.2;87;562.47;TRUE
lr109_t1_08R_08V_04I_04M;t1;0.2;87;555.44;TRUE
lr208_t2_08R_08V_04I_04M;t2;0.2;87;624.23;TRUE
lr110_t1_12R_12V_02I_04M;t1;0.2;87;971.55;TRUE
lr207_t2_12R_12V_02I_04M;t2;0.2;87;887.93;TRUE
lr108_t1_12R_12V_04I_04M;t1;0.2;87;833.35;TRUE
lr207_t2_12R_12V_04I_04M;t2;0.2;87;905.85;TRUE
LR1_2_8_t1_40R_40V_02I_06M;t1;0.2;87;3989.88;TRUE
LR2_2_10_t2_40R_40V_02I_06M;t2;0.2;87;6511.93;TRUE
LR1_2_8_t1_40R_40V_04I_06M;t1;0.2;87;3371.32;TRUE
LR2_2_6_t2_40R_40V_04I_06M;t2;0.2;87;6317.98;TRUE
LR1_2_9_t1_60R_60V_02I_06M;t1;0.2;87;6708.14;TRUE
LR2_2_10_t2_60R_60V_02I_06M;t2;0.2;87;11153.34;TRUE
LR1_2_9_t1_60R_60V_04I_06M;t1;0.2;87;7096.07;TRUE
LR2_2_8_t2_60R_60V_04I_06M;t2;0.2;87;7656.54;TRUE
lr106_t1_08R_08V_02I_04M;t1;0.05;94;602.78;TRUE
lr208_t2_08R_08V_02I_04M;t2;0.05;94;555.13;TRUE
lr109_t1_08R_08V_04I_04M;t1;0.05;94;555.44;TRUE
lr208_t2_08R_08V_04I_04M;t2;0.05;94;619.6;TRUE
lr110_t1_12R_12V_02I_04M;t1;0.05;94;971.55;TRUE
lr207_t2_12R_12V_02I_04M;t2;0.05;94;868.36;TRUE
lr108_t1_12R_12V_04I_04M;t1;0.05;94;833.35;TRUE
lr207_t2_12R_12V_04I_04M;t2;0.05;94;877.32;TRUE
LR1_2_8_t1_40R_40V_02I_06M;t1;0.05;94;3770.72;TRUE
LR2_2_10_t2_40R_40V_02I_06M;t2;0.05;94;6142.1;TRUE
LR1_2_8_t1_40R_40V_04I_06M;t1;0.05;94;3276.35;TRUE
LR2_2_6_t2_40R_40V_04I_06M;t2;0.05;94;6118.9;TRUE
LR1_2_9_t1_60R_60V_02I_06M;t1;0.05;94;6577.93;TRUE
LR2_2_10_t2_60R_60V_02I_06M;t2;0.05;94;10540.03;TRUE
LR1_2_9_t1_60R_60V_04I_06M;t1;0.05;94;7174.19;TRUE
LR2_2_8_t2_60R_60V_04I_06M;t2;0.05;94;7188.16;TRUE
lr106_t1_08R_08V_02I_04M;t1;0.05;101;602.78;TRUE
lr208_t2_08R_08V_02I_04M;t2;0.05;101;552.95;TRUE
lr109_t1_08R_08V_04I_04M;t1;0.05;101;555.44;TRUE
lr208_t2_08R_08V_04I_04M;t2;0.05;101;618.37;TRUE
lr110_t1_12R_12V_02I_04M;t1;0.05;101;971.55;TRUE
lr207_t2_12R_12V_02I_04M;t2;0.05;101;867.02;TRUE
lr108_t1_12R_12V_04I_04M;t1;0.05;101;833.35;TRUE
lr207_t2_12R_12V_04I_04M;t2;0.05;101;856.34;TRUE
LR1_2_8_t1_40R_40V_02I_06M;t1;0.05;101;3786.87;TRUE
LR2_2_10_t2_40R_40V_02I_06M;t2;0.05;101;5937.15;TRUE
LR1_2_8_t1_40R_40V_04I_06M;t1;0.05;101;3309.21;TRUE
LR2_2_6_t2_40R_40V_04I_06M;t2;0.05;101;6043.17;TRUE
LR1_2_9_t1_60R_60V_02I_06M;t1;0.05;101;6667.44;TRUE
LR2_2_10_t2_60R_60V_02I_06M;t2;0.05;101;10241.62;TRUE
LR1_2_9_t1_60R_60V_04I_06M;t1;0.05;101;7028.01;TRUE
LR2_2_8_t2_60R_60V_04I_06M;t2;0.05;101;6854.79;TRUE
lr106_t1_08R_08V_02I_04M;t1;0.05;108;602.78;TRUE
lr208_t2_08R_08V_02I_04M;t2;0.05;108;553.54;TRUE
lr109_t1_08R_08V_04I_04M;t1;0.05;108;555.44;TRUE
lr208_t2_08R_08V_04I_04M;t2;0.05;108;621.58;TRUE
lr110_t1_12R_12V_02I_04M;t1;0.05;108;971.55;TRUE
lr207_t2_12R_12V_02I_04M;t2;0.05;108;869.29;TRUE
lr108_t1_12R_12V_04I_04M;t1;0.05;108;833.35;TRUE
lr207_t2_12R_12V_04I_04M;t2;0.05;108;862;TRUE
LR1_2_8_t1_40R_40V_02I_06M;t1;0.05;108;3703.46;TRUE
LR2_2_10_t2_40R_40V_02I_06M;t2;0.05;108;5996.14;TRUE
LR1_2_8_t1_40R_40V_04I_06M;t1;0.05;108;3291.55;TRUE
LR2_2_6_t2_40R_40V_04I_06M;t2;0.05;108;6002.33;TRUE
LR1_2_9_t1_60R_60V_02I_06M;t1;0.05;108;6592.72;TRUE
LR2_2_10_t2_60R_60V_02I_06M;t2;0.05;108;10377.85;TRUE
LR1_2_9_t1_60R_60V_04I_06M;t1;0.05;108;7231.97;TRUE
LR2_2_8_t2_60R_60V_04I_06M;t2;0.05;108;6804.46;TRUE
lr106_t1_08R_08V_02I_04M;t1;0.05;115;602.78;TRUE
lr208_t2_08R_08V_02I_04M;t2;0.05;115;555.13;TRUE
lr109_t1_08R_08V_04I_04M;t1;0.05;115;555.44;TRUE
lr208_t2_08R_08V_04I_04M;t2;0.05;115;621.58;TRUE
lr110_t1_12R_12V_02I_04M;t1;0.05;115;971.55;TRUE
lr207_t2_12R_12V_02I_04M;t2;0.05;115;869.24;TRUE
lr108_t1_12R_12V_04I_04M;t1;0.05;115;833.35;TRUE
lr207_t2_12R_12V_04I_04M;t2;0.05;115;850.86;TRUE
LR1_2_8_t1_40R_40V_02I_06M;t1;0.05;115;3803.32;TRUE
LR2_2_10_t2_40R_40V_02I_06M;t2;0.05;115;6157.97;TRUE
LR1_2_8_t1_40R_40V_04I_06M;t1;0.05;115;3362.62;TRUE
LR2_2_6_t2_40R_40V_04I_06M;t2;0.05;115;6126;TRUE
LR1_2_9_t1_60R_60V_02I_06M;t1;0.05;115;6597.13;TRUE
LR2_2_10_t2_60R_60V_02I_06M;t2;0.05;115;10486.1;TRUE
LR1_2_9_t1_60R_60V_04I_06M;t1;0.05;115;6905.31;TRUE
LR2_2_8_t2_60R_60V_04I_06M;t2;0.05;115;6629.45;TRUE
lr106_t1_08R_08V_02I_04M;t1;0.05;122;602.78;TRUE
lr208_t2_08R_08V_02I_04M;t2;0.05;122;553.05;TRUE
lr109_t1_08R_08V_04I_04M;t1;0.05;122;555.44;TRUE
lr208_t2_08R_08V_04I_04M;t2;0.05;122;620.7;TRUE
lr110_t1_12R_12V_02I_04M;t1;0.05;122;971.55;TRUE
lr207_t2_12R_12V_02I_04M;t2;0.05;122;870.03;TRUE
lr108_t1_12R_12V_04I_04M;t1;0.05;122;833.35;TRUE
lr207_t2_12R_12V_04I_04M;t2;0.05;122;862.5;TRUE
LR1_2_8_t1_40R_40V_02I_06M;t1;0.05;122;3657.62;TRUE
LR2_2_10_t2_40R_40V_02I_06M;t2;0.05;122;6123.5;TRUE
LR1_2_8_t1_40R_40V_04I_06M;t1;0.05;122;3372.3;TRUE
LR2_2_6_t2_40R_40V_04I_06M;t2;0.05;122;6145.36;TRUE
LR1_2_9_t1_60R_60V_02I_06M;t1;0.05;122;6651.46;TRUE
LR2_2_10_t2_60R_60V_02I_06M;t2;0.05;122;10047.59;TRUE
LR1_2_9_t1_60R_60V_04I_06M;t1;0.05;122;6975.96;TRUE
LR2_2_8_t2_60R_60V_04I_06M;t2;0.05;122;6970.45;TRUE
lr106_t1_08R_08V_02I_04M;t1;0.05;129;602.78;TRUE
lr208_t2_08R_08V_02I_04M;t2;0.05;129;562.14;TRUE
lr109_t1_08R_08V_04I_04M;t1;0.05;129;555.44;TRUE
lr208_t2_08R_08V_04I_04M;t2;0.05;129;620.49;TRUE
lr110_t1_12R_12V_02I_04M;t1;0.05;129;971.55;TRUE
lr207_t2_12R_12V_02I_04M;t2;0.05;129;871.57;TRUE
lr108_t1_12R_12V_04I_04M;t1;0.05;129;833.35;TRUE
lr207_t2_12R_12V_04I_04M;t2;0.05;129;847.17;TRUE
LR1_2_8_t1_40R_40V_02I_06M;t1;0.05;129;3796;TRUE
LR2_2_10_t2_40R_40V_02I_06M;t2;0.05;129;6245.76;TRUE
LR1_2_8_t1_40R_40V_04I_06M;t1;0.05;129;3310.38;TRUE
LR2_2_6_t2_40R_40V_04I_06M;t2;0.05;129;6089.76;TRUE
LR1_2_9_t1_60R_60V_02I_06M;t1;0.05;129;6661.09;TRUE
LR2_2_10_t2_60R_60V_02I_06M;t2;0.05;129;10396.07;TRUE
LR1_2_9_t1_60R_60V_04I_06M;t1;0.05;129;7139.11;TRUE
LR2_2_8_t2_60R_60V_04I_06M;t2;0.05;129;6897.01;TRUE
lr106_t1_08R_08V_02I_04M;t1;0.05;136;602.78;TRUE
lr208_t2_08R_08V_02I_04M;t2;0.05;136;554.52;TRUE
lr109_t1_08R_08V_04I_04M;t1;0.05;136;555.44;TRUE
lr208_t2_08R_08V_04I_04M;t2;0.05;136;621.54;TRUE
lr110_t1_12R_12V_02I_04M;t1;0.05;136;971.55;TRUE
lr207_t2_12R_12V_02I_04M;t2;0.05;136;868.57;TRUE
lr108_t1_12R_12V_04I_04M;t1;0.05;136;833.35;TRUE
lr207_t2_12R_12V_04I_04M;t2;0.05;136;850.43;TRUE
LR1_2_8_t1_40R_40V_02I_06M;t1;0.05;136;3684.41;TRUE
LR2_2_10_t2_40R_40V_02I_06M;t2;0.05;136;6068.11;TRUE
LR1_2_8_t1_40R_40V_04I_06M;t1;0.05;136;3329.61;TRUE
LR2_2_6_t2_40R_40V_04I_06M;t2;0.05;136;6179.14;TRUE
LR1_2_9_t1_60R_60V_02I_06M;t1;0.05;136;6524;TRUE
LR2_2_10_t2_60R_60V_02I_06M;t2;0.05;136;10336.02;TRUE
LR1_2_9_t1_60R_60V_04I_06M;t1;0.05;136;6971.52;TRUE
LR2_2_8_t2_60R_60V_04I_06M;t2;0.05;136;6948.81;TRUE
lr106_t1_08R_08V_02I_04M;t1;0.05;143;602.78;TRUE
lr208_t2_08R_08V_02I_04M;t2;0.05;143;557.66;TRUE
lr109_t1_08R_08V_04I_04M;t1;0.05;143;555.44;TRUE
lr208_t2_08R_08V_04I_04M;t2;0.05;143;618.4;TRUE
lr110_t1_12R_12V_02I_04M;t1;0.05;143;971.55;TRUE
lr207_t2_12R_12V_02I_04M;t2;0.05;143;861.64;TRUE
lr108_t1_12R_12V_04I_04M;t1;0.05;143;833.35;TRUE
lr207_t2_12R_12V_04I_04M;t2;0.05;143;876.21;TRUE
LR1_2_8_t1_40R_40V_02I_06M;t1;0.05;143;3808.55;TRUE
LR2_2_10_t2_40R_40V_02I_06M;t2;0.05;143;6142.09;TRUE
LR1_2_8_t1_40R_40V_04I_06M;t1;0.05;143;3274.13;TRUE
LR2_2_6_t2_40R_40V_04I_06M;t2;0.05;143;6189.22;TRUE
LR1_2_9_t1_60R_60V_02I_06M;t1;0.05;143;6602.66;TRUE
LR2_2_10_t2_60R_60V_02I_06M;t2;0.05;143;10354.65;TRUE
LR1_2_9_t1_60R_60V_04I_06M;t1;0.05;143;7158.7;TRUE
LR2_2_8_t2_60R_60V_04I_06M;t2;0.05;143;6921.27;TRUE
lr106_t1_08R_08V_02I_04M;t1;0.05;150;602.78;TRUE
lr208_t2_08R_08V_02I_04M;t2;0.05;150;555.11;TRUE
lr109_t1_08R_08V_04I_04M;t1;0.05;150;555.44;TRUE
lr208_t2_08R_08V_04I_04M;t2;0.05;150;618.37;TRUE
lr110_t1_12R_12V_02I_04M;t1;0.05;150;971.55;TRUE
lr207_t2_12R_12V_02I_04M;t2;0.05;150;872.03;TRUE
lr108_t1_12R_12V_04I_04M;t1;0.05;150;833.35;TRUE
lr207_t2_12R_12V_04I_04M;t2;0.05;150;855.91;TRUE
LR1_2_8_t1_40R_40V_02I_06M;t1;0.05;150;3725.17;TRUE
LR2_2_10_t2_40R_40V_02I_06M;t2;0.05;150;6173.1;TRUE
LR1_2_8_t1_40R_40V_04I_06M;t1;0.05;150;3282.09;TRUE
LR2_2_6_t2_40R_40V_04I_06M;t2;0.05;150;6041.97;TRUE
LR1_2_9_t1_60R_60V_02I_06M;t1;0.05;150;6486.5;TRUE
LR2_2_10_t2_60R_60V_02I_06M;t2;0.05;150;10662.44;TRUE
LR1_2_9_t1_60R_60V_04I_06M;t1;0.05;150;7021.2;TRUE
LR2_2_8_t2_60R_60V_04I_06M;t2;0.05;150;7185.66;TRUE
lr106_t1_08R_08V_02I_04M;t1;0.05;157;602.78;TRUE
lr208_t2_08R_08V_02I_04M;t2;0.05;157;556.13;TRUE
lr109_t1_08R_08V_04I_04M;t1;0.05;157;555.44;TRUE
lr208_t2_08R_08V_04I_04M;t2;0.05;157;621.93;TRUE
lr110_t1_12R_12V_02I_04M;t1;0.05;157;971.55;TRUE
lr207_t2_12R_12V_02I_04M;t2;0.05;157;865.84;TRUE
lr108_t1_12R_12V_04I_04M;t1;0.05;157;833.35;TRUE
lr207_t2_12R_12V_04I_04M;t2;0.05;157;877.58;TRUE
LR1_2_8_t1_40R_40V_02I_06M;t1;0.05;157;3810.62;TRUE
LR2_2_10_t2_40R_40V_02I_06M;t2;0.05;157;6293.98;TRUE
LR1_2_8_t1_40R_40V_04I_06M;t1;0.05;157;3290.5;TRUE
LR2_2_6_t2_40R_40V_04I_06M;t2;0.05;157;6171.46;TRUE
LR1_2_9_t1_60R_60V_02I_06M;t1;0.05;157;6602.1;TRUE
LR2_2_10_t2_60R_60V_02I_06M;t2;0.05;157;10196.43;TRUE
LR1_2_9_t1_60R_60V_04I_06M;t1;0.05;157;6959.75;TRUE
LR2_2_8_t2_60R_60V_04I_06M;t2;0.05;157;6800.45;TRUE
lr106_t1_08R_08V_02I_04M;t1;0.1;94;602.78;TRUE
lr208_t2_08R_08V_02I_04M;t2;0.1;94;562.34;TRUE
lr109_t1_08R_08V_04I_04M;t1;0.1;94;555.44;TRUE
lr208_t2_08R_08V_04I_04M;t2;0.1;94;619.6;TRUE
lr110_t1_12R_12V_02I_04M;t1;0.1;94;971.55;TRUE
lr207_t2_12R_12V_02I_04M;t2;0.1;94;871.27;TRUE
lr108_t1_12R_12V_04I_04M;t1;0.1;94;833.35;TRUE
lr207_t2_12R_12V_04I_04M;t2;0.1;94;877.23;TRUE
LR1_2_8_t1_40R_40V_02I_06M;t1;0.1;94;3792.96;TRUE
LR2_2_10_t2_40R_40V_02I_06M;t2;0.1;94;6185.42;TRUE
LR1_2_8_t1_40R_40V_04I_06M;t1;0.1;94;3280.88;TRUE
LR2_2_6_t2_40R_40V_04I_06M;t2;0.1;94;6006.21;TRUE
LR1_2_9_t1_60R_60V_02I_06M;t1;0.1;94;6558.03;TRUE
LR2_2_10_t2_60R_60V_02I_06M;t2;0.1;94;10796.87;TRUE
LR1_2_9_t1_60R_60V_04I_06M;t1;0.1;94;6859.46;TRUE
LR2_2_8_t2_60R_60V_04I_06M;t2;0.1;94;7291.88;TRUE
lr106_t1_08R_08V_02I_04M;t1;0.1;101;602.78;TRUE
lr208_t2_08R_08V_02I_04M;t2;0.1;101;555.17;TRUE
lr109_t1_08R_08V_04I_04M;t1;0.1;101;555.44;TRUE
lr208_t2_08R_08V_04I_04M;t2;0.1;101;621.9;TRUE
lr110_t1_12R_12V_02I_04M;t1;0.1;101;971.55;TRUE
lr207_t2_12R_12V_02I_04M;t2;0.1;101;869.15;TRUE
lr108_t1_12R_12V_04I_04M;t1;0.1;101;833.87;TRUE
lr207_t2_12R_12V_04I_04M;t2;0.1;101;867.3;TRUE
LR1_2_8_t1_40R_40V_02I_06M;t1;0.1;101;3718.65;TRUE
LR2_2_10_t2_40R_40V_02I_06M;t2;0.1;101;6441.06;TRUE
LR1_2_8_t1_40R_40V_04I_06M;t1;0.1;101;3354;TRUE
LR2_2_6_t2_40R_40V_04I_06M;t2;0.1;101;6269.47;TRUE
LR1_2_9_t1_60R_60V_02I_06M;t1;0.1;101;6720.27;TRUE
LR2_2_10_t2_60R_60V_02I_06M;t2;0.1;101;10838.78;TRUE
LR1_2_9_t1_60R_60V_04I_06M;t1;0.1;101;6741.5;TRUE
LR2_2_8_t2_60R_60V_04I_06M;t2;0.1;101;7283.38;TRUE
lr106_t1_08R_08V_02I_04M;t1;0.1;108;602.78;TRUE
lr208_t2_08R_08V_02I_04M;t2;0.1;108;555.41;TRUE
lr109_t1_08R_08V_04I_04M;t1;0.1;108;555.44;TRUE
lr208_t2_08R_08V_04I_04M;t2;0.1;108;621.54;TRUE
lr110_t1_12R_12V_02I_04M;t1;0.1;108;971.55;TRUE
lr207_t2_12R_12V_02I_04M;t2;0.1;108;871.06;TRUE
lr108_t1_12R_12V_04I_04M;t1;0.1;108;833.35;TRUE
lr207_t2_12R_12V_04I_04M;t2;0.1;108;891.01;TRUE
LR1_2_8_t1_40R_40V_02I_06M;t1;0.1;108;3701.41;TRUE
LR2_2_10_t2_40R_40V_02I_06M;t2;0.1;108;6407.78;TRUE
LR1_2_8_t1_40R_40V_04I_06M;t1;0.1;108;3328.03;TRUE
LR2_2_6_t2_40R_40V_04I_06M;t2;0.1;108;6140.35;TRUE
LR1_2_9_t1_60R_60V_02I_06M;t1;0.1;108;6527.64;TRUE
LR2_2_10_t2_60R_60V_02I_06M;t2;0.1;108;10484.41;TRUE
LR1_2_9_t1_60R_60V_04I_06M;t1;0.1;108;7165.47;TRUE
LR2_2_8_t2_60R_60V_04I_06M;t2;0.1;108;7185.44;TRUE
lr106_t1_08R_08V_02I_04M;t1;0.1;115;602.78;TRUE
lr208_t2_08R_08V_02I_04M;t2;0.1;115;566.57;TRUE
lr109_t1_08R_08V_04I_04M;t1;0.1;115;555.44;TRUE
lr208_t2_08R_08V_04I_04M;t2;0.1;115;621.91;TRUE
lr110_t1_12R_12V_02I_04M;t1;0.1;115;971.55;TRUE
lr207_t2_12R_12V_02I_04M;t2;0.1;115;877.64;TRUE
lr108_t1_12R_12V_04I_04M;t1;0.1;115;833.35;TRUE
lr207_t2_12R_12V_04I_04M;t2;0.1;115;883.62;TRUE
LR1_2_8_t1_40R_40V_02I_06M;t1;0.1;115;3782.96;TRUE
LR2_2_10_t2_40R_40V_02I_06M;t2;0.1;115;6307.07;TRUE
LR1_2_8_t1_40R_40V_04I_06M;t1;0.1;115;3330.95;TRUE
LR2_2_6_t2_40R_40V_04I_06M;t2;0.1;115;6150.86;TRUE
LR1_2_9_t1_60R_60V_02I_06M;t1;0.1;115;6664.41;TRUE
LR2_2_10_t2_60R_60V_02I_06M;t2;0.1;115;10668.35;TRUE
LR1_2_9_t1_60R_60V_04I_06M;t1;0.1;115;6907.98;TRUE
LR2_2_8_t2_60R_60V_04I_06M;t2;0.1;115;7297.75;TRUE
lr106_t1_08R_08V_02I_04M;t1;0.1;122;602.78;TRUE
lr208_t2_08R_08V_02I_04M;t2;0.1;122;555.41;TRUE
lr109_t1_08R_08V_04I_04M;t1;0.1;122;555.44;TRUE
lr208_t2_08R_08V_04I_04M;t2;0.1;122;619.27;TRUE
lr110_t1_12R_12V_02I_04M;t1;0.1;122;971.55;TRUE
lr207_t2_12R_12V_02I_04M;t2;0.1;122;866.97;TRUE
lr108_t1_12R_12V_04I_04M;t1;0.1;122;833.35;TRUE
lr207_t2_12R_12V_04I_04M;t2;0.1;122;883.62;TRUE
LR1_2_8_t1_40R_40V_02I_06M;t1;0.1;122;3814.24;TRUE
LR2_2_10_t2_40R_40V_02I_06M;t2;0.1;122;6361.44;TRUE
LR1_2_8_t1_40R_40V_04I_06M;t1;0.1;122;3406.92;TRUE
LR2_2_6_t2_40R_40V_04I_06M;t2;0.1;122;6203.66;TRUE
LR1_2_9_t1_60R_60V_02I_06M;t1;0.1;122;6573.94;TRUE
LR2_2_10_t2_60R_60V_02I_06M;t2;0.1;122;10366.36;TRUE
LR1_2_9_t1_60R_60V_04I_06M;t1;0.1;122;7114.17;TRUE
LR2_2_8_t2_60R_60V_04I_06M;t2;0.1;122;7268.91;TRUE
lr106_t1_08R_08V_02I_04M;t1;0.1;129;602.78;TRUE
lr208_t2_08R_08V_02I_04M;t2;0.1;129;550.16;TRUE
lr109_t1_08R_08V_04I_04M;t1;0.1;129;555.44;TRUE
lr208_t2_08R_08V_04I_04M;t2;0.1;129;619.57;TRUE
lr110_t1_12R_12V_02I_04M;t1;0.1;129;971.55;TRUE
lr207_t2_12R_12V_02I_04M;t2;0.1;129;873.94;TRUE
lr108_t1_12R_12V_04I_04M;t1;0.1;129;833.35;TRUE
lr207_t2_12R_12V_04I_04M;t2;0.1;129;879.76;TRUE
LR1_2_8_t1_40R_40V_02I_06M;t1;0.1;129;3760.24;TRUE
LR2_2_10_t2_40R_40V_02I_06M;t2;0.1;129;6336.09;TRUE
LR1_2_8_t1_40R_40V_04I_06M;t1;0.1;129;3248.3;TRUE
LR2_2_6_t2_40R_40V_04I_06M;t2;0.1;129;6230.81;TRUE
LR1_2_9_t1_60R_60V_02I_06M;t1;0.1;129;6637.37;TRUE
LR2_2_10_t2_60R_60V_02I_06M;t2;0.1;129;10612.8;TRUE
LR1_2_9_t1_60R_60V_04I_06M;t1;0.1;129;6982.21;TRUE
LR2_2_8_t2_60R_60V_04I_06M;t2;0.1;129;7194.56;TRUE
lr106_t1_08R_08V_02I_04M;t1;0.1;136;602.78;TRUE
lr208_t2_08R_08V_02I_04M;t2;0.1;136;550.16;TRUE
lr109_t1_08R_08V_04I_04M;t1;0.1;136;555.44;TRUE
lr208_t2_08R_08V_04I_04M;t2;0.1;136;619.27;TRUE
lr110_t1_12R_12V_02I_04M;t1;0.1;136;971.55;TRUE
lr207_t2_12R_12V_02I_04M;t2;0.1;136;872.06;TRUE
lr108_t1_12R_12V_04I_04M;t1;0.1;136;833.87;TRUE
lr207_t2_12R_12V_04I_04M;t2;0.1;136;884.8;TRUE
LR1_2_8_t1_40R_40V_02I_06M;t1;0.1;136;3743.25;TRUE
LR2_2_10_t2_40R_40V_02I_06M;t2;0.1;136;6299.96;TRUE
LR1_2_8_t1_40R_40V_04I_06M;t1;0.1;136;3347.43;TRUE
LR2_2_6_t2_40R_40V_04I_06M;t2;0.1;136;6186.85;TRUE
LR1_2_9_t1_60R_60V_02I_06M;t1;0.1;136;6660.34;TRUE
LR2_2_10_t2_60R_60V_02I_06M;t2;0.1;136;10488.32;TRUE
LR1_2_9_t1_60R_60V_04I_06M;t1;0.1;136;7106.16;TRUE
LR2_2_8_t2_60R_60V_04I_06M;t2;0.1;136;7305.46;TRUE
lr106_t1_08R_08V_02I_04M;t1;0.1;143;602.78;TRUE
lr208_t2_08R_08V_02I_04M;t2;0.1;143;557.59;TRUE
lr109_t1_08R_08V_04I_04M;t1;0.1;143;555.44;TRUE
lr208_t2_08R_08V_04I_04M;t2;0.1;143;621.53;TRUE
lr110_t1_12R_12V_02I_04M;t1;0.1;143;971.55;TRUE
lr207_t2_12R_12V_02I_04M;t2;0.1;143;873.03;TRUE
lr108_t1_12R_12V_04I_04M;t1;0.1;143;833.35;TRUE
lr207_t2_12R_12V_04I_04M;t2;0.1;143;888.56;TRUE
LR1_2_8_t1_40R_40V_02I_06M;t1;0.1;143;3758.49;TRUE
LR2_2_10_t2_40R_40V_02I_06M;t2;0.1;143;6334.35;TRUE
LR1_2_8_t1_40R_40V_04I_06M;t1;0.1;143;3451.63;TRUE
LR2_2_6_t2_40R_40V_04I_06M;t2;0.1;143;6179.18;TRUE
LR1_2_9_t1_60R_60V_02I_06M;t1;0.1;143;6641.62;TRUE
LR2_2_10_t2_60R_60V_02I_06M;t2;0.1;143;10663.45;TRUE
LR1_2_9_t1_60R_60V_04I_06M;t1;0.1;143;6814.55;TRUE
LR2_2_8_t2_60R_60V_04I_06M;t2;0.1;143;7431.83;TRUE
lr106_t1_08R_08V_02I_04M;t1;0.1;150;602.78;TRUE
lr208_t2_08R_08V_02I_04M;t2;0.1;150;555.28;TRUE
lr109_t1_08R_08V_04I_04M;t1;0.1;150;555.44;TRUE
lr208_t2_08R_08V_04I_04M;t2;0.1;150;618.37;TRUE
lr110_t1_12R_12V_02I_04M;t1;0.1;150;971.55;TRUE
lr207_t2_12R_12V_02I_04M;t2;0.1;150;871.06;TRUE
lr108_t1_12R_12V_04I_04M;t1;0.1;150;833.35;TRUE
lr207_t2_12R_12V_04I_04M;t2;0.1;150;876.14;TRUE
LR1_2_8_t1_40R_40V_02I_06M;t1;0.1;150;3674.1;TRUE
LR2_2_10_t2_40R_40V_02I_06M;t2;0.1;150;6268.36;TRUE
LR1_2_8_t1_40R_40V_04I_06M;t1;0.1;150;3271.06;TRUE
LR2_2_6_t2_40R_40V_04I_06M;t2;0.1;150;6146.31;TRUE
LR1_2_9_t1_60R_60V_02I_06M;t1;0.1;150;6546.68;TRUE
LR2_2_10_t2_60R_60V_02I_06M;t2;0.1;150;10703.75;TRUE
LR1_2_9_t1_60R_60V_04I_06M;t1;0.1;150;6915.31;TRUE
LR2_2_8_t2_60R_60V_04I_06M;t2;0.1;150;6992.39;TRUE
lr106_t1_08R_08V_02I_04M;t1;0.1;157;602.78;TRUE
lr208_t2_08R_08V_02I_04M;t2;0.1;157;558.25;TRUE
lr109_t1_08R_08V_04I_04M;t1;0.1;157;555.44;TRUE
lr208_t2_08R_08V_04I_04M;t2;0.1;157;619.29;TRUE
lr110_t1_12R_12V_02I_04M;t1;0.1;157;971.55;TRUE
lr207_t2_12R_12V_02I_04M;t2;0.1;157;869.54;TRUE
lr108_t1_12R_12V_04I_04M;t1;0.1;157;833.35;TRUE
lr207_t2_12R_12V_04I_04M;t2;0.1;157;879.92;TRUE
LR1_2_8_t1_40R_40V_02I_06M;t1;0.1;157;3821.8;TRUE
LR2_2_10_t2_40R_40V_02I_06M;t2;0.1;157;6463.19;TRUE
LR1_2_8_t1_40R_40V_04I_06M;t1;0.1;157;3301.29;TRUE
LR2_2_6_t2_40R_40V_04I_06M;t2;0.1;157;6123.4;TRUE
LR1_2_9_t1_60R_60V_02I_06M;t1;0.1;157;6638.93;TRUE
LR2_2_10_t2_60R_60V_02I_06M;t2;0.1;157;10667.16;TRUE
LR1_2_9_t1_60R_60V_04I_06M;t1;0.1;157;7102.07;TRUE
LR2_2_8_t2_60R_60V_04I_06M;t2;0.1;157;7128.87;TRUE
lr106_t1_08R_08V_02I_04M;t1;0.15;94;602.78;TRUE
lr208_t2_08R_08V_02I_04M;t2;0.15;94;559;TRUE
lr109_t1_08R_08V_04I_04M;t1;0.15;94;555.44;TRUE
lr208_t2_08R_08V_04I_04M;t2;0.15;94;622.64;TRUE
lr110_t1_12R_12V_02I_04M;t1;0.15;94;971.55;TRUE
lr207_t2_12R_12V_02I_04M;t2;0.15;94;876.07;TRUE
lr108_t1_12R_12V_04I_04M;t1;0.15;94;833.35;TRUE
lr207_t2_12R_12V_04I_04M;t2;0.15;94;888.56;TRUE
LR1_2_8_t1_40R_40V_02I_06M;t1;0.15;94;3904.74;TRUE
LR2_2_10_t2_40R_40V_02I_06M;t2;0.15;94;6438.84;TRUE
LR1_2_8_t1_40R_40V_04I_06M;t1;0.15;94;3374.24;TRUE
LR2_2_6_t2_40R_40V_04I_06M;t2;0.15;94;6194.84;TRUE
LR1_2_9_t1_60R_60V_02I_06M;t1;0.15;94;6629.67;TRUE
LR2_2_10_t2_60R_60V_02I_06M;t2;0.15;94;10918.25;TRUE
LR1_2_9_t1_60R_60V_04I_06M;t1;0.15;94;6416.27;TRUE
LR2_2_8_t2_60R_60V_04I_06M;t2;0.15;94;7606.18;TRUE
lr106_t1_08R_08V_02I_04M;t1;0.15;101;602.78;TRUE
lr208_t2_08R_08V_02I_04M;t2;0.15;101;550.57;TRUE
lr109_t1_08R_08V_04I_04M;t1;0.15;101;555.44;TRUE
lr208_t2_08R_08V_04I_04M;t2;0.15;101;621.93;TRUE
lr110_t1_12R_12V_02I_04M;t1;0.15;101;971.55;TRUE
lr207_t2_12R_12V_02I_04M;t2;0.15;101;882.5;TRUE
lr108_t1_12R_12V_04I_04M;t1;0.15;101;833.87;TRUE
lr207_t2_12R_12V_04I_04M;t2;0.15;101;900.91;TRUE
LR1_2_8_t1_40R_40V_02I_06M;t1;0.15;101;3833.27;TRUE
LR2_2_10_t2_40R_40V_02I_06M;t2;0.15;101;6505.97;TRUE
LR1_2_8_t1_40R_40V_04I_06M;t1;0.15;101;3228.64;TRUE
LR2_2_6_t2_40R_40V_04I_06M;t2;0.15;101;6144.48;TRUE
LR1_2_9_t1_60R_60V_02I_06M;t1;0.15;101;6679.77;TRUE
LR2_2_10_t2_60R_60V_02I_06M;t2;0.15;101;10993.7;TRUE
LR1_2_9_t1_60R_60V_04I_06M;t1;0.15;101;7214.3;TRUE
LR2_2_8_t2_60R_60V_04I_06M;t2;0.15;101;7417.49;TRUE
lr106_t1_08R_08V_02I_04M;t1;0.15;108;602.78;TRUE
lr208_t2_08R_08V_02I_04M;t2;0.15;108;557.48;TRUE
lr109_t1_08R_08V_04I_04M;t1;0.15;108;555.44;TRUE
lr208_t2_08R_08V_04I_04M;t2;0.15;108;621.91;TRUE
lr110_t1_12R_12V_02I_04M;t1;0.15;108;971.55;TRUE
lr207_t2_12R_12V_02I_04M;t2;0.15;108;871.98;TRUE
lr108_t1_12R_12V_04I_04M;t1;0.15;108;833.35;TRUE
lr207_t2_12R_12V_04I_04M;t2;0.15;108;896.62;TRUE
LR1_2_8_t1_40R_40V_02I_06M;t1;0.15;108;3963.37;TRUE
LR2_2_10_t2_40R_40V_02I_06M;t2;0.15;108;6245.58;TRUE
LR1_2_8_t1_40R_40V_04I_06M;t1;0.15;108;3258.05;TRUE
LR2_2_6_t2_40R_40V_04I_06M;t2;0.15;108;6004.08;TRUE
LR1_2_9_t1_60R_60V_02I_06M;t1;0.15;108;6710.92;TRUE
LR2_2_10_t2_60R_60V_02I_06M;t2;0.15;108;11039.34;TRUE
LR1_2_9_t1_60R_60V_04I_06M;t1;0.15;108;7111.08;TRUE
LR2_2_8_t2_60R_60V_04I_06M;t2;0.15;108;7515.54;TRUE
lr106_t1_08R_08V_02I_04M;t1;0.15;115;602.78;TRUE
lr208_t2_08R_08V_02I_04M;t2;0.15;115;549.98;TRUE
lr109_t1_08R_08V_04I_04M;t1;0.15;115;555.44;TRUE
lr208_t2_08R_08V_04I_04M;t2;0.15;115;621.82;TRUE
lr110_t1_12R_12V_02I_04M;t1;0.15;115;971.55;TRUE
lr207_t2_12R_12V_02I_04M;t2;0.15;115;871.8;TRUE
lr108_t1_12R_12V_04I_04M;t1;0.15;115;833.35;TRUE
lr207_t2_12R_12V_04I_04M;t2;0.15;115;895.73;TRUE
LR1_2_8_t1_40R_40V_02I_06M;t1;0.15;115;3952.01;TRUE
LR2_2_10_t2_40R_40V_02I_06M;t2;0.15;115;6457.17;TRUE
LR1_2_8_t1_40R_40V_04I_06M;t1;0.15;115;3394.79;TRUE
LR2_2_6_t2_40R_40V_04I_06M;t2;0.15;115;6369.2;TRUE
LR1_2_9_t1_60R_60V_02I_06M;t1;0.15;115;6671.78;TRUE
LR2_2_10_t2_60R_60V_02I_06M;t2;0.15;115;11057.8;TRUE
LR1_2_9_t1_60R_60V_04I_06M;t1;0.15;115;7007.1;TRUE
LR2_2_8_t2_60R_60V_04I_06M;t2;0.15;115;7628.75;TRUE
lr106_t1_08R_08V_02I_04M;t1;0.15;122;602.78;TRUE
lr208_t2_08R_08V_02I_04M;t2;0.15;122;557.66;TRUE
lr109_t1_08R_08V_04I_04M;t1;0.15;122;555.44;TRUE
lr208_t2_08R_08V_04I_04M;t2;0.15;122;621.53;TRUE
lr110_t1_12R_12V_02I_04M;t1;0.15;122;971.55;TRUE
lr207_t2_12R_12V_02I_04M;t2;0.15;122;869.54;TRUE
lr108_t1_12R_12V_04I_04M;t1;0.15;122;833.35;TRUE
lr207_t2_12R_12V_04I_04M;t2;0.15;122;883.62;TRUE
LR1_2_8_t1_40R_40V_02I_06M;t1;0.15;122;3764.39;TRUE
LR2_2_10_t2_40R_40V_02I_06M;t2;0.15;122;6473.03;TRUE
LR1_2_8_t1_40R_40V_04I_06M;t1;0.15;122;3370.68;TRUE
LR2_2_6_t2_40R_40V_04I_06M;t2;0.15;122;6149.83;TRUE
LR1_2_9_t1_60R_60V_02I_06M;t1;0.15;122;6647.46;TRUE
LR2_2_10_t2_60R_60V_02I_06M;t2;0.15;122;10842.13;TRUE
LR1_2_9_t1_60R_60V_04I_06M;t1;0.15;122;7243.68;TRUE
LR2_2_8_t2_60R_60V_04I_06M;t2;0.15;122;7397.79;TRUE
lr106_t1_08R_08V_02I_04M;t1;0.15;129;602.78;TRUE
lr208_t2_08R_08V_02I_04M;t2;0.15;129;555.78;TRUE
lr109_t1_08R_08V_04I_04M;t1;0.15;129;555.44;TRUE
lr208_t2_08R_08V_04I_04M;t2;0.15;129;620.7;TRUE
lr110_t1_12R_12V_02I_04M;t1;0.15;129;971.55;TRUE
lr207_t2_12R_12V_02I_04M;t2;0.15;129;853.35;TRUE
lr108_t1_12R_12V_04I_04M;t1;0.15;129;833.87;TRUE
lr207_t2_12R_12V_04I_04M;t2;0.15;129;865.58;TRUE
LR1_2_8_t1_40R_40V_02I_06M;t1;0.15;129;3873.74;TRUE
LR2_2_10_t2_40R_40V_02I_06M;t2;0.15;129;6444.69;TRUE
LR1_2_8_t1_40R_40V_04I_06M;t1;0.15;129;3358.08;TRUE
LR2_2_6_t2_40R_40V_04I_06M;t2;0.15;129;6128.2;TRUE
LR1_2_9_t1_60R_60V_02I_06M;t1;0.15;129;6643.44;TRUE
LR2_2_10_t2_60R_60V_02I_06M;t2;0.15;129;10733.1;TRUE
LR1_2_9_t1_60R_60V_04I_06M;t1;0.15;129;7101.88;TRUE
LR2_2_8_t2_60R_60V_04I_06M;t2;0.15;129;7684.53;TRUE
lr106_t1_08R_08V_02I_04M;t1;0.15;136;602.78;TRUE
lr208_t2_08R_08V_02I_04M;t2;0.15;136;555.78;TRUE
lr109_t1_08R_08V_04I_04M;t1;0.15;136;555.44;TRUE
lr208_t2_08R_08V_04I_04M;t2;0.15;136;621.9;TRUE
lr110_t1_12R_12V_02I_04M;t1;0.15;136;971.55;TRUE
lr207_t2_12R_12V_02I_04M;t2;0.15;136;873.75;TRUE
lr108_t1_12R_12V_04I_04M;t1;0.15;136;833.87;TRUE
lr207_t2_12R_12V_04I_04M;t2;0.15;136;901.98;TRUE
LR1_2_8_t1_40R_40V_02I_06M;t1;0.15;136;3855.01;TRUE
LR2_2_10_t2_40R_40V_02I_06M;t2;0.15;136;6575.52;TRUE
LR1_2_8_t1_40R_40V_04I_06M;t1;0.15;136;3315.53;TRUE
LR2_2_6_t2_40R_40V_04I_06M;t2;0.15;136;6205.4;TRUE
LR1_2_9_t1_60R_60V_02I_06M;t1;0.15;136;6569.28;TRUE
LR2_2_10_t2_60R_60V_02I_06M;t2;0.15;136;10709.86;TRUE
LR1_2_9_t1_60R_60V_04I_06M;t1;0.15;136;7026.29;TRUE
LR2_2_8_t2_60R_60V_04I_06M;t2;0.15;136;7596.83;TRUE
lr106_t1_08R_08V_02I_04M;t1;0.15;143;602.78;TRUE
lr208_t2_08R_08V_02I_04M;t2;0.15;143;563.36;TRUE
lr109_t1_08R_08V_04I_04M;t1;0.15;143;555.44;TRUE
lr208_t2_08R_08V_04I_04M;t2;0.15;143;622.59;TRUE
lr110_t1_12R_12V_02I_04M;t1;0.15;143;971.55;TRUE
lr207_t2_12R_12V_02I_04M;t2;0.15;143;879.81;TRUE
lr108_t1_12R_12V_04I_04M;t1;0.15;143;833.35;TRUE
lr207_t2_12R_12V_04I_04M;t2;0.15;143;883.62;TRUE
LR1_2_8_t1_40R_40V_02I_06M;t1;0.15;143;3922.79;TRUE
LR2_2_10_t2_40R_40V_02I_06M;t2;0.15;143;6523.71;TRUE
LR1_2_8_t1_40R_40V_04I_06M;t1;0.15;143;3307.2;TRUE
LR2_2_6_t2_40R_40V_04I_06M;t2;0.15;143;6119.34;TRUE
LR1_2_9_t1_60R_60V_02I_06M;t1;0.15;143;6790.95;TRUE
LR2_2_10_t2_60R_60V_02I_06M;t2;0.15;143;10674.51;TRUE
LR1_2_9_t1_60R_60V_04I_06M;t1;0.15;143;7196.39;TRUE
LR2_2_8_t2_60R_60V_04I_06M;t2;0.15;143;7684.53;TRUE
lr106_t1_08R_08V_02I_04M;t1;0.15;150;602.78;TRUE
lr208_t2_08R_08V_02I_04M;t2;0.15;150;559.71;TRUE
lr109_t1_08R_08V_04I_04M;t1;0.15;150;555.44;TRUE
lr208_t2_08R_08V_04I_04M;t2;0.15;150;621.6;TRUE
lr110_t1_12R_12V_02I_04M;t1;0.15;150;971.55;TRUE
lr207_t2_12R_12V_02I_04M;t2;0.15;150;877.84;TRUE
lr108_t1_12R_12V_04I_04M;t1;0.15;150;833.35;TRUE
lr207_t2_12R_12V_04I_04M;t2;0.15;150;880.51;TRUE
LR1_2_8_t1_40R_40V_02I_06M;t1;0.15;150;3973.9;TRUE
LR2_2_10_t2_40R_40V_02I_06M;t2;0.15;150;6450.32;TRUE
LR1_2_8_t1_40R_40V_04I_06M;t1;0.15;150;3340.6;TRUE
LR2_2_6_t2_40R_40V_04I_06M;t2;0.15;150;6223.94;TRUE
LR1_2_9_t1_60R_60V_02I_06M;t1;0.15;150;6645.75;TRUE
LR2_2_10_t2_60R_60V_02I_06M;t2;0.15;150;11040.62;TRUE
LR1_2_9_t1_60R_60V_04I_06M;t1;0.15;150;7142.17;TRUE
LR2_2_8_t2_60R_60V_04I_06M;t2;0.15;150;7478.71;TRUE
lr106_t1_08R_08V_02I_04M;t1;0.15;157;602.78;TRUE
lr208_t2_08R_08V_02I_04M;t2;0.15;157;560.02;TRUE
lr109_t1_08R_08V_04I_04M;t1;0.15;157;555.44;TRUE
lr208_t2_08R_08V_04I_04M;t2;0.15;157;624.21;TRUE
lr110_t1_12R_12V_02I_04M;t1;0.15;157;971.55;TRUE
lr207_t2_12R_12V_02I_04M;t2;0.15;157;880.47;TRUE
lr108_t1_12R_12V_04I_04M;t1;0.15;157;833.35;TRUE
lr207_t2_12R_12V_04I_04M;t2;0.15;157;864.17;TRUE
LR1_2_8_t1_40R_40V_02I_06M;t1;0.15;157;3913.44;TRUE
LR2_2_10_t2_40R_40V_02I_06M;t2;0.15;157;6349.88;TRUE
LR1_2_8_t1_40R_40V_04I_06M;t1;0.15;157;3453.62;TRUE
LR2_2_6_t2_40R_40V_04I_06M;t2;0.15;157;6139.03;TRUE
LR1_2_9_t1_60R_60V_02I_06M;t1;0.15;157;6633.53;TRUE
LR2_2_10_t2_60R_60V_02I_06M;t2;0.15;157;10865.33;TRUE
LR1_2_9_t1_60R_60V_04I_06M;t1;0.15;157;7316.83;TRUE
LR2_2_8_t2_60R_60V_04I_06M;t2;0.15;157;7641.64;TRUE
lr106_t1_08R_08V_02I_04M;t1;0.2;94;602.78;TRUE
lr208_t2_08R_08V_02I_04M;t2;0.2;94;556.95;TRUE
lr109_t1_08R_08V_04I_04M;t1;0.2;94;555.44;TRUE
lr208_t2_08R_08V_04I_04M;t2;0.2;94;621.9;TRUE
lr110_t1_12R_12V_02I_04M;t1;0.2;94;971.55;TRUE
lr207_t2_12R_12V_02I_04M;t2;0.2;94;877.92;TRUE
lr108_t1_12R_12V_04I_04M;t1;0.2;94;833.35;TRUE
lr207_t2_12R_12V_04I_04M;t2;0.2;94;923.59;TRUE
LR1_2_8_t1_40R_40V_02I_06M;t1;0.2;94;3962.21;TRUE
LR2_2_10_t2_40R_40V_02I_06M;t2;0.2;94;6438.84;TRUE
LR1_2_8_t1_40R_40V_04I_06M;t1;0.2;94;3424.28;TRUE
LR2_2_6_t2_40R_40V_04I_06M;t2;0.2;94;6227.8;TRUE
LR1_2_9_t1_60R_60V_02I_06M;t1;0.2;94;6710.16;TRUE
LR2_2_10_t2_60R_60V_02I_06M;t2;0.2;94;10855.89;TRUE
LR1_2_9_t1_60R_60V_04I_06M;t1;0.2;94;6776.34;TRUE
LR2_2_8_t2_60R_60V_04I_06M;t2;0.2;94;7684.53;TRUE
lr106_t1_08R_08V_02I_04M;t1;0.2;101;602.78;TRUE
lr208_t2_08R_08V_02I_04M;t2;0.2;101;554.18;TRUE
lr109_t1_08R_08V_04I_04M;t1;0.2;101;555.44;TRUE
lr208_t2_08R_08V_04I_04M;t2;0.2;101;625.8;TRUE
lr110_t1_12R_12V_02I_04M;t1;0.2;101;972.96;TRUE
lr207_t2_12R_12V_02I_04M;t2;0.2;101;893.67;TRUE
lr108_t1_12R_12V_04I_04M;t1;0.2;101;833.87;TRUE
lr207_t2_12R_12V_04I_04M;t2;0.2;101;896.29;TRUE
LR1_2_8_t1_40R_40V_02I_06M;t1;0.2;101;3827.53;TRUE
LR2_2_10_t2_40R_40V_02I_06M;t2;0.2;101;6551.54;TRUE
LR1_2_8_t1_40R_40V_04I_06M;t1;0.2;101;3325.75;TRUE
LR2_2_6_t2_40R_40V_04I_06M;t2;0.2;101;6118.44;TRUE
LR1_2_9_t1_60R_60V_02I_06M;t1;0.2;101;6423.79;TRUE
LR2_2_10_t2_60R_60V_02I_06M;t2;0.2;101;10966.27;TRUE
LR1_2_9_t1_60R_60V_04I_06M;t1;0.2;101;7142.17;TRUE
LR2_2_8_t2_60R_60V_04I_06M;t2;0.2;101;7636.02;TRUE
lr106_t1_08R_08V_02I_04M;t1;0.2;108;602.78;TRUE
lr208_t2_08R_08V_02I_04M;t2;0.2;108;554.29;TRUE
lr109_t1_08R_08V_04I_04M;t1;0.2;108;555.44;TRUE
lr208_t2_08R_08V_04I_04M;t2;0.2;108;618.37;TRUE
lr110_t1_12R_12V_02I_04M;t1;0.2;108;971.55;TRUE
lr207_t2_12R_12V_02I_04M;t2;0.2;108;870.68;TRUE
lr108_t1_12R_12V_04I_04M;t1;0.2;108;833.35;TRUE
lr207_t2_12R_12V_04I_04M;t2;0.2;108;894.89;TRUE
LR1_2_8_t1_40R_40V_02I_06M;t1;0.2;108;3919.73;TRUE
LR2_2_10_t2_40R_40V_02I_06M;t2;0.2;108;6392.87;TRUE
LR1_2_8_t1_40R_40V_04I_06M;t1;0.2;108;3440.63;TRUE
LR2_2_6_t2_40R_40V_04I_06M;t2;0.2;108;6004.08;TRUE
LR1_2_9_t1_60R_60V_02I_06M;t1;0.2;108;6674.66;TRUE
LR2_2_10_t2_60R_60V_02I_06M;t2;0.2;108;11158.7;TRUE
LR1_2_9_t1_60R_60V_04I_06M;t1;0.2;108;7135.6;TRUE
LR2_2_8_t2_60R_60V_04I_06M;t2;0.2;108;7684.53;TRUE
lr106_t1_08R_08V_02I_04M;t1;0.2;115;602.78;TRUE
lr208_t2_08R_08V_02I_04M;t2;0.2;115;559.3;TRUE
lr109_t1_08R_08V_04I_04M;t1;0.2;115;555.44;TRUE
lr208_t2_08R_08V_04I_04M;t2;0.2;115;623.84;TRUE
lr110_t1_12R_12V_02I_04M;t1;0.2;115;971.55;TRUE
lr207_t2_12R_12V_02I_04M;t2;0.2;115;877.2;TRUE
lr108_t1_12R_12V_04I_04M;t1;0.2;115;833.87;TRUE
lr207_t2_12R_12V_04I_04M;t2;0.2;115;895.73;TRUE
LR1_2_8_t1_40R_40V_02I_06M;t1;0.2;115;3963.17;TRUE
LR2_2_10_t2_40R_40V_02I_06M;t2;0.2;115;6384.42;TRUE
LR1_2_8_t1_40R_40V_04I_06M;t1;0.2;115;3370.03;TRUE
LR2_2_6_t2_40R_40V_04I_06M;t2;0.2;115;6074.68;TRUE
LR1_2_9_t1_60R_60V_02I_06M;t1;0.2;115;6655.77;TRUE
LR2_2_10_t2_60R_60V_02I_06M;t2;0.2;115;11056.58;TRUE
LR1_2_9_t1_60R_60V_04I_06M;t1;0.2;115;6959.66;TRUE
LR2_2_8_t2_60R_60V_04I_06M;t2;0.2;115;7111.23;TRUE
lr106_t1_08R_08V_02I_04M;t1;0.2;122;602.78;TRUE
lr208_t2_08R_08V_02I_04M;t2;0.2;122;555.13;TRUE
lr109_t1_08R_08V_04I_04M;t1;0.2;122;555.44;TRUE
lr208_t2_08R_08V_04I_04M;t2;0.2;122;621.53;TRUE
lr110_t1_12R_12V_02I_04M;t1;0.2;122;971.55;TRUE
lr207_t2_12R_12V_02I_04M;t2;0.2;122;893.63;TRUE
lr108_t1_12R_12V_04I_04M;t1;0.2;122;833.35;TRUE
lr207_t2_12R_12V_04I_04M;t2;0.2;122;885.15;TRUE
LR1_2_8_t1_40R_40V_02I_06M;t1;0.2;122;3985.96;TRUE
LR2_2_10_t2_40R_40V_02I_06M;t2;0.2;122;6502.76;TRUE
LR1_2_8_t1_40R_40V_04I_06M;t1;0.2;122;3379.83;TRUE
LR2_2_6_t2_40R_40V_04I_06M;t2;0.2;122;6159.07;TRUE
LR1_2_9_t1_60R_60V_02I_06M;t1;0.2;122;6796.53;TRUE
LR2_2_10_t2_60R_60V_02I_06M;t2;0.2;122;11177.51;TRUE
LR1_2_9_t1_60R_60V_04I_06M;t1;0.2;122;7078.89;TRUE
LR2_2_8_t2_60R_60V_04I_06M;t2;0.2;122;7513.98;TRUE
lr106_t1_08R_08V_02I_04M;t1;0.2;129;602.78;TRUE
lr208_t2_08R_08V_02I_04M;t2;0.2;129;564.09;TRUE
lr109_t1_08R_08V_04I_04M;t1;0.2;129;555.44;TRUE
lr208_t2_08R_08V_04I_04M;t2;0.2;129;624.95;TRUE
lr110_t1_12R_12V_02I_04M;t1;0.2;129;971.55;TRUE
lr207_t2_12R_12V_02I_04M;t2;0.2;129;874.71;TRUE
lr108_t1_12R_12V_04I_04M;t1;0.2;129;833.35;TRUE
lr207_t2_12R_12V_04I_04M;t2;0.2;129;906.91;TRUE
LR1_2_8_t1_40R_40V_02I_06M;t1;0.2;129;3900.29;TRUE
LR2_2_10_t2_40R_40V_02I_06M;t2;0.2;129;6285.34;TRUE
LR1_2_8_t1_40R_40V_04I_06M;t1;0.2;129;3431.41;TRUE
LR2_2_6_t2_40R_40V_04I_06M;t2;0.2;129;6199.05;TRUE
LR1_2_9_t1_60R_60V_02I_06M;t1;0.2;129;6694.4;TRUE
LR2_2_10_t2_60R_60V_02I_06M;t2;0.2;129;10990.54;TRUE
LR1_2_9_t1_60R_60V_04I_06M;t1;0.2;129;7024.05;TRUE
LR2_2_8_t2_60R_60V_04I_06M;t2;0.2;129;7684.53;TRUE
lr106_t1_08R_08V_02I_04M;t1;0.2;136;602.78;TRUE
lr208_t2_08R_08V_02I_04M;t2;0.2;136;554.87;TRUE
lr109_t1_08R_08V_04I_04M;t1;0.2;136;555.44;TRUE
lr208_t2_08R_08V_04I_04M;t2;0.2;136;623.29;TRUE
lr110_t1_12R_12V_02I_04M;t1;0.2;136;971.55;TRUE
lr207_t2_12R_12V_02I_04M;t2;0.2;136;880.97;TRUE
lr108_t1_12R_12V_04I_04M;t1;0.2;136;833.87;TRUE
lr207_t2_12R_12V_04I_04M;t2;0.2;136;901.98;TRUE
LR1_2_8_t1_40R_40V_02I_06M;t1;0.2;136;3967.77;TRUE
LR2_2_10_t2_40R_40V_02I_06M;t2;0.2;136;6713.7;TRUE
LR1_2_8_t1_40R_40V_04I_06M;t1;0.2;136;3318.69;TRUE
LR2_2_6_t2_40R_40V_04I_06M;t2;0.2;136;6388.45;TRUE
LR1_2_9_t1_60R_60V_02I_06M;t1;0.2;136;6779.36;TRUE
LR2_2_10_t2_60R_60V_02I_06M;t2;0.2;136;10896.3;TRUE
LR1_2_9_t1_60R_60V_04I_06M;t1;0.2;136;7072.35;TRUE
LR2_2_8_t2_60R_60V_04I_06M;t2;0.2;136;7684.53;TRUE
lr106_t1_08R_08V_02I_04M;t1;0.2;143;602.78;TRUE
lr208_t2_08R_08V_02I_04M;t2;0.2;143;556.77;TRUE
lr109_t1_08R_08V_04I_04M;t1;0.2;143;555.44;TRUE
lr208_t2_08R_08V_04I_04M;t2;0.2;143;622.13;TRUE
lr110_t1_12R_12V_02I_04M;t1;0.2;143;971.55;TRUE
lr207_t2_12R_12V_02I_04M;t2;0.2;143;871.41;TRUE
lr108_t1_12R_12V_04I_04M;t1;0.2;143;833.87;TRUE
lr207_t2_12R_12V_04I_04M;t2;0.2;143;855.22;TRUE
LR1_2_8_t1_40R_40V_02I_06M;t1;0.2;143;3987.82;TRUE
LR2_2_10_t2_40R_40V_02I_06M;t2;0.2;143;6243.61;TRUE
LR1_2_8_t1_40R_40V_04I_06M;t1;0.2;143;3326.77;TRUE
LR2_2_6_t2_40R_40V_04I_06M;t2;0.2;143;6119.34;TRUE
LR1_2_9_t1_60R_60V_02I_06M;t1;0.2;143;6677.41;TRUE
LR2_2_10_t2_60R_60V_02I_06M;t2;0.2;143;10434.48;TRUE
LR1_2_9_t1_60R_60V_04I_06M;t1;0.2;143;7076.68;TRUE
LR2_2_8_t2_60R_60V_04I_06M;t2;0.2;143;7475.98;TRUE
lr106_t1_08R_08V_02I_04M;t1;0.2;150;602.78;TRUE
lr208_t2_08R_08V_02I_04M;t2;0.2;150;556.6;TRUE
lr109_t1_08R_08V_04I_04M;t1;0.2;150;555.44;TRUE
lr208_t2_08R_08V_04I_04M;t2;0.2;150;625.43;TRUE
lr110_t1_12R_12V_02I_04M;t1;0.2;150;971.55;TRUE
lr207_t2_12R_12V_02I_04M;t2;0.2;150;878.54;TRUE
lr108_t1_12R_12V_04I_04M;t1;0.2;150;833.35;TRUE
lr207_t2_12R_12V_04I_04M;t2;0.2;150;868.33;TRUE
LR1_2_8_t1_40R_40V_02I_06M;t1;0.2;150;3914.3;TRUE
LR2_2_10_t2_40R_40V_02I_06M;t2;0.2;150;6590.37;TRUE
LR1_2_8_t1_40R_40V_04I_06M;t1;0.2;150;3404.95;TRUE
LR2_2_6_t2_40R_40V_04I_06M;t2;0.2;150;6223.94;TRUE
LR1_2_9_t1_60R_60V_02I_06M;t1;0.2;150;6840.26;TRUE
LR2_2_10_t2_60R_60V_02I_06M;t2;0.2;150;11140.47;TRUE
LR1_2_9_t1_60R_60V_04I_06M;t1;0.2;150;7208.61;TRUE
LR2_2_8_t2_60R_60V_04I_06M;t2;0.2;150;7684.53;TRUE
lr106_t1_08R_08V_02I_04M;t1;0.2;157;602.78;TRUE
lr208_t2_08R_08V_02I_04M;t2;0.2;157;554.22;TRUE
lr109_t1_08R_08V_04I_04M;t1;0.2;157;555.44;TRUE
lr208_t2_08R_08V_04I_04M;t2;0.2;157;621.91;TRUE
lr110_t1_12R_12V_02I_04M;t1;0.2;157;971.55;TRUE
lr207_t2_12R_12V_02I_04M;t2;0.2;157;876.2;TRUE
lr108_t1_12R_12V_04I_04M;t1;0.2;157;834.52;TRUE
lr207_t2_12R_12V_04I_04M;t2;0.2;157;886.75;TRUE
LR1_2_8_t1_40R_40V_02I_06M;t1;0.2;157;3965.34;TRUE
LR2_2_10_t2_40R_40V_02I_06M;t2;0.2;157;6548.66;TRUE
LR1_2_8_t1_40R_40V_04I_06M;t1;0.2;157;3409.14;TRUE
LR2_2_6_t2_40R_40V_04I_06M;t2;0.2;157;6153.27;TRUE
LR1_2_9_t1_60R_60V_02I_06M;t1;0.2;157;6729.73;TRUE
LR2_2_10_t2_60R_60V_02I_06M;t2;0.2;157;11054.48;TRUE
LR1_2_9_t1_60R_60V_04I_06M;t1;0.2;157;7061.94;TRUE
LR2_2_8_t2_60R_60V_04I_06M;t2;0.2;157;7528.02;TRUE
lr109_t1_08R_08V_02I_03M;t1;0.05;24;533.17;TRUE
lr209_t2_08R_08V_02I_03M;t2;0.05;24;565.91;TRUE
lr110_t1_08R_08V_04I_03M;t1;0.05;24;672.2;TRUE
lr209_t2_08R_08V_04I_03M;t2;0.05;24;626.42;TRUE
lr109_t1_12R_12V_02I_03M;t1;0.05;24;722.63;TRUE
lr208_t2_12R_12V_02I_03M;t2;0.05;24;770.98;TRUE
lr110_t1_12R_12V_04I_03M;t1;0.05;24;786.88;TRUE
lr207_t2_12R_12V_04I_03M;t2;0.05;24;852.29;TRUE
LR1_2_6_t1_40R_40V_02I_05M;t1;0.05;24;6037.52;TRUE
LR2_2_10_t2_40R_40V_02I_05M;t2;0.05;24;6336.14;TRUE
LR1_2_10_t1_40R_40V_04I_05M;t1;0.05;24;4138.16;TRUE
LR2_2_7_t2_40R_40V_04I_05M;t2;0.05;24;5246.17;TRUE
LR1_2_6_t1_60R_60V_02I_05M;t1;0.05;24;NA;FALSE
LR2_2_8_t2_60R_60V_02I_05M;t2;0.05;24;6124.78;TRUE
LR1_2_6_t1_60R_60V_04I_05M;t1;0.05;24;7879.32;TRUE
LR2_2_8_t2_60R_60V_04I_05M;t2;0.05;24;7209.06;TRUE
lr109_t1_08R_08V_02I_03M;t1;0.05;31;533.17;TRUE
lr209_t2_08R_08V_02I_03M;t2;0.05;31;565.91;TRUE
lr110_t1_08R_08V_04I_03M;t1;0.05;31;672.2;TRUE
lr209_t2_08R_08V_04I_03M;t2;0.05;31;626.42;TRUE
lr109_t1_12R_12V_02I_03M;t1;0.05;31;722.63;TRUE
lr208_t2_12R_12V_02I_03M;t2;0.05;31;770.34;TRUE
lr110_t1_12R_12V_04I_03M;t1;0.05;31;786.88;TRUE
lr207_t2_12R_12V_04I_03M;t2;0.05;31;882.86;TRUE
LR1_2_6_t1_40R_40V_02I_05M;t1;0.05;31;6028.37;TRUE
LR2_2_10_t2_40R_40V_02I_05M;t2;0.05;31;6174.49;TRUE
LR1_2_10_t1_40R_40V_04I_05M;t1;0.05;31;4160;TRUE
LR2_2_7_t2_40R_40V_04I_05M;t2;0.05;31;5400.94;TRUE
LR1_2_6_t1_60R_60V_02I_05M;t1;0.05;31;NA;FALSE
LR2_2_8_t2_60R_60V_02I_05M;t2;0.05;31;6306.69;TRUE
LR1_2_6_t1_60R_60V_04I_05M;t1;0.05;31;7879.32;TRUE
LR2_2_8_t2_60R_60V_04I_05M;t2;0.05;31;6836.25;TRUE
lr109_t1_08R_08V_02I_03M;t1;0.05;38;533.17;TRUE
lr209_t2_08R_08V_02I_03M;t2;0.05;38;565.91;TRUE
lr110_t1_08R_08V_04I_03M;t1;0.05;38;672.2;TRUE
lr209_t2_08R_08V_04I_03M;t2;0.05;38;626.42;TRUE
lr109_t1_12R_12V_02I_03M;t1;0.05;38;722.63;TRUE
lr208_t2_12R_12V_02I_03M;t2;0.05;38;762.32;TRUE
lr110_t1_12R_12V_04I_03M;t1;0.05;38;786.88;TRUE
lr207_t2_12R_12V_04I_03M;t2;0.05;38;877.14;TRUE
LR1_2_6_t1_40R_40V_02I_05M;t1;0.05;38;6037.52;TRUE
LR2_2_10_t2_40R_40V_02I_05M;t2;0.05;38;6159.33;TRUE
LR1_2_10_t1_40R_40V_04I_05M;t1;0.05;38;4098.84;TRUE
LR2_2_7_t2_40R_40V_04I_05M;t2;0.05;38;5450.48;TRUE
LR1_2_6_t1_60R_60V_02I_05M;t1;0.05;38;NA;FALSE
LR2_2_8_t2_60R_60V_02I_05M;t2;0.05;38;6587;TRUE
LR1_2_6_t1_60R_60V_04I_05M;t1;0.05;38;7879.32;TRUE
LR2_2_8_t2_60R_60V_04I_05M;t2;0.05;38;6930.12;TRUE
lr109_t1_08R_08V_02I_03M;t1;0.05;45;533.17;TRUE
lr209_t2_08R_08V_02I_03M;t2;0.05;45;565.91;TRUE
lr110_t1_08R_08V_04I_03M;t1;0.05;45;672.2;TRUE
lr209_t2_08R_08V_04I_03M;t2;0.05;45;626.42;TRUE
lr109_t1_12R_12V_02I_03M;t1;0.05;45;722.63;TRUE
lr208_t2_12R_12V_02I_03M;t2;0.05;45;761.76;TRUE
lr110_t1_12R_12V_04I_03M;t1;0.05;45;786.88;TRUE
lr207_t2_12R_12V_04I_03M;t2;0.05;45;844.39;TRUE
LR1_2_6_t1_40R_40V_02I_05M;t1;0.05;45;6037.52;TRUE
LR2_2_10_t2_40R_40V_02I_05M;t2;0.05;45;6129.69;TRUE
LR1_2_10_t1_40R_40V_04I_05M;t1;0.05;45;4120.14;TRUE
LR2_2_7_t2_40R_40V_04I_05M;t2;0.05;45;5139.01;TRUE
LR1_2_6_t1_60R_60V_02I_05M;t1;0.05;45;NA;FALSE
LR2_2_8_t2_60R_60V_02I_05M;t2;0.05;45;6451.31;TRUE
LR1_2_6_t1_60R_60V_04I_05M;t1;0.05;45;7879.32;TRUE
LR2_2_8_t2_60R_60V_04I_05M;t2;0.05;45;6913.5;TRUE
lr109_t1_08R_08V_02I_03M;t1;0.05;52;533.17;TRUE
lr209_t2_08R_08V_02I_03M;t2;0.05;52;565.91;TRUE
lr110_t1_08R_08V_04I_03M;t1;0.05;52;672.2;TRUE
lr209_t2_08R_08V_04I_03M;t2;0.05;52;626.42;TRUE
lr109_t1_12R_12V_02I_03M;t1;0.05;52;722.63;TRUE
lr208_t2_12R_12V_02I_03M;t2;0.05;52;767.54;TRUE
lr110_t1_12R_12V_04I_03M;t1;0.05;52;786.88;TRUE
lr207_t2_12R_12V_04I_03M;t2;0.05;52;848.49;TRUE
LR1_2_6_t1_40R_40V_02I_05M;t1;0.05;52;6037.52;TRUE
LR2_2_10_t2_40R_40V_02I_05M;t2;0.05;52;6281.27;TRUE
LR1_2_10_t1_40R_40V_04I_05M;t1;0.05;52;4127.8;TRUE
LR2_2_7_t2_40R_40V_04I_05M;t2;0.05;52;5543.89;TRUE
LR1_2_6_t1_60R_60V_02I_05M;t1;0.05;52;NA;FALSE
LR2_2_8_t2_60R_60V_02I_05M;t2;0.05;52;6416.68;TRUE
LR1_2_6_t1_60R_60V_04I_05M;t1;0.05;52;7879.32;TRUE
LR2_2_8_t2_60R_60V_04I_05M;t2;0.05;52;6948.94;TRUE
lr109_t1_08R_08V_02I_03M;t1;0.05;59;533.17;TRUE
lr209_t2_08R_08V_02I_03M;t2;0.05;59;565.91;TRUE
lr110_t1_08R_08V_04I_03M;t1;0.05;59;672.2;TRUE
lr209_t2_08R_08V_04I_03M;t2;0.05;59;626.42;TRUE
lr109_t1_12R_12V_02I_03M;t1;0.05;59;722.63;TRUE
lr208_t2_12R_12V_02I_03M;t2;0.05;59;773.42;TRUE
lr110_t1_12R_12V_04I_03M;t1;0.05;59;786.88;TRUE
lr207_t2_12R_12V_04I_03M;t2;0.05;59;872.67;TRUE
LR1_2_6_t1_40R_40V_02I_05M;t1;0.05;59;6037.52;TRUE
LR2_2_10_t2_40R_40V_02I_05M;t2;0.05;59;6232.53;TRUE
LR1_2_10_t1_40R_40V_04I_05M;t1;0.05;59;4106.19;TRUE
LR2_2_7_t2_40R_40V_04I_05M;t2;0.05;59;5471.92;TRUE
LR1_2_6_t1_60R_60V_02I_05M;t1;0.05;59;NA;FALSE
LR2_2_8_t2_60R_60V_02I_05M;t2;0.05;59;6460.58;TRUE
LR1_2_6_t1_60R_60V_04I_05M;t1;0.05;59;7879.32;TRUE
LR2_2_8_t2_60R_60V_04I_05M;t2;0.05;59;6523.09;TRUE
lr109_t1_08R_08V_02I_03M;t1;0.05;66;533.17;TRUE
lr209_t2_08R_08V_02I_03M;t2;0.05;66;565.91;TRUE
lr110_t1_08R_08V_04I_03M;t1;0.05;66;672.2;TRUE
lr209_t2_08R_08V_04I_03M;t2;0.05;66;626.42;TRUE
lr109_t1_12R_12V_02I_03M;t1;0.05;66;722.63;TRUE
lr208_t2_12R_12V_02I_03M;t2;0.05;66;770.06;TRUE
lr110_t1_12R_12V_04I_03M;t1;0.05;66;786.88;TRUE
lr207_t2_12R_12V_04I_03M;t2;0.05;66;855.42;TRUE
LR1_2_6_t1_40R_40V_02I_05M;t1;0.05;66;6037.52;TRUE
LR2_2_10_t2_40R_40V_02I_05M;t2;0.05;66;6192.68;TRUE
LR1_2_10_t1_40R_40V_04I_05M;t1;0.05;66;4105.56;TRUE
LR2_2_7_t2_40R_40V_04I_05M;t2;0.05;66;5440.04;TRUE
LR1_2_6_t1_60R_60V_02I_05M;t1;0.05;66;NA;FALSE
LR2_2_8_t2_60R_60V_02I_05M;t2;0.05;66;6505.06;TRUE
LR1_2_6_t1_60R_60V_04I_05M;t1;0.05;66;7879.32;TRUE
LR2_2_8_t2_60R_60V_04I_05M;t2;0.05;66;7115.6;TRUE
lr109_t1_08R_08V_02I_03M;t1;0.05;73;533.17;TRUE
lr209_t2_08R_08V_02I_03M;t2;0.05;73;565.91;TRUE
lr110_t1_08R_08V_04I_03M;t1;0.05;73;672.2;TRUE
lr209_t2_08R_08V_04I_03M;t2;0.05;73;626.42;TRUE
lr109_t1_12R_12V_02I_03M;t1;0.05;73;722.63;TRUE
lr208_t2_12R_12V_02I_03M;t2;0.05;73;766.46;TRUE
lr110_t1_12R_12V_04I_03M;t1;0.05;73;786.88;TRUE
lr207_t2_12R_12V_04I_03M;t2;0.05;73;877.32;TRUE
LR1_2_6_t1_40R_40V_02I_05M;t1;0.05;73;6019.62;TRUE
LR2_2_10_t2_40R_40V_02I_05M;t2;0.05;73;6299.24;TRUE
LR1_2_10_t1_40R_40V_04I_05M;t1;0.05;73;4211.02;TRUE
LR2_2_7_t2_40R_40V_04I_05M;t2;0.05;73;5405.13;TRUE
LR1_2_6_t1_60R_60V_02I_05M;t1;0.05;73;NA;FALSE
LR2_2_8_t2_60R_60V_02I_05M;t2;0.05;73;6292.68;TRUE
LR1_2_6_t1_60R_60V_04I_05M;t1;0.05;73;7879.32;TRUE
LR2_2_8_t2_60R_60V_04I_05M;t2;0.05;73;6778.85;TRUE
lr109_t1_08R_08V_02I_03M;t1;0.05;80;533.17;TRUE
lr209_t2_08R_08V_02I_03M;t2;0.05;80;565.91;TRUE
lr110_t1_08R_08V_04I_03M;t1;0.05;80;672.2;TRUE
lr209_t2_08R_08V_04I_03M;t2;0.05;80;626.42;TRUE
lr109_t1_12R_12V_02I_03M;t1;0.05;80;722.63;TRUE
lr208_t2_12R_12V_02I_03M;t2;0.05;80;761.32;TRUE
lr110_t1_12R_12V_04I_03M;t1;0.05;80;786.88;TRUE
lr207_t2_12R_12V_04I_03M;t2;0.05;80;847.77;TRUE
LR1_2_6_t1_40R_40V_02I_05M;t1;0.05;80;6037.52;TRUE
LR2_2_10_t2_40R_40V_02I_05M;t2;0.05;80;6279.46;TRUE
LR1_2_10_t1_40R_40V_04I_05M;t1;0.05;80;4179.51;TRUE
LR2_2_7_t2_40R_40V_04I_05M;t2;0.05;80;5514.43;TRUE
LR1_2_6_t1_60R_60V_02I_05M;t1;0.05;80;NA;FALSE
LR2_2_8_t2_60R_60V_02I_05M;t2;0.05;80;6630.47;TRUE
LR1_2_6_t1_60R_60V_04I_05M;t1;0.05;80;7879.32;TRUE
LR2_2_8_t2_60R_60V_04I_05M;t2;0.05;80;6773.56;TRUE
lr109_t1_08R_08V_02I_03M;t1;0.05;87;533.17;TRUE
lr209_t2_08R_08V_02I_03M;t2;0.05;87;565.91;TRUE
lr110_t1_08R_08V_04I_03M;t1;0.05;87;672.2;TRUE
lr209_t2_08R_08V_04I_03M;t2;0.05;87;626.42;TRUE
lr109_t1_12R_12V_02I_03M;t1;0.05;87;722.63;TRUE
lr208_t2_12R_12V_02I_03M;t2;0.05;87;767.64;TRUE
lr110_t1_12R_12V_04I_03M;t1;0.05;87;786.88;TRUE
lr207_t2_12R_12V_04I_03M;t2;0.05;87;862.61;TRUE
LR1_2_6_t1_40R_40V_02I_05M;t1;0.05;87;5964.53;TRUE
LR2_2_10_t2_40R_40V_02I_05M;t2;0.05;87;6198.53;TRUE
LR1_2_10_t1_40R_40V_04I_05M;t1;0.05;87;4107.38;TRUE
LR2_2_7_t2_40R_40V_04I_05M;t2;0.05;87;5519.66;TRUE
LR1_2_6_t1_60R_60V_02I_05M;t1;0.05;87;NA;FALSE
LR2_2_8_t2_60R_60V_02I_05M;t2;0.05;87;6405.96;TRUE
LR1_2_6_t1_60R_60V_04I_05M;t1;0.05;87;7879.32;TRUE
LR2_2_8_t2_60R_60V_04I_05M;t2;0.05;87;6960.49;TRUE
lr109_t1_08R_08V_02I_03M;t1;0.1;24;533.17;TRUE
lr209_t2_08R_08V_02I_03M;t2;0.1;24;565.91;TRUE
lr110_t1_08R_08V_04I_03M;t1;0.1;24;672.2;TRUE
lr209_t2_08R_08V_04I_03M;t2;0.1;24;626.42;TRUE
lr109_t1_12R_12V_02I_03M;t1;0.1;24;722.63;TRUE
lr208_t2_12R_12V_02I_03M;t2;0.1;24;769.96;TRUE
lr110_t1_12R_12V_04I_03M;t1;0.1;24;786.88;TRUE
lr207_t2_12R_12V_04I_03M;t2;0.1;24;888.26;TRUE
LR1_2_6_t1_40R_40V_02I_05M;t1;0.1;24;6037.52;TRUE
LR2_2_10_t2_40R_40V_02I_05M;t2;0.1;24;6523.69;TRUE
LR1_2_10_t1_40R_40V_04I_05M;t1;0.1;24;4247.13;TRUE
LR2_2_7_t2_40R_40V_04I_05M;t2;0.1;24;5601.24;TRUE
LR1_2_6_t1_60R_60V_02I_05M;t1;0.1;24;NA;FALSE
LR2_2_8_t2_60R_60V_02I_05M;t2;0.1;24;6700.66;TRUE
LR1_2_6_t1_60R_60V_04I_05M;t1;0.1;24;7879.32;TRUE
LR2_2_8_t2_60R_60V_04I_05M;t2;0.1;24;7233.87;TRUE
lr109_t1_08R_08V_02I_03M;t1;0.1;31;533.17;TRUE
lr209_t2_08R_08V_02I_03M;t2;0.1;31;565.91;TRUE
lr110_t1_08R_08V_04I_03M;t1;0.1;31;672.2;TRUE
lr209_t2_08R_08V_04I_03M;t2;0.1;31;626.42;TRUE
lr109_t1_12R_12V_02I_03M;t1;0.1;31;722.63;TRUE
lr208_t2_12R_12V_02I_03M;t2;0.1;31;781.85;TRUE
lr110_t1_12R_12V_04I_03M;t1;0.1;31;786.88;TRUE
lr207_t2_12R_12V_04I_03M;t2;0.1;31;881.17;TRUE
LR1_2_6_t1_40R_40V_02I_05M;t1;0.1;31;6037.52;TRUE
LR2_2_10_t2_40R_40V_02I_05M;t2;0.1;31;6336.63;TRUE
LR1_2_10_t1_40R_40V_04I_05M;t1;0.1;31;4152.08;TRUE
LR2_2_7_t2_40R_40V_04I_05M;t2;0.1;31;5514.1;TRUE
LR1_2_6_t1_60R_60V_02I_05M;t1;0.1;31;NA;FALSE
LR2_2_8_t2_60R_60V_02I_05M;t2;0.1;31;6749.29;TRUE
LR1_2_6_t1_60R_60V_04I_05M;t1;0.1;31;7879.32;TRUE
LR2_2_8_t2_60R_60V_04I_05M;t2;0.1;31;7233.43;TRUE
lr109_t1_08R_08V_02I_03M;t1;0.1;38;533.17;TRUE
lr209_t2_08R_08V_02I_03M;t2;0.1;38;565.91;TRUE
lr110_t1_08R_08V_04I_03M;t1;0.1;38;672.2;TRUE
lr209_t2_08R_08V_04I_03M;t2;0.1;38;626.42;TRUE
lr109_t1_12R_12V_02I_03M;t1;0.1;38;722.63;TRUE
lr208_t2_12R_12V_02I_03M;t2;0.1;38;775.58;TRUE
lr110_t1_12R_12V_04I_03M;t1;0.1;38;786.88;TRUE
lr207_t2_12R_12V_04I_03M;t2;0.1;38;875.15;TRUE
LR1_2_6_t1_40R_40V_02I_05M;t1;0.1;38;6037.52;TRUE
LR2_2_10_t2_40R_40V_02I_05M;t2;0.1;38;6426.51;TRUE
LR1_2_10_t1_40R_40V_04I_05M;t1;0.1;38;4199.89;TRUE
LR2_2_7_t2_40R_40V_04I_05M;t2;0.1;38;5437.72;TRUE
LR1_2_6_t1_60R_60V_02I_05M;t1;0.1;38;NA;FALSE
LR2_2_8_t2_60R_60V_02I_05M;t2;0.1;38;6818.34;TRUE
LR1_2_6_t1_60R_60V_04I_05M;t1;0.1;38;7879.32;TRUE
LR2_2_8_t2_60R_60V_04I_05M;t2;0.1;38;7302.21;TRUE
lr109_t1_08R_08V_02I_03M;t1;0.1;45;533.17;TRUE
lr209_t2_08R_08V_02I_03M;t2;0.1;45;573.85;TRUE
lr110_t1_08R_08V_04I_03M;t1;0.1;45;672.2;TRUE
lr209_t2_08R_08V_04I_03M;t2;0.1;45;626.42;TRUE
lr109_t1_12R_12V_02I_03M;t1;0.1;45;722.63;TRUE
lr208_t2_12R_12V_02I_03M;t2;0.1;45;773.29;TRUE
lr110_t1_12R_12V_04I_03M;t1;0.1;45;786.88;TRUE
lr207_t2_12R_12V_04I_03M;t2;0.1;45;876.38;TRUE
LR1_2_6_t1_40R_40V_02I_05M;t1;0.1;45;5837.54;TRUE
LR2_2_10_t2_40R_40V_02I_05M;t2;0.1;45;6275.54;TRUE
LR1_2_10_t1_40R_40V_04I_05M;t1;0.1;45;4095.1;TRUE
LR2_2_7_t2_40R_40V_04I_05M;t2;0.1;45;5466.04;TRUE
LR1_2_6_t1_60R_60V_02I_05M;t1;0.1;45;NA;FALSE
LR2_2_8_t2_60R_60V_02I_05M;t2;0.1;45;6916.43;TRUE
LR1_2_6_t1_60R_60V_04I_05M;t1;0.1;45;7879.32;TRUE
LR2_2_8_t2_60R_60V_04I_05M;t2;0.1;45;7057.73;TRUE
lr109_t1_08R_08V_02I_03M;t1;0.1;52;533.17;TRUE
lr209_t2_08R_08V_02I_03M;t2;0.1;52;565.91;TRUE
lr110_t1_08R_08V_04I_03M;t1;0.1;52;672.2;TRUE
lr209_t2_08R_08V_04I_03M;t2;0.1;52;626.42;TRUE
lr109_t1_12R_12V_02I_03M;t1;0.1;52;722.63;TRUE
lr208_t2_12R_12V_02I_03M;t2;0.1;52;787.93;TRUE
lr110_t1_12R_12V_04I_03M;t1;0.1;52;786.88;TRUE
lr207_t2_12R_12V_04I_03M;t2;0.1;52;876.56;TRUE
LR1_2_6_t1_40R_40V_02I_05M;t1;0.1;52;6037.52;TRUE
LR2_2_10_t2_40R_40V_02I_05M;t2;0.1;52;6272.45;TRUE
LR1_2_10_t1_40R_40V_04I_05M;t1;0.1;52;4229.13;TRUE
LR2_2_7_t2_40R_40V_04I_05M;t2;0.1;52;5632.65;TRUE
LR1_2_6_t1_60R_60V_02I_05M;t1;0.1;52;NA;FALSE
LR2_2_8_t2_60R_60V_02I_05M;t2;0.1;52;6847.07;TRUE
LR1_2_6_t1_60R_60V_04I_05M;t1;0.1;52;7879.32;TRUE
LR2_2_8_t2_60R_60V_04I_05M;t2;0.1;52;7273.02;TRUE
lr109_t1_08R_08V_02I_03M;t1;0.1;59;533.17;TRUE
lr209_t2_08R_08V_02I_03M;t2;0.1;59;565.91;TRUE
lr110_t1_08R_08V_04I_03M;t1;0.1;59;672.2;TRUE
lr209_t2_08R_08V_04I_03M;t2;0.1;59;626.42;TRUE
lr109_t1_12R_12V_02I_03M;t1;0.1;59;722.63;TRUE
lr208_t2_12R_12V_02I_03M;t2;0.1;59;766.57;TRUE
lr110_t1_12R_12V_04I_03M;t1;0.1;59;786.88;TRUE
lr207_t2_12R_12V_04I_03M;t2;0.1;59;889.26;TRUE
LR1_2_6_t1_40R_40V_02I_05M;t1;0.1;59;6037.52;TRUE
LR2_2_10_t2_40R_40V_02I_05M;t2;0.1;59;6259.86;TRUE
LR1_2_10_t1_40R_40V_04I_05M;t1;0.1;59;4283.67;TRUE
LR2_2_7_t2_40R_40V_04I_05M;t2;0.1;59;5532.38;TRUE
LR1_2_6_t1_60R_60V_02I_05M;t1;0.1;59;NA;FALSE
LR2_2_8_t2_60R_60V_02I_05M;t2;0.1;59;6375.41;TRUE
LR1_2_6_t1_60R_60V_04I_05M;t1;0.1;59;7879.32;TRUE
LR2_2_8_t2_60R_60V_04I_05M;t2;0.1;59;7341.48;TRUE
lr109_t1_08R_08V_02I_03M;t1;0.1;66;533.17;TRUE
lr209_t2_08R_08V_02I_03M;t2;0.1;66;565.91;TRUE
lr110_t1_08R_08V_04I_03M;t1;0.1;66;672.2;TRUE
lr209_t2_08R_08V_04I_03M;t2;0.1;66;626.42;TRUE
lr109_t1_12R_12V_02I_03M;t1;0.1;66;722.63;TRUE
lr208_t2_12R_12V_02I_03M;t2;0.1;66;769.83;TRUE
lr110_t1_12R_12V_04I_03M;t1;0.1;66;786.88;TRUE
lr207_t2_12R_12V_04I_03M;t2;0.1;66;887.54;TRUE
LR1_2_6_t1_40R_40V_02I_05M;t1;0.1;66;6037.52;TRUE
LR2_2_10_t2_40R_40V_02I_05M;t2;0.1;66;6215.71;TRUE
LR1_2_10_t1_40R_40V_04I_05M;t1;0.1;66;4209.08;TRUE
LR2_2_7_t2_40R_40V_04I_05M;t2;0.1;66;5468.83;TRUE
LR1_2_6_t1_60R_60V_02I_05M;t1;0.1;66;NA;FALSE
LR2_2_8_t2_60R_60V_02I_05M;t2;0.1;66;6835.12;TRUE
LR1_2_6_t1_60R_60V_04I_05M;t1;0.1;66;7879.32;TRUE
LR2_2_8_t2_60R_60V_04I_05M;t2;0.1;66;6782.72;TRUE
lr109_t1_08R_08V_02I_03M;t1;0.1;73;533.17;TRUE
lr209_t2_08R_08V_02I_03M;t2;0.1;73;565.91;TRUE
lr110_t1_08R_08V_04I_03M;t1;0.1;73;672.2;TRUE
lr209_t2_08R_08V_04I_03M;t2;0.1;73;626.42;TRUE
lr109_t1_12R_12V_02I_03M;t1;0.1;73;722.63;TRUE
lr208_t2_12R_12V_02I_03M;t2;0.1;73;776.07;TRUE
lr110_t1_12R_12V_04I_03M;t1;0.1;73;786.88;TRUE
lr207_t2_12R_12V_04I_03M;t2;0.1;73;885.44;TRUE
LR1_2_6_t1_40R_40V_02I_05M;t1;0.1;73;6037.52;TRUE
LR2_2_10_t2_40R_40V_02I_05M;t2;0.1;73;6237.63;TRUE
LR1_2_10_t1_40R_40V_04I_05M;t1;0.1;73;4220.17;TRUE
LR2_2_7_t2_40R_40V_04I_05M;t2;0.1;73;5273.19;TRUE
LR1_2_6_t1_60R_60V_02I_05M;t1;0.1;73;NA;FALSE
LR2_2_8_t2_60R_60V_02I_05M;t2;0.1;73;6674.95;TRUE
LR1_2_6_t1_60R_60V_04I_05M;t1;0.1;73;7879.32;TRUE
LR2_2_8_t2_60R_60V_04I_05M;t2;0.1;73;7146.57;TRUE
lr109_t1_08R_08V_02I_03M;t1;0.1;80;533.17;TRUE
lr209_t2_08R_08V_02I_03M;t2;0.1;80;565.91;TRUE
lr110_t1_08R_08V_04I_03M;t1;0.1;80;672.2;TRUE
lr209_t2_08R_08V_04I_03M;t2;0.1;80;627.77;TRUE
lr109_t1_12R_12V_02I_03M;t1;0.1;80;722.63;TRUE
lr208_t2_12R_12V_02I_03M;t2;0.1;80;776.76;TRUE
lr110_t1_12R_12V_04I_03M;t1;0.1;80;786.88;TRUE
lr207_t2_12R_12V_04I_03M;t2;0.1;80;861.52;TRUE
LR1_2_6_t1_40R_40V_02I_05M;t1;0.1;80;5940.14;TRUE
LR2_2_10_t2_40R_40V_02I_05M;t2;0.1;80;6118.75;TRUE
LR1_2_10_t1_40R_40V_04I_05M;t1;0.1;80;4175.11;TRUE
LR2_2_7_t2_40R_40V_04I_05M;t2;0.1;80;5603.83;TRUE
LR1_2_6_t1_60R_60V_02I_05M;t1;0.1;80;NA;FALSE
LR2_2_8_t2_60R_60V_02I_05M;t2;0.1;80;6924.88;TRUE
LR1_2_6_t1_60R_60V_04I_05M;t1;0.1;80;7879.32;TRUE
LR2_2_8_t2_60R_60V_04I_05M;t2;0.1;80;7296.65;TRUE
lr109_t1_08R_08V_02I_03M;t1;0.1;87;533.17;TRUE
lr209_t2_08R_08V_02I_03M;t2;0.1;87;565.91;TRUE
lr110_t1_08R_08V_04I_03M;t1;0.1;87;672.2;TRUE
lr209_t2_08R_08V_04I_03M;t2;0.1;87;626.42;TRUE
lr109_t1_12R_12V_02I_03M;t1;0.1;87;722.63;TRUE
lr208_t2_12R_12V_02I_03M;t2;0.1;87;778.51;TRUE
lr110_t1_12R_12V_04I_03M;t1;0.1;87;786.88;TRUE
lr207_t2_12R_12V_04I_03M;t2;0.1;87;851.16;TRUE
LR1_2_6_t1_40R_40V_02I_05M;t1;0.1;87;6037.52;TRUE
LR2_2_10_t2_40R_40V_02I_05M;t2;0.1;87;6439.23;TRUE
LR1_2_10_t1_40R_40V_04I_05M;t1;0.1;87;4220.19;TRUE
LR2_2_7_t2_40R_40V_04I_05M;t2;0.1;87;5533.48;TRUE
LR1_2_6_t1_60R_60V_02I_05M;t1;0.1;87;NA;FALSE
LR2_2_8_t2_60R_60V_02I_05M;t2;0.1;87;6471.74;TRUE
LR1_2_6_t1_60R_60V_04I_05M;t1;0.1;87;7879.32;TRUE
LR2_2_8_t2_60R_60V_04I_05M;t2;0.1;87;7284.51;TRUE
lr109_t1_08R_08V_02I_03M;t1;0.15;24;533.17;TRUE
lr209_t2_08R_08V_02I_03M;t2;0.15;24;565.91;TRUE
lr110_t1_08R_08V_04I_03M;t1;0.15;24;672.2;TRUE
lr209_t2_08R_08V_04I_03M;t2;0.15;24;626.42;TRUE
lr109_t1_12R_12V_02I_03M;t1;0.15;24;722.63;TRUE
lr208_t2_12R_12V_02I_03M;t2;0.15;24;770.32;TRUE
lr110_t1_12R_12V_04I_03M;t1;0.15;24;786.88;TRUE
lr207_t2_12R_12V_04I_03M;t2;0.15;24;892.69;TRUE
LR1_2_6_t1_40R_40V_02I_05M;t1;0.15;24;6037.52;TRUE
LR2_2_10_t2_40R_40V_02I_05M;t2;0.15;24;6557.72;TRUE
LR1_2_10_t1_40R_40V_04I_05M;t1;0.15;24;4254.24;TRUE
LR2_2_7_t2_40R_40V_04I_05M;t2;0.15;24;5563.89;TRUE
LR1_2_6_t1_60R_60V_02I_05M;t1;0.15;24;NA;FALSE
LR2_2_8_t2_60R_60V_02I_05M;t2;0.15;24;6852.26;TRUE
LR1_2_6_t1_60R_60V_04I_05M;t1;0.15;24;7879.32;TRUE
LR2_2_8_t2_60R_60V_04I_05M;t2;0.15;24;7464.41;TRUE
lr109_t1_08R_08V_02I_03M;t1;0.15;31;533.17;TRUE
lr209_t2_08R_08V_02I_03M;t2;0.15;31;573.85;TRUE
lr110_t1_08R_08V_04I_03M;t1;0.15;31;672.2;TRUE
lr209_t2_08R_08V_04I_03M;t2;0.15;31;626.42;TRUE
lr109_t1_12R_12V_02I_03M;t1;0.15;31;722.63;TRUE
lr208_t2_12R_12V_02I_03M;t2;0.15;31;780.56;TRUE
lr110_t1_12R_12V_04I_03M;t1;0.15;31;786.88;TRUE
lr207_t2_12R_12V_04I_03M;t2;0.15;31;903.77;TRUE
LR1_2_6_t1_40R_40V_02I_05M;t1;0.15;31;6037.52;TRUE
LR2_2_10_t2_40R_40V_02I_05M;t2;0.15;31;6457.74;TRUE
LR1_2_10_t1_40R_40V_04I_05M;t1;0.15;31;4184.41;TRUE
LR2_2_7_t2_40R_40V_04I_05M;t2;0.15;31;5624.19;TRUE
LR1_2_6_t1_60R_60V_02I_05M;t1;0.15;31;NA;FALSE
LR2_2_8_t2_60R_60V_02I_05M;t2;0.15;31;6854.66;TRUE
LR1_2_6_t1_60R_60V_04I_05M;t1;0.15;31;7879.32;TRUE
LR2_2_8_t2_60R_60V_04I_05M;t2;0.15;31;7523.71;TRUE
lr109_t1_08R_08V_02I_03M;t1;0.15;38;533.17;TRUE
lr209_t2_08R_08V_02I_03M;t2;0.15;38;565.91;TRUE
lr110_t1_08R_08V_04I_03M;t1;0.15;38;672.2;TRUE
lr209_t2_08R_08V_04I_03M;t2;0.15;38;626.65;TRUE
lr109_t1_12R_12V_02I_03M;t1;0.15;38;722.63;TRUE
lr208_t2_12R_12V_02I_03M;t2;0.15;38;785.39;TRUE
lr110_t1_12R_12V_04I_03M;t1;0.15;38;786.88;TRUE
lr207_t2_12R_12V_04I_03M;t2;0.15;38;879.85;TRUE
LR1_2_6_t1_40R_40V_02I_05M;t1;0.15;38;6037.52;TRUE
LR2_2_10_t2_40R_40V_02I_05M;t2;0.15;38;6382.31;TRUE
LR1_2_10_t1_40R_40V_04I_05M;t1;0.15;38;4303.61;TRUE
LR2_2_7_t2_40R_40V_04I_05M;t2;0.15;38;5609;TRUE
LR1_2_6_t1_60R_60V_02I_05M;t1;0.15;38;NA;FALSE
LR2_2_8_t2_60R_60V_02I_05M;t2;0.15;38;7180.44;TRUE
LR1_2_6_t1_60R_60V_04I_05M;t1;0.15;38;7879.32;TRUE
LR2_2_8_t2_60R_60V_04I_05M;t2;0.15;38;7580.64;TRUE
lr109_t1_08R_08V_02I_03M;t1;0.15;45;533.17;TRUE
lr209_t2_08R_08V_02I_03M;t2;0.15;45;565.91;TRUE
lr110_t1_08R_08V_04I_03M;t1;0.15;45;672.2;TRUE
lr209_t2_08R_08V_04I_03M;t2;0.15;45;626.42;TRUE
lr109_t1_12R_12V_02I_03M;t1;0.15;45;722.63;TRUE
lr208_t2_12R_12V_02I_03M;t2;0.15;45;779.83;TRUE
lr110_t1_12R_12V_04I_03M;t1;0.15;45;786.88;TRUE
lr207_t2_12R_12V_04I_03M;t2;0.15;45;882.86;TRUE
LR1_2_6_t1_40R_40V_02I_05M;t1;0.15;45;6037.52;TRUE
LR2_2_10_t2_40R_40V_02I_05M;t2;0.15;45;6291.01;TRUE
LR1_2_10_t1_40R_40V_04I_05M;t1;0.15;45;4203.01;TRUE
LR2_2_7_t2_40R_40V_04I_05M;t2;0.15;45;5639.27;TRUE
LR1_2_6_t1_60R_60V_02I_05M;t1;0.15;45;NA;FALSE
LR2_2_8_t2_60R_60V_02I_05M;t2;0.15;45;6922.32;TRUE
LR1_2_6_t1_60R_60V_04I_05M;t1;0.15;45;7879.32;TRUE
LR2_2_8_t2_60R_60V_04I_05M;t2;0.15;45;7682.48;TRUE
lr109_t1_08R_08V_02I_03M;t1;0.15;52;533.17;TRUE
lr209_t2_08R_08V_02I_03M;t2;0.15;52;573.33;TRUE
lr110_t1_08R_08V_04I_03M;t1;0.15;52;672.2;TRUE
lr209_t2_08R_08V_04I_03M;t2;0.15;52;627.77;TRUE
lr109_t1_12R_12V_02I_03M;t1;0.15;52;722.63;TRUE
lr208_t2_12R_12V_02I_03M;t2;0.15;52;787.51;TRUE
lr110_t1_12R_12V_04I_03M;t1;0.15;52;786.88;TRUE
lr207_t2_12R_12V_04I_03M;t2;0.15;52;896.62;TRUE
LR1_2_6_t1_40R_40V_02I_05M;t1;0.15;52;6037.52;TRUE
LR2_2_10_t2_40R_40V_02I_05M;t2;0.15;52;6253.69;TRUE
LR1_2_10_t1_40R_40V_04I_05M;t1;0.15;52;4272.42;TRUE
LR2_2_7_t2_40R_40V_04I_05M;t2;0.15;52;5732.26;TRUE
LR1_2_6_t1_60R_60V_02I_05M;t1;0.15;52;NA;FALSE
LR2_2_8_t2_60R_60V_02I_05M;t2;0.15;52;6864.32;TRUE
LR1_2_6_t1_60R_60V_04I_05M;t1;0.15;52;7879.32;TRUE
LR2_2_8_t2_60R_60V_04I_05M;t2;0.15;52;7548.49;TRUE
lr109_t1_08R_08V_02I_03M;t1;0.15;59;533.17;TRUE
lr209_t2_08R_08V_02I_03M;t2;0.15;59;565.91;TRUE
lr110_t1_08R_08V_04I_03M;t1;0.15;59;672.2;TRUE
lr209_t2_08R_08V_04I_03M;t2;0.15;59;626.42;TRUE
lr109_t1_12R_12V_02I_03M;t1;0.15;59;722.63;TRUE
lr208_t2_12R_12V_02I_03M;t2;0.15;59;784.82;TRUE
lr110_t1_12R_12V_04I_03M;t1;0.15;59;786.88;TRUE
lr207_t2_12R_12V_04I_03M;t2;0.15;59;886.13;TRUE
LR1_2_6_t1_40R_40V_02I_05M;t1;0.15;59;6037.52;TRUE
LR2_2_10_t2_40R_40V_02I_05M;t2;0.15;59;6329.44;TRUE
LR1_2_10_t1_40R_40V_04I_05M;t1;0.15;59;4236.79;TRUE
LR2_2_7_t2_40R_40V_04I_05M;t2;0.15;59;5588.28;TRUE
LR1_2_6_t1_60R_60V_02I_05M;t1;0.15;59;NA;FALSE
LR2_2_8_t2_60R_60V_02I_05M;t2;0.15;59;7002.03;TRUE
LR1_2_6_t1_60R_60V_04I_05M;t1;0.15;59;7879.32;TRUE
LR2_2_8_t2_60R_60V_04I_05M;t2;0.15;59;7466.33;TRUE
lr109_t1_08R_08V_02I_03M;t1;0.15;66;533.17;TRUE
lr209_t2_08R_08V_02I_03M;t2;0.15;66;565.91;TRUE
lr110_t1_08R_08V_04I_03M;t1;0.15;66;672.2;TRUE
lr209_t2_08R_08V_04I_03M;t2;0.15;66;626.42;TRUE
lr109_t1_12R_12V_02I_03M;t1;0.15;66;722.63;TRUE
lr208_t2_12R_12V_02I_03M;t2;0.15;66;767.68;TRUE
lr110_t1_12R_12V_04I_03M;t1;0.15;66;786.88;TRUE
lr207_t2_12R_12V_04I_03M;t2;0.15;66;902.33;TRUE
LR1_2_6_t1_40R_40V_02I_05M;t1;0.15;66;6037.52;TRUE
LR2_2_10_t2_40R_40V_02I_05M;t2;0.15;66;6363.7;TRUE
LR1_2_10_t1_40R_40V_04I_05M;t1;0.15;66;4170.23;TRUE
LR2_2_7_t2_40R_40V_04I_05M;t2;0.15;66;5451.77;TRUE
LR1_2_6_t1_60R_60V_02I_05M;t1;0.15;66;NA;FALSE
LR2_2_8_t2_60R_60V_02I_05M;t2;0.15;66;7128.94;TRUE
LR1_2_6_t1_60R_60V_04I_05M;t1;0.15;66;7879.32;TRUE
LR2_2_8_t2_60R_60V_04I_05M;t2;0.15;66;7617.71;TRUE
lr109_t1_08R_08V_02I_03M;t1;0.15;73;533.17;TRUE
lr209_t2_08R_08V_02I_03M;t2;0.15;73;573.85;TRUE
lr110_t1_08R_08V_04I_03M;t1;0.15;73;672.2;TRUE
lr209_t2_08R_08V_04I_03M;t2;0.15;73;626.42;TRUE
lr109_t1_12R_12V_02I_03M;t1;0.15;73;722.63;TRUE
lr208_t2_12R_12V_02I_03M;t2;0.15;73;789.24;TRUE
lr110_t1_12R_12V_04I_03M;t1;0.15;73;786.88;TRUE
lr207_t2_12R_12V_04I_03M;t2;0.15;73;902.38;TRUE
LR1_2_6_t1_40R_40V_02I_05M;t1;0.15;73;6037.52;TRUE
LR2_2_10_t2_40R_40V_02I_05M;t2;0.15;73;6356.5;TRUE
LR1_2_10_t1_40R_40V_04I_05M;t1;0.15;73;4299.19;TRUE
LR2_2_7_t2_40R_40V_04I_05M;t2;0.15;73;5562.81;TRUE
LR1_2_6_t1_60R_60V_02I_05M;t1;0.15;73;NA;FALSE
LR2_2_8_t2_60R_60V_02I_05M;t2;0.15;73;7092.13;TRUE
LR1_2_6_t1_60R_60V_04I_05M;t1;0.15;73;7879.32;TRUE
LR2_2_8_t2_60R_60V_04I_05M;t2;0.15;73;7670.01;TRUE
lr109_t1_08R_08V_02I_03M;t1;0.15;80;533.17;TRUE
lr209_t2_08R_08V_02I_03M;t2;0.15;80;565.91;TRUE
lr110_t1_08R_08V_04I_03M;t1;0.15;80;672.2;TRUE
lr209_t2_08R_08V_04I_03M;t2;0.15;80;626.42;TRUE
lr109_t1_12R_12V_02I_03M;t1;0.15;80;722.63;TRUE
lr208_t2_12R_12V_02I_03M;t2;0.15;80;788.31;TRUE
lr110_t1_12R_12V_04I_03M;t1;0.15;80;786.88;TRUE
lr207_t2_12R_12V_04I_03M;t2;0.15;80;866.99;TRUE
LR1_2_6_t1_40R_40V_02I_05M;t1;0.15;80;5905.62;TRUE
LR2_2_10_t2_40R_40V_02I_05M;t2;0.15;80;6440.99;TRUE
LR1_2_10_t1_40R_40V_04I_05M;t1;0.15;80;4232.78;TRUE
LR2_2_7_t2_40R_40V_04I_05M;t2;0.15;80;5576.34;TRUE
LR1_2_6_t1_60R_60V_02I_05M;t1;0.15;80;NA;FALSE
LR2_2_8_t2_60R_60V_02I_05M;t2;0.15;80;7065.89;TRUE
LR1_2_6_t1_60R_60V_04I_05M;t1;0.15;80;7879.32;TRUE
LR2_2_8_t2_60R_60V_04I_05M;t2;0.15;80;7474.66;TRUE
lr109_t1_08R_08V_02I_03M;t1;0.15;87;533.17;TRUE
lr209_t2_08R_08V_02I_03M;t2;0.15;87;565.91;TRUE
lr110_t1_08R_08V_04I_03M;t1;0.15;87;672.2;TRUE
lr209_t2_08R_08V_04I_03M;t2;0.15;87;626.42;TRUE
lr109_t1_12R_12V_02I_03M;t1;0.15;87;722.63;TRUE
lr208_t2_12R_12V_02I_03M;t2;0.15;87;776.08;TRUE
lr110_t1_12R_12V_04I_03M;t1;0.15;87;786.88;TRUE
lr207_t2_12R_12V_04I_03M;t2;0.15;87;886.15;TRUE
LR1_2_6_t1_40R_40V_02I_05M;t1;0.15;87;6015.16;TRUE
LR2_2_10_t2_40R_40V_02I_05M;t2;0.15;87;6252.75;TRUE
LR1_2_10_t1_40R_40V_04I_05M;t1;0.15;87;4177.79;TRUE
LR2_2_7_t2_40R_40V_04I_05M;t2;0.15;87;5540.04;TRUE
LR1_2_6_t1_60R_60V_02I_05M;t1;0.15;87;NA;FALSE
LR2_2_8_t2_60R_60V_02I_05M;t2;0.15;87;6900.61;TRUE
LR1_2_6_t1_60R_60V_04I_05M;t1;0.15;87;7879.32;TRUE
LR2_2_8_t2_60R_60V_04I_05M;t2;0.15;87;7533.5;TRUE
lr109_t1_08R_08V_02I_03M;t1;0.2;24;533.17;TRUE
lr209_t2_08R_08V_02I_03M;t2;0.2;24;565.91;TRUE
lr110_t1_08R_08V_04I_03M;t1;0.2;24;672.2;TRUE
lr209_t2_08R_08V_04I_03M;t2;0.2;24;626.42;TRUE
lr109_t1_12R_12V_02I_03M;t1;0.2;24;722.63;TRUE
lr208_t2_12R_12V_02I_03M;t2;0.2;24;759.84;TRUE
lr110_t1_12R_12V_04I_03M;t1;0.2;24;786.88;TRUE
lr207_t2_12R_12V_04I_03M;t2;0.2;24;929.7;TRUE
LR1_2_6_t1_40R_40V_02I_05M;t1;0.2;24;6037.52;TRUE
LR2_2_10_t2_40R_40V_02I_05M;t2;0.2;24;6500.18;TRUE
LR1_2_10_t1_40R_40V_04I_05M;t1;0.2;24;4262;TRUE
LR2_2_7_t2_40R_40V_04I_05M;t2;0.2;24;5543.26;TRUE
LR1_2_6_t1_60R_60V_02I_05M;t1;0.2;24;NA;FALSE
LR2_2_8_t2_60R_60V_02I_05M;t2;0.2;24;7157.08;TRUE
LR1_2_6_t1_60R_60V_04I_05M;t1;0.2;24;7879.32;TRUE
LR2_2_8_t2_60R_60V_04I_05M;t2;0.2;24;7264.24;TRUE
lr109_t1_08R_08V_02I_03M;t1;0.2;31;533.17;TRUE
lr209_t2_08R_08V_02I_03M;t2;0.2;31;573.85;TRUE
lr110_t1_08R_08V_04I_03M;t1;0.2;31;672.2;TRUE
lr209_t2_08R_08V_04I_03M;t2;0.2;31;626.42;TRUE
lr109_t1_12R_12V_02I_03M;t1;0.2;31;722.63;TRUE
lr208_t2_12R_12V_02I_03M;t2;0.2;31;783.85;TRUE
lr110_t1_12R_12V_04I_03M;t1;0.2;31;786.88;TRUE
lr207_t2_12R_12V_04I_03M;t2;0.2;31;932.36;TRUE
LR1_2_6_t1_40R_40V_02I_05M;t1;0.2;31;6037.52;TRUE
LR2_2_10_t2_40R_40V_02I_05M;t2;0.2;31;6433.76;TRUE
LR1_2_10_t1_40R_40V_04I_05M;t1;0.2;31;4216.81;TRUE
LR2_2_7_t2_40R_40V_04I_05M;t2;0.2;31;5769.37;TRUE
LR1_2_6_t1_60R_60V_02I_05M;t1;0.2;31;NA;FALSE
LR2_2_8_t2_60R_60V_02I_05M;t2;0.2;31;6937.94;TRUE
LR1_2_6_t1_60R_60V_04I_05M;t1;0.2;31;7879.32;TRUE
LR2_2_8_t2_60R_60V_04I_05M;t2;0.2;31;7685.41;TRUE
lr109_t1_08R_08V_02I_03M;t1;0.2;38;533.17;TRUE
lr209_t2_08R_08V_02I_03M;t2;0.2;38;573.33;TRUE
lr110_t1_08R_08V_04I_03M;t1;0.2;38;672.2;TRUE
lr209_t2_08R_08V_04I_03M;t2;0.2;38;626.42;TRUE
lr109_t1_12R_12V_02I_03M;t1;0.2;38;722.63;TRUE
lr208_t2_12R_12V_02I_03M;t2;0.2;38;749.61;TRUE
lr110_t1_12R_12V_04I_03M;t1;0.2;38;786.88;TRUE
lr207_t2_12R_12V_04I_03M;t2;0.2;38;900.15;TRUE
LR1_2_6_t1_40R_40V_02I_05M;t1;0.2;38;6037.52;TRUE
LR2_2_10_t2_40R_40V_02I_05M;t2;0.2;38;6336.12;TRUE
LR1_2_10_t1_40R_40V_04I_05M;t1;0.2;38;4310.51;TRUE
LR2_2_7_t2_40R_40V_04I_05M;t2;0.2;38;5642.3;TRUE
LR1_2_6_t1_60R_60V_02I_05M;t1;0.2;38;NA;FALSE
LR2_2_8_t2_60R_60V_02I_05M;t2;0.2;38;7122.49;TRUE
LR1_2_6_t1_60R_60V_04I_05M;t1;0.2;38;7879.32;TRUE
LR2_2_8_t2_60R_60V_04I_05M;t2;0.2;38;7534.1;TRUE
lr109_t1_08R_08V_02I_03M;t1;0.2;45;533.17;TRUE
lr209_t2_08R_08V_02I_03M;t2;0.2;45;565.91;TRUE
lr110_t1_08R_08V_04I_03M;t1;0.2;45;672.2;TRUE
lr209_t2_08R_08V_04I_03M;t2;0.2;45;626.42;TRUE
lr109_t1_12R_12V_02I_03M;t1;0.2;45;722.63;TRUE
lr208_t2_12R_12V_02I_03M;t2;0.2;45;778.27;TRUE
lr110_t1_12R_12V_04I_03M;t1;0.2;45;789.52;TRUE
lr207_t2_12R_12V_04I_03M;t2;0.2;45;865.9;TRUE
LR1_2_6_t1_40R_40V_02I_05M;t1;0.2;45;6037.52;TRUE
LR2_2_10_t2_40R_40V_02I_05M;t2;0.2;45;6498.54;TRUE
LR1_2_10_t1_40R_40V_04I_05M;t1;0.2;45;4150.5;TRUE
LR2_2_7_t2_40R_40V_04I_05M;t2;0.2;45;5512.61;TRUE
LR1_2_6_t1_60R_60V_02I_05M;t1;0.2;45;NA;FALSE
LR2_2_8_t2_60R_60V_02I_05M;t2;0.2;45;6904.05;TRUE
LR1_2_6_t1_60R_60V_04I_05M;t1;0.2;45;7879.32;TRUE
LR2_2_8_t2_60R_60V_04I_05M;t2;0.2;45;7685.41;TRUE
lr109_t1_08R_08V_02I_03M;t1;0.2;52;533.17;TRUE
lr209_t2_08R_08V_02I_03M;t2;0.2;52;573.33;TRUE
lr110_t1_08R_08V_04I_03M;t1;0.2;52;672.2;TRUE
lr209_t2_08R_08V_04I_03M;t2;0.2;52;626.42;TRUE
lr109_t1_12R_12V_02I_03M;t1;0.2;52;722.63;TRUE
lr208_t2_12R_12V_02I_03M;t2;0.2;52;780.34;TRUE
lr110_t1_12R_12V_04I_03M;t1;0.2;52;786.88;TRUE
lr207_t2_12R_12V_04I_03M;t2;0.2;52;896.45;TRUE
LR1_2_6_t1_40R_40V_02I_05M;t1;0.2;52;6037.52;TRUE
LR2_2_10_t2_40R_40V_02I_05M;t2;0.2;52;6429.9;TRUE
LR1_2_10_t1_40R_40V_04I_05M;t1;0.2;52;4136.49;TRUE
LR2_2_7_t2_40R_40V_04I_05M;t2;0.2;52;5550.54;TRUE
LR1_2_6_t1_60R_60V_02I_05M;t1;0.2;52;NA;FALSE
LR2_2_8_t2_60R_60V_02I_05M;t2;0.2;52;7196.81;TRUE
LR1_2_6_t1_60R_60V_04I_05M;t1;0.2;52;7879.32;TRUE
LR2_2_8_t2_60R_60V_04I_05M;t2;0.2;52;7664.06;TRUE
lr109_t1_08R_08V_02I_03M;t1;0.2;59;533.17;TRUE
lr209_t2_08R_08V_02I_03M;t2;0.2;59;565.91;TRUE
lr110_t1_08R_08V_04I_03M;t1;0.2;59;672.2;TRUE
lr209_t2_08R_08V_04I_03M;t2;0.2;59;626.42;TRUE
lr109_t1_12R_12V_02I_03M;t1;0.2;59;722.63;TRUE
lr208_t2_12R_12V_02I_03M;t2;0.2;59;783.96;TRUE
lr110_t1_12R_12V_04I_03M;t1;0.2;59;786.88;TRUE
lr207_t2_12R_12V_04I_03M;t2;0.2;59;908.58;TRUE
LR1_2_6_t1_40R_40V_02I_05M;t1;0.2;59;6037.52;TRUE
LR2_2_10_t2_40R_40V_02I_05M;t2;0.2;59;6450.51;TRUE
LR1_2_10_t1_40R_40V_04I_05M;t1;0.2;59;4196.37;TRUE
LR2_2_7_t2_40R_40V_04I_05M;t2;0.2;59;5536.31;TRUE
LR1_2_6_t1_60R_60V_02I_05M;t1;0.2;59;NA;FALSE
LR2_2_8_t2_60R_60V_02I_05M;t2;0.2;59;7152.23;TRUE
LR1_2_6_t1_60R_60V_04I_05M;t1;0.2;59;7879.32;TRUE
LR2_2_8_t2_60R_60V_04I_05M;t2;0.2;59;7640.46;TRUE
lr109_t1_08R_08V_02I_03M;t1;0.2;66;533.17;TRUE
lr209_t2_08R_08V_02I_03M;t2;0.2;66;565.91;TRUE
lr110_t1_08R_08V_04I_03M;t1;0.2;66;672.2;TRUE
lr209_t2_08R_08V_04I_03M;t2;0.2;66;626.42;TRUE
lr109_t1_12R_12V_02I_03M;t1;0.2;66;722.63;TRUE
lr208_t2_12R_12V_02I_03M;t2;0.2;66;773.37;TRUE
lr110_t1_12R_12V_04I_03M;t1;0.2;66;786.88;TRUE
lr207_t2_12R_12V_04I_03M;t2;0.2;66;901.27;TRUE
LR1_2_6_t1_40R_40V_02I_05M;t1;0.2;66;6037.52;TRUE
LR2_2_10_t2_40R_40V_02I_05M;t2;0.2;66;6472.32;TRUE
LR1_2_10_t1_40R_40V_04I_05M;t1;0.2;66;4304.89;TRUE
LR2_2_7_t2_40R_40V_04I_05M;t2;0.2;66;5472.01;TRUE
LR1_2_6_t1_60R_60V_02I_05M;t1;0.2;66;NA;FALSE
LR2_2_8_t2_60R_60V_02I_05M;t2;0.2;66;7180.55;TRUE
LR1_2_6_t1_60R_60V_04I_05M;t1;0.2;66;7879.32;TRUE
LR2_2_8_t2_60R_60V_04I_05M;t2;0.2;66;7685.41;TRUE
lr109_t1_08R_08V_02I_03M;t1;0.2;73;533.17;TRUE
lr209_t2_08R_08V_02I_03M;t2;0.2;73;573.85;TRUE
lr110_t1_08R_08V_04I_03M;t1;0.2;73;672.2;TRUE
lr209_t2_08R_08V_04I_03M;t2;0.2;73;627.67;TRUE
lr109_t1_12R_12V_02I_03M;t1;0.2;73;722.63;TRUE
lr208_t2_12R_12V_02I_03M;t2;0.2;73;779.35;TRUE
lr110_t1_12R_12V_04I_03M;t1;0.2;73;786.88;TRUE
lr207_t2_12R_12V_04I_03M;t2;0.2;73;902.78;TRUE
LR1_2_6_t1_40R_40V_02I_05M;t1;0.2;73;6037.52;TRUE
LR2_2_10_t2_40R_40V_02I_05M;t2;0.2;73;6562.85;TRUE
LR1_2_10_t1_40R_40V_04I_05M;t1;0.2;73;4297.34;TRUE
LR2_2_7_t2_40R_40V_04I_05M;t2;0.2;73;5697.48;TRUE
LR1_2_6_t1_60R_60V_02I_05M;t1;0.2;73;NA;FALSE
LR2_2_8_t2_60R_60V_02I_05M;t2;0.2;73;7096.34;TRUE
LR1_2_6_t1_60R_60V_04I_05M;t1;0.2;73;7879.32;TRUE
LR2_2_8_t2_60R_60V_04I_05M;t2;0.2;73;7685.41;TRUE
lr109_t1_08R_08V_02I_03M;t1;0.2;80;533.17;TRUE
lr209_t2_08R_08V_02I_03M;t2;0.2;80;565.91;TRUE
lr110_t1_08R_08V_04I_03M;t1;0.2;80;672.2;TRUE
lr209_t2_08R_08V_04I_03M;t2;0.2;80;626.42;TRUE
lr109_t1_12R_12V_02I_03M;t1;0.2;80;722.63;TRUE
lr208_t2_12R_12V_02I_03M;t2;0.2;80;777.53;TRUE
lr110_t1_12R_12V_04I_03M;t1;0.2;80;786.88;TRUE
lr207_t2_12R_12V_04I_03M;t2;0.2;80;906.33;TRUE
LR1_2_6_t1_40R_40V_02I_05M;t1;0.2;80;5976.1;TRUE
LR2_2_10_t2_40R_40V_02I_05M;t2;0.2;80;6594.24;TRUE
LR1_2_10_t1_40R_40V_04I_05M;t1;0.2;80;4334.54;TRUE
LR2_2_7_t2_40R_40V_04I_05M;t2;0.2;80;5687.23;TRUE
LR1_2_6_t1_60R_60V_02I_05M;t1;0.2;80;NA;FALSE
LR2_2_8_t2_60R_60V_02I_05M;t2;0.2;80;6935.43;TRUE
LR1_2_6_t1_60R_60V_04I_05M;t1;0.2;80;7879.32;TRUE
LR2_2_8_t2_60R_60V_04I_05M;t2;0.2;80;7358.26;TRUE
lr109_t1_08R_08V_02I_03M;t1;0.2;87;533.17;TRUE
lr209_t2_08R_08V_02I_03M;t2;0.2;87;570.16;TRUE
lr110_t1_08R_08V_04I_03M;t1;0.2;87;672.2;TRUE
lr209_t2_08R_08V_04I_03M;t2;0.2;87;626.42;TRUE
lr109_t1_12R_12V_02I_03M;t1;0.2;87;722.63;TRUE
lr208_t2_12R_12V_02I_03M;t2;0.2;87;772.12;TRUE
lr110_t1_12R_12V_04I_03M;t1;0.2;87;786.88;TRUE
lr207_t2_12R_12V_04I_03M;t2;0.2;87;909.08;TRUE
LR1_2_6_t1_40R_40V_02I_05M;t1;0.2;87;6037.52;TRUE
LR2_2_10_t2_40R_40V_02I_05M;t2;0.2;87;6511.93;TRUE
LR1_2_10_t1_40R_40V_04I_05M;t1;0.2;87;4324.9;TRUE
LR2_2_7_t2_40R_40V_04I_05M;t2;0.2;87;5619.89;TRUE
LR1_2_6_t1_60R_60V_02I_05M;t1;0.2;87;NA;FALSE
LR2_2_8_t2_60R_60V_02I_05M;t2;0.2;87;7240.7;TRUE
LR1_2_6_t1_60R_60V_04I_05M;t1;0.2;87;7879.32;TRUE
LR2_2_8_t2_60R_60V_04I_05M;t2;0.2;87;7685.41;TRUE
lr109_t1_08R_08V_02I_03M;t1;0.05;94;533.17;TRUE
lr209_t2_08R_08V_02I_03M;t2;0.05;94;565.91;TRUE
lr110_t1_08R_08V_04I_03M;t1;0.05;94;672.2;TRUE
lr209_t2_08R_08V_04I_03M;t2;0.05;94;626.42;TRUE
lr109_t1_12R_12V_02I_03M;t1;0.05;94;722.63;TRUE
lr208_t2_12R_12V_02I_03M;t2;0.05;94;768.11;TRUE
lr110_t1_12R_12V_04I_03M;t1;0.05;94;786.88;TRUE
lr207_t2_12R_12V_04I_03M;t2;0.05;94;877.32;TRUE
LR1_2_6_t1_40R_40V_02I_05M;t1;0.05;94;6037.52;TRUE
LR2_2_10_t2_40R_40V_02I_05M;t2;0.05;94;6142.1;TRUE
LR1_2_10_t1_40R_40V_04I_05M;t1;0.05;94;4097.84;TRUE
LR2_2_7_t2_40R_40V_04I_05M;t2;0.05;94;5415.53;TRUE
LR1_2_6_t1_60R_60V_02I_05M;t1;0.05;94;NA;FALSE
LR2_2_8_t2_60R_60V_02I_05M;t2;0.05;94;6654;TRUE
LR1_2_6_t1_60R_60V_04I_05M;t1;0.05;94;7879.32;TRUE
LR2_2_8_t2_60R_60V_04I_05M;t2;0.05;94;7031.47;TRUE
lr109_t1_08R_08V_02I_03M;t1;0.05;101;533.17;TRUE
lr209_t2_08R_08V_02I_03M;t2;0.05;101;565.91;TRUE
lr110_t1_08R_08V_04I_03M;t1;0.05;101;672.2;TRUE
lr209_t2_08R_08V_04I_03M;t2;0.05;101;626.42;TRUE
lr109_t1_12R_12V_02I_03M;t1;0.05;101;722.63;TRUE
lr208_t2_12R_12V_02I_03M;t2;0.05;101;768.49;TRUE
lr110_t1_12R_12V_04I_03M;t1;0.05;101;786.88;TRUE
lr207_t2_12R_12V_04I_03M;t2;0.05;101;865.73;TRUE
LR1_2_6_t1_40R_40V_02I_05M;t1;0.05;101;6037.52;TRUE
LR2_2_10_t2_40R_40V_02I_05M;t2;0.05;101;5938.79;TRUE
LR1_2_10_t1_40R_40V_04I_05M;t1;0.05;101;4121.92;TRUE
LR2_2_7_t2_40R_40V_04I_05M;t2;0.05;101;5522.76;TRUE
LR1_2_6_t1_60R_60V_02I_05M;t1;0.05;101;NA;FALSE
LR2_2_8_t2_60R_60V_02I_05M;t2;0.05;101;6542.96;TRUE
LR1_2_6_t1_60R_60V_04I_05M;t1;0.05;101;7879.32;TRUE
LR2_2_8_t2_60R_60V_04I_05M;t2;0.05;101;7120.31;TRUE
lr109_t1_08R_08V_02I_03M;t1;0.05;108;533.17;TRUE
lr209_t2_08R_08V_02I_03M;t2;0.05;108;565.91;TRUE
lr110_t1_08R_08V_04I_03M;t1;0.05;108;672.2;TRUE
lr209_t2_08R_08V_04I_03M;t2;0.05;108;626.42;TRUE
lr109_t1_12R_12V_02I_03M;t1;0.05;108;722.63;TRUE
lr208_t2_12R_12V_02I_03M;t2;0.05;108;759.7;TRUE
lr110_t1_12R_12V_04I_03M;t1;0.05;108;786.88;TRUE
lr207_t2_12R_12V_04I_03M;t2;0.05;108;851.16;TRUE
LR1_2_6_t1_40R_40V_02I_05M;t1;0.05;108;6037.52;TRUE
LR2_2_10_t2_40R_40V_02I_05M;t2;0.05;108;5996.14;TRUE
LR1_2_10_t1_40R_40V_04I_05M;t1;0.05;108;4009.5;TRUE
LR2_2_7_t2_40R_40V_04I_05M;t2;0.05;108;5448.77;TRUE
LR1_2_6_t1_60R_60V_02I_05M;t1;0.05;108;NA;FALSE
LR2_2_8_t2_60R_60V_02I_05M;t2;0.05;108;6483.56;TRUE
LR1_2_6_t1_60R_60V_04I_05M;t1;0.05;108;7879.32;TRUE
LR2_2_8_t2_60R_60V_04I_05M;t2;0.05;108;6823.55;TRUE
lr109_t1_08R_08V_02I_03M;t1;0.05;115;533.17;TRUE
lr209_t2_08R_08V_02I_03M;t2;0.05;115;565.91;TRUE
lr110_t1_08R_08V_04I_03M;t1;0.05;115;672.2;TRUE
lr209_t2_08R_08V_04I_03M;t2;0.05;115;626.42;TRUE
lr109_t1_12R_12V_02I_03M;t1;0.05;115;722.63;TRUE
lr208_t2_12R_12V_02I_03M;t2;0.05;115;771.04;TRUE
lr110_t1_12R_12V_04I_03M;t1;0.05;115;786.88;TRUE
lr207_t2_12R_12V_04I_03M;t2;0.05;115;850.86;TRUE
LR1_2_6_t1_40R_40V_02I_05M;t1;0.05;115;6037.52;TRUE
LR2_2_10_t2_40R_40V_02I_05M;t2;0.05;115;6157.97;TRUE
LR1_2_10_t1_40R_40V_04I_05M;t1;0.05;115;4156.8;TRUE
LR2_2_7_t2_40R_40V_04I_05M;t2;0.05;115;5523.99;TRUE
LR1_2_6_t1_60R_60V_02I_05M;t1;0.05;115;NA;FALSE
LR2_2_8_t2_60R_60V_02I_05M;t2;0.05;115;6588.49;TRUE
LR1_2_6_t1_60R_60V_04I_05M;t1;0.05;115;7879.32;TRUE
LR2_2_8_t2_60R_60V_04I_05M;t2;0.05;115;7151.99;TRUE
lr109_t1_08R_08V_02I_03M;t1;0.05;122;533.17;TRUE
lr209_t2_08R_08V_02I_03M;t2;0.05;122;565.91;TRUE
lr110_t1_08R_08V_04I_03M;t1;0.05;122;672.2;TRUE
lr209_t2_08R_08V_04I_03M;t2;0.05;122;626.42;TRUE
lr109_t1_12R_12V_02I_03M;t1;0.05;122;722.63;TRUE
lr208_t2_12R_12V_02I_03M;t2;0.05;122;776.03;TRUE
lr110_t1_12R_12V_04I_03M;t1;0.05;122;786.88;TRUE
lr207_t2_12R_12V_04I_03M;t2;0.05;122;879.85;TRUE
LR1_2_6_t1_40R_40V_02I_05M;t1;0.05;122;6037.52;TRUE
LR2_2_10_t2_40R_40V_02I_05M;t2;0.05;122;6123.5;TRUE
LR1_2_10_t1_40R_40V_04I_05M;t1;0.05;122;4082.44;TRUE
LR2_2_7_t2_40R_40V_04I_05M;t2;0.05;122;5540.38;TRUE
LR1_2_6_t1_60R_60V_02I_05M;t1;0.05;122;NA;FALSE
LR2_2_8_t2_60R_60V_02I_05M;t2;0.05;122;6351.71;TRUE
LR1_2_6_t1_60R_60V_04I_05M;t1;0.05;122;7879.32;TRUE
LR2_2_8_t2_60R_60V_04I_05M;t2;0.05;122;6984.64;TRUE
lr109_t1_08R_08V_02I_03M;t1;0.05;129;533.17;TRUE
lr209_t2_08R_08V_02I_03M;t2;0.05;129;565.91;TRUE
lr110_t1_08R_08V_04I_03M;t1;0.05;129;672.2;TRUE
lr209_t2_08R_08V_04I_03M;t2;0.05;129;626.42;TRUE
lr109_t1_12R_12V_02I_03M;t1;0.05;129;722.63;TRUE
lr208_t2_12R_12V_02I_03M;t2;0.05;129;764.9;TRUE
lr110_t1_12R_12V_04I_03M;t1;0.05;129;786.88;TRUE
lr207_t2_12R_12V_04I_03M;t2;0.05;129;850.86;TRUE
LR1_2_6_t1_40R_40V_02I_05M;t1;0.05;129;5873.33;TRUE
LR2_2_10_t2_40R_40V_02I_05M;t2;0.05;129;6245.76;TRUE
LR1_2_10_t1_40R_40V_04I_05M;t1;0.05;129;4162.18;TRUE
LR2_2_7_t2_40R_40V_04I_05M;t2;0.05;129;5470.64;TRUE
LR1_2_6_t1_60R_60V_02I_05M;t1;0.05;129;NA;FALSE
LR2_2_8_t2_60R_60V_02I_05M;t2;0.05;129;6537.58;TRUE
LR1_2_6_t1_60R_60V_04I_05M;t1;0.05;129;7879.32;TRUE
LR2_2_8_t2_60R_60V_04I_05M;t2;0.05;129;6909.82;TRUE
lr109_t1_08R_08V_02I_03M;t1;0.05;136;533.17;TRUE
lr209_t2_08R_08V_02I_03M;t2;0.05;136;565.91;TRUE
lr110_t1_08R_08V_04I_03M;t1;0.05;136;672.2;TRUE
lr209_t2_08R_08V_04I_03M;t2;0.05;136;626.42;TRUE
lr109_t1_12R_12V_02I_03M;t1;0.05;136;722.63;TRUE
lr208_t2_12R_12V_02I_03M;t2;0.05;136;774.74;TRUE
lr110_t1_12R_12V_04I_03M;t1;0.05;136;786.88;TRUE
lr207_t2_12R_12V_04I_03M;t2;0.05;136;861.72;TRUE
LR1_2_6_t1_40R_40V_02I_05M;t1;0.05;136;6037.52;TRUE
LR2_2_10_t2_40R_40V_02I_05M;t2;0.05;136;6068.11;TRUE
LR1_2_10_t1_40R_40V_04I_05M;t1;0.05;136;4103.17;TRUE
LR2_2_7_t2_40R_40V_04I_05M;t2;0.05;136;5407.41;TRUE
LR1_2_6_t1_60R_60V_02I_05M;t1;0.05;136;NA;FALSE
LR2_2_8_t2_60R_60V_02I_05M;t2;0.05;136;6478.28;TRUE
LR1_2_6_t1_60R_60V_04I_05M;t1;0.05;136;7879.32;TRUE
LR2_2_8_t2_60R_60V_04I_05M;t2;0.05;136;6956.52;TRUE
lr109_t1_08R_08V_02I_03M;t1;0.05;143;533.17;TRUE
lr209_t2_08R_08V_02I_03M;t2;0.05;143;570.16;TRUE
lr110_t1_08R_08V_04I_03M;t1;0.05;143;672.2;TRUE
lr209_t2_08R_08V_04I_03M;t2;0.05;143;626.42;TRUE
lr109_t1_12R_12V_02I_03M;t1;0.05;143;722.63;TRUE
lr208_t2_12R_12V_02I_03M;t2;0.05;143;771.13;TRUE
lr110_t1_12R_12V_04I_03M;t1;0.05;143;786.88;TRUE
lr207_t2_12R_12V_04I_03M;t2;0.05;143;854.92;TRUE
LR1_2_6_t1_40R_40V_02I_05M;t1;0.05;143;6037.52;TRUE
LR2_2_10_t2_40R_40V_02I_05M;t2;0.05;143;6142.09;TRUE
LR1_2_10_t1_40R_40V_04I_05M;t1;0.05;143;4134.46;TRUE
LR2_2_7_t2_40R_40V_04I_05M;t2;0.05;143;5425.01;TRUE
LR1_2_6_t1_60R_60V_02I_05M;t1;0.05;143;NA;FALSE
LR2_2_8_t2_60R_60V_02I_05M;t2;0.05;143;6537.09;TRUE
LR1_2_6_t1_60R_60V_04I_05M;t1;0.05;143;7879.32;TRUE
LR2_2_8_t2_60R_60V_04I_05M;t2;0.05;143;6951.97;TRUE
lr109_t1_08R_08V_02I_03M;t1;0.05;150;533.17;TRUE
lr209_t2_08R_08V_02I_03M;t2;0.05;150;565.91;TRUE
lr110_t1_08R_08V_04I_03M;t1;0.05;150;672.2;TRUE
lr209_t2_08R_08V_04I_03M;t2;0.05;150;626.42;TRUE
lr109_t1_12R_12V_02I_03M;t1;0.05;150;722.63;TRUE
lr208_t2_12R_12V_02I_03M;t2;0.05;150;772.62;TRUE
lr110_t1_12R_12V_04I_03M;t1;0.05;150;786.88;TRUE
lr207_t2_12R_12V_04I_03M;t2;0.05;150;867.35;TRUE
LR1_2_6_t1_40R_40V_02I_05M;t1;0.05;150;5983.51;TRUE
LR2_2_10_t2_40R_40V_02I_05M;t2;0.05;150;6173.1;TRUE
LR1_2_10_t1_40R_40V_04I_05M;t1;0.05;150;4163.51;TRUE
LR2_2_7_t2_40R_40V_04I_05M;t2;0.05;150;5420.67;TRUE
LR1_2_6_t1_60R_60V_02I_05M;t1;0.05;150;NA;FALSE
LR2_2_8_t2_60R_60V_02I_05M;t2;0.05;150;6666.51;TRUE
LR1_2_6_t1_60R_60V_04I_05M;t1;0.05;150;7879.32;TRUE
LR2_2_8_t2_60R_60V_04I_05M;t2;0.05;150;6646.49;TRUE
lr109_t1_08R_08V_02I_03M;t1;0.05;157;533.17;TRUE
lr209_t2_08R_08V_02I_03M;t2;0.05;157;565.91;TRUE
lr110_t1_08R_08V_04I_03M;t1;0.05;157;672.2;TRUE
lr209_t2_08R_08V_04I_03M;t2;0.05;157;626.42;TRUE
lr109_t1_12R_12V_02I_03M;t1;0.05;157;722.63;TRUE
lr208_t2_12R_12V_02I_03M;t2;0.05;157;769.26;TRUE
lr110_t1_12R_12V_04I_03M;t1;0.05;157;786.88;TRUE
lr207_t2_12R_12V_04I_03M;t2;0.05;157;877.14;TRUE
LR1_2_6_t1_40R_40V_02I_05M;t1;0.05;157;6037.52;TRUE
LR2_2_10_t2_40R_40V_02I_05M;t2;0.05;157;6295.62;TRUE
LR1_2_10_t1_40R_40V_04I_05M;t1;0.05;157;4148.71;TRUE
LR2_2_7_t2_40R_40V_04I_05M;t2;0.05;157;5310.77;TRUE
LR1_2_6_t1_60R_60V_02I_05M;t1;0.05;157;NA;FALSE
LR2_2_8_t2_60R_60V_02I_05M;t2;0.05;157;6289.6;TRUE
LR1_2_6_t1_60R_60V_04I_05M;t1;0.05;157;7879.32;TRUE
LR2_2_8_t2_60R_60V_04I_05M;t2;0.05;157;6933.92;TRUE
lr109_t1_08R_08V_02I_03M;t1;0.1;94;533.17;TRUE
lr209_t2_08R_08V_02I_03M;t2;0.1;94;565.91;TRUE
lr110_t1_08R_08V_04I_03M;t1;0.1;94;672.2;TRUE
lr209_t2_08R_08V_04I_03M;t2;0.1;94;626.65;TRUE
lr109_t1_12R_12V_02I_03M;t1;0.1;94;722.63;TRUE
lr208_t2_12R_12V_02I_03M;t2;0.1;94;775.98;TRUE
lr110_t1_12R_12V_04I_03M;t1;0.1;94;786.88;TRUE
lr207_t2_12R_12V_04I_03M;t2;0.1;94;879.09;TRUE
LR1_2_6_t1_40R_40V_02I_05M;t1;0.1;94;6037.52;TRUE
LR2_2_10_t2_40R_40V_02I_05M;t2;0.1;94;6185.48;TRUE
LR1_2_10_t1_40R_40V_04I_05M;t1;0.1;94;4212.25;TRUE
LR2_2_7_t2_40R_40V_04I_05M;t2;0.1;94;5565.04;TRUE
LR1_2_6_t1_60R_60V_02I_05M;t1;0.1;94;NA;FALSE
LR2_2_8_t2_60R_60V_02I_05M;t2;0.1;94;6696.1;TRUE
LR1_2_6_t1_60R_60V_04I_05M;t1;0.1;94;7879.32;TRUE
LR2_2_8_t2_60R_60V_04I_05M;t2;0.1;94;7158.2;TRUE
lr109_t1_08R_08V_02I_03M;t1;0.1;101;533.17;TRUE
lr209_t2_08R_08V_02I_03M;t2;0.1;101;565.91;TRUE
lr110_t1_08R_08V_04I_03M;t1;0.1;101;672.2;TRUE
lr209_t2_08R_08V_04I_03M;t2;0.1;101;626.42;TRUE
lr109_t1_12R_12V_02I_03M;t1;0.1;101;722.63;TRUE
lr208_t2_12R_12V_02I_03M;t2;0.1;101;775.17;TRUE
lr110_t1_12R_12V_04I_03M;t1;0.1;101;786.88;TRUE
lr207_t2_12R_12V_04I_03M;t2;0.1;101;844.61;TRUE
LR1_2_6_t1_40R_40V_02I_05M;t1;0.1;101;6037.52;TRUE
LR2_2_10_t2_40R_40V_02I_05M;t2;0.1;101;6441.06;TRUE
LR1_2_10_t1_40R_40V_04I_05M;t1;0.1;101;4141.98;TRUE
LR2_2_7_t2_40R_40V_04I_05M;t2;0.1;101;5632.17;TRUE
LR1_2_6_t1_60R_60V_02I_05M;t1;0.1;101;NA;FALSE
LR2_2_8_t2_60R_60V_02I_05M;t2;0.1;101;6796.11;TRUE
LR1_2_6_t1_60R_60V_04I_05M;t1;0.1;101;7879.32;TRUE
LR2_2_8_t2_60R_60V_04I_05M;t2;0.1;101;7067.51;TRUE
lr109_t1_08R_08V_02I_03M;t1;0.1;108;533.17;TRUE
lr209_t2_08R_08V_02I_03M;t2;0.1;108;565.91;TRUE
lr110_t1_08R_08V_04I_03M;t1;0.1;108;672.2;TRUE
lr209_t2_08R_08V_04I_03M;t2;0.1;108;626.42;TRUE
lr109_t1_12R_12V_02I_03M;t1;0.1;108;722.63;TRUE
lr208_t2_12R_12V_02I_03M;t2;0.1;108;787.01;TRUE
lr110_t1_12R_12V_04I_03M;t1;0.1;108;786.88;TRUE
lr207_t2_12R_12V_04I_03M;t2;0.1;108;863.74;TRUE
LR1_2_6_t1_40R_40V_02I_05M;t1;0.1;108;6037.52;TRUE
LR2_2_10_t2_40R_40V_02I_05M;t2;0.1;108;6407.78;TRUE
LR1_2_10_t1_40R_40V_04I_05M;t1;0.1;108;4032.1;TRUE
LR2_2_7_t2_40R_40V_04I_05M;t2;0.1;108;5631.14;TRUE
LR1_2_6_t1_60R_60V_02I_05M;t1;0.1;108;NA;FALSE
LR2_2_8_t2_60R_60V_02I_05M;t2;0.1;108;6828.99;TRUE
LR1_2_6_t1_60R_60V_04I_05M;t1;0.1;108;7879.32;TRUE
LR2_2_8_t2_60R_60V_04I_05M;t2;0.1;108;7186.2;TRUE
lr109_t1_08R_08V_02I_03M;t1;0.1;115;533.17;TRUE
lr209_t2_08R_08V_02I_03M;t2;0.1;115;565.91;TRUE
lr110_t1_08R_08V_04I_03M;t1;0.1;115;672.2;TRUE
lr209_t2_08R_08V_04I_03M;t2;0.1;115;626.65;TRUE
lr109_t1_12R_12V_02I_03M;t1;0.1;115;722.63;TRUE
lr208_t2_12R_12V_02I_03M;t2;0.1;115;778.62;TRUE
lr110_t1_12R_12V_04I_03M;t1;0.1;115;786.88;TRUE
lr207_t2_12R_12V_04I_03M;t2;0.1;115;847.4;TRUE
LR1_2_6_t1_40R_40V_02I_05M;t1;0.1;115;5970.13;TRUE
LR2_2_10_t2_40R_40V_02I_05M;t2;0.1;115;6307.07;TRUE
LR1_2_10_t1_40R_40V_04I_05M;t1;0.1;115;4142.76;TRUE
LR2_2_7_t2_40R_40V_04I_05M;t2;0.1;115;5567.6;TRUE
LR1_2_6_t1_60R_60V_02I_05M;t1;0.1;115;NA;FALSE
LR2_2_8_t2_60R_60V_02I_05M;t2;0.1;115;6721.42;TRUE
LR1_2_6_t1_60R_60V_04I_05M;t1;0.1;115;7879.32;TRUE
LR2_2_8_t2_60R_60V_04I_05M;t2;0.1;115;6868.74;TRUE
lr109_t1_08R_08V_02I_03M;t1;0.1;122;533.17;TRUE
lr209_t2_08R_08V_02I_03M;t2;0.1;122;570.16;TRUE
lr110_t1_08R_08V_04I_03M;t1;0.1;122;672.2;TRUE
lr209_t2_08R_08V_04I_03M;t2;0.1;122;626.42;TRUE
lr109_t1_12R_12V_02I_03M;t1;0.1;122;722.63;TRUE
lr208_t2_12R_12V_02I_03M;t2;0.1;122;772.6;TRUE
lr110_t1_12R_12V_04I_03M;t1;0.1;122;786.88;TRUE
lr207_t2_12R_12V_04I_03M;t2;0.1;122;850.43;TRUE
LR1_2_6_t1_40R_40V_02I_05M;t1;0.1;122;6037.52;TRUE
LR2_2_10_t2_40R_40V_02I_05M;t2;0.1;122;6361.44;TRUE
LR1_2_10_t1_40R_40V_04I_05M;t1;0.1;122;4145.78;TRUE
LR2_2_7_t2_40R_40V_04I_05M;t2;0.1;122;5378.76;TRUE
LR1_2_6_t1_60R_60V_02I_05M;t1;0.1;122;NA;FALSE
LR2_2_8_t2_60R_60V_02I_05M;t2;0.1;122;6787.34;TRUE
LR1_2_6_t1_60R_60V_04I_05M;t1;0.1;122;7879.32;TRUE
LR2_2_8_t2_60R_60V_04I_05M;t2;0.1;122;7260.75;TRUE
lr109_t1_08R_08V_02I_03M;t1;0.1;129;533.17;TRUE
lr209_t2_08R_08V_02I_03M;t2;0.1;129;565.91;TRUE
lr110_t1_08R_08V_04I_03M;t1;0.1;129;672.2;TRUE
lr209_t2_08R_08V_04I_03M;t2;0.1;129;626.42;TRUE
lr109_t1_12R_12V_02I_03M;t1;0.1;129;722.63;TRUE
lr208_t2_12R_12V_02I_03M;t2;0.1;129;780.2;TRUE
lr110_t1_12R_12V_04I_03M;t1;0.1;129;786.88;TRUE
lr207_t2_12R_12V_04I_03M;t2;0.1;129;896.45;TRUE
LR1_2_6_t1_40R_40V_02I_05M;t1;0.1;129;6037.52;TRUE
LR2_2_10_t2_40R_40V_02I_05M;t2;0.1;129;6336.09;TRUE
LR1_2_10_t1_40R_40V_04I_05M;t1;0.1;129;4266.95;TRUE
LR2_2_7_t2_40R_40V_04I_05M;t2;0.1;129;5470.05;TRUE
LR1_2_6_t1_60R_60V_02I_05M;t1;0.1;129;NA;FALSE
LR2_2_8_t2_60R_60V_02I_05M;t2;0.1;129;6666.47;TRUE
LR1_2_6_t1_60R_60V_04I_05M;t1;0.1;129;7879.32;TRUE
LR2_2_8_t2_60R_60V_04I_05M;t2;0.1;129;7170.48;TRUE
lr109_t1_08R_08V_02I_03M;t1;0.1;136;533.17;TRUE
lr209_t2_08R_08V_02I_03M;t2;0.1;136;573.33;TRUE
lr110_t1_08R_08V_04I_03M;t1;0.1;136;672.2;TRUE
lr209_t2_08R_08V_04I_03M;t2;0.1;136;626.65;TRUE
lr109_t1_12R_12V_02I_03M;t1;0.1;136;722.63;TRUE
lr208_t2_12R_12V_02I_03M;t2;0.1;136;756.19;TRUE
lr110_t1_12R_12V_04I_03M;t1;0.1;136;786.88;TRUE
lr207_t2_12R_12V_04I_03M;t2;0.1;136;887.36;TRUE
LR1_2_6_t1_40R_40V_02I_05M;t1;0.1;136;6037.52;TRUE
LR2_2_10_t2_40R_40V_02I_05M;t2;0.1;136;6299.96;TRUE
LR1_2_10_t1_40R_40V_04I_05M;t1;0.1;136;4163.14;TRUE
LR2_2_7_t2_40R_40V_04I_05M;t2;0.1;136;5715.8;TRUE
LR1_2_6_t1_60R_60V_02I_05M;t1;0.1;136;NA;FALSE
LR2_2_8_t2_60R_60V_02I_05M;t2;0.1;136;6952.98;TRUE
LR1_2_6_t1_60R_60V_04I_05M;t1;0.1;136;7879.32;TRUE
LR2_2_8_t2_60R_60V_04I_05M;t2;0.1;136;7475.16;TRUE
lr109_t1_08R_08V_02I_03M;t1;0.1;143;533.17;TRUE
lr209_t2_08R_08V_02I_03M;t2;0.1;143;565.91;TRUE
lr110_t1_08R_08V_04I_03M;t1;0.1;143;672.2;TRUE
lr209_t2_08R_08V_04I_03M;t2;0.1;143;626.42;TRUE
lr109_t1_12R_12V_02I_03M;t1;0.1;143;722.63;TRUE
lr208_t2_12R_12V_02I_03M;t2;0.1;143;775.66;TRUE
lr110_t1_12R_12V_04I_03M;t1;0.1;143;786.88;TRUE
lr207_t2_12R_12V_04I_03M;t2;0.1;143;868.33;TRUE
LR1_2_6_t1_40R_40V_02I_05M;t1;0.1;143;6037.52;TRUE
LR2_2_10_t2_40R_40V_02I_05M;t2;0.1;143;6334.35;TRUE
LR1_2_10_t1_40R_40V_04I_05M;t1;0.1;143;4162.61;TRUE
LR2_2_7_t2_40R_40V_04I_05M;t2;0.1;143;5584.02;TRUE
LR1_2_6_t1_60R_60V_02I_05M;t1;0.1;143;NA;FALSE
LR2_2_8_t2_60R_60V_02I_05M;t2;0.1;143;6682.66;TRUE
LR1_2_6_t1_60R_60V_04I_05M;t1;0.1;143;7879.32;TRUE
LR2_2_8_t2_60R_60V_04I_05M;t2;0.1;143;7224.51;TRUE
lr109_t1_08R_08V_02I_03M;t1;0.1;150;533.17;TRUE
lr209_t2_08R_08V_02I_03M;t2;0.1;150;565.91;TRUE
lr110_t1_08R_08V_04I_03M;t1;0.1;150;672.2;TRUE
lr209_t2_08R_08V_04I_03M;t2;0.1;150;626.42;TRUE
lr109_t1_12R_12V_02I_03M;t1;0.1;150;722.63;TRUE
lr208_t2_12R_12V_02I_03M;t2;0.1;150;768.46;TRUE
lr110_t1_12R_12V_04I_03M;t1;0.1;150;786.88;TRUE
lr207_t2_12R_12V_04I_03M;t2;0.1;150;877.32;TRUE
LR1_2_6_t1_40R_40V_02I_05M;t1;0.1;150;6037.52;TRUE
LR2_2_10_t2_40R_40V_02I_05M;t2;0.1;150;6268.36;TRUE
LR1_2_10_t1_40R_40V_04I_05M;t1;0.1;150;4145.06;TRUE
LR2_2_7_t2_40R_40V_04I_05M;t2;0.1;150;5585.7;TRUE
LR1_2_6_t1_60R_60V_02I_05M;t1;0.1;150;NA;FALSE
LR2_2_8_t2_60R_60V_02I_05M;t2;0.1;150;6731.9;TRUE
LR1_2_6_t1_60R_60V_04I_05M;t1;0.1;150;7879.32;TRUE
LR2_2_8_t2_60R_60V_04I_05M;t2;0.1;150;7535.14;TRUE
lr109_t1_08R_08V_02I_03M;t1;0.1;157;533.17;TRUE
lr209_t2_08R_08V_02I_03M;t2;0.1;157;565.91;TRUE
lr110_t1_08R_08V_04I_03M;t1;0.1;157;672.2;TRUE
lr209_t2_08R_08V_04I_03M;t2;0.1;157;626.65;TRUE
lr109_t1_12R_12V_02I_03M;t1;0.1;157;722.63;TRUE
lr208_t2_12R_12V_02I_03M;t2;0.1;157;782.89;TRUE
lr110_t1_12R_12V_04I_03M;t1;0.1;157;786.88;TRUE
lr207_t2_12R_12V_04I_03M;t2;0.1;157;884.88;TRUE
LR1_2_6_t1_40R_40V_02I_05M;t1;0.1;157;6037.52;TRUE
LR2_2_10_t2_40R_40V_02I_05M;t2;0.1;157;6463.19;TRUE
LR1_2_10_t1_40R_40V_04I_05M;t1;0.1;157;4178.09;TRUE
LR2_2_7_t2_40R_40V_04I_05M;t2;0.1;157;5324.95;TRUE
LR1_2_6_t1_60R_60V_02I_05M;t1;0.1;157;NA;FALSE
LR2_2_8_t2_60R_60V_02I_05M;t2;0.1;157;6725.24;TRUE
LR1_2_6_t1_60R_60V_04I_05M;t1;0.1;157;7879.32;TRUE
LR2_2_8_t2_60R_60V_04I_05M;t2;0.1;157;7272.62;TRUE
lr109_t1_08R_08V_02I_03M;t1;0.15;94;533.17;TRUE
lr209_t2_08R_08V_02I_03M;t2;0.15;94;573.85;TRUE
lr110_t1_08R_08V_04I_03M;t1;0.15;94;672.2;TRUE
lr209_t2_08R_08V_04I_03M;t2;0.15;94;626.65;TRUE
lr109_t1_12R_12V_02I_03M;t1;0.15;94;722.63;TRUE
lr208_t2_12R_12V_02I_03M;t2;0.15;94;765.46;TRUE
lr110_t1_12R_12V_04I_03M;t1;0.15;94;786.88;TRUE
lr207_t2_12R_12V_04I_03M;t2;0.15;94;894.82;TRUE
LR1_2_6_t1_40R_40V_02I_05M;t1;0.15;94;5993.26;TRUE
LR2_2_10_t2_40R_40V_02I_05M;t2;0.15;94;6438.84;TRUE
LR1_2_10_t1_40R_40V_04I_05M;t1;0.15;94;4226.39;TRUE
LR2_2_7_t2_40R_40V_04I_05M;t2;0.15;94;5278.29;TRUE
LR1_2_6_t1_60R_60V_02I_05M;t1;0.15;94;NA;FALSE
LR2_2_8_t2_60R_60V_02I_05M;t2;0.15;94;7247.94;TRUE
LR1_2_6_t1_60R_60V_04I_05M;t1;0.15;94;7879.32;TRUE
LR2_2_8_t2_60R_60V_04I_05M;t2;0.15;94;7492.04;TRUE
lr109_t1_08R_08V_02I_03M;t1;0.15;101;533.17;TRUE
lr209_t2_08R_08V_02I_03M;t2;0.15;101;565.91;TRUE
lr110_t1_08R_08V_04I_03M;t1;0.15;101;672.2;TRUE
lr209_t2_08R_08V_04I_03M;t2;0.15;101;626.42;TRUE
lr109_t1_12R_12V_02I_03M;t1;0.15;101;722.63;TRUE
lr208_t2_12R_12V_02I_03M;t2;0.15;101;786.83;TRUE
lr110_t1_12R_12V_04I_03M;t1;0.15;101;786.88;TRUE
lr207_t2_12R_12V_04I_03M;t2;0.15;101;900.95;TRUE
LR1_2_6_t1_40R_40V_02I_05M;t1;0.15;101;6037.52;TRUE
LR2_2_10_t2_40R_40V_02I_05M;t2;0.15;101;6507.61;TRUE
LR1_2_10_t1_40R_40V_04I_05M;t1;0.15;101;4273.26;TRUE
LR2_2_7_t2_40R_40V_04I_05M;t2;0.15;101;5611.84;TRUE
LR1_2_6_t1_60R_60V_02I_05M;t1;0.15;101;NA;FALSE
LR2_2_8_t2_60R_60V_02I_05M;t2;0.15;101;7237.15;TRUE
LR1_2_6_t1_60R_60V_04I_05M;t1;0.15;101;7879.32;TRUE
LR2_2_8_t2_60R_60V_04I_05M;t2;0.15;101;7544.31;TRUE
lr109_t1_08R_08V_02I_03M;t1;0.15;108;533.17;TRUE
lr209_t2_08R_08V_02I_03M;t2;0.15;108;565.91;TRUE
lr110_t1_08R_08V_04I_03M;t1;0.15;108;672.2;TRUE
lr209_t2_08R_08V_04I_03M;t2;0.15;108;626.42;TRUE
lr109_t1_12R_12V_02I_03M;t1;0.15;108;722.63;TRUE
lr208_t2_12R_12V_02I_03M;t2;0.15;108;768.97;TRUE
lr110_t1_12R_12V_04I_03M;t1;0.15;108;786.88;TRUE
lr207_t2_12R_12V_04I_03M;t2;0.15;108;895.58;TRUE
LR1_2_6_t1_40R_40V_02I_05M;t1;0.15;108;6037.52;TRUE
LR2_2_10_t2_40R_40V_02I_05M;t2;0.15;108;6245.58;TRUE
LR1_2_10_t1_40R_40V_04I_05M;t1;0.15;108;4316.15;TRUE
LR2_2_7_t2_40R_40V_04I_05M;t2;0.15;108;5548.37;TRUE
LR1_2_6_t1_60R_60V_02I_05M;t1;0.15;108;NA;FALSE
LR2_2_8_t2_60R_60V_02I_05M;t2;0.15;108;7077.89;TRUE
LR1_2_6_t1_60R_60V_04I_05M;t1;0.15;108;7879.32;TRUE
LR2_2_8_t2_60R_60V_04I_05M;t2;0.15;108;7502.99;TRUE
lr109_t1_08R_08V_02I_03M;t1;0.15;115;533.17;TRUE
lr209_t2_08R_08V_02I_03M;t2;0.15;115;565.91;TRUE
lr110_t1_08R_08V_04I_03M;t1;0.15;115;672.2;TRUE
lr209_t2_08R_08V_04I_03M;t2;0.15;115;626.42;TRUE
lr109_t1_12R_12V_02I_03M;t1;0.15;115;722.63;TRUE
lr208_t2_12R_12V_02I_03M;t2;0.15;115;775.25;TRUE
lr110_t1_12R_12V_04I_03M;t1;0.15;115;786.88;TRUE
lr207_t2_12R_12V_04I_03M;t2;0.15;115;862.5;TRUE
LR1_2_6_t1_40R_40V_02I_05M;t1;0.15;115;6037.52;TRUE
LR2_2_10_t2_40R_40V_02I_05M;t2;0.15;115;6457.17;TRUE
LR1_2_10_t1_40R_40V_04I_05M;t1;0.15;115;4194.86;TRUE
LR2_2_7_t2_40R_40V_04I_05M;t2;0.15;115;5674.53;TRUE
LR1_2_6_t1_60R_60V_02I_05M;t1;0.15;115;NA;FALSE
LR2_2_8_t2_60R_60V_02I_05M;t2;0.15;115;6837.23;TRUE
LR1_2_6_t1_60R_60V_04I_05M;t1;0.15;115;7879.32;TRUE
LR2_2_8_t2_60R_60V_04I_05M;t2;0.15;115;7639.3;TRUE
lr109_t1_08R_08V_02I_03M;t1;0.15;122;533.17;TRUE
lr209_t2_08R_08V_02I_03M;t2;0.15;122;573.33;TRUE
lr110_t1_08R_08V_04I_03M;t1;0.15;122;672.2;TRUE
lr209_t2_08R_08V_04I_03M;t2;0.15;122;626.42;TRUE
lr109_t1_12R_12V_02I_03M;t1;0.15;122;722.63;TRUE
lr208_t2_12R_12V_02I_03M;t2;0.15;122;786.3;TRUE
lr110_t1_12R_12V_04I_03M;t1;0.15;122;786.88;TRUE
lr207_t2_12R_12V_04I_03M;t2;0.15;122;883.62;TRUE
LR1_2_6_t1_40R_40V_02I_05M;t1;0.15;122;6037.52;TRUE
LR2_2_10_t2_40R_40V_02I_05M;t2;0.15;122;6473.03;TRUE
LR1_2_10_t1_40R_40V_04I_05M;t1;0.15;122;4252.27;TRUE
LR2_2_7_t2_40R_40V_04I_05M;t2;0.15;122;5501.24;TRUE
LR1_2_6_t1_60R_60V_02I_05M;t1;0.15;122;NA;FALSE
LR2_2_8_t2_60R_60V_02I_05M;t2;0.15;122;7125.33;TRUE
LR1_2_6_t1_60R_60V_04I_05M;t1;0.15;122;7879.32;TRUE
LR2_2_8_t2_60R_60V_04I_05M;t2;0.15;122;7579.04;TRUE
lr109_t1_08R_08V_02I_03M;t1;0.15;129;533.17;TRUE
lr209_t2_08R_08V_02I_03M;t2;0.15;129;565.91;TRUE
lr110_t1_08R_08V_04I_03M;t1;0.15;129;672.2;TRUE
lr209_t2_08R_08V_04I_03M;t2;0.15;129;626.42;TRUE
lr109_t1_12R_12V_02I_03M;t1;0.15;129;722.63;TRUE
lr208_t2_12R_12V_02I_03M;t2;0.15;129;784.78;TRUE
lr110_t1_12R_12V_04I_03M;t1;0.15;129;786.88;TRUE
lr207_t2_12R_12V_04I_03M;t2;0.15;129;886.15;TRUE
LR1_2_6_t1_40R_40V_02I_05M;t1;0.15;129;6037.52;TRUE
LR2_2_10_t2_40R_40V_02I_05M;t2;0.15;129;6446.33;TRUE
LR1_2_10_t1_40R_40V_04I_05M;t1;0.15;129;4262.74;TRUE
LR2_2_7_t2_40R_40V_04I_05M;t2;0.15;129;5564.35;TRUE
LR1_2_6_t1_60R_60V_02I_05M;t1;0.15;129;NA;FALSE
LR2_2_8_t2_60R_60V_02I_05M;t2;0.15;129;7129.36;TRUE
LR1_2_6_t1_60R_60V_04I_05M;t1;0.15;129;7879.32;TRUE
LR2_2_8_t2_60R_60V_04I_05M;t2;0.15;129;7452.05;TRUE
lr109_t1_08R_08V_02I_03M;t1;0.15;136;533.17;TRUE
lr209_t2_08R_08V_02I_03M;t2;0.15;136;573.33;TRUE
lr110_t1_08R_08V_04I_03M;t1;0.15;136;672.2;TRUE
lr209_t2_08R_08V_04I_03M;t2;0.15;136;626.42;TRUE
lr109_t1_12R_12V_02I_03M;t1;0.15;136;722.63;TRUE
lr208_t2_12R_12V_02I_03M;t2;0.15;136;779.52;TRUE
lr110_t1_12R_12V_04I_03M;t1;0.15;136;786.88;TRUE
lr207_t2_12R_12V_04I_03M;t2;0.15;136;879.85;TRUE
LR1_2_6_t1_40R_40V_02I_05M;t1;0.15;136;6037.52;TRUE
LR2_2_10_t2_40R_40V_02I_05M;t2;0.15;136;6575.52;TRUE
LR1_2_10_t1_40R_40V_04I_05M;t1;0.15;136;4103.21;TRUE
LR2_2_7_t2_40R_40V_04I_05M;t2;0.15;136;5526.84;TRUE
LR1_2_6_t1_60R_60V_02I_05M;t1;0.15;136;NA;FALSE
LR2_2_8_t2_60R_60V_02I_05M;t2;0.15;136;7144.21;TRUE
LR1_2_6_t1_60R_60V_04I_05M;t1;0.15;136;7879.32;TRUE
LR2_2_8_t2_60R_60V_04I_05M;t2;0.15;136;7521.6;TRUE
lr109_t1_08R_08V_02I_03M;t1;0.15;143;533.17;TRUE
lr209_t2_08R_08V_02I_03M;t2;0.15;143;570.16;TRUE
lr110_t1_08R_08V_04I_03M;t1;0.15;143;672.2;TRUE
lr209_t2_08R_08V_04I_03M;t2;0.15;143;626.65;TRUE
lr109_t1_12R_12V_02I_03M;t1;0.15;143;722.63;TRUE
lr208_t2_12R_12V_02I_03M;t2;0.15;143;780.67;TRUE
lr110_t1_12R_12V_04I_03M;t1;0.15;143;786.88;TRUE
lr207_t2_12R_12V_04I_03M;t2;0.15;143;883.62;TRUE
LR1_2_6_t1_40R_40V_02I_05M;t1;0.15;143;6037.52;TRUE
LR2_2_10_t2_40R_40V_02I_05M;t2;0.15;143;6523.71;TRUE
LR1_2_10_t1_40R_40V_04I_05M;t1;0.15;143;4248.99;TRUE
LR2_2_7_t2_40R_40V_04I_05M;t2;0.15;143;5298.11;TRUE
LR1_2_6_t1_60R_60V_02I_05M;t1;0.15;143;NA;FALSE
LR2_2_8_t2_60R_60V_02I_05M;t2;0.15;143;6843.32;TRUE
LR1_2_6_t1_60R_60V_04I_05M;t1;0.15;143;7879.32;TRUE
LR2_2_8_t2_60R_60V_04I_05M;t2;0.15;143;7428.2;TRUE
lr109_t1_08R_08V_02I_03M;t1;0.15;150;533.17;TRUE
lr209_t2_08R_08V_02I_03M;t2;0.15;150;570.16;TRUE
lr110_t1_08R_08V_04I_03M;t1;0.15;150;672.2;TRUE
lr209_t2_08R_08V_04I_03M;t2;0.15;150;626.42;TRUE
lr109_t1_12R_12V_02I_03M;t1;0.15;150;722.63;TRUE
lr208_t2_12R_12V_02I_03M;t2;0.15;150;763.02;TRUE
lr110_t1_12R_12V_04I_03M;t1;0.15;150;786.88;TRUE
lr207_t2_12R_12V_04I_03M;t2;0.15;150;896.67;TRUE
LR1_2_6_t1_40R_40V_02I_05M;t1;0.15;150;6037.52;TRUE
LR2_2_10_t2_40R_40V_02I_05M;t2;0.15;150;6451.75;TRUE
LR1_2_10_t1_40R_40V_04I_05M;t1;0.15;150;4165.56;TRUE
LR2_2_7_t2_40R_40V_04I_05M;t2;0.15;150;5618.22;TRUE
LR1_2_6_t1_60R_60V_02I_05M;t1;0.15;150;NA;FALSE
LR2_2_8_t2_60R_60V_02I_05M;t2;0.15;150;7186.17;TRUE
LR1_2_6_t1_60R_60V_04I_05M;t1;0.15;150;7879.32;TRUE
LR2_2_8_t2_60R_60V_04I_05M;t2;0.15;150;7372.15;TRUE
lr109_t1_08R_08V_02I_03M;t1;0.15;157;533.17;TRUE
lr209_t2_08R_08V_02I_03M;t2;0.15;157;565.91;TRUE
lr110_t1_08R_08V_04I_03M;t1;0.15;157;672.2;TRUE
lr209_t2_08R_08V_04I_03M;t2;0.15;157;626.65;TRUE
lr109_t1_12R_12V_02I_03M;t1;0.15;157;722.63;TRUE
lr208_t2_12R_12V_02I_03M;t2;0.15;157;786.06;TRUE
lr110_t1_12R_12V_04I_03M;t1;0.15;157;786.88;TRUE
lr207_t2_12R_12V_04I_03M;t2;0.15;157;867.28;TRUE
LR1_2_6_t1_40R_40V_02I_05M;t1;0.15;157;6037.52;TRUE
LR2_2_10_t2_40R_40V_02I_05M;t2;0.15;157;6349.88;TRUE
LR1_2_10_t1_40R_40V_04I_05M;t1;0.15;157;4188.45;TRUE
LR2_2_7_t2_40R_40V_04I_05M;t2;0.15;157;5524.89;TRUE
LR1_2_6_t1_60R_60V_02I_05M;t1;0.15;157;NA;FALSE
LR2_2_8_t2_60R_60V_02I_05M;t2;0.15;157;6906.34;TRUE
LR1_2_6_t1_60R_60V_04I_05M;t1;0.15;157;7879.32;TRUE
LR2_2_8_t2_60R_60V_04I_05M;t2;0.15;157;7579.7;TRUE
lr109_t1_08R_08V_02I_03M;t1;0.2;94;533.17;TRUE
lr209_t2_08R_08V_02I_03M;t2;0.2;94;565.91;TRUE
lr110_t1_08R_08V_04I_03M;t1;0.2;94;672.2;TRUE
lr209_t2_08R_08V_04I_03M;t2;0.2;94;626.65;TRUE
lr109_t1_12R_12V_02I_03M;t1;0.2;94;722.63;TRUE
lr208_t2_12R_12V_02I_03M;t2;0.2;94;777.31;TRUE
lr110_t1_12R_12V_04I_03M;t1;0.2;94;786.88;TRUE
lr207_t2_12R_12V_04I_03M;t2;0.2;94;879.09;TRUE
LR1_2_6_t1_40R_40V_02I_05M;t1;0.2;94;6037.52;TRUE
LR2_2_10_t2_40R_40V_02I_05M;t2;0.2;94;6438.84;TRUE
LR1_2_10_t1_40R_40V_04I_05M;t1;0.2;94;4312.53;TRUE
LR2_2_7_t2_40R_40V_04I_05M;t2;0.2;94;5507.23;TRUE
LR1_2_6_t1_60R_60V_02I_05M;t1;0.2;94;NA;FALSE
LR2_2_8_t2_60R_60V_02I_05M;t2;0.2;94;7130.23;TRUE
LR1_2_6_t1_60R_60V_04I_05M;t1;0.2;94;7879.32;TRUE
LR2_2_8_t2_60R_60V_04I_05M;t2;0.2;94;7685.41;TRUE
lr109_t1_08R_08V_02I_03M;t1;0.2;101;533.17;TRUE
lr209_t2_08R_08V_02I_03M;t2;0.2;101;565.91;TRUE
lr110_t1_08R_08V_04I_03M;t1;0.2;101;672.2;TRUE
lr209_t2_08R_08V_04I_03M;t2;0.2;101;626.42;TRUE
lr109_t1_12R_12V_02I_03M;t1;0.2;101;722.63;TRUE
lr208_t2_12R_12V_02I_03M;t2;0.2;101;786.19;TRUE
lr110_t1_12R_12V_04I_03M;t1;0.2;101;786.88;TRUE
lr207_t2_12R_12V_04I_03M;t2;0.2;101;901.25;TRUE
LR1_2_6_t1_40R_40V_02I_05M;t1;0.2;101;5904.75;TRUE
LR2_2_10_t2_40R_40V_02I_05M;t2;0.2;101;6553.18;TRUE
LR1_2_10_t1_40R_40V_04I_05M;t1;0.2;101;4315.63;TRUE
LR2_2_7_t2_40R_40V_04I_05M;t2;0.2;101;5570.2;TRUE
LR1_2_6_t1_60R_60V_02I_05M;t1;0.2;101;NA;FALSE
LR2_2_8_t2_60R_60V_02I_05M;t2;0.2;101;7023.67;TRUE
LR1_2_6_t1_60R_60V_04I_05M;t1;0.2;101;7879.32;TRUE
LR2_2_8_t2_60R_60V_04I_05M;t2;0.2;101;7567.14;TRUE
lr109_t1_08R_08V_02I_03M;t1;0.2;108;533.17;TRUE
lr209_t2_08R_08V_02I_03M;t2;0.2;108;565.91;TRUE
lr110_t1_08R_08V_04I_03M;t1;0.2;108;672.2;TRUE
lr209_t2_08R_08V_04I_03M;t2;0.2;108;626.42;TRUE
lr109_t1_12R_12V_02I_03M;t1;0.2;108;722.63;TRUE
lr208_t2_12R_12V_02I_03M;t2;0.2;108;768.18;TRUE
lr110_t1_12R_12V_04I_03M;t1;0.2;108;786.88;TRUE
lr207_t2_12R_12V_04I_03M;t2;0.2;108;896.62;TRUE
LR1_2_6_t1_40R_40V_02I_05M;t1;0.2;108;6037.52;TRUE
LR2_2_10_t2_40R_40V_02I_05M;t2;0.2;108;6392.87;TRUE
LR1_2_10_t1_40R_40V_04I_05M;t1;0.2;108;4273.07;TRUE
LR2_2_7_t2_40R_40V_04I_05M;t2;0.2;108;5731.51;TRUE
LR1_2_6_t1_60R_60V_02I_05M;t1;0.2;108;NA;FALSE
LR2_2_8_t2_60R_60V_02I_05M;t2;0.2;108;7278.17;TRUE
LR1_2_6_t1_60R_60V_04I_05M;t1;0.2;108;7879.32;TRUE
LR2_2_8_t2_60R_60V_04I_05M;t2;0.2;108;7685.41;TRUE
lr109_t1_08R_08V_02I_03M;t1;0.2;115;533.17;TRUE
lr209_t2_08R_08V_02I_03M;t2;0.2;115;565.91;TRUE
lr110_t1_08R_08V_04I_03M;t1;0.2;115;672.2;TRUE
lr209_t2_08R_08V_04I_03M;t2;0.2;115;626.65;TRUE
lr109_t1_12R_12V_02I_03M;t1;0.2;115;722.63;TRUE
lr208_t2_12R_12V_02I_03M;t2;0.2;115;778.24;TRUE
lr110_t1_12R_12V_04I_03M;t1;0.2;115;786.88;TRUE
lr207_t2_12R_12V_04I_03M;t2;0.2;115;900.66;TRUE
LR1_2_6_t1_40R_40V_02I_05M;t1;0.2;115;6037.52;TRUE
LR2_2_10_t2_40R_40V_02I_05M;t2;0.2;115;6384.42;TRUE
LR1_2_10_t1_40R_40V_04I_05M;t1;0.2;115;4238.04;TRUE
LR2_2_7_t2_40R_40V_04I_05M;t2;0.2;115;5642.31;TRUE
LR1_2_6_t1_60R_60V_02I_05M;t1;0.2;115;NA;FALSE
LR2_2_8_t2_60R_60V_02I_05M;t2;0.2;115;7224.12;TRUE
LR1_2_6_t1_60R_60V_04I_05M;t1;0.2;115;7879.32;TRUE
LR2_2_8_t2_60R_60V_04I_05M;t2;0.2;115;7119.54;TRUE
lr109_t1_08R_08V_02I_03M;t1;0.2;122;533.17;TRUE
lr209_t2_08R_08V_02I_03M;t2;0.2;122;573.85;TRUE
lr110_t1_08R_08V_04I_03M;t1;0.2;122;672.2;TRUE
lr209_t2_08R_08V_04I_03M;t2;0.2;122;627.67;TRUE
lr109_t1_12R_12V_02I_03M;t1;0.2;122;722.63;TRUE
lr208_t2_12R_12V_02I_03M;t2;0.2;122;771.71;TRUE
lr110_t1_12R_12V_04I_03M;t1;0.2;122;786.88;TRUE
lr207_t2_12R_12V_04I_03M;t2;0.2;122;893.05;TRUE
LR1_2_6_t1_40R_40V_02I_05M;t1;0.2;122;6037.52;TRUE
LR2_2_10_t2_40R_40V_02I_05M;t2;0.2;122;6502.76;TRUE
LR1_2_10_t1_40R_40V_04I_05M;t1;0.2;122;4363.22;TRUE
LR2_2_7_t2_40R_40V_04I_05M;t2;0.2;122;5812.8;TRUE
LR1_2_6_t1_60R_60V_02I_05M;t1;0.2;122;NA;FALSE
LR2_2_8_t2_60R_60V_02I_05M;t2;0.2;122;7146.61;TRUE
LR1_2_6_t1_60R_60V_04I_05M;t1;0.2;122;7879.32;TRUE
LR2_2_8_t2_60R_60V_04I_05M;t2;0.2;122;7662.6;TRUE
lr109_t1_08R_08V_02I_03M;t1;0.2;129;533.17;TRUE
lr209_t2_08R_08V_02I_03M;t2;0.2;129;565.91;TRUE
lr110_t1_08R_08V_04I_03M;t1;0.2;129;672.2;TRUE
lr209_t2_08R_08V_04I_03M;t2;0.2;129;626.65;TRUE
lr109_t1_12R_12V_02I_03M;t1;0.2;129;722.63;TRUE
lr208_t2_12R_12V_02I_03M;t2;0.2;129;781.09;TRUE
lr110_t1_12R_12V_04I_03M;t1;0.2;129;786.88;TRUE
lr207_t2_12R_12V_04I_03M;t2;0.2;129;868.03;TRUE
LR1_2_6_t1_40R_40V_02I_05M;t1;0.2;129;6037.52;TRUE
LR2_2_10_t2_40R_40V_02I_05M;t2;0.2;129;6285.34;TRUE
LR1_2_10_t1_40R_40V_04I_05M;t1;0.2;129;4237.87;TRUE
LR2_2_7_t2_40R_40V_04I_05M;t2;0.2;129;5537.15;TRUE
LR1_2_6_t1_60R_60V_02I_05M;t1;0.2;129;NA;FALSE
LR2_2_8_t2_60R_60V_02I_05M;t2;0.2;129;7162.57;TRUE
LR1_2_6_t1_60R_60V_04I_05M;t1;0.2;129;7879.32;TRUE
LR2_2_8_t2_60R_60V_04I_05M;t2;0.2;129;7633.15;TRUE
lr109_t1_08R_08V_02I_03M;t1;0.2;136;533.17;TRUE
lr209_t2_08R_08V_02I_03M;t2;0.2;136;573.85;TRUE
lr110_t1_08R_08V_04I_03M;t1;0.2;136;672.2;TRUE
lr209_t2_08R_08V_04I_03M;t2;0.2;136;626.42;TRUE
lr109_t1_12R_12V_02I_03M;t1;0.2;136;722.63;TRUE
lr208_t2_12R_12V_02I_03M;t2;0.2;136;774.89;TRUE
lr110_t1_12R_12V_04I_03M;t1;0.2;136;786.88;TRUE
lr207_t2_12R_12V_04I_03M;t2;0.2;136;868.3;TRUE
LR1_2_6_t1_40R_40V_02I_05M;t1;0.2;136;6037.52;TRUE
LR2_2_10_t2_40R_40V_02I_05M;t2;0.2;136;6727.54;TRUE
LR1_2_10_t1_40R_40V_04I_05M;t1;0.2;136;4277.1;TRUE
LR2_2_7_t2_40R_40V_04I_05M;t2;0.2;136;5647.46;TRUE
LR1_2_6_t1_60R_60V_02I_05M;t1;0.2;136;NA;FALSE
LR2_2_8_t2_60R_60V_02I_05M;t2;0.2;136;7305.01;TRUE
LR1_2_6_t1_60R_60V_04I_05M;t1;0.2;136;7879.32;TRUE
LR2_2_8_t2_60R_60V_04I_05M;t2;0.2;136;7685.41;TRUE
lr109_t1_08R_08V_02I_03M;t1;0.2;143;533.17;TRUE
lr209_t2_08R_08V_02I_03M;t2;0.2;143;565.91;TRUE
lr110_t1_08R_08V_04I_03M;t1;0.2;143;672.2;TRUE
lr209_t2_08R_08V_04I_03M;t2;0.2;143;627.67;TRUE
lr109_t1_12R_12V_02I_03M;t1;0.2;143;722.63;TRUE
lr208_t2_12R_12V_02I_03M;t2;0.2;143;779.28;TRUE
lr110_t1_12R_12V_04I_03M;t1;0.2;143;786.88;TRUE
lr207_t2_12R_12V_04I_03M;t2;0.2;143;883.62;TRUE
LR1_2_6_t1_40R_40V_02I_05M;t1;0.2;143;6037.52;TRUE
LR2_2_10_t2_40R_40V_02I_05M;t2;0.2;143;6243.61;TRUE
LR1_2_10_t1_40R_40V_04I_05M;t1;0.2;143;4112.6;TRUE
LR2_2_7_t2_40R_40V_04I_05M;t2;0.2;143;5476.85;TRUE
LR1_2_6_t1_60R_60V_02I_05M;t1;0.2;143;NA;FALSE
LR2_2_8_t2_60R_60V_02I_05M;t2;0.2;143;7268.31;TRUE
LR1_2_6_t1_60R_60V_04I_05M;t1;0.2;143;7879.32;TRUE
LR2_2_8_t2_60R_60V_04I_05M;t2;0.2;143;7577.92;TRUE
lr109_t1_08R_08V_02I_03M;t1;0.2;150;533.17;TRUE
lr209_t2_08R_08V_02I_03M;t2;0.2;150;565.91;TRUE
lr110_t1_08R_08V_04I_03M;t1;0.2;150;672.2;TRUE
lr209_t2_08R_08V_04I_03M;t2;0.2;150;626.42;TRUE
lr109_t1_12R_12V_02I_03M;t1;0.2;150;722.63;TRUE
lr208_t2_12R_12V_02I_03M;t2;0.2;150;774.56;TRUE
lr110_t1_12R_12V_04I_03M;t1;0.2;150;786.88;TRUE
lr207_t2_12R_12V_04I_03M;t2;0.2;150;871.44;TRUE
LR1_2_6_t1_40R_40V_02I_05M;t1;0.2;150;6037.52;TRUE
LR2_2_10_t2_40R_40V_02I_05M;t2;0.2;150;6590.37;TRUE
LR1_2_10_t1_40R_40V_04I_05M;t1;0.2;150;4223.96;TRUE
LR2_2_7_t2_40R_40V_04I_05M;t2;0.2;150;5702.16;TRUE
LR1_2_6_t1_60R_60V_02I_05M;t1;0.2;150;NA;FALSE
LR2_2_8_t2_60R_60V_02I_05M;t2;0.2;150;7060.9;TRUE
LR1_2_6_t1_60R_60V_04I_05M;t1;0.2;150;7879.32;TRUE
LR2_2_8_t2_60R_60V_04I_05M;t2;0.2;150;7597.77;TRUE
lr109_t1_08R_08V_02I_03M;t1;0.2;157;533.17;TRUE
lr209_t2_08R_08V_02I_03M;t2;0.2;157;573.33;TRUE
lr110_t1_08R_08V_04I_03M;t1;0.2;157;672.2;TRUE
lr209_t2_08R_08V_04I_03M;t2;0.2;157;626.42;TRUE
lr109_t1_12R_12V_02I_03M;t1;0.2;157;722.63;TRUE
lr208_t2_12R_12V_02I_03M;t2;0.2;157;786.65;TRUE
lr110_t1_12R_12V_04I_03M;t1;0.2;157;786.88;TRUE
lr207_t2_12R_12V_04I_03M;t2;0.2;157;889.17;TRUE
LR1_2_6_t1_40R_40V_02I_05M;t1;0.2;157;6037.52;TRUE
LR2_2_10_t2_40R_40V_02I_05M;t2;0.2;157;6548.66;TRUE
LR1_2_10_t1_40R_40V_04I_05M;t1;0.2;157;4159.53;TRUE
LR2_2_7_t2_40R_40V_04I_05M;t2;0.2;157;5376.92;TRUE
LR1_2_6_t1_60R_60V_02I_05M;t1;0.2;157;NA;FALSE
LR2_2_8_t2_60R_60V_02I_05M;t2;0.2;157;6985.89;TRUE
LR1_2_6_t1_60R_60V_04I_05M;t1;0.2;157;7879.32;TRUE
LR2_2_8_t2_60R_60V_04I_05M;t2;0.2;157;7503.63;TRUE
