group;name;type;feasible;n_reqs;n_regions;n_machs;n_vehicles_used;n_machines_used;max_max_load_all_vehicles;min_max_load_all_vehicles;mean_max_load_all_vehicles;min_completion_time;max_completion_time;mean_completion_time;avrg_machines_travel_time_with_vehicle;avrg_machines_travel_time_only_with_vehicle;avrg_machines_travel_time_no_vehicle;avrg_vehicles_waiting_time_for_a_machine_travel;avrg_vehicles_waiting_time_for_a_service
06R_06V_02I_03M;lr101;1;1;06;02;03;100;100;60.4651;17.3077;32.718167;49.9087;68.7826;56.8196;14.2203;11.5478;2.6725;2.9939;14.3392
06R_06V_02I_03M;lr102;1;1;06;02;03;50;66.6667;68.4211;10.4167;42.945933;75.9304;80.4435;78.587;10.0435;10.0435;0;0;7.4304
06R_06V_02I_03M;lr103;1;1;06;02;03;50;66.6667;73.0769;59.375;64.663467;56.0957;76.6522;65.9478;17.8957;14.2978;3.5978;0;0
06R_06V_02I_03M;lr104;1;1;06;02;03;50;33.3333;57.5758;46.1538;53.7432;47.3522;73.4478;62.4841;19.1478;19.1478;0;0;2.594
06R_06V_02I_03M;lr105;1;1;06;02;03;66.6667;66.6667;88.4615;16.2791;46.790475;31.387;72.6957;51.363;15.0348;15.0348;0;0;5.287
06R_06V_02I_03M;lr101;1;1;06;02;03;100;100;60.4651;17.3077;32.718167;49.9087;68.7826;56.8196;14.2203;11.5478;2.6725;2.9939;14.3392
06R_06V_02I_03M;lr102;1;1;06;02;03;50;66.6667;95.8333;8.6207;51.484667;75.9304;80.4435;78.587;10.0435;10.0435;0;0;7.4304
06R_06V_02I_03M;lr103;1;1;06;02;03;50;66.6667;100;50;74.358967;56.0957;76.6522;65.9478;14.2043;14.2043;0;0;0
06R_06V_02I_03M;lr104;1;1;06;02;03;50;33.3333;57.5;46.1538;50.3846;47.3522;73.4478;62.4841;19.1478;19.1478;0;0;2.594
06R_06V_02I_03M;lr105;1;1;06;02;03;66.6667;66.6667;88.4615;20.5882;48.791175;31.387;72.6957;51.363;15.0348;15.0348;0;0;5.287
06R_06V_02I_03M;lr101;1;1;06;02;03;100;100;60.4651;17.3077;32.718167;49.9087;68.7826;56.8196;14.2203;11.5478;2.6725;2.9939;14.3392
06R_06V_02I_03M;lr102;1;1;06;02;03;50;66.6667;50;13.1579;35.995167;75.9304;80.4435;78.587;10.0435;10.0435;0;0;7.4304
06R_06V_02I_03M;lr103;1;1;06;02;03;50;66.6667;81.25;50;68.108967;56.0957;76.6522;65.9478;14.2043;14.2043;0;0;0
06R_06V_02I_03M;lr104;1;1;06;02;03;50;33.3333;73.0769;46.1538;62.9759;47.3522;73.4478;62.4841;19.1478;19.1478;0;0;2.594
06R_06V_02I_03M;lr105;1;1;06;02;03;66.6667;66.6667;88.4615;16.2791;42.877925;31.387;72.6957;51.363;15.0348;15.0348;0;0;5.287
06R_06V_02I_03M;lr101;1;1;06;02;03;100;100;60.4651;17.3077;32.718167;49.9087;68.7826;56.8196;14.2203;11.5478;2.6725;2.9939;14.3392
06R_06V_02I_03M;lr102;1;1;06;02;03;50;66.6667;68.4211;41.6667;53.3626;65.8217;90.5522;78.587;10.0435;10.0435;0;0;1.0038
06R_06V_02I_03M;lr103;1;1;06;02;03;50;66.6667;73.0769;50;63.832667;56.0957;76.6522;65.9478;14.2043;14.2043;0;0;0
06R_06V_02I_03M;lr104;1;1;06;02;03;50;33.3333;57.5;36.3636;47.1212;47.3522;73.4478;62.4841;19.1478;19.1478;0;0;2.594
06R_06V_02I_03M;lr105;1;1;06;02;03;66.6667;66.6667;88.4615;20.5882;48.791175;31.387;72.6957;51.363;15.0348;15.0348;0;0;5.287
06R_06V_02I_03M;lr101;1;1;06;02;03;100;100;60.4651;17.3077;32.718167;49.9087;68.7826;56.8196;14.2203;11.5478;2.6725;2.9939;14.3392
06R_06V_02I_03M;lr102;1;1;06;02;03;50;66.6667;68.4211;8.6207;45.8195;75.9304;80.4435;78.587;10.0435;10.0435;0;0;7.4304
06R_06V_02I_03M;lr103;1;1;06;02;03;50;66.6667;100;50;69.791667;56.0957;76.6522;65.9478;14.2043;14.2043;0;0;0
06R_06V_02I_03M;lr104;1;1;06;02;03;50;33.3333;88.4615;36.3636;65.967333;47.3522;73.4478;62.4841;19.1478;19.1478;0;0;2.594
06R_06V_02I_03M;lr105;1;1;06;02;03;66.6667;66.6667;88.4615;13.4615;49.010175;31.387;72.6957;51.363;15.0348;15.0348;0;0;5.287
06R_06V_02I_03M;lr201;2;1;06;02;03;33.3333;66.6667;86.5385;46.5116;66.52505;20.009;64.179;42.094;3.3625;2.69;0.6725;14.0467;34.9392
06R_06V_02I_03M;lr202;2;1;06;02;03;33.3333;66.6667;92.1053;61.5385;76.8219;22.875;37.729;30.302;3.182;2.5495;0.6325;0.2571;0.2571
06R_06V_02I_03M;lr203;2;1;06;02;03;16.6667;100;87.5;87.5;87.5;67.669;67.669;67.669;4.2693;3.18;1.0893;10.1568;2.0467
06R_06V_02I_03M;lr204;2;1;06;02;03;16.6667;100;86.8421;86.8421;86.8421;55.982;55.982;55.982;1.816;1.4827;0.3333;0;0
06R_06V_02I_03M;lr205;2;1;06;02;03;16.6667;33.3333;95.3488;95.3488;95.3488;55.163;55.163;55.163;2.04;2.04;0;0;2.3494
06R_06V_02I_03M;lr201;2;1;06;02;03;33.3333;66.6667;86.5385;58.8235;72.681;20.009;64.179;42.094;3.3625;2.69;0.6725;14.0467;34.9392
06R_06V_02I_03M;lr202;2;1;06;02;03;33.3333;66.6667;73.6842;42.1053;57.89475;22.875;37.729;30.302;2.569;2.569;0;0;8.9043
06R_06V_02I_03M;lr203;2;1;06;02;03;16.6667;100;100;100;100;67.669;67.669;67.669;4.777;4.2093;0.5677;8.9598;2.0467
06R_06V_02I_03M;lr204;2;1;06;02;03;16.6667;100;86.8421;86.8421;86.8421;55.982;55.982;55.982;1.816;1.4827;0.3333;0;0
06R_06V_02I_03M;lr205;2;1;06;02;03;16.6667;33.3333;82.6923;82.6923;82.6923;55.163;55.163;55.163;2.04;2.04;0;0;3.2069
06R_06V_02I_03M;lr201;2;1;06;02;03;33.3333;66.6667;86.5385;58.8235;72.681;20.009;64.179;42.094;3.3625;2.69;0.6725;14.0467;34.9392
06R_06V_02I_03M;lr202;2;1;06;02;03;33.3333;66.6667;92.1053;50;71.05265;22.875;37.729;30.302;3.182;2.5495;0.6325;0.2571;0.2571
06R_06V_02I_03M;lr203;2;1;06;02;03;16.6667;100;100;100;100;67.669;67.669;67.669;4.777;4.2093;0.5677;8.9598;2.0467
06R_06V_02I_03M;lr204;2;1;06;02;03;16.6667;100;86.8421;86.8421;86.8421;55.982;55.982;55.982;1.816;1.4827;0.3333;0;0
06R_06V_02I_03M;lr205;2;1;06;02;03;16.6667;33.3333;100;100;100;55.163;55.163;55.163;2.04;2.04;0;0;0
06R_06V_02I_03M;lr201;2;1;06;02;03;33.3333;66.6667;86.5385;46.5116;66.52505;20.009;64.179;42.094;3.3625;2.69;0.6725;14.0467;34.9392
06R_06V_02I_03M;lr202;2;1;06;02;03;33.3333;66.6667;92.1053;50;71.05265;22.875;37.729;30.302;3.182;2.5495;0.6325;0;0
06R_06V_02I_03M;lr203;2;1;06;02;03;16.6667;100;100;100;100;67.669;67.669;67.669;5.3127;4.2233;1.0893;6.8421;2.0467
06R_06V_02I_03M;lr204;2;1;06;02;03;16.6667;100;86.8421;86.8421;86.8421;55.982;55.982;55.982;1.816;1.4827;0.3333;0;0
06R_06V_02I_03M;lr205;2;1;06;02;03;16.6667;33.3333;95.3488;95.3488;95.3488;55.163;55.163;55.163;2.04;2.04;0;0;1.6043
06R_06V_02I_03M;lr201;2;1;06;02;03;33.3333;66.6667;86.5385;46.5116;66.52505;20.009;64.179;42.094;3.3625;2.69;0.6725;14.0467;34.9392
06R_06V_02I_03M;lr202;2;1;06;02;03;33.3333;66.6667;90.625;61.5385;76.08175;22.875;37.729;30.302;2.569;2.569;0;0;0.493
06R_06V_02I_03M;lr203;2;1;06;02;03;16.6667;100;100;100;100;67.669;67.669;67.669;5.3127;4.2233;1.0893;6.8421;2.0467
06R_06V_02I_03M;lr204;2;1;06;02;03;16.6667;100;86.8421;86.8421;86.8421;55.982;55.982;55.982;1.816;1.4827;0.3333;0;0
06R_06V_02I_03M;lr205;2;1;06;02;03;16.6667;33.3333;82.6923;82.6923;82.6923;55.163;55.163;55.163;2.04;2.04;0;0;3.1597
06R_06V_02I_04M;lr101;1;1;06;02;04;100;75;60.4651;16.2791;32.493233;47.087;64.4478;55.3471;13.8116;11.1391;2.6725;3.1733;14.7683
06R_06V_02I_04M;lr102;1;1;06;02;04;50;50;68.4211;10.4167;42.945933;75.9304;80.4435;78.587;10.0435;10.0435;0;0;7.4304
06R_06V_02I_04M;lr103;1;1;06;02;04;50;50;73.0769;59.375;64.663467;56.0957;76.6522;65.5435;17.9304;14.3326;3.5978;0;0
06R_06V_02I_04M;lr104;1;1;06;02;04;50;25;57.5758;46.1538;53.7432;45.5391;73.4478;61.8797;18.4435;18.4435;0;0;2.594
06R_06V_02I_04M;lr105;1;1;06;02;04;66.6667;75;88.4615;16.2791;46.790475;31.387;72.6957;51.2826;12.7377;10.0739;2.6638;0;5.3131
06R_06V_02I_04M;lr101;1;1;06;02;04;100;75;76.4706;13.4615;36.032917;47.087;64.4478;55.3471;13.8116;11.1391;2.6725;3.1733;14.7683
06R_06V_02I_04M;lr102;1;1;06;02;04;50;50;95.8333;8.6207;51.484667;75.9304;80.4435;78.587;10.0435;10.0435;0;0;7.4304
06R_06V_02I_04M;lr103;1;1;06;02;04;50;50;73.0769;42.1053;58.185733;56.0957;76.6522;65.5435;17.9304;14.3326;3.5978;0;0
06R_06V_02I_04M;lr104;1;1;06;02;04;50;25;57.5;46.1538;50.3846;45.5391;73.4478;61.8797;18.4435;18.4435;0;0;2.594
06R_06V_02I_04M;lr105;1;1;06;02;04;66.6667;75;88.4615;20.5882;48.791175;31.387;72.6957;51.2826;12.7377;10.0739;2.6638;0;5.3131
06R_06V_02I_04M;lr101;1;1;06;02;04;100;75;76.4706;13.4615;34.904333;47.087;64.4478;55.3471;13.8116;11.1391;2.6725;3.1733;14.7683
06R_06V_02I_04M;lr102;1;1;06;02;04;50;50;50;13.1579;35.995167;75.9304;80.4435;78.587;10.0435;10.0435;0;0;7.4304
06R_06V_02I_04M;lr103;1;1;06;02;04;50;50;73.0769;50;61.538467;56.0957;76.6522;65.5435;17.9304;14.3326;3.5978;0;0
06R_06V_02I_04M;lr104;1;1;06;02;04;50;25;73.0769;46.1538;62.9759;45.5391;73.4478;61.8797;18.4435;18.4435;0;0;2.594
06R_06V_02I_04M;lr105;1;1;06;02;04;66.6667;75;88.4615;16.2791;42.877925;31.387;72.6957;51.2826;12.7377;10.0739;2.6638;0;5.3131
06R_06V_02I_04M;lr101;1;1;06;02;04;100;75;76.4706;16.2791;35.077967;47.087;64.4478;55.3471;13.8116;11.1391;2.6725;3.1733;14.7683
06R_06V_02I_04M;lr102;1;1;06;02;04;50;50;68.4211;41.6667;53.3626;65.8217;90.5522;78.587;10.0435;10.0435;0;0;1.0038
06R_06V_02I_04M;lr103;1;1;06;02;04;50;50;73.0769;50;60.8173;56.0957;76.6522;65.5435;17.9304;14.3326;3.5978;0;0
06R_06V_02I_04M;lr104;1;1;06;02;04;50;25;57.5;36.3636;47.1212;45.5391;73.4478;61.8797;18.4435;18.4435;0;0;2.594
06R_06V_02I_04M;lr105;1;1;06;02;04;66.6667;75;88.4615;20.5882;48.791175;31.387;72.6957;51.2826;12.7377;10.0739;2.6638;0;5.3131
06R_06V_02I_04M;lr101;1;1;06;02;04;100;75;76.4706;16.2791;34.340033;47.087;64.4478;55.3471;13.8116;11.1391;2.6725;3.1733;14.7683
06R_06V_02I_04M;lr102;1;1;06;02;04;50;50;68.4211;8.6207;45.8195;75.9304;80.4435;78.587;10.0435;10.0435;0;0;7.4304
06R_06V_02I_04M;lr103;1;1;06;02;04;50;50;61.5385;59.375;60.096167;56.0957;76.6522;65.5435;17.9304;14.3326;3.5978;0;0
06R_06V_02I_04M;lr104;1;1;06;02;04;50;25;88.4615;36.3636;65.967333;45.5391;73.4478;61.8797;18.4435;18.4435;0;0;2.594
06R_06V_02I_04M;lr105;1;1;06;02;04;66.6667;75;88.4615;13.4615;49.010175;31.387;72.6957;51.2826;12.7377;10.0739;2.6638;0;5.3131
06R_06V_02I_04M;lr201;2;1;06;02;04;33.3333;50;86.5385;46.5116;66.52505;20.009;64.004;42.0065;3.3625;2.69;0.6725;14.2202;34.9915
06R_06V_02I_04M;lr202;2;1;06;02;04;33.3333;50;92.1053;61.5385;76.8219;22.875;37.729;30.302;3.182;2.5495;0.6325;0.2571;0.2571
06R_06V_02I_04M;lr203;2;1;06;02;04;16.6667;75;87.5;87.5;87.5;67.669;67.669;67.669;4.2693;3.18;1.0893;10.1568;2.0467
06R_06V_02I_04M;lr204;2;1;06;02;04;16.6667;75;93.75;93.75;93.75;55.306;55.306;55.306;1.7533;1.4513;0.302;0;0
06R_06V_02I_04M;lr205;2;1;06;02;04;16.6667;25;95.3488;95.3488;95.3488;54.92;54.92;54.92;2.01;2.01;0;0;2.6056
06R_06V_02I_04M;lr201;2;1;06;02;04;33.3333;50;86.5385;58.8235;72.681;20.009;64.004;42.0065;3.3625;2.69;0.6725;14.2202;34.9915
06R_06V_02I_04M;lr202;2;1;06;02;04;33.3333;50;73.6842;42.1053;57.89475;22.875;37.729;30.302;2.569;2.569;0;0;8.9043
06R_06V_02I_04M;lr203;2;1;06;02;04;16.6667;75;100;100;100;67.669;67.669;67.669;4.777;4.2093;0.5677;8.9598;2.0467
06R_06V_02I_04M;lr204;2;1;06;02;04;16.6667;75;78.9474;78.9474;78.9474;55.306;55.306;55.306;1.7533;1.4513;0.302;0;0
06R_06V_02I_04M;lr205;2;1;06;02;04;16.6667;25;82.6923;82.6923;82.6923;54.92;54.92;54.92;2.01;2.01;0;0;0
06R_06V_02I_04M;lr201;2;1;06;02;04;33.3333;50;86.5385;58.8235;72.681;20.009;64.004;42.0065;3.3625;2.69;0.6725;14.2202;34.9915
06R_06V_02I_04M;lr202;2;1;06;02;04;33.3333;50;92.1053;50;71.05265;22.875;37.729;30.302;3.182;2.5495;0.6325;0.2571;0.2571
06R_06V_02I_04M;lr203;2;1;06;02;04;16.6667;75;100;100;100;67.669;67.669;67.669;4.777;4.2093;0.5677;8.9598;2.0467
06R_06V_02I_04M;lr204;2;1;06;02;04;16.6667;75;93.75;93.75;93.75;55.306;55.306;55.306;1.7533;1.4513;0.302;0;0
06R_06V_02I_04M;lr205;2;1;06;02;04;16.6667;25;100;100;100;54.92;54.92;54.92;2.01;2.01;0;0;0
06R_06V_02I_04M;lr201;2;1;06;02;04;33.3333;50;86.5385;46.5116;66.52505;20.009;64.004;42.0065;3.3625;2.69;0.6725;14.2202;34.9915
06R_06V_02I_04M;lr202;2;1;06;02;04;33.3333;50;92.1053;50;71.05265;22.875;37.729;30.302;3.182;2.5495;0.6325;0;0
06R_06V_02I_04M;lr203;2;1;06;02;04;16.6667;75;100;100;100;67.669;67.669;67.669;5.3127;4.2233;1.0893;6.8421;2.0467
06R_06V_02I_04M;lr204;2;1;06;02;04;16.6667;75;93.75;93.75;93.75;55.306;55.306;55.306;1.7533;1.4513;0.302;0;0
06R_06V_02I_04M;lr205;2;1;06;02;04;16.6667;25;100;100;100;54.92;54.92;54.92;2.01;2.01;0;0;0
06R_06V_02I_04M;lr201;2;1;06;02;04;33.3333;50;86.5385;46.5116;66.52505;20.009;64.004;42.0065;3.3625;2.69;0.6725;14.2202;34.9915
06R_06V_02I_04M;lr202;2;1;06;02;04;33.3333;50;90.625;61.5385;76.08175;22.875;37.729;30.302;2.569;2.569;0;0;0.493
06R_06V_02I_04M;lr203;2;1;06;02;04;16.6667;75;100;100;100;67.669;67.669;67.669;5.3127;4.2233;1.0893;6.8421;2.0467
06R_06V_02I_04M;lr204;2;1;06;02;04;16.6667;75;93.75;93.75;93.75;55.306;55.306;55.306;1.7533;1.4513;0.302;0;0
06R_06V_02I_04M;lr205;2;1;06;02;04;16.6667;25;88.4615;88.4615;88.4615;54.92;54.92;54.92;2.01;2.01;0;0;0
06R_06V_04I_03M;lr101;1;1;06;04;03;100;100;50;17.3077;31.384383;29.1826;84.8;56.8623;45.6449;26.8377;18.8072;0;12.3078
06R_06V_04I_03M;lr102;1;1;06;04;03;50;100;94.8276;50;65.819733;85.1853;93.9138;89.0704;41.467;34.0057;7.4612;1.0356;3.6546
06R_06V_04I_03M;lr103;1;1;06;04;03;50;66.6667;73.0769;18.4211;50.291;42.9826;86.1913;65.0536;23.5152;23.5152;0;0;0
06R_06V_04I_03M;lr104;1;1;06;04;03;50;100;76.9231;46.1538;56.858967;45.7652;86.4739;68.0493;26.4304;19.4232;7.0072;0.2157;1.1145
06R_06V_04I_03M;lr105;1;1;06;04;03;66.6667;100;88.4615;16.2791;49.458075;35.9391;71.0739;56.687;38.342;25.0029;13.3391;0;1.5636
06R_06V_04I_03M;lr101;1;1;06;04;03;100;100;60.4651;13.4615;33.992767;29.1826;84.8;56.8623;45.6449;26.8377;18.8072;0;12.3078
06R_06V_04I_03M;lr102;1;1;06;04;03;50;100;94.8276;50;65.819733;85.1853;93.9138;89.0704;41.467;34.0057;7.4612;1.0356;3.6546
06R_06V_04I_03M;lr103;1;1;06;04;03;50;66.6667;73.0769;18.4211;50.291;42.9826;86.1913;65.0536;23.5152;23.5152;0;0;0
06R_06V_04I_03M;lr104;1;1;06;04;03;50;100;76.9231;36.3636;62.1212;45.7652;86.4739;68.0493;26.4304;19.4232;7.0072;0.2157;1.1145
06R_06V_04I_03M;lr105;1;1;06;04;03;66.6667;100;88.4615;16.2791;48.99635;35.9391;71.0739;56.687;38.342;25.0029;13.3391;0;1.5636
06R_06V_04I_03M;lr101;1;1;06;04;03;100;100;76.4706;15.3846;33.29035;29.1826;84.8;56.8623;45.6449;26.8377;18.8072;0;12.3078
06R_06V_04I_03M;lr102;1;1;06;04;03;50;100;94.8276;50;65.819733;85.1853;93.9138;89.0704;41.467;34.0057;7.4612;1.0356;3.6546
06R_06V_04I_03M;lr103;1;1;06;04;03;50;66.6667;73.0769;18.4211;50.291;42.9826;86.1913;65.0536;23.5152;23.5152;0;0;0
06R_06V_04I_03M;lr104;1;1;06;04;03;50;100;50;46.1538;47.8846;45.7652;86.4739;68.0493;26.4304;19.4232;7.0072;0.2157;1.1145
06R_06V_04I_03M;lr105;1;1;06;04;03;66.6667;100;88.4615;16.2791;49.458075;35.9391;71.0739;56.687;38.342;25.0029;13.3391;0;1.5636
06R_06V_04I_03M;lr101;1;1;06;04;03;100;100;60.4651;13.4615;32.12625;29.1826;84.8;56.8623;45.6449;26.8377;18.8072;0;12.3078
06R_06V_04I_03M;lr102;1;1;06;04;03;50;100;94.8276;50;65.819733;85.1853;93.9138;89.0704;41.467;34.0057;7.4612;1.0356;3.6546
06R_06V_04I_03M;lr103;1;1;06;04;03;50;66.6667;73.0769;18.4211;50.291;42.9826;86.1913;65.0536;23.5152;23.5152;0;0;0
06R_06V_04I_03M;lr104;1;1;06;04;03;50;100;76.9231;30;60;45.7652;86.4739;68.0493;26.4304;19.4232;7.0072;0.2157;1.1145
06R_06V_04I_03M;lr105;1;1;06;04;03;66.6667;100;88.4615;20.5882;50.073625;35.9391;71.0739;56.687;38.342;25.0029;13.3391;0;1.5636
06R_06V_04I_03M;lr101;1;1;06;04;03;100;100;58.8235;13.4615;32.852333;29.1826;84.8;56.8623;45.6449;26.8377;18.8072;0;12.3078
06R_06V_04I_03M;lr102;1;1;06;04;03;50;100;94.8276;50;65.819733;85.1853;93.9138;89.0704;41.467;34.0057;7.4612;1.0356;3.6546
06R_06V_04I_03M;lr103;1;1;06;04;03;50;66.6667;73.0769;18.4211;50.291;42.9826;86.1913;65.0536;23.5152;23.5152;0;0;0
06R_06V_04I_03M;lr104;1;1;06;04;03;50;100;76.9231;30;60;45.7652;86.4739;68.0493;26.4304;19.4232;7.0072;0.2157;1.1145
06R_06V_04I_03M;lr105;1;1;06;04;03;66.6667;100;88.4615;16.2791;49.458075;35.9391;71.0739;56.687;38.342;25.0029;13.3391;0;1.5636
06R_06V_04I_03M;lr201;2;1;06;04;03;33.3333;100;86.5385;46.5116;66.52505;18.162;72.217;45.1895;7.0553;5.7777;1.2777;11.0223;34.1747
06R_06V_04I_03M;lr202;2;1;06;04;03;16.6667;100;87.5;87.5;87.5;54.787;54.787;54.787;6.46;5.4447;1.0153;0;0.2446
06R_06V_04I_03M;lr203;2;1;06;04;03;16.6667;66.6667;87.5;87.5;87.5;68.501;68.501;68.501;14.288;11.7815;2.5065;3.6335;2.4788
06R_06V_04I_03M;lr204;2;1;06;04;03;33.3333;100;81.5789;34.6154;58.09715;19.357;41.69;30.5235;11.2123;6.9837;4.2287;0;0
06R_06V_04I_03M;lr205;2;1;06;04;03;16.6667;100;88.4615;88.4615;88.4615;53.522;53.522;53.522;6.8383;5.0673;1.771;0;0.0019
06R_06V_04I_03M;lr201;2;1;06;04;03;33.3333;100;86.5385;58.8235;72.681;18.162;72.217;45.1895;7.0553;5.7777;1.2777;11.0223;34.1747
06R_06V_04I_03M;lr202;2;1;06;04;03;16.6667;100;73.6842;73.6842;73.6842;54.787;54.787;54.787;6.46;5.4447;1.0153;0;0.2446
06R_06V_04I_03M;lr203;2;1;06;04;03;16.6667;66.6667;100;100;100;68.501;68.501;68.501;14.295;11.7885;2.5065;5.6758;0.8642
06R_06V_04I_03M;lr204;2;1;06;04;03;33.3333;100;81.5789;28.125;54.85195;19.357;41.69;30.5235;11.2123;6.9837;4.2287;0;0
06R_06V_04I_03M;lr205;2;1;06;04;03;16.6667;100;88.4615;88.4615;88.4615;53.522;53.522;53.522;6.8383;5.0673;1.771;0;0.0019
06R_06V_04I_03M;lr201;2;1;06;04;03;33.3333;100;86.5385;58.8235;72.681;18.162;72.217;45.1895;7.0553;5.7777;1.2777;11.0223;34.1747
06R_06V_04I_03M;lr202;2;1;06;04;03;16.6667;100;84.2105;84.2105;84.2105;54.787;54.787;54.787;7.241;5.4947;1.7463;0;0.2227
06R_06V_04I_03M;lr203;2;1;06;04;03;16.6667;66.6667;100;100;100;68.501;68.501;68.501;14.295;11.7885;2.5065;5.6758;0.8642
06R_06V_04I_03M;lr204;2;1;06;04;03;33.3333;100;81.5789;34.6154;58.09715;19.357;41.69;30.5235;11.2123;6.9837;4.2287;0;0
06R_06V_04I_03M;lr205;2;1;06;04;03;16.6667;100;88.4615;88.4615;88.4615;53.522;53.522;53.522;6.8383;5.0673;1.771;0;0.0019
06R_06V_04I_03M;lr201;2;1;06;04;03;33.3333;100;86.5385;58.8235;72.681;18.162;72.217;45.1895;7.0553;5.7777;1.2777;11.0223;34.1747
06R_06V_04I_03M;lr202;2;1;06;04;03;16.6667;100;87.5;87.5;87.5;54.787;54.787;54.787;6.46;5.4447;1.0153;0;0.2446
06R_06V_04I_03M;lr203;2;1;06;04;03;16.6667;66.6667;87.5;87.5;87.5;68.501;68.501;68.501;12.507;10.0005;2.5065;0;0
06R_06V_04I_03M;lr204;2;1;06;04;03;33.3333;100;96.875;34.6154;65.7452;19.357;41.69;30.5235;11.2123;6.9837;4.2287;0;0
06R_06V_04I_03M;lr205;2;1;06;04;03;16.6667;100;88.4615;88.4615;88.4615;53.522;53.522;53.522;6.8383;5.0673;1.771;0;0.0019
06R_06V_04I_03M;lr201;2;1;06;04;03;33.3333;100;86.5385;38.4615;62.5;18.162;72.217;45.1895;7.0553;5.7777;1.2777;11.0223;34.1747
06R_06V_04I_03M;lr202;2;1;06;04;03;16.6667;100;87.5;87.5;87.5;54.787;54.787;54.787;8.022;5.4947;2.5273;0;0.3158
06R_06V_04I_03M;lr203;2;1;06;04;03;16.6667;66.6667;87.5;87.5;87.5;68.501;68.501;68.501;12.346;9.8395;2.5065;7.1678;0.8642
06R_06V_04I_03M;lr204;2;1;06;04;03;33.3333;100;81.5789;34.6154;58.09715;19.357;41.69;30.5235;11.2123;6.9837;4.2287;0;0
06R_06V_04I_03M;lr205;2;1;06;04;03;16.6667;100;88.4615;88.4615;88.4615;53.522;53.522;53.522;6.8383;5.0673;1.771;0;0.0019
06R_06V_04I_04M;lr101;1;1;06;04;04;100;100;50;13.4615;31.621133;29.1826;80.8;54.8841;26.5446;19.9815;6.563;3.1961;12.8326
06R_06V_04I_04M;lr102;1;1;06;04;04;50;75;94.8276;10.4167;52.6253;80.9784;98.1552;88.1063;33.3362;33.3362;0;1.3459;4.1465
06R_06V_04I_04M;lr103;1;1;06;04;04;50;75;73.0769;18.4211;50.291;42.113;86.1913;64.7638;17.7145;15.5362;2.1783;0;0
06R_06V_04I_04M;lr104;1;1;06;04;04;50;100;76.9231;46.1538;56.858967;45.7652;84.5435;67.4058;18.2337;14.3913;3.8424;0.2157;1.1145
06R_06V_04I_04M;lr105;1;1;06;04;04;66.6667;100;88.4615;16.2791;49.458075;37.0348;68.5565;55.7859;25.0239;18.3457;6.6783;0;1.5174
06R_06V_04I_04M;lr101;1;1;06;04;04;100;100;50;17.3077;30.973983;29.1826;80.8;54.8841;26.5446;19.9815;6.563;3.1961;12.8326
06R_06V_04I_04M;lr102;1;1;06;04;04;50;75;94.8276;10.4167;52.6253;80.9784;98.1552;88.1063;33.3362;33.3362;0;1.3459;4.1465
06R_06V_04I_04M;lr103;1;1;06;04;04;50;75;73.0769;18.4211;50.291;42.113;86.1913;64.7638;17.7145;15.5362;2.1783;0;0
06R_06V_04I_04M;lr104;1;1;06;04;04;50;100;76.9231;36.3636;62.1212;45.7652;84.5435;67.4058;18.2337;14.3913;3.8424;0.2157;1.1145
06R_06V_04I_04M;lr105;1;1;06;04;04;66.6667;100;88.4615;16.2791;48.99635;37.0348;68.5565;55.7859;25.0239;18.3457;6.6783;0;1.5174
06R_06V_04I_04M;lr101;1;1;06;04;04;100;100;50;16.2791;30.851667;29.1826;80.8;54.8841;26.5446;19.9815;6.563;3.1961;12.8326
06R_06V_04I_04M;lr102;1;1;06;04;04;50;75;94.8276;10.4167;52.6253;80.9784;98.1552;88.1063;33.3362;33.3362;0;1.3459;4.1465
06R_06V_04I_04M;lr103;1;1;06;04;04;50;75;73.0769;18.4211;50.291;42.113;86.1913;64.7638;17.7145;15.5362;2.1783;0;0
06R_06V_04I_04M;lr104;1;1;06;04;04;50;100;50;46.1538;47.8846;45.7652;84.5435;67.4058;18.2337;14.3913;3.8424;0.2157;1.1145
06R_06V_04I_04M;lr105;1;1;06;04;04;66.6667;100;88.4615;20.5882;50.53535;37.0348;68.5565;55.7859;25.0239;18.3457;6.6783;0;1.5174
06R_06V_04I_04M;lr101;1;1;06;04;04;100;100;60.4651;15.3846;33.416633;29.1826;80.8;54.8841;26.5446;19.9815;6.563;3.1961;12.8326
06R_06V_04I_04M;lr102;1;1;06;04;04;50;75;94.8276;10.4167;52.6253;80.9784;98.1552;88.1063;33.3362;33.3362;0;1.3459;4.1465
06R_06V_04I_04M;lr103;1;1;06;04;04;50;75;73.0769;18.4211;50.291;42.113;86.1913;64.7638;17.7145;15.5362;2.1783;0;0
06R_06V_04I_04M;lr104;1;1;06;04;04;50;100;76.9231;30;60;45.7652;84.5435;67.4058;18.2337;14.3913;3.8424;0.2157;1.1145
06R_06V_04I_04M;lr105;1;1;06;04;04;66.6667;100;88.4615;20.5882;47.61125;37.0348;68.5565;55.7859;25.0239;18.3457;6.6783;0;1.5174
06R_06V_04I_04M;lr101;1;1;06;04;04;100;100;60.4651;17.3077;31.786883;29.1826;80.8;54.8841;26.5446;19.9815;6.563;3.1961;12.8326
06R_06V_04I_04M;lr102;1;1;06;04;04;50;75;94.8276;10.4167;52.6253;80.9784;98.1552;88.1063;33.3362;33.3362;0;1.3459;4.1465
06R_06V_04I_04M;lr103;1;1;06;04;04;50;75;73.0769;18.4211;50.291;42.113;86.1913;64.7638;17.7145;15.5362;2.1783;0;0
06R_06V_04I_04M;lr104;1;1;06;04;04;50;100;76.9231;30;60;45.7652;84.5435;67.4058;18.2337;14.3913;3.8424;0.2157;1.1145
06R_06V_04I_04M;lr105;1;1;06;04;04;66.6667;100;88.4615;16.2791;46.533975;37.0348;68.5565;55.7859;25.0239;18.3457;6.6783;0;1.5174
06R_06V_04I_04M;lr201;2;1;06;04;04;33.3333;100;86.5385;46.5116;66.52505;24.828;64.76;44.794;6.0072;4.3825;1.6248;12.2915;31.4308
06R_06V_04I_04M;lr202;2;1;06;04;04;16.6667;100;87.5;87.5;87.5;54.787;54.787;54.787;5.3665;4.0355;1.331;0;0.3924
06R_06V_04I_04M;lr203;2;1;06;04;04;16.6667;75;87.5;87.5;87.5;68.189;68.189;68.189;10.2963;7.8983;2.398;3.2102;2.6661
06R_06V_04I_04M;lr204;2;1;06;04;04;33.3333;100;96.875;34.6154;65.7452;19.357;40.804;30.0805;6.196;5.219;0.977;0;0
06R_06V_04I_04M;lr205;2;1;06;04;04;16.6667;75;100;100;100;53.522;53.522;53.522;5.74;5.1033;0.6367;0;0.8053
06R_06V_04I_04M;lr201;2;1;06;04;04;33.3333;100;86.5385;46.5116;66.52505;24.828;64.76;44.794;6.0072;4.3825;1.6248;12.2915;31.4308
06R_06V_04I_04M;lr202;2;1;06;04;04;16.6667;100;73.6842;73.6842;73.6842;54.787;54.787;54.787;5.3665;4.0355;1.331;0;0.3924
06R_06V_04I_04M;lr203;2;1;06;04;04;16.6667;75;100;100;100;68.189;68.189;68.189;8.98;7.8613;1.1187;5.7971;0.8682
06R_06V_04I_04M;lr204;2;1;06;04;04;33.3333;100;81.5789;23.6842;52.63155;19.357;40.804;30.0805;6.196;5.219;0.977;0;0
06R_06V_04I_04M;lr205;2;1;06;04;04;16.6667;75;82.6923;82.6923;82.6923;53.522;53.522;53.522;5.74;5.1033;0.6367;0;1.037
06R_06V_04I_04M;lr201;2;1;06;04;04;33.3333;100;86.5385;46.5116;66.52505;24.828;64.76;44.794;6.0072;4.3825;1.6248;12.2915;31.4308
06R_06V_04I_04M;lr202;2;1;06;04;04;16.6667;100;84.2105;84.2105;84.2105;54.787;54.787;54.787;6.6202;4.0925;2.5278;0;0.6553
06R_06V_04I_04M;lr203;2;1;06;04;04;16.6667;75;100;100;100;68.189;68.189;68.189;8.98;7.8613;1.1187;5.7971;0.8682
06R_06V_04I_04M;lr204;2;1;06;04;04;33.3333;100;96.875;23.6842;60.2796;19.357;40.804;30.0805;6.196;5.219;0.977;0;0
06R_06V_04I_04M;lr205;2;1;06;04;04;16.6667;75;82.6923;82.6923;82.6923;53.522;53.522;53.522;6.8343;4.995;1.8393;0;0.9884
06R_06V_04I_04M;lr201;2;1;06;04;04;33.3333;100;86.5385;58.8235;72.681;24.828;64.76;44.794;6.0072;4.3825;1.6248;12.2915;31.4308
06R_06V_04I_04M;lr202;2;1;06;04;04;16.6667;100;87.5;87.5;87.5;54.787;54.787;54.787;5.3665;4.0355;1.331;0;0.3924
06R_06V_04I_04M;lr203;2;1;06;04;04;16.6667;75;87.5;87.5;87.5;68.189;68.189;68.189;8.6377;6.4843;2.1533;0;0
06R_06V_04I_04M;lr204;2;1;06;04;04;33.3333;100;81.5789;34.6154;58.09715;19.357;40.804;30.0805;6.196;5.219;0.977;0;0
06R_06V_04I_04M;lr205;2;1;06;04;04;16.6667;75;88.4615;88.4615;88.4615;53.522;53.522;53.522;5.74;5.1033;0.6367;0;1.108
06R_06V_04I_04M;lr201;2;1;06;04;04;33.3333;100;86.5385;58.8235;72.681;24.828;64.76;44.794;6.0072;4.3825;1.6248;12.2915;31.4308
06R_06V_04I_04M;lr202;2;1;06;04;04;16.6667;100;87.5;87.5;87.5;54.787;54.787;54.787;6.7722;4.0925;2.6798;0;0.5622
06R_06V_04I_04M;lr203;2;1;06;04;04;16.6667;75;87.5;87.5;87.5;68.189;68.189;68.189;8.9087;6.4483;2.4603;7.2006;0.8682
06R_06V_04I_04M;lr204;2;1;06;04;04;33.3333;100;81.5789;34.6154;58.09715;19.357;40.804;30.0805;6.196;5.219;0.977;0;0
06R_06V_04I_04M;lr205;2;1;06;04;04;16.6667;75;82.6923;82.6923;82.6923;53.522;53.522;53.522;6.5433;5.1117;1.4317;0;0.837
08R_08V_02I_03M;lr101;1;1;08;02;03;87.5;100;86.5385;16.2791;37.768143;49.4826;78.8261;58.8118;19.5536;13.9971;5.5565;0.4336;19.5611
08R_08V_02I_03M;lr102;1;1;08;02;03;62.5;66.6667;95.8333;8.6207;50.062;38.0261;80.4435;67.0365;15.0435;9.3043;5.7391;0.0823;4.7694
08R_08V_02I_03M;lr103;1;1;08;02;03;37.5;66.6667;84.6154;59.375;68.509633;66.2826;92.5304;79.1855;7.5261;7.5261;0;0;0
08R_08V_02I_03M;lr104;1;1;08;02;03;37.5;66.6667;60.6061;47.5;56.035367;79.0043;83.9478;80.9232;14.4957;9.5587;4.937;0;2.1662
08R_08V_02I_03M;lr105;1;1;08;02;03;50;66.6667;88.4615;25;53.365375;43.3348;81;60.5478;15.0348;15.0348;0;0;4.9673
08R_08V_02I_03M;lr101;1;1;08;02;03;87.5;100;86.5385;16.2791;37.064614;49.4826;78.8261;58.8118;19.5536;13.9971;5.5565;0.4336;19.5611
08R_08V_02I_03M;lr102;1;1;08;02;03;62.5;66.6667;79.3103;8.6207;47.1166;38.0261;80.4435;67.0365;15.0435;9.3043;5.7391;0.0823;4.7694
08R_08V_02I_03M;lr103;1;1;08;02;03;37.5;66.6667;84.6154;50;69.230767;66.2826;92.5304;79.1855;7.5261;7.5261;0;0;0
08R_08V_02I_03M;lr104;1;1;08;02;03;37.5;66.6667;92.3077;50;71.794867;79.0043;83.9478;80.9232;14.4957;9.5587;4.937;0;2.1662
08R_08V_02I_03M;lr105;1;1;08;02;03;50;66.6667;88.4615;25;53.365375;43.3348;81;60.5478;15.0348;15.0348;0;0;4.9673
08R_08V_02I_03M;lr101;1;1;08;02;03;87.5;100;86.5385;18.6047;38.383743;49.4826;78.8261;58.8118;19.5536;13.9971;5.5565;0.4336;19.5611
08R_08V_02I_03M;lr102;1;1;08;02;03;62.5;66.6667;79.3103;13.1579;44.48502;38.0261;80.4435;67.0365;15.0435;9.3043;5.7391;0.0823;4.7694
08R_08V_02I_03M;lr103;1;1;08;02;03;37.5;66.6667;84.6154;42.1053;66.5992;66.2826;92.5304;79.1855;7.5261;7.5261;0;0;0
08R_08V_02I_03M;lr104;1;1;08;02;03;37.5;66.6667;73.0769;50;61.025633;79.0043;83.9478;80.9232;14.4957;9.5587;4.937;0;2.1662
08R_08V_02I_03M;lr105;1;1;08;02;03;50;66.6667;88.4615;25;50.441275;43.3348;81;60.5478;15.0348;15.0348;0;0;4.9673
08R_08V_02I_03M;lr101;1;1;08;02;03;87.5;100;86.5385;16.2791;37.504343;49.4826;78.8261;58.8118;19.5536;13.9971;5.5565;0.4336;19.5611
08R_08V_02I_03M;lr102;1;1;08;02;03;62.5;66.6667;95.8333;13.1579;47.78962;38.0261;80.4435;67.0365;15.0435;9.3043;5.7391;0.0823;4.7694
08R_08V_02I_03M;lr103;1;1;08;02;03;37.5;66.6667;84.6154;42.1053;66.5992;66.2826;92.5304;79.1855;7.5261;7.5261;0;0;0
08R_08V_02I_03M;lr104;1;1;08;02;03;37.5;66.6667;60.6061;57.5758;59.393967;79.0043;83.9478;80.9232;14.4957;9.5587;4.937;0;2.1662
08R_08V_02I_03M;lr105;1;1;08;02;03;50;66.6667;88.4615;28.8462;50.855675;43.3348;81;60.5478;15.0348;15.0348;0;0;4.9673
08R_08V_02I_03M;lr101;1;1;08;02;03;87.5;100;86.5385;18.6047;38.119929;49.4826;78.8261;58.8118;19.5536;13.9971;5.5565;0.4336;19.5611
08R_08V_02I_03M;lr102;1;1;08;02;03;62.5;66.6667;95.8333;8.6207;53.87326;38.0261;80.4435;67.0365;15.0435;9.3043;5.7391;0.0823;4.7694
08R_08V_02I_03M;lr103;1;1;08;02;03;37.5;66.6667;84.6154;59.375;68.509633;66.2826;92.5304;79.1855;7.5261;7.5261;0;0;0
08R_08V_02I_03M;lr104;1;1;08;02;03;37.5;66.6667;73.0769;50;61.025633;79.0043;83.9478;80.9232;14.4957;9.5587;4.937;0;2.1662
08R_08V_02I_03M;lr105;1;1;08;02;03;50;66.6667;88.4615;34.8837;54.365725;43.3348;81;60.5478;15.0348;15.0348;0;0;4.9673
08R_08V_02I_03M;lr201;2;1;08;02;03;25;33.3333;86.5385;82.6923;84.6154;29.102;65.708;47.405;6.708;6.708;0;0.1157;20.2806
08R_08V_02I_03M;lr202;2;1;08;02;03;25;66.6667;78.2609;43.4783;60.8696;28.111;41.299;34.705;4.0525;3.4825;0.57;0;0.977
08R_08V_02I_03M;lr203;2;1;08;02;03;12.5;100;100;100;100;68.502;68.502;68.502;1.914;1.4677;0.4463;0;0
08R_08V_02I_03M;lr204;2;1;08;02;03;25;33.3333;96.1538;37.5;66.8269;17.362;51.017;34.1895;2.408;2.408;0;0;0
08R_08V_02I_03M;lr205;2;1;08;02;03;25;66.6667;88.4615;84.6154;86.53845;12.542;52.483;32.5125;2.97;2.387;0.583;0;0
08R_08V_02I_03M;lr201;2;1;08;02;03;25;33.3333;100;86.5385;93.26925;29.102;65.708;47.405;6.708;6.708;0;0.1157;20.2806
08R_08V_02I_03M;lr202;2;1;08;02;03;25;66.6667;94.7368;66.6667;80.70175;28.111;41.299;34.705;4.0525;3.4825;0.57;0;0.977
08R_08V_02I_03M;lr203;2;1;08;02;03;12.5;100;85.2941;85.2941;85.2941;68.502;68.502;68.502;1.914;1.914;0;0;0.8642
08R_08V_02I_03M;lr204;2;1;08;02;03;25;33.3333;96.1538;46.1538;71.1538;17.362;51.017;34.1895;2.408;2.408;0;0;0
08R_08V_02I_03M;lr205;2;1;08;02;03;25;66.6667;90.3846;88.4615;89.42305;12.542;52.359;32.4505;2.9425;2.3595;0.583;0;0
08R_08V_02I_03M;lr201;2;1;08;02;03;25;33.3333;100;86.5385;93.26925;29.102;65.708;47.405;6.708;6.708;0;0.1157;20.2806
08R_08V_02I_03M;lr202;2;1;08;02;03;25;66.6667;78.2609;43.4783;60.8696;28.111;41.299;34.705;4.0525;3.4825;0.57;0;0.977
08R_08V_02I_03M;lr203;2;1;08;02;03;12.5;100;85.2941;85.2941;85.2941;68.502;68.502;68.502;1.7927;1.582;0.2107;0;0
08R_08V_02I_03M;lr204;2;1;08;02;03;25;33.3333;96.1538;37.5;66.8269;17.362;51.017;34.1895;2.408;2.408;0;0;0
08R_08V_02I_03M;lr205;2;1;08;02;03;25;66.6667;88.4615;84.6154;86.53845;12.542;53.403;32.9725;2.9425;2.3595;0.583;0;0
08R_08V_02I_03M;lr201;2;1;08;02;03;25;33.3333;100;86.5385;93.26925;29.102;65.708;47.405;6.708;6.708;0;0.1157;20.2806
08R_08V_02I_03M;lr202;2;1;08;02;03;25;66.6667;78.2609;52.6316;65.44625;28.111;41.299;34.705;4.0525;3.4825;0.57;0;0.977
08R_08V_02I_03M;lr203;2;1;08;02;03;12.5;100;100;100;100;68.502;68.502;68.502;1.914;1.4677;0.4463;0;0
08R_08V_02I_03M;lr204;2;1;08;02;03;25;33.3333;96.1538;46.1538;71.1538;17.362;51.017;34.1895;2.408;2.408;0;0;0
08R_08V_02I_03M;lr205;2;1;08;02;03;25;66.6667;90.3846;88.4615;89.42305;12.542;52.066;32.304;2.97;2.387;0.583;0;0
08R_08V_02I_03M;lr201;2;1;08;02;03;25;33.3333;86.5385;82.6923;84.6154;29.102;65.708;47.405;6.708;6.708;0;0.1157;20.2806
08R_08V_02I_03M;lr202;2;1;08;02;03;25;66.6667;78.2609;52.6316;65.44625;28.111;41.299;34.705;4.0525;3.4825;0.57;0;0.977
08R_08V_02I_03M;lr203;2;1;08;02;03;12.5;100;100;100;100;68.502;68.502;68.502;1.6783;1.4677;0.2107;0;0
08R_08V_02I_03M;lr204;2;1;08;02;03;25;33.3333;65.7895;37.5;51.64475;17.362;51.017;34.1895;2.408;2.408;0;0;0
08R_08V_02I_03M;lr205;2;1;08;02;03;25;66.6667;95.3488;88.4615;91.90515;12.542;52.993;32.7675;2.97;2.387;0.583;0;0
08R_08V_02I_04M;lr101;1;1;08;02;04;87.5;100;86.5385;18.6047;37.328443;49.4826;78.8261;58.9124;13.7533;10.588;3.1652;0.4807;19.5447
08R_08V_02I_04M;lr102;1;1;08;02;04;62.5;50;95.8333;8.6207;50.062;38.0261;80.4435;67.0365;15.0435;9.3043;5.7391;0.0823;4.7694
08R_08V_02I_04M;lr103;1;1;08;02;04;37.5;50;84.6154;59.375;68.509633;66.2826;92.5304;79.1855;7.5261;7.5261;0;0;0
08R_08V_02I_04M;lr104;1;1;08;02;04;37.5;50;60.6061;47.5;56.035367;79.0043;83.9478;80.9232;14.4957;9.5587;4.937;0;2.1662
08R_08V_02I_04M;lr105;1;1;08;02;04;50;75;88.4615;25;53.365375;43.013;81;60.4674;12.7377;10.0739;2.6638;0;4.9934
08R_08V_02I_04M;lr101;1;1;08;02;04;87.5;100;86.5385;16.2791;36.8008;49.4826;78.8261;58.9124;13.7533;10.588;3.1652;0.4807;19.5447
08R_08V_02I_04M;lr102;1;1;08;02;04;62.5;50;79.3103;8.6207;47.1166;38.0261;80.4435;67.0365;15.0435;9.3043;5.7391;0.0823;4.7694
08R_08V_02I_04M;lr103;1;1;08;02;04;37.5;50;84.6154;50;69.230767;66.2826;92.5304;79.1855;7.5261;7.5261;0;0;0
08R_08V_02I_04M;lr104;1;1;08;02;04;37.5;50;92.3077;50;71.794867;79.0043;83.9478;80.9232;14.4957;9.5587;4.937;0;2.1662
08R_08V_02I_04M;lr105;1;1;08;02;04;50;75;88.4615;25;53.365375;43.013;81;60.4674;12.7377;10.0739;2.6638;0;4.9934
08R_08V_02I_04M;lr101;1;1;08;02;04;87.5;100;86.5385;16.2791;37.504329;49.4826;78.8261;58.9124;13.7533;10.588;3.1652;0.4807;19.5447
08R_08V_02I_04M;lr102;1;1;08;02;04;62.5;50;79.3103;13.1579;44.48502;38.0261;80.4435;67.0365;15.0435;9.3043;5.7391;0.0823;4.7694
08R_08V_02I_04M;lr103;1;1;08;02;04;37.5;50;73.0769;61.5385;67.788467;66.2826;92.5304;79.1855;7.5261;7.5261;0;0;0
08R_08V_02I_04M;lr104;1;1;08;02;04;37.5;50;73.0769;50;61.025633;79.0043;83.9478;80.9232;14.4957;9.5587;4.937;0;2.1662
08R_08V_02I_04M;lr105;1;1;08;02;04;50;75;88.4615;25;50.441275;43.013;81;60.4674;12.7377;10.0739;2.6638;0;4.9934
08R_08V_02I_04M;lr101;1;1;08;02;04;87.5;100;86.5385;20.5882;37.328429;49.4826;78.8261;58.9124;13.7533;10.588;3.1652;0.4807;19.5447
08R_08V_02I_04M;lr102;1;1;08;02;04;62.5;50;95.8333;13.1579;47.78962;38.0261;80.4435;67.0365;15.0435;9.3043;5.7391;0.0823;4.7694
08R_08V_02I_04M;lr103;1;1;08;02;04;37.5;50;84.6154;42.1053;66.5992;66.2826;92.5304;79.1855;7.5261;7.5261;0;0;0
08R_08V_02I_04M;lr104;1;1;08;02;04;37.5;50;60.6061;57.5758;59.393967;79.0043;83.9478;80.9232;14.4957;9.5587;4.937;0;2.1662
08R_08V_02I_04M;lr105;1;1;08;02;04;50;75;88.4615;28.8462;50.855675;43.013;81;60.4674;12.7377;10.0739;2.6638;0;4.9934
08R_08V_02I_04M;lr101;1;1;08;02;04;87.5;100;86.5385;16.2791;37.768143;49.4826;78.8261;58.9124;13.7533;10.588;3.1652;0.4807;19.5447
08R_08V_02I_04M;lr102;1;1;08;02;04;62.5;50;95.8333;8.6207;53.87326;38.0261;80.4435;67.0365;15.0435;9.3043;5.7391;0.0823;4.7694
08R_08V_02I_04M;lr103;1;1;08;02;04;37.5;50;84.6154;50;61.538467;66.2826;92.5304;79.1855;7.5261;7.5261;0;0;0
08R_08V_02I_04M;lr104;1;1;08;02;04;37.5;50;73.0769;50;61.025633;79.0043;83.9478;80.9232;14.4957;9.5587;4.937;0;2.1662
08R_08V_02I_04M;lr105;1;1;08;02;04;50;75;88.4615;34.8837;54.365725;43.013;81;60.4674;12.7377;10.0739;2.6638;0;4.9934
08R_08V_02I_04M;lr201;2;1;08;02;04;25;25;86.5385;82.6923;84.6154;28.764;65.708;47.236;6.84;6.84;0;0.2367;20.6733
08R_08V_02I_04M;lr202;2;1;08;02;04;25;50;78.2609;43.4783;60.8696;28.111;41.299;34.705;4.0525;3.4825;0.57;0;0.977
08R_08V_02I_04M;lr203;2;1;08;02;04;12.5;75;100;100;100;68.426;68.426;68.426;1.994;1.5477;0.4463;0;0
08R_08V_02I_04M;lr204;2;1;08;02;04;25;75;96.875;34.6154;65.7452;14.292;53.91;34.101;1.9813;1.5927;0.3887;0;1.0565
08R_08V_02I_04M;lr205;2;1;08;02;04;25;50;95.3488;88.4615;91.90515;12.542;51.387;31.9645;2.469;1.9975;0.4715;0;0
08R_08V_02I_04M;lr201;2;1;08;02;04;25;25;100;86.5385;93.26925;28.764;65.708;47.236;6.84;6.84;0;0.2367;20.6733
08R_08V_02I_04M;lr202;2;1;08;02;04;25;50;94.7368;66.6667;80.70175;28.111;41.299;34.705;4.0525;3.4825;0.57;0;0.977
08R_08V_02I_04M;lr203;2;1;08;02;04;12.5;75;85.2941;85.2941;85.2941;68.426;68.426;68.426;1.994;1.994;0;0;0.8652
08R_08V_02I_04M;lr204;2;1;08;02;04;25;75;81.5789;34.6154;58.09715;14.292;53.91;34.101;1.9813;1.5927;0.3887;0;1.0565
08R_08V_02I_04M;lr205;2;1;08;02;04;12.5;75;90.3846;90.3846;90.3846;63.995;63.995;63.995;2.46;2.1457;0.3143;0;0
08R_08V_02I_04M;lr201;2;1;08;02;04;25;25;100;86.5385;93.26925;28.764;65.708;47.236;6.84;6.84;0;0.2367;20.6733
08R_08V_02I_04M;lr202;2;1;08;02;04;25;50;78.2609;43.4783;60.8696;28.111;41.299;34.705;4.0525;3.4825;0.57;0;0.977
08R_08V_02I_04M;lr203;2;1;08;02;04;12.5;75;85.2941;85.2941;85.2941;68.426;68.426;68.426;1.9127;1.702;0.2107;0;0
08R_08V_02I_04M;lr204;2;1;08;02;04;25;75;96.875;34.6154;65.7452;14.292;53.91;34.101;1.9813;1.5927;0.3887;0;1.0565
08R_08V_02I_04M;lr205;2;1;08;02;04;12.5;75;90.3846;90.3846;90.3846;63.995;63.995;63.995;2.46;2.1457;0.3143;0;0
08R_08V_02I_04M;lr201;2;1;08;02;04;25;25;100;86.5385;93.26925;28.764;65.708;47.236;6.84;6.84;0;0.2367;20.6733
08R_08V_02I_04M;lr202;2;1;08;02;04;25;50;78.2609;52.6316;65.44625;28.111;41.299;34.705;4.0525;3.4825;0.57;0;0.977
08R_08V_02I_04M;lr203;2;1;08;02;04;12.5;75;100;100;100;68.426;68.426;68.426;1.994;1.5477;0.4463;0;0
08R_08V_02I_04M;lr204;2;1;08;02;04;25;75;96.875;34.6154;65.7452;14.292;53.91;34.101;1.9813;1.5927;0.3887;0;1.0565
08R_08V_02I_04M;lr205;2;1;08;02;04;25;50;90.3846;88.4615;89.42305;12.542;51.083;31.8125;2.469;1.9975;0.4715;0;0
08R_08V_02I_04M;lr201;2;1;08;02;04;25;25;86.5385;82.6923;84.6154;28.764;65.708;47.236;6.84;6.84;0;0.2367;20.6733
08R_08V_02I_04M;lr202;2;1;08;02;04;25;50;78.2609;52.6316;65.44625;28.111;41.299;34.705;4.0525;3.4825;0.57;0;0.977
08R_08V_02I_04M;lr203;2;1;08;02;04;12.5;75;100;100;100;68.426;68.426;68.426;1.7583;1.5477;0.2107;0;0
08R_08V_02I_04M;lr204;2;1;08;02;04;25;75;96.875;28.125;62.5;14.292;53.91;34.101;1.9813;1.5927;0.3887;0;1.0565
08R_08V_02I_04M;lr205;2;1;08;02;04;12.5;75;90.3846;90.3846;90.3846;63.995;63.995;63.995;2.46;2.1457;0.3143;0;0
08R_08V_04I_03M;lr101;1;1;08;04;03;87.5;100;86.5385;16.2791;37.869629;48.4298;90.4638;70.2474;54.9362;35.5844;19.3518;0.9182;17.2107
08R_08V_04I_03M;lr102;1;1;08;04;03;62.5;100;68.4211;10.4167;39.61814;34.6478;97.5217;67.1852;36.8406;23.5348;13.3058;1.6608;2.166
08R_08V_04I_03M;lr103;1;1;08;04;03;37.5;100;100;61.5385;76.762833;55.4913;96.9348;81.7362;25.9464;18.4435;7.5029;0;0
08R_08V_04I_03M;lr104;1;1;08;04;03;62.5;100;72.7273;26.9231;50.43008;32.7435;92.3522;56.4843;30.4797;21.2841;9.1957;0;0
08R_08V_04I_03M;lr105;1;1;08;04;03;62.5;100;60.4651;34.8837;45.3804;40.065;79.7439;61.3634;41.7615;30.4295;11.332;0;4.4789
08R_08V_04I_03M;lr101;1;1;08;04;03;87.5;100;86.5385;16.2791;35.6643;48.4298;90.4638;70.2474;54.9362;35.5844;19.3518;0.9182;17.2107
08R_08V_04I_03M;lr102;1;1;08;04;03;62.5;100;68.4211;10.4167;41.81112;34.6478;97.5217;67.1852;36.8406;23.5348;13.3058;1.6608;2.166
08R_08V_04I_03M;lr103;1;1;08;04;03;37.5;100;84.6154;50;67.678833;55.4913;96.9348;81.7362;25.9464;18.4435;7.5029;0;0
08R_08V_04I_03M;lr104;1;1;08;04;03;62.5;100;73.0769;21.2121;51.8578;32.7435;92.3522;56.4843;30.4797;21.2841;9.1957;0;0
08R_08V_04I_03M;lr105;1;1;08;04;03;62.5;100;76.4706;44.1176;51.66892;40.065;79.7439;61.3634;41.7615;30.4295;11.332;0;4.4789
08R_08V_04I_03M;lr101;1;1;08;04;03;87.5;100;86.5385;15.3846;35.211057;48.4298;90.4638;70.2474;54.9362;35.5844;19.3518;0.9182;17.2107
08R_08V_04I_03M;lr102;1;1;08;04;03;62.5;100;76.3158;10.4167;48.2237;34.6478;97.5217;67.1852;36.8406;23.5348;13.3058;1.6608;2.166
08R_08V_04I_03M;lr103;1;1;08;04;03;37.5;100;100;42.1053;70.2851;55.4913;96.9348;81.7362;25.9464;18.4435;7.5029;0;0
08R_08V_04I_03M;lr104;1;1;08;04;03;62.5;100;92.3077;17.5;57.57692;32.7435;92.3522;56.4843;30.4797;21.2841;9.1957;0;0
08R_08V_04I_03M;lr105;1;1;08;04;03;62.5;100;76.4706;37.2093;48.089;40.065;79.7439;61.3634;41.7615;30.4295;11.332;0;4.4789
08R_08V_04I_03M;lr101;1;1;08;04;03;87.5;100;86.5385;16.2791;36.124314;48.4298;90.4638;70.2474;54.9362;35.5844;19.3518;0.9182;17.2107
08R_08V_04I_03M;lr102;1;1;08;04;03;62.5;100;76.3158;13.1579;42.2913;34.6478;97.5217;67.1852;36.8406;23.5348;13.3058;1.6608;2.166
08R_08V_04I_03M;lr103;1;1;08;04;03;37.5;100;68.4211;57.8947;62.6181;55.4913;96.9348;81.7362;25.9464;18.4435;7.5029;0;0
08R_08V_04I_03M;lr104;1;1;08;04;03;62.5;100;73.0769;21.2121;51.8578;32.7435;92.3522;56.4843;30.4797;21.2841;9.1957;0;0
08R_08V_04I_03M;lr105;1;1;08;04;03;62.5;100;60.4651;34.8837;51.4227;40.065;79.7439;61.3634;41.7615;30.4295;11.332;0;4.4789
08R_08V_04I_03M;lr101;1;1;08;04;03;87.5;100;86.5385;17.3077;36.810929;48.4298;90.4638;70.2474;54.9362;35.5844;19.3518;0.9182;17.2107
08R_08V_04I_03M;lr102;1;1;08;04;03;62.5;100;52.6316;10.4167;39.99624;34.6478;97.5217;67.1852;36.8406;23.5348;13.3058;1.6608;2.166
08R_08V_04I_03M;lr103;1;1;08;04;03;37.5;100;100;61.5385;76.762833;55.4913;96.9348;81.7362;25.9464;18.4435;7.5029;0;0
08R_08V_04I_03M;lr104;1;1;08;04;03;62.5;100;73.0769;17.5;51.11538;32.7435;92.3522;56.4843;30.4797;21.2841;9.1957;0;0
08R_08V_04I_03M;lr105;1;1;08;04;03;62.5;100;76.4706;36.5385;50.6319;40.065;79.7439;61.3634;41.7615;30.4295;11.332;0;4.4789
08R_08V_04I_03M;lr201;2;1;08;04;03;25;100;90.3846;86.5385;88.46155;30.082;72.201;51.1415;9.817;8.5667;1.2503;15.6861;11.4299
08R_08V_04I_03M;lr202;2;1;08;04;03;25;100;94.7368;43.4783;69.10755;31.3;48.384;39.842;9.3713;7.644;1.7273;0;0
08R_08V_04I_03M;lr203;2;1;08;04;03;12.5;66.6667;100;100;100;68.438;68.438;68.438;13.001;11.634;1.367;0.5845;0.865
08R_08V_04I_03M;lr204;2;1;08;04;03;25;100;92.1053;28.125;60.11515;17.212;55.33;36.271;8.276;5.804;2.472;0;0
08R_08V_04I_03M;lr205;2;1;08;04;03;12.5;100;90.3846;90.3846;90.3846;66.224;66.224;66.224;9.7527;5.7647;3.988;0;0
08R_08V_04I_03M;lr201;2;1;08;04;03;25;100;90.3846;86.5385;88.46155;30.082;72.201;51.1415;9.817;8.5667;1.2503;15.6861;11.4299
08R_08V_04I_03M;lr202;2;1;08;04;03;25;100;78.2609;43.4783;60.8696;31.3;46.098;38.699;8.6113;6.846;1.7653;0;0
08R_08V_04I_03M;lr203;2;1;08;04;03;12.5;66.6667;100;100;100;68.438;68.438;68.438;16.48;11.6515;4.8285;0.5626;0.5626
08R_08V_04I_03M;lr204;2;1;08;04;03;25;100;100;31.5789;65.78945;18.418;53.705;36.0615;8.97;6.1567;2.8133;0;0
08R_08V_04I_03M;lr205;2;1;08;04;03;12.5;100;90.3846;90.3846;90.3846;66.224;66.224;66.224;9.7527;5.7647;3.988;0;0
08R_08V_04I_03M;lr201;2;1;08;04;03;25;100;90.3846;86.5385;88.46155;30.082;72.201;51.1415;9.817;8.5667;1.2503;15.6861;11.4299
08R_08V_04I_03M;lr202;2;1;08;04;03;25;100;94.7368;66.6667;80.70175;31.3;47.203;39.2515;9.413;6.846;2.567;0;1.4501
08R_08V_04I_03M;lr203;2;1;08;04;03;12.5;66.6667;100;100;100;68.438;68.438;68.438;13.001;11.634;1.367;0.5845;0.865
08R_08V_04I_03M;lr204;2;1;08;04;03;25;100;100;37.5;68.75;18.418;53.528;35.973;8.97;6.1567;2.8133;0;0
08R_08V_04I_03M;lr205;2;1;08;04;03;12.5;100;90.3846;90.3846;90.3846;66.224;66.224;66.224;9.7527;5.7647;3.988;0;0
08R_08V_04I_03M;lr201;2;1;08;04;03;25;100;90.3846;86.5385;88.46155;30.082;72.201;51.1415;9.817;8.5667;1.2503;15.6861;11.4299
08R_08V_04I_03M;lr202;2;1;08;04;03;25;100;78.2609;52.6316;65.44625;31.3;46.098;38.699;8.6113;6.846;1.7653;0;0
08R_08V_04I_03M;lr203;2;1;08;04;03;12.5;66.6667;100;100;100;68.438;68.438;68.438;16.48;11.6515;4.8285;0.2908;1.1383
08R_08V_04I_03M;lr204;2;1;08;04;03;25;100;100;31.5789;65.78945;18.418;53.528;35.973;8.97;6.1567;2.8133;0;0
08R_08V_04I_03M;lr205;2;1;08;04;03;12.5;100;90.3846;90.3846;90.3846;66.224;66.224;66.224;9.7527;5.7647;3.988;0;0
08R_08V_04I_03M;lr201;2;1;08;04;03;25;100;90.3846;86.5385;88.46155;30.082;72.201;51.1415;9.817;8.5667;1.2503;15.6861;11.4299
08R_08V_04I_03M;lr202;2;1;08;04;03;25;100;94.7368;66.6667;80.70175;31.3;46.098;38.699;8.6113;6.846;1.7653;0;0
08R_08V_04I_03M;lr203;2;1;08;04;03;12.5;66.6667;100;100;100;68.438;68.438;68.438;13.001;11.634;1.367;0;0
08R_08V_04I_03M;lr204;2;1;08;04;03;25;100;100;37.5;68.75;18.418;53.528;35.973;8.97;6.1567;2.8133;0;0
08R_08V_04I_03M;lr205;2;1;08;04;03;12.5;100;90.3846;90.3846;90.3846;66.224;66.224;66.224;9.7527;5.7647;3.988;0;0
08R_08V_04I_04M;lr101;1;1;08;04;04;87.5;100;86.5385;17.3077;37.176229;48.4298;85.0255;64.8979;42.193600000000004;26.467;15.7266;2.1776;15.8866
08R_08V_04I_04M;lr102;1;1;08;04;04;62.5;100;68.4211;8.6207;42.16276;34.6478;98.187;67.2357;28.0163;17.8413;10.175;2.1253;2.2409
08R_08V_04I_04M;lr103;1;1;08;04;04;37.5;75;84.6154;61.5385;71.525;54.8261;96.9348;81.5145;25.6391;18.1362;7.5029;0;0
08R_08V_04I_04M;lr104;1;1;08;04;04;62.5;100;76.9231;30;53.16902;32.7435;81.887;56.4826;22.525;17.5804;4.9446;0;0
08R_08V_04I_04M;lr105;1;1;08;04;04;62.5;100;76.4706;34.8837;52.16142;40.5772;78.8577;61.0984;30.0366;23.4909;6.5457;0;4.4562
08R_08V_04I_04M;lr101;1;1;08;04;04;87.5;100;86.5385;16.2791;37.250643;48.4298;85.0255;64.8979;42.193600000000004;26.467;15.7266;2.1776;15.8866
08R_08V_04I_04M;lr102;1;1;08;04;04;62.5;100;76.3158;13.1579;48.77194;34.6478;98.187;67.2357;28.0163;17.8413;10.175;2.1253;2.2409
08R_08V_04I_04M;lr103;1;1;08;04;04;37.5;75;100;42.1053;75.573567;54.8261;96.9348;81.5145;25.6391;18.1362;7.5029;0;0
08R_08V_04I_04M;lr104;1;1;08;04;04;62.5;100;76.9231;30;51.15386;32.7435;81.887;56.4826;22.525;17.5804;4.9446;0;0
08R_08V_04I_04M;lr105;1;1;08;04;04;62.5;100;60.4651;34.8837;47.55392;40.5772;78.8577;61.0984;30.0366;23.4909;6.5457;0;4.4562
08R_08V_04I_04M;lr101;1;1;08;04;04;87.5;100;86.5385;13.4615;35.248271;48.4298;85.0255;64.8979;42.193600000000004;26.467;15.7266;2.1776;15.8866
08R_08V_04I_04M;lr102;1;1;08;04;04;62.5;100;54.1667;13.1579;38.78254;34.6478;98.187;67.2357;28.0163;17.8413;10.175;2.1253;2.2409
08R_08V_04I_04M;lr103;1;1;08;04;04;37.5;75;84.6154;61.5385;75.8013;54.8261;96.9348;81.5145;25.6391;18.1362;7.5029;0;0
08R_08V_04I_04M;lr104;1;1;08;04;04;62.5;100;73.0769;30;49.2366;32.7435;81.887;56.4826;22.525;17.5804;4.9446;0;0
08R_08V_04I_04M;lr105;1;1;08;04;04;62.5;100;76.4706;28.8462;48.61464;40.5772;78.8577;61.0984;30.0366;23.4909;6.5457;0;4.4562
08R_08V_04I_04M;lr101;1;1;08;04;04;87.5;100;86.5385;17.3077;36.012686;48.4298;85.0255;64.8979;42.193600000000004;26.467;15.7266;2.1776;15.8866
08R_08V_04I_04M;lr102;1;1;08;04;04;62.5;100;52.6316;13.1579;40.54448;34.6478;98.187;67.2357;28.0163;17.8413;10.175;2.1253;2.2409
08R_08V_04I_04M;lr103;1;1;08;04;04;37.5;75;68.4211;57.8947;62.6181;54.8261;96.9348;81.5145;25.6391;18.1362;7.5029;0;0
08R_08V_04I_04M;lr104;1;1;08;04;04;62.5;100;53.8462;30;45.76924;32.7435;81.887;56.4826;22.525;17.5804;4.9446;0;0
08R_08V_04I_04M;lr105;1;1;08;04;04;62.5;100;76.4706;37.2093;52.0383;40.5772;78.8577;61.0984;30.0366;23.4909;6.5457;0;4.4562
08R_08V_04I_04M;lr101;1;1;08;04;04;87.5;100;86.5385;18.6047;36.726371;48.4298;85.0255;64.8979;42.193600000000004;26.467;15.7266;2.1776;15.8866
08R_08V_04I_04M;lr102;1;1;08;04;04;62.5;100;76.3158;10.4167;45.2594;34.6478;98.187;67.2357;28.0163;17.8413;10.175;2.1253;2.2409
08R_08V_04I_04M;lr103;1;1;08;04;04;37.5;75;100;61.5385;76.762833;54.8261;96.9348;81.5145;25.6391;18.1362;7.5029;0;0
08R_08V_04I_04M;lr104;1;1;08;04;04;62.5;100;60.6061;35;47.35198;32.7435;81.887;56.4826;22.525;17.5804;4.9446;0;0
08R_08V_04I_04M;lr105;1;1;08;04;04;62.5;100;60.4651;30.7692;45.8255;40.5772;78.8577;61.0984;30.0366;23.4909;6.5457;0;4.4562
08R_08V_04I_04M;lr201;2;1;08;04;04;25;100;90.3846;86.5385;88.46155;29.69;72.201;50.9455;8.7972;6.3252;2.472;13.022;13.022
08R_08V_04I_04M;lr202;2;1;08;04;04;25;100;78.2609;66.6667;72.4638;31.125;44.943;38.034;9.2055;5.4072;3.7982;0;0
08R_08V_04I_04M;lr203;2;1;08;04;04;12.5;75;100;100;100;68.366;68.366;68.366;11.5153;7.7807;3.7347;0.5851;0.8659
08R_08V_04I_04M;lr204;2;1;08;04;04;25;75;92.1053;28.125;60.11515;17.212;55.33;36.271;8.276;5.804;2.472;0;0
08R_08V_04I_04M;lr205;2;1;08;04;04;12.5;50;88.4615;88.4615;88.4615;66.185;66.185;66.185;13.083;8.9745;4.1085;0;0.5862
08R_08V_04I_04M;lr201;2;1;08;04;04;25;100;90.3846;86.5385;88.46155;29.69;72.201;50.9455;8.7972;6.3252;2.472;13.022;13.022
08R_08V_04I_04M;lr202;2;1;08;04;04;25;100;78.2609;43.4783;60.8696;31.125;44.943;38.034;9.2055;5.4072;3.7982;0;0
08R_08V_04I_04M;lr203;2;1;08;04;04;12.5;75;100;100;100;68.366;68.366;68.366;11.5153;7.7807;3.7347;0;0
08R_08V_04I_04M;lr204;2;1;08;04;04;25;75;100;31.5789;65.78945;18.418;53.672;36.045;8.9213;6.177;2.7443;0;0
08R_08V_04I_04M;lr205;2;1;08;04;04;12.5;50;88.4615;88.4615;88.4615;66.185;66.185;66.185;13.083;8.9745;4.1085;0;0.5862
08R_08V_04I_04M;lr201;2;1;08;04;04;25;100;90.3846;86.5385;88.46155;29.69;72.201;50.9455;8.7972;6.3252;2.472;13.022;13.022
08R_08V_04I_04M;lr202;2;1;08;04;04;25;100;78.2609;66.6667;72.4638;31.125;44.943;38.034;9.2055;5.4072;3.7982;0;0
08R_08V_04I_04M;lr203;2;1;08;04;04;12.5;75;100;100;100;68.366;68.366;68.366;11.5153;7.7807;3.7347;0.5851;0.8659
08R_08V_04I_04M;lr204;2;1;08;04;04;25;75;100;37.5;68.75;18.418;53.495;35.9565;8.9213;6.177;2.7443;0;0
08R_08V_04I_04M;lr205;2;1;08;04;04;12.5;50;88.4615;88.4615;88.4615;66.185;66.185;66.185;13.083;8.9745;4.1085;0;0.5862
08R_08V_04I_04M;lr201;2;1;08;04;04;25;100;90.3846;86.5385;88.46155;29.69;72.201;50.9455;8.7972;6.3252;2.472;13.022;13.022
08R_08V_04I_04M;lr202;2;1;08;04;04;25;100;78.2609;66.6667;72.4638;31.125;44.943;38.034;9.2055;5.4072;3.7982;0;0
08R_08V_04I_04M;lr203;2;1;08;04;04;12.5;75;100;100;100;68.366;68.366;68.366;11.8613;7.7923;4.069;1.0005;1.1395
08R_08V_04I_04M;lr204;2;1;08;04;04;25;75;100;31.5789;65.78945;18.418;53.672;36.045;8.9213;6.177;2.7443;0;0
08R_08V_04I_04M;lr205;2;1;08;04;04;12.5;75;90.3846;90.3846;90.3846;66.185;66.185;66.185;7.9887;5.9583;2.0303;0;0
08R_08V_04I_04M;lr201;2;1;08;04;04;25;100;90.3846;86.5385;88.46155;29.69;72.201;50.9455;8.7972;6.3252;2.472;13.022;13.022
08R_08V_04I_04M;lr202;2;1;08;04;04;25;100;78.2609;43.4783;60.8696;31.024;45.048;38.036;7.0955;5.398;1.6975;0;0
08R_08V_04I_04M;lr203;2;1;08;04;04;12.5;75;100;100;100;68.366;68.366;68.366;11.5153;7.7807;3.7347;0;0
08R_08V_04I_04M;lr204;2;1;08;04;04;25;75;100;37.5;68.75;18.418;53.495;35.9565;8.9213;6.177;2.7443;0;0
08R_08V_04I_04M;lr205;2;1;08;04;04;12.5;75;90.3846;90.3846;90.3846;66.185;66.185;66.185;7.9887;5.9583;2.0303;0;0
10R_10V_02I_03M;lr101;1;1;10;02;03;80;100;86.5385;16.2791;37.1682;34.5738;91.4754;66.3929;31.5847;19.224;12.3607;0.0547;12.1705
10R_10V_02I_03M;lr102;1;1;10;02;03;60;100;60.5263;18.9655;45.116833;29.4059;91.7638;62.6458;7.4367;5.139;2.2977;2.2457;2.815
10R_10V_02I_03M;lr103;1;1;10;02;03;30;66.6667;84.6154;50;70.913467;79.1826;93.5217;88.4116;7.5261;7.5261;0;0;0
10R_10V_02I_03M;lr104;1;1;10;02;03;40;33.3333;90.9091;36.3636;59.654725;49.8043;92.9217;74.7163;36.887;24.5913;12.2957;0;0
10R_10V_02I_03M;lr105;1;1;10;02;03;50;66.6667;88.4615;25;48.12584;39.8304;77.8478;58.3487;13.4957;13.4957;0;0;3.0433
10R_10V_02I_03M;lr101;1;1;10;02;03;80;100;86.5385;16.2791;36.8604;34.5738;91.4754;66.3929;31.5847;19.224;12.3607;0.0547;12.1705
10R_10V_02I_03M;lr102;1;1;10;02;03;60;100;60.5263;28.9474;43.576083;29.4059;91.7638;62.6458;7.4367;5.139;2.2977;2.2457;2.815
10R_10V_02I_03M;lr103;1;1;10;02;03;30;66.6667;84.6154;61.5385;74.759633;79.1826;93.5217;88.4116;7.5261;7.5261;0;0;0
10R_10V_02I_03M;lr104;1;1;10;02;03;40;33.3333;75;35;50.9659;49.8043;92.9217;74.7163;36.887;24.5913;12.2957;0;0
10R_10V_02I_03M;lr105;1;1;10;02;03;50;66.6667;88.4615;36.5385;53.23528;39.8304;77.8478;58.3487;13.4957;13.4957;0;0;3.0433
10R_10V_02I_03M;lr101;1;1;10;02;03;80;100;86.5385;20.5882;37.399037;34.5738;91.4754;66.3929;31.5847;19.224;12.3607;0.0547;12.1705
10R_10V_02I_03M;lr102;1;1;10;02;03;60;100;60.5263;8.6207;41.6503;29.4059;97.2288;62.6458;7.4367;5.139;2.2977;2.4022;4.7933
10R_10V_02I_03M;lr103;1;1;10;02;03;30;66.6667;84.6154;42.1053;68.2819;79.1826;93.5217;88.4116;7.5261;7.5261;0;0;0
10R_10V_02I_03M;lr104;1;1;10;02;03;40;33.3333;90.9091;30;61.09265;49.8043;92.9217;74.7163;36.887;24.5913;12.2957;0;0
10R_10V_02I_03M;lr105;1;1;10;02;03;50;66.6667;88.4615;38.2353;54.76478;39.8304;77.8478;58.3487;13.4957;13.4957;0;0;3.0433
10R_10V_02I_03M;lr101;1;1;10;02;03;80;100;86.5385;16.2791;37.706837;34.5738;91.4754;66.3929;31.5847;19.224;12.3607;0.0547;12.1705
10R_10V_02I_03M;lr102;1;1;10;02;03;60;100;60.5263;10.4167;40.487633;29.4059;97.2288;62.6458;7.4367;5.139;2.2977;2.4022;4.7933
10R_10V_02I_03M;lr103;1;1;10;02;03;30;66.6667;78.125;50;65.625;79.1826;93.5217;88.4116;7.5261;7.5261;0;0;0
10R_10V_02I_03M;lr104;1;1;10;02;03;40;33.3333;75;36.3636;55.67745;49.8043;92.9217;74.7163;36.887;24.5913;12.2957;0;0
10R_10V_02I_03M;lr105;1;1;10;02;03;50;66.6667;88.4615;30.2326;55.50352;39.8304;77.8478;58.3487;13.4957;13.4957;0;0;3.0433
10R_10V_02I_03M;lr101;1;1;10;02;03;80;100;86.5385;20.5882;36.5526;34.5738;91.4754;66.3929;31.5847;19.224;12.3607;0.0547;12.1705
10R_10V_02I_03M;lr102;1;1;10;02;03;60;100;68.4211;13.1579;45.05635;29.4059;97.2288;62.6458;7.4367;5.139;2.2977;2.4022;4.7933
10R_10V_02I_03M;lr103;1;1;10;02;03;30;66.6667;78.125;57.8947;65.852733;79.1826;93.5217;88.4116;7.5261;7.5261;0;0;0
10R_10V_02I_03M;lr104;1;1;10;02;03;40;33.3333;75;36.3636;58.7267;49.8043;92.9217;74.7163;36.887;24.5913;12.2957;0;0
10R_10V_02I_03M;lr105;1;1;10;02;03;50;66.6667;88.4615;30.2326;51.43112;39.8304;77.8478;58.3487;13.4957;13.4957;0;0;3.0433
10R_10V_02I_03M;lr201;2;1;10;02;03;20;66.6667;100;86.5385;93.26925;30.272;70.384;50.328;5.077;4.077;1;0;10.9066
10R_10V_02I_03M;lr202;2;1;10;02;03;20;66.6667;94.7368;86.8421;90.78945;32.204;48.819;40.5115;2.673;2.3125;0.3605;0;0.8265
10R_10V_02I_03M;lr203;2;1;10;02;03;20;66.6667;97.3684;89.4737;93.42105;16.888;58.811;37.8495;2.432;1.666;0.766;1.4377;6.5596
10R_10V_02I_03M;lr204;2;1;10;02;03;20;66.6667;97.3684;81.5789;89.47365;25.315;50.867;38.091;3.956;2.967;0.989;0;0
10R_10V_02I_03M;lr205;2;1;10;02;03;20;33.3333;100;88.4615;94.23075;15.618;60.106;37.862;3.234;3.234;0;0;0
10R_10V_02I_03M;lr201;2;1;10;02;03;20;66.6667;100;86.5385;93.26925;30.272;70.384;50.328;5.077;4.077;1;0;10.9066
10R_10V_02I_03M;lr202;2;1;10;02;03;20;66.6667;86.8421;78.2609;82.5515;32.204;48.819;40.5115;2.673;2.3125;0.3605;0;0.8265
10R_10V_02I_03M;lr203;2;1;10;02;03;20;66.6667;100;63.7931;81.89655;16.888;58.811;37.8495;2.614;1.532;1.082;1.0712;5.122
10R_10V_02I_03M;lr204;2;1;10;02;03;20;66.6667;97.3684;50;73.6842;24.304;50.867;37.5855;3.956;2.967;0.989;0;0
10R_10V_02I_03M;lr205;2;1;10;02;03;20;33.3333;100;65.1163;82.55815;22.053;54.056;38.0545;3.234;2.156;1.078;0;2.8082
10R_10V_02I_03M;lr201;2;1;10;02;03;20;66.6667;100;86.5385;93.26925;30.272;70.384;50.328;5.077;4.077;1;0;10.9066
10R_10V_02I_03M;lr202;2;1;10;02;03;20;66.6667;94.7368;86.8421;90.78945;32.204;48.819;40.5115;2.462;2.462;0;0;0.8265
10R_10V_02I_03M;lr203;2;1;10;02;03;20;66.6667;97.3684;87.5;92.4342;16.888;58.811;37.8495;2.614;1.532;1.082;0;5.122
10R_10V_02I_03M;lr204;2;1;10;02;03;20;66.6667;75;73.0769;74.03845;24.304;51.927;38.1155;3.956;2.967;0.989;0;0
10R_10V_02I_03M;lr205;2;1;10;02;03;20;33.3333;100;65.1163;82.55815;22.053;54.056;38.0545;3.234;2.156;1.078;0;1.3394
10R_10V_02I_03M;lr201;2;1;10;02;03;20;100;100;86.5385;93.26925;30.272;70.384;50.328;3.7247;2.699;1.0257;0.3403;10.8604
10R_10V_02I_03M;lr202;2;1;10;02;03;20;66.6667;86.8421;78.2609;82.5515;32.204;48.819;40.5115;2.462;2.462;0;0;3.0337
10R_10V_02I_03M;lr203;2;1;10;02;03;20;66.6667;97.3684;77.0833;87.22585;16.888;58.811;37.8495;1.982;1.666;0.316;1.4377;6.5596
10R_10V_02I_03M;lr204;2;1;10;02;03;20;66.6667;92.3077;73.0769;82.6923;24.304;51.927;38.1155;3.956;2.967;0.989;0;0
10R_10V_02I_03M;lr205;2;1;10;02;03;20;33.3333;100;65.1163;82.55815;22.053;54.082;38.0675;3.234;2.156;1.078;0;1.3387
10R_10V_02I_03M;lr201;2;1;10;02;03;20;100;100;86.5385;93.26925;30.272;70.384;50.328;3.7247;2.699;1.0257;0.3403;10.8604
10R_10V_02I_03M;lr202;2;1;10;02;03;20;66.6667;89.1304;86.8421;87.98625;32.204;48.819;40.5115;1.952;1.5915;0.3605;0;2.6619
10R_10V_02I_03M;lr203;2;1;10;02;03;20;66.6667;97.3684;89.4737;93.42105;16.888;58.811;37.8495;2.614;1.532;1.082;4.1455;7.0629
10R_10V_02I_03M;lr204;2;1;10;02;03;20;66.6667;92.3077;59.375;75.84135;24.304;51.927;38.1155;3.956;2.967;0.989;0;0
10R_10V_02I_03M;lr205;2;1;10;02;03;20;33.3333;100;82.3529;91.17645;22.053;54.056;38.0545;3.234;2.156;1.078;0;2.8082
10R_10V_02I_04M;lr101;1;1;10;02;04;80;100;86.5385;18.6047;35.860063;34.5738;88.7254;64.29;20.1414;13.5605;6.5809;0.0816;12.7455
10R_10V_02I_04M;lr102;1;1;10;02;04;60;75;60.5263;18.9655;45.116833;29.4059;91.7638;62.6458;7.4367;5.139;2.2977;2.2457;2.815
10R_10V_02I_04M;lr103;1;1;10;02;04;30;50;84.6154;50;70.913467;79.1826;93.5217;88.4116;7.5261;7.5261;0;0;0
10R_10V_02I_04M;lr104;1;1;10;02;04;40;50;88.4615;35;61.153825;49.8043;86.1087;73.013;12.0609;12.0609;0;0;0
10R_10V_02I_04M;lr105;1;1;10;02;04;50;50;88.4615;25;48.12584;39.8304;77.8478;58.3487;13.4957;13.4957;0;0;3.0433
10R_10V_02I_04M;lr101;1;1;10;02;04;80;100;86.5385;16.2791;36.78345;34.5738;88.7254;64.29;20.1414;13.5605;6.5809;0.0816;12.7455
10R_10V_02I_04M;lr102;1;1;10;02;04;60;75;60.5263;28.9474;43.576083;29.4059;91.7638;62.6458;7.4367;5.139;2.2977;2.2457;2.815
10R_10V_02I_04M;lr103;1;1;10;02;04;30;50;84.6154;61.5385;74.759633;79.1826;93.5217;88.4116;7.5261;7.5261;0;0;0
10R_10V_02I_04M;lr104;1;1;10;02;04;40;50;75;46.1538;58.125;49.8043;86.1087;73.013;12.0609;12.0609;0;0;0
10R_10V_02I_04M;lr105;1;1;10;02;04;50;50;88.4615;36.5385;53.23528;39.8304;77.8478;58.3487;13.4957;13.4957;0;0;3.0433
10R_10V_02I_04M;lr101;1;1;10;02;04;80;100;86.5385;16.2791;36.244813;34.5738;88.7254;64.29;20.1414;13.5605;6.5809;0.0816;12.7455
10R_10V_02I_04M;lr102;1;1;10;02;04;60;75;60.5263;8.6207;41.6503;29.4059;97.2288;62.6458;7.4367;5.139;2.2977;2.4022;4.7933
10R_10V_02I_04M;lr103;1;1;10;02;04;30;50;84.6154;42.1053;68.2819;79.1826;93.5217;88.4116;7.5261;7.5261;0;0;0
10R_10V_02I_04M;lr104;1;1;10;02;04;40;50;90.9091;35;60.439975;49.8043;86.1087;73.013;12.0609;12.0609;0;0;0
10R_10V_02I_04M;lr105;1;1;10;02;04;50;50;88.4615;38.2353;54.76478;39.8304;77.8478;58.3487;13.4957;13.4957;0;0;3.0433
10R_10V_02I_04M;lr101;1;1;10;02;04;80;100;86.5385;16.2791;35.090575;34.5738;88.7254;64.29;20.1414;13.5605;6.5809;0.0816;12.7455
10R_10V_02I_04M;lr102;1;1;10;02;04;60;75;60.5263;10.4167;40.487633;29.4059;97.2288;62.6458;7.4367;5.139;2.2977;2.4022;4.7933
10R_10V_02I_04M;lr103;1;1;10;02;04;30;50;78.125;50;65.625;79.1826;93.5217;88.4116;7.5261;7.5261;0;0;0
10R_10V_02I_04M;lr104;1;1;10;02;04;40;50;90.9091;30;65.8042;49.8043;86.1087;73.013;12.0609;12.0609;0;0;0
10R_10V_02I_04M;lr105;1;1;10;02;04;50;50;88.4615;30.2326;55.50352;39.8304;77.8478;58.3487;13.4957;13.4957;0;0;3.0433
10R_10V_02I_04M;lr101;1;1;10;02;04;80;100;86.5385;18.6047;35.860062;34.5738;88.7254;64.29;20.1414;13.5605;6.5809;0.0816;12.7455
10R_10V_02I_04M;lr102;1;1;10;02;04;60;75;68.4211;13.1579;45.05635;29.4059;97.2288;62.6458;7.4367;5.139;2.2977;2.4022;4.7933
10R_10V_02I_04M;lr103;1;1;10;02;04;30;50;78.125;57.8947;65.852733;79.1826;93.5217;88.4116;7.5261;7.5261;0;0;0
10R_10V_02I_04M;lr104;1;1;10;02;04;40;50;76.9231;35;53.913175;49.8043;88.4261;73.25;12.0609;12.0609;0;0.877;1.352
10R_10V_02I_04M;lr105;1;1;10;02;04;50;50;88.4615;30.2326;51.43112;39.8304;77.8478;58.3487;13.4957;13.4957;0;0;3.0433
10R_10V_02I_04M;lr201;2;1;10;02;04;20;75;100;86.5385;93.26925;30.202;70.384;50.293;3.747;2.7197;1.0273;0.439;10.9066
10R_10V_02I_04M;lr202;2;1;10;02;04;20;75;94.7368;86.8421;90.78945;32.113;48.819;40.466;2.0507;1.57;0.4807;0;0.8265
10R_10V_02I_04M;lr203;2;1;10;02;04;20;75;97.3684;89.4737;93.42105;16.888;58.739;37.8135;1.3613;1.1507;0.2107;1.4394;6.5614
10R_10V_02I_04M;lr204;2;1;10;02;04;20;50;73.0769;68.75;70.91345;24.304;51.538;37.921;4.134;3.1005;1.0335;0;0
10R_10V_02I_04M;lr205;2;1;10;02;04;20;25;100;88.4615;94.23075;15.618;60.106;37.862;3.234;3.234;0;0;0
10R_10V_02I_04M;lr201;2;1;10;02;04;20;75;100;86.5385;93.26925;30.202;70.384;50.293;3.747;2.7197;1.0273;0.439;10.9066
10R_10V_02I_04M;lr202;2;1;10;02;04;20;75;86.8421;78.2609;82.5515;32.113;48.819;40.466;2.0507;1.57;0.4807;0;0.8265
10R_10V_02I_04M;lr203;2;1;10;02;04;20;50;100;63.7931;81.89655;16.888;58.739;37.8135;2.794;1.652;1.142;1.1304;5.122
10R_10V_02I_04M;lr204;2;1;10;02;04;20;50;97.3684;50;73.6842;24.304;50.475;37.3895;4.134;3.1005;1.0335;0;0
10R_10V_02I_04M;lr205;2;1;10;02;04;20;25;100;65.1163;82.55815;22.053;54.056;38.0545;3.234;2.156;1.078;0;2.8082
10R_10V_02I_04M;lr201;2;1;10;02;04;20;75;100;86.5385;93.26925;30.202;70.384;50.293;3.747;2.7197;1.0273;0.439;10.9066
10R_10V_02I_04M;lr202;2;1;10;02;04;20;75;94.7368;86.8421;90.78945;32.113;48.819;40.466;1.91;1.6697;0.2403;0;0.8265
10R_10V_02I_04M;lr203;2;1;10;02;04;20;50;97.3684;87.5;92.4342;16.888;58.739;37.8135;2.794;1.652;1.142;0;5.122
10R_10V_02I_04M;lr204;2;1;10;02;04;20;50;75;73.0769;74.03845;24.304;51.538;37.921;4.134;3.1005;1.0335;0;0
10R_10V_02I_04M;lr205;2;1;10;02;04;20;25;100;65.1163;82.55815;22.053;54.056;38.0545;3.234;2.156;1.078;0;1.3394
10R_10V_02I_04M;lr201;2;1;10;02;04;20;75;100;86.5385;93.26925;30.202;70.384;50.293;3.728;2.7007;1.0273;0.3403;10.8604
10R_10V_02I_04M;lr202;2;1;10;02;04;20;75;86.8421;78.2609;82.5515;32.113;48.819;40.466;1.91;1.6697;0.2403;0;3.0337
10R_10V_02I_04M;lr203;2;1;10;02;04;20;75;97.3684;77.0833;87.22585;16.888;58.739;37.8135;1.6613;1.1507;0.5107;1.4394;6.5614
10R_10V_02I_04M;lr204;2;1;10;02;04;20;50;92.3077;73.0769;82.6923;24.304;51.538;37.921;4.134;3.1005;1.0335;0;0
10R_10V_02I_04M;lr205;2;1;10;02;04;20;25;100;65.1163;82.55815;22.053;54.082;38.0675;3.234;2.156;1.078;0;1.3387
10R_10V_02I_04M;lr201;2;1;10;02;04;20;75;100;86.5385;93.26925;30.202;70.384;50.293;3.728;2.7007;1.0273;0.3403;10.8604
10R_10V_02I_04M;lr202;2;1;10;02;04;20;75;89.1304;86.8421;87.98625;32.113;48.819;40.466;1.57;1.0893;0.4807;0;2.6619
10R_10V_02I_04M;lr203;2;1;10;02;04;20;75;97.3684;89.4737;93.42105;16.888;58.739;37.8135;1.4827;1.0613;0.4213;4.1506;7.0653
10R_10V_02I_04M;lr204;2;1;10;02;04;20;50;89.4737;73.0769;81.2753;24.304;51.181;37.7425;4.134;3.1005;1.0335;0;0
10R_10V_02I_04M;lr205;2;1;10;02;04;20;25;100;82.3529;91.17645;22.053;54.056;38.0545;3.234;2.156;1.078;0;2.8082
10R_10V_04I_03M;lr101;1;1;10;04;03;90;100;50;17.3077;32.180756;41.5615;88.7623;58.0902;67.7063;40.2418;27.4645;1.9555;19.8897
10R_10V_04I_03M;lr102;1;1;10;04;03;60;100;84.2105;27.5862;51.554633;26.3675;90.6709;67.1902;46.0299;26.7023;19.3276;0.8382;2.5177
10R_10V_04I_03M;lr103;1;1;10;04;03;40;100;78.125;57.8947;64.2333;39.3522;96.5043;66.8543;26.8565;17.4812;9.3754;0;0
10R_10V_04I_03M;lr104;1;1;10;04;03;50;100;73.0769;27.5;50.38462;48.413;81.9783;64.8643;33.6377;22.8681;10.7696;0;0
10R_10V_04I_03M;lr105;1;1;10;04;03;40;100;91.1765;34.8837;64.676925;45.1609;88.3174;72.6587;28.1116;17.9681;10.1435;0;3.1771
10R_10V_04I_03M;lr101;1;1;10;04;03;90;100;55.8824;16.2791;31.373133;41.5615;88.7623;58.0902;67.7063;40.2418;27.4645;1.9555;19.8897
10R_10V_04I_03M;lr102;1;1;10;04;03;60;100;76.3158;34.4828;54.154083;26.3675;90.6709;67.1902;46.0299;26.7023;19.3276;0.8382;2.5177
10R_10V_04I_03M;lr103;1;1;10;04;03;40;100;96.1538;50;73.076925;39.3522;96.5043;66.8543;26.8565;17.4812;9.3754;0;0
10R_10V_04I_03M;lr104;1;1;10;04;03;50;100;73.0769;27.5;46.61538;48.413;81.9783;64.8643;33.6377;22.8681;10.7696;0;0
10R_10V_04I_03M;lr105;1;1;10;04;03;40;100;88.4615;34.8837;59.90605;45.1609;88.3174;72.6587;28.1116;17.9681;10.1435;0;3.1771
10R_10V_04I_03M;lr101;1;1;10;04;03;90;100;76.4706;13.4615;33.951267;41.5615;88.7623;58.0902;67.7063;40.2418;27.4645;1.9555;19.8897
10R_10V_04I_03M;lr102;1;1;10;04;03;60;100;84.2105;27.5862;55.5814;26.3675;90.6709;67.1902;46.0299;26.7023;19.3276;0.8382;2.5177
10R_10V_04I_03M;lr103;1;1;10;04;03;40;100;73.0769;57.8947;64.5749;39.3522;96.5043;66.8543;26.8565;17.4812;9.3754;0;0
10R_10V_04I_03M;lr104;1;1;10;04;03;50;100;76.9231;27.5;55.76924;48.413;81.9783;64.8643;33.6377;22.8681;10.7696;0;0
10R_10V_04I_03M;lr105;1;1;10;04;03;40;100;88.4615;44.1176;62.214525;45.1609;88.3174;72.6587;28.1116;17.9681;10.1435;0;3.1771
10R_10V_04I_03M;lr101;1;1;10;04;03;90;100;76.4706;13.4615;35.392911;41.5615;88.7623;58.0902;67.7063;40.2418;27.4645;1.9555;19.8897
10R_10V_04I_03M;lr102;1;1;10;04;03;60;100;84.2105;34.4828;54.881933;26.3675;90.6709;67.1902;46.0299;26.7023;19.3276;0.8382;2.5177
10R_10V_04I_03M;lr103;1;1;10;04;03;40;100;96.1538;42.1053;68.218625;39.3522;96.5043;66.8543;26.8565;17.4812;9.3754;0;0
10R_10V_04I_03M;lr104;1;1;10;04;03;50;100;73.0769;27.5;51.73076;48.413;81.9783;64.8643;33.6377;22.8681;10.7696;0;0
10R_10V_04I_03M;lr105;1;1;10;04;03;40;100;88.4615;28.8462;58.396675;45.1609;88.3174;72.6587;28.1116;17.9681;10.1435;0;3.1771
10R_10V_04I_03M;lr101;1;1;10;04;03;90;100;58.8235;13.4615;33.025233;41.5615;88.7623;58.0902;67.7063;40.2418;27.4645;1.9555;19.8897
10R_10V_04I_03M;lr102;1;1;10;04;03;60;100;84.2105;27.5862;59.51365;26.3675;90.6709;67.1902;46.0299;26.7023;19.3276;0.8382;2.5177
10R_10V_04I_03M;lr103;1;1;10;04;03;40;100;78.125;57.8947;67.658775;39.3522;96.5043;66.8543;26.8565;17.4812;9.3754;0;0
10R_10V_04I_03M;lr104;1;1;10;04;03;50;100;76.9231;27.5;52;48.413;81.9783;64.8643;33.6377;22.8681;10.7696;0;0
10R_10V_04I_03M;lr105;1;1;10;04;03;40;100;88.4615;34.8837;62.83015;45.1609;88.3174;72.6587;28.1116;17.9681;10.1435;0;3.1771
10R_10V_04I_03M;lr201;2;1;10;04;03;30;100;88.4615;39.5349;69.136067;9.827;68.537;42.3753;8.9607;5.413;3.5477;0.3584;24.8995
10R_10V_04I_03M;lr202;2;1;10;04;03;20;100;91.3043;66.6667;78.9855;34.773;63.082;48.9275;14.212;10.6573;3.5547;1.1953;0.2545
10R_10V_04I_03M;lr203;2;1;10;04;03;20;100;89.4737;63.7931;76.6334;19.632;59.919;39.7755;9.4633;7.028;2.4353;1.8976;3.7025
10R_10V_04I_03M;lr204;2;1;10;04;03;20;100;81.5789;50;65.78945;17.398;61.138;39.268;10.0957;6.2597;3.836;0;0
10R_10V_04I_03M;lr205;2;1;10;04;03;20;100;100;88.4615;94.23075;12.542;67.39;39.966;9.1963;5.873;3.3233;0;0
10R_10V_04I_03M;lr201;2;1;10;04;03;30;100;88.4615;50;63.461533;9.827;68.537;42.3753;9.499;5.3503;4.1487;2.2883;25.2872
10R_10V_04I_03M;lr202;2;1;10;04;03;20;100;91.3043;52.6316;71.96795;34.773;63.082;48.9275;14.212;10.6573;3.5547;1.1953;0.2545
10R_10V_04I_03M;lr203;2;1;10;04;03;20;66.6667;97.3684;77.0833;87.22585;19.632;59.919;39.7755;14.195;10.542;3.653;1.8308;3.7025
10R_10V_04I_03M;lr204;2;1;10;04;03;20;100;97.3684;50;73.6842;17.398;61.092;39.245;9.0567;6.255;2.8017;0;0
10R_10V_04I_03M;lr205;2;1;10;04;03;20;100;100;88.4615;94.23075;12.542;66.165;39.3535;8.6777;5.3413;3.3363;0;0
10R_10V_04I_03M;lr201;2;1;10;04;03;30;100;88.4615;50;67.084067;9.827;68.537;42.3753;10.0273;6.4797;3.5477;0.07;24.5202
10R_10V_04I_03M;lr202;2;1;10;04;03;20;100;89.1304;34.7826;61.9565;29.698;67.628;48.663;15.6063;11.2207;4.3857;1.1149;0
10R_10V_04I_03M;lr203;2;1;10;04;03;20;66.6667;97.9167;97.3684;97.64255;19.632;61.023;40.3275;10.583;10.583;0;0.2065;3.0895
10R_10V_04I_03M;lr204;2;1;10;04;03;20;100;97.3684;50;73.6842;17.398;61.131;39.2645;9.0567;6.255;2.8017;0;0
10R_10V_04I_03M;lr205;2;1;10;04;03;20;100;100;88.4615;94.23075;12.542;65.993;39.2675;8.6777;5.3413;3.3363;0;0
10R_10V_04I_03M;lr201;2;1;10;04;03;30;100;88.4615;32.6923;61.314833;9.827;68.537;42.3753;8.9607;5.413;3.5477;0.3584;24.8995
10R_10V_04I_03M;lr202;2;1;10;04;03;20;100;89.1304;53.3333;71.23185;29.726;68.306;49.016;14.7523;11.231;3.5213;1.1039;0
10R_10V_04I_03M;lr203;2;1;10;04;03;20;100;91.6667;63.7931;77.7299;19.632;61.072;40.352;8.8007;7.3613;1.4393;0.2939;3.0894
10R_10V_04I_03M;lr204;2;1;10;04;03;20;100;96.875;50;73.4375;17.398;60.792;39.095;8.9763;6.2883;2.688;0;0
10R_10V_04I_03M;lr205;2;1;10;04;03;20;100;98.0769;88.4615;93.2692;12.542;66.585;39.5635;7.5547;5.4283;2.1263;0;0
10R_10V_04I_03M;lr201;2;1;10;04;03;30;100;88.4615;50;63.461533;9.827;68.537;42.3753;10.5657;6.417;4.1487;5.9963;25.6947
10R_10V_04I_03M;lr202;2;1;10;04;03;20;100;91.3043;66.6667;78.9855;34.773;63.082;48.9275;14.212;10.6573;3.5547;1.1953;0.2545
10R_10V_04I_03M;lr203;2;1;10;04;03;20;66.6667;100;77.0833;88.54165;19.778;63.004;41.391;12.067;10.543;1.524;3.2309;2.8618
10R_10V_04I_03M;lr204;2;1;10;04;03;20;100;96.875;59.375;78.125;17.398;60.89;39.144;10.0957;6.2597;3.836;0;0
10R_10V_04I_03M;lr205;2;1;10;04;03;20;100;98.0769;88.4615;93.2692;12.542;66.219;39.3805;8.76;5.4283;3.3317;0;0
10R_10V_04I_04M;lr101;1;1;10;04;04;90;100;58.8235;13.4615;32.049233;35.1475;92.582;54.9759;48.3084;30.582;17.7264;0.2816;17.3384
10R_10V_04I_04M;lr102;1;1;10;04;04;60;100;95.8333;4.1667;53.266783;36.3162;82.3376;66.8568;24.7692;20.6389;4.1303;0;2.6355
10R_10V_04I_04M;lr103;1;1;10;04;04;40;75;96.1538;50;69.110575;38.1913;96.5043;66.4783;17.2072;17.2072;0;0;0
10R_10V_04I_04M;lr104;1;1;10;04;04;50;75;76.9231;42.3077;58.73078;48.413;81.9783;64.8643;33.6377;22.8681;10.7696;0;0
10R_10V_04I_04M;lr105;1;1;10;04;04;40;100;91.1765;44.1176;66.9854;45.1609;88.3261;72.3348;15.5587;13.5989;1.9598;0;3.1896
10R_10V_04I_04M;lr101;1;1;10;04;04;90;100;60.4651;15.3846;33.511922;35.1475;92.582;54.9759;48.3084;30.582;17.7264;0.2816;17.3384
10R_10V_04I_04M;lr102;1;1;10;04;04;60;100;79.3103;4.1667;47.8631;36.3162;82.3376;66.8568;24.7692;20.6389;4.1303;0;2.6355
10R_10V_04I_04M;lr103;1;1;10;04;04;40;75;96.1538;50;70.1923;38.1913;96.5043;66.4783;17.2072;17.2072;0;0;0
10R_10V_04I_04M;lr104;1;1;10;04;04;50;75;73.0769;42.3077;53.34616;48.413;81.9783;64.8643;33.6377;22.8681;10.7696;0;0
10R_10V_04I_04M;lr105;1;1;10;04;04;40;100;88.4615;28.8462;58.396675;45.1609;88.3261;72.3348;15.5587;13.5989;1.9598;0;3.1896
10R_10V_04I_04M;lr101;1;1;10;04;04;90;100;76.4706;18.6047;33.251478;35.1475;92.582;54.9759;48.3084;30.582;17.7264;0.2816;17.3384
10R_10V_04I_04M;lr102;1;1;10;04;04;60;100;84.2105;5.2632;57.955233;36.3162;82.3376;66.8568;24.7692;20.6389;4.1303;0;2.6355
10R_10V_04I_04M;lr103;1;1;10;04;04;40;75;96.1538;50;72.53605;38.1913;96.5043;66.4783;17.2072;17.2072;0;0;0
10R_10V_04I_04M;lr104;1;1;10;04;04;50;75;73.0769;35;54.6923;48.413;81.9783;64.8643;33.6377;22.8681;10.7696;0;0
10R_10V_04I_04M;lr105;1;1;10;04;04;40;100;88.4615;28.8462;58.396675;45.1609;88.3261;72.3348;15.5587;13.5989;1.9598;0;3.1896
10R_10V_04I_04M;lr101;1;1;10;04;04;90;100;58.8235;13.4615;33.114667;35.1475;92.582;54.9759;48.3084;30.582;17.7264;0.2816;17.3384
10R_10V_04I_04M;lr102;1;1;10;04;04;60;100;84.2105;3.4483;56.19075;36.3162;82.3376;66.8568;24.7692;20.6389;4.1303;0;2.6355
10R_10V_04I_04M;lr103;1;1;10;04;04;40;75;78.125;57.8947;64.2333;38.1913;96.5043;66.4783;17.2072;17.2072;0;0;0
10R_10V_04I_04M;lr104;1;1;10;04;04;50;75;73.0769;30;53.6923;31.5217;81.9783;64.8957;33.6377;22.8681;10.7696;0;0
10R_10V_04I_04M;lr105;1;1;10;04;04;40;100;88.4615;34.8837;57.994175;45.1609;88.3261;72.3348;15.5587;13.5989;1.9598;0;3.1896
10R_10V_04I_04M;lr101;1;1;10;04;04;90;100;58.8235;18.6047;33.075222;35.1475;92.582;54.9759;48.3084;30.582;17.7264;0.2816;17.3384
10R_10V_04I_04M;lr102;1;1;10;04;04;60;100;84.2105;5.2632;50.005667;36.3162;82.3376;66.8568;24.7692;20.6389;4.1303;0;2.6355
10R_10V_04I_04M;lr103;1;1;10;04;04;40;75;96.1538;42.1053;70.0215;38.1913;96.5043;66.4783;17.2072;17.2072;0;0;0
10R_10V_04I_04M;lr104;1;1;10;04;04;50;75;76.9231;35;60.61538;48.413;81.9783;64.8957;33.6377;22.8681;10.7696;0;0
10R_10V_04I_04M;lr105;1;1;10;04;04;40;100;88.4615;44.1176;62.214525;45.1609;88.3261;72.3348;15.5587;13.5989;1.9598;0;3.1896
10R_10V_04I_04M;lr201;2;1;10;04;04;30;100;88.4615;50;72.624433;9.827;68.537;42.3753;7.3702;3.9628;3.4075;0.3584;25.2872
10R_10V_04I_04M;lr202;2;1;10;04;04;20;75;91.3043;41.3043;66.3043;26.464;67.983;47.2235;14.2693;10.5407;3.7287;0;0.2118
10R_10V_04I_04M;lr203;2;1;10;04;04;20;100;89.4737;77.0833;83.2785;19.534;59.24;39.387;6.1135;5.137;0.9765;2.8975;2.8975
10R_10V_04I_04M;lr204;2;1;10;04;04;20;100;86.8421;73.0769;79.9595;17.141;60.413;38.777;7.7035;4.5465;3.157;0;0
10R_10V_04I_04M;lr205;2;1;10;04;04;20;100;100;88.4615;94.23075;12.542;66.81;39.676;4.9945;4.0672;0.9272;0;0
10R_10V_04I_04M;lr201;2;1;10;04;04;30;100;88.4615;50;63.461533;9.827;68.537;42.3753;7.3702;3.9628;3.4075;0.3584;25.2872
10R_10V_04I_04M;lr202;2;1;10;04;04;20;75;91.3043;63.3333;77.3188;26.514;67.974;47.244;14.2693;10.5407;3.7287;0;0.2118
10R_10V_04I_04M;lr203;2;1;10;04;04;20;100;97.3684;70.6897;84.02905;19.534;59.167;39.3505;6.1773;5.2008;0.9765;3.3716;3.3716
10R_10V_04I_04M;lr204;2;1;10;04;04;20;100;97.3684;50;73.6842;17.398;61.256;39.327;7.0637;4.5787;2.485;0;0
10R_10V_04I_04M;lr205;2;1;10;04;04;20;100;92.3077;88.4615;90.3846;12.542;66.279;39.4105;6.463;4.0178;2.4452;0;0
10R_10V_04I_04M;lr201;2;1;10;04;04;30;100;88.4615;39.5349;59.973167;9.827;68.537;42.3753;7.5712;4.0098;3.5615;0.3584;24.8995
10R_10V_04I_04M;lr202;2;1;10;04;04;20;75;91.3043;63.3333;77.3188;26.804;67.955;47.3795;14.2693;10.5407;3.7287;0;0.2119
10R_10V_04I_04M;lr203;2;1;10;04;04;20;100;97.3684;77.0833;87.22585;19.534;59.31;39.422;6.1773;5.2008;0.9765;3.8704;3.11
10R_10V_04I_04M;lr204;2;1;10;04;04;20;100;97.3684;50;73.6842;17.398;60.658;39.028;7.0637;4.5787;2.485;0;0
10R_10V_04I_04M;lr205;2;1;10;04;04;20;100;100;88.4615;94.23075;12.542;66.956;39.749;6.2018;4.373;1.8288;0;0
10R_10V_04I_04M;lr201;2;1;10;04;04;30;100;88.4615;50;63.461533;9.827;68.537;42.3753;8.0703;4.6628;3.4075;0;26.2399
10R_10V_04I_04M;lr202;2;1;10;04;04;20;75;91.3043;41.3043;66.3043;26.804;67.932;47.368;14.2693;10.5407;3.7287;0;0.212
10R_10V_04I_04M;lr203;2;1;10;04;04;20;75;97.3684;77.0833;87.22585;19.534;59.355;39.4445;8.1513;6.8493;1.302;2.8975;2.8975
10R_10V_04I_04M;lr204;2;1;10;04;04;20;100;97.3684;59.375;78.3717;17.398;60.658;39.028;7.0637;4.5787;2.485;0;0
10R_10V_04I_04M;lr205;2;1;10;04;04;20;100;98.0769;88.4615;93.2692;12.542;66.151;39.3465;5.6732;4.189;1.4842;0;0
10R_10V_04I_04M;lr201;2;1;10;04;04;30;100;88.4615;50;63.461533;9.827;68.537;42.3753;8.0703;4.6628;3.4075;0;26.2399
10R_10V_04I_04M;lr202;2;1;10;04;04;20;75;91.3043;63.3333;77.3188;26.464;67.983;47.2235;14.2693;10.5407;3.7287;0;0.2118
10R_10V_04I_04M;lr203;2;1;10;04;04;20;100;97.3684;97.3684;97.3684;19.534;59.167;39.3505;7.8385;5.2008;2.6378;3.1755;3.1755
10R_10V_04I_04M;lr204;2;1;10;04;04;20;100;100;73.0769;86.53845;17.398;59.863;38.6305;8.3795;4.5132;3.8663;0;0
10R_10V_04I_04M;lr205;2;1;10;04;04;20;100;98.0769;88.4615;93.2692;12.542;65.785;39.1635;6.2238;4.0395;2.1842;0;0
12R_12V_02I_03M;lr101;1;1;12;02;03;83.3333;100;86.5385;16.2791;35.77002;20.7131;91.4754;58.6918;31.5847;19.224;12.3607;0.0438;11.0912
12R_12V_02I_03M;lr102;1;1;12;02;03;41.6667;66.6667;96.7742;25.8065;64.8659;78.3515;84.3598;82.1272;18.7238;15.272;3.4519;1.266;6.2582
12R_12V_02I_03M;lr103;1;1;12;02;03;33.3333;66.6667;93.1034;50;72.663325;39.4304;93.5478;77.9054;12.4478;9.9696;2.4783;0;0
12R_12V_02I_03M;lr104;1;1;12;02;03;33.3333;100;95;53.8462;75.935325;49.8043;98.3478;85.1402;11.1275;8.4406;2.687;0;0
12R_12V_02I_03M;lr105;1;1;12;02;03;58.3333;100;81.0345;28.9474;46.7462;48.0669;98.4721;71.4238;18.9318;13.4721;5.4597;0;5.9704
12R_12V_02I_03M;lr101;1;1;12;02;03;83.3333;100;86.5385;13.4615;37.94118;20.7131;91.4754;58.6918;31.5847;19.224;12.3607;0.0438;11.0912
12R_12V_02I_03M;lr102;1;1;12;02;03;41.6667;66.6667;96.7742;25.8065;66.2927;78.3515;84.3598;82.1272;18.7238;15.272;3.4519;1.266;6.2582
12R_12V_02I_03M;lr103;1;1;12;02;03;33.3333;66.6667;93.1034;37.931;68.175275;39.4304;93.7087;77.9457;12.4478;9.9696;2.4783;0;0
12R_12V_02I_03M;lr104;1;1;12;02;03;33.3333;100;95;51.5152;71.773025;65.2652;98.3478;84.6652;11.1275;8.4406;2.687;0;0
12R_12V_02I_03M;lr105;1;1;12;02;03;58.3333;100;97.9167;22.9167;49.981657;48.0669;98.4721;71.4238;18.9318;13.4721;5.4597;0;5.9704
12R_12V_02I_03M;lr101;1;1;12;02;03;83.3333;100;86.5385;16.2791;37.73993;20.7131;91.4754;58.6918;31.5847;19.224;12.3607;0.0438;11.0912
12R_12V_02I_03M;lr102;1;1;12;02;03;41.6667;66.6667;96.7742;38.0952;63.08754;78.3515;84.3598;82.1272;18.7238;15.272;3.4519;1.266;6.2582
12R_12V_02I_03M;lr103;1;1;12;02;03;33.3333;66.6667;93.1034;39.5833;67.0438;39.4304;93.5478;77.9054;12.4478;9.9696;2.4783;0;0
12R_12V_02I_03M;lr104;1;1;12;02;03;33.3333;100;95;47.5;68.84615;65.2652;98.3478;84.637;11.1275;8.4406;2.687;0;0
12R_12V_02I_03M;lr105;1;1;12;02;03;58.3333;100;81.0345;18.9655;46.943343;48.0669;98.4721;71.4238;18.9318;13.4721;5.4597;0;5.9704
12R_12V_02I_03M;lr101;1;1;12;02;03;83.3333;100;86.5385;20.5882;36.87808;20.7131;91.4754;58.6918;31.5847;19.224;12.3607;0.0438;11.0912
12R_12V_02I_03M;lr102;1;1;12;02;03;41.6667;66.6667;96.7742;38.0952;65.07266;78.3515;84.3598;82.1272;18.7238;15.272;3.4519;1.266;6.2582
12R_12V_02I_03M;lr103;1;1;12;02;03;33.3333;66.6667;93.1034;50;72.663325;39.4304;93.5478;77.9054;12.4478;9.9696;2.4783;0;0
12R_12V_02I_03M;lr104;1;1;12;02;03;33.3333;100;95;42.5;66.70455;65.2652;98.3478;84.637;11.1275;8.4406;2.687;0;0
12R_12V_02I_03M;lr105;1;1;12;02;03;58.3333;100;81.0345;25.8621;43.154243;48.0669;98.4721;71.4238;18.9318;13.4721;5.4597;0;5.9704
12R_12V_02I_03M;lr101;1;1;12;02;03;83.3333;100;86.5385;20.5882;36.67209;20.7131;91.4754;58.6918;31.5847;19.224;12.3607;0.0438;11.0912
12R_12V_02I_03M;lr102;1;1;12;02;03;41.6667;66.6667;96.7742;37.0968;67.32364;78.3515;84.3598;82.1272;18.7238;15.272;3.4519;1.266;6.2582
12R_12V_02I_03M;lr103;1;1;12;02;03;33.3333;66.6667;93.1034;45.8333;69.647975;39.4304;93.5478;77.9054;12.4478;9.9696;2.4783;0;0
12R_12V_02I_03M;lr104;1;1;12;02;03;33.3333;100;95;53.8462;75.935325;49.8043;98.3478;85.112;11.1275;8.4406;2.687;0;0
12R_12V_02I_03M;lr105;1;1;12;02;03;58.3333;100;97.9167;22.9167;45.444443;48.0669;98.4721;71.4238;18.9318;13.4721;5.4597;0;5.9704
12R_12V_02I_03M;lr201;2;1;12;02;03;25;100;100;96.1538;98.717933;18.876;60.036;44.2277;3.7247;2.699;1.0257;5.5414;18.5467
12R_12V_02I_03M;lr202;2;1;12;02;03;16.6667;66.6667;86.8421;82.6087;84.7254;20.653;67.861;44.257;4.146;3.624;0.522;0;2.2413
12R_12V_02I_03M;lr203;2;1;12;02;03;16.6667;66.6667;97.3684;86.2069;91.78765;35.934;75.349;55.6415;3.509;3.128;0.381;0;0
12R_12V_02I_03M;lr204;2;1;12;02;03;16.6667;66.6667;100;42.1053;71.05265;11.128;72.706;41.917;2.648;2.1165;0.5315;0;0
12R_12V_02I_03M;lr205;2;1;12;02;03;16.6667;100;96.5517;83.3333;89.9425;18.779;71.554;45.1665;3.1237;2.1057;1.018;0;0
12R_12V_02I_03M;lr201;2;1;12;02;03;25;100;100;82.6923;92.9487;18.876;60.036;44.2427;3.7247;2.699;1.0257;5.5414;18.5063
12R_12V_02I_03M;lr202;2;1;12;02;03;16.6667;66.6667;84.7826;71.7391;78.26085;20.653;68.353;44.503;4.33;2.856;1.474;0;0.0293
12R_12V_02I_03M;lr203;2;1;12;02;03;16.6667;66.6667;97.9167;97.3684;97.64255;32.172;81.547;56.8595;3.475;3.094;0.381;0;0
12R_12V_02I_03M;lr204;2;1;12;02;03;16.6667;66.6667;100;73.0769;86.53845;21.18;62.27;41.725;2.5945;2.0945;0.5;0;0
12R_12V_02I_03M;lr205;2;1;12;02;03;16.6667;66.6667;94.8276;68.9655;81.89655;18.779;72.447;45.613;4.059;3.0345;1.0245;0;0.5086
12R_12V_02I_03M;lr201;2;1;12;02;03;25;100;100;57.6923;85.897433;18.876;70.955;44.3053;3.7247;2.699;1.0257;7.5034;18.5092
12R_12V_02I_03M;lr202;2;1;12;02;03;16.6667;66.6667;100;86.8421;93.42105;20.653;67.861;44.257;3.102;2.672;0.43;2.2804;0.0147
12R_12V_02I_03M;lr203;2;1;12;02;03;16.6667;66.6667;100;63.7931;81.89655;35.934;77.864;56.899;3.509;3.128;0.381;0;0
12R_12V_02I_03M;lr204;2;1;12;02;03;16.6667;100;100;50;75;16.16;67.573;41.8665;1.7233;1.39;0.3333;0;0
12R_12V_02I_03M;lr205;2;1;12;02;03;16.6667;66.6667;96.5517;83.3333;89.9425;18.779;71.134;44.9565;4.059;3.0345;1.0245;0;0
12R_12V_02I_03M;lr201;2;1;12;02;03;25;100;100;88.2353;96.078433;18.876;70.955;44.3053;3.7247;2.699;1.0257;7.5034;18.5092
12R_12V_02I_03M;lr202;2;1;12;02;03;16.6667;66.6667;94.7368;71.7391;83.23795;20.653;67.861;44.257;3.286;2.764;0.522;0;0.0295
12R_12V_02I_03M;lr203;2;1;12;02;03;16.6667;66.6667;97.9167;77.0833;87.5;32.172;78.612;55.392;3.509;3.128;0.381;0;0
12R_12V_02I_03M;lr204;2;1;12;02;03;16.6667;66.6667;100;59.375;79.6875;15.639;69.179;42.409;2.648;2.1165;0.5315;0;0
12R_12V_02I_03M;lr205;2;1;12;02;03;16.6667;100;95.8333;91.3793;93.6063;18.314;72.984;45.649;2.7887;2.1187;0.67;0;0
12R_12V_02I_03M;lr201;2;1;12;02;03;25;100;100;82.6923;90.3092;18.876;70.955;44.3053;3.7247;2.699;1.0257;7.5034;18.5092
12R_12V_02I_03M;lr202;2;1;12;02;03;16.6667;66.6667;94.7368;86.8421;90.78945;20.653;67.861;44.257;3.286;2.764;0.522;0;3.7886
12R_12V_02I_03M;lr203;2;1;12;02;03;16.6667;66.6667;100;63.7931;81.89655;32.172;80.307;56.2395;3.509;3.128;0.381;0.7664;0.7664
12R_12V_02I_03M;lr204;2;1;12;02;03;16.6667;66.6667;92.1053;73.0769;82.5911;15.639;66.632;41.1355;2.648;2.1165;0.5315;0;0
12R_12V_02I_03M;lr205;2;1;12;02;03;16.6667;66.6667;89.6552;81.5789;85.61705;19.084;72.435;45.7595;4.5615;3.0345;1.527;0;0
12R_12V_02I_04M;lr101;1;1;12;02;04;83.3333;100;86.5385;16.2791;36.77865;20.7131;88.7254;57.0094;20.1414;13.5605;6.5809;0.0653;11.5512
12R_12V_02I_04M;lr102;1;1;12;02;04;41.6667;75;96.7742;37.0968;64.47004;78.3515;84.0544;81.6377;14.6918;11.5941;3.0976;1.3083;6.3104
12R_12V_02I_04M;lr103;1;1;12;02;04;33.3333;50;93.1034;39.5833;70.05915;39.4304;93.5478;77.6728;12.3435;9.8652;2.4783;0;0
12R_12V_02I_04M;lr104;1;1;12;02;04;33.3333;100;95;53.8462;75.935325;49.8043;96.7217;84.3587;9.2902;6.188;3.1022;0;0
12R_12V_02I_04M;lr105;1;1;12;02;04;58.3333;100;97.9167;25.8621;49.539814;16.5242;98.0037;68.9071;14.6069;10.4749;4.132;0;4.2708
12R_12V_02I_04M;lr101;1;1;12;02;04;83.3333;100;86.5385;16.2791;37.48422;20.7131;88.7254;57.0094;20.1414;13.5605;6.5809;0.0653;11.5512
12R_12V_02I_04M;lr102;1;1;12;02;04;41.6667;75;96.7742;37.0968;67.32364;78.3515;84.0544;81.6377;14.6918;11.5941;3.0976;1.3083;6.3104
12R_12V_02I_04M;lr103;1;1;12;02;04;33.3333;50;93.1034;45.8333;69.647975;39.4304;93.5478;77.6728;12.3435;9.8652;2.4783;0;0
12R_12V_02I_04M;lr104;1;1;12;02;04;33.3333;100;95;57.5758;74.94465;65.2652;96.7217;83.8402;9.2902;6.188;3.1022;0;0
12R_12V_02I_04M;lr105;1;1;12;02;04;58.3333;100;81.0345;22.4138;46.461;16.5242;98.0037;68.9071;14.6069;10.4749;4.132;0;4.2708
12R_12V_02I_04M;lr101;1;1;12;02;04;83.3333;100;86.5385;16.2791;37.9767;20.7131;88.7254;57.0094;20.1414;13.5605;6.5809;0.0653;11.5512
12R_12V_02I_04M;lr102;1;1;12;02;04;41.6667;75;96.7742;38.0952;63.08754;78.3515;84.0544;81.6377;14.6918;11.5941;3.0976;1.3083;6.3104
12R_12V_02I_04M;lr103;1;1;12;02;04;33.3333;50;93.1034;39.5833;67.0438;39.4304;93.5478;77.6728;12.3435;9.8652;2.4783;0;0
12R_12V_02I_04M;lr104;1;1;12;02;04;33.3333;100;95;47.5;65.3788;65.2652;96.7217;83.8402;9.2902;6.188;3.1022;0;0
12R_12V_02I_04M;lr105;1;1;12;02;04;58.3333;100;81.0345;27.0833;47.425143;16.5242;98.0037;68.9071;14.6069;10.4749;4.132;0;4.2708
12R_12V_02I_04M;lr101;1;1;12;02;04;83.3333;100;86.5385;16.2791;38.59228;20.7131;88.7254;57.0094;20.1414;13.5605;6.5809;0.0653;11.5512
12R_12V_02I_04M;lr102;1;1;12;02;04;41.6667;75;96.7742;37.0968;67.32364;78.3515;84.0544;81.6377;14.6918;11.5941;3.0976;1.3083;6.3104
12R_12V_02I_04M;lr103;1;1;12;02;04;33.3333;50;93.1034;50;72.663325;39.4304;93.5478;77.6728;12.3435;9.8652;2.4783;0;0
12R_12V_02I_04M;lr104;1;1;12;02;04;33.3333;100;95;57.5758;74.94465;65.2652;96.7217;83.8402;9.2902;6.188;3.1022;0;0
12R_12V_02I_04M;lr105;1;1;12;02;04;58.3333;100;81.0345;27.0833;46.906614;16.5242;98.0037;68.9071;14.6069;10.4749;4.132;0;4.2708
12R_12V_02I_04M;lr101;1;1;12;02;04;83.3333;100;86.5385;16.2791;38.46917;20.7131;88.7254;57.0094;20.1414;13.5605;6.5809;0.0653;11.5512
12R_12V_02I_04M;lr102;1;1;12;02;04;41.6667;75;96.7742;30.7692;66.53786;78.3515;84.0544;81.6377;14.6918;11.5941;3.0976;1.3083;6.3104
12R_12V_02I_04M;lr103;1;1;12;02;04;33.3333;50;93.1034;39.5833;70.05915;39.4304;93.5478;77.6728;12.3435;9.8652;2.4783;0;0
12R_12V_02I_04M;lr104;1;1;12;02;04;33.3333;100;95;42.5;73.098775;65.2652;96.7217;83.8402;9.2902;6.188;3.1022;0;0
12R_12V_02I_04M;lr105;1;1;12;02;04;58.3333;100;81.0345;22.4138;49.615429;16.5242;98.0037;68.9071;14.6069;10.4749;4.132;0;4.2708
12R_12V_02I_04M;lr201;2;1;12;02;04;25;75;100;96.1538;98.717933;18.806;60.036;44.2043;3.728;2.7007;1.0273;5.5621;18.5649
12R_12V_02I_04M;lr202;2;1;12;02;04;16.6667;50;86.8421;82.6087;84.7254;20.653;67.861;44.257;4.146;3.624;0.522;0;2.2413
12R_12V_02I_04M;lr203;2;1;12;02;04;16.6667;75;94.7368;63.7931;79.26495;35.332;74.817;55.0745;2.3813;1.934;0.4473;0;0
12R_12V_02I_04M;lr204;2;1;12;02;04;16.6667;50;100;42.1053;71.05265;11.128;72.706;41.917;2.648;2.1165;0.5315;0;0
12R_12V_02I_04M;lr205;2;1;12;02;04;16.6667;75;96.5517;83.3333;89.9425;18.779;71.469;45.124;3.206;2.188;1.018;0;0
12R_12V_02I_04M;lr201;2;1;12;02;04;25;75;100;82.6923;92.9487;18.806;60.036;44.2193;3.728;2.7007;1.0273;5.5621;18.5245
12R_12V_02I_04M;lr202;2;1;12;02;04;16.6667;50;84.7826;71.7391;78.26085;20.653;68.353;44.503;4.33;2.856;1.474;0;0.0293
12R_12V_02I_04M;lr203;2;1;12;02;04;16.6667;50;94.8276;77.0833;85.95545;31.864;78.359;55.1115;3.065;2.7295;0.3355;0;0
12R_12V_02I_04M;lr204;2;1;12;02;04;16.6667;50;100;73.0769;86.53845;21.18;62.27;41.725;2.5945;2.0945;0.5;0;0
12R_12V_02I_04M;lr205;2;1;12;02;04;16.6667;50;94.8276;68.9655;81.89655;18.779;72.447;45.613;4.059;3.0345;1.0245;0;0.5086
12R_12V_02I_04M;lr201;2;1;12;02;04;25;75;100;57.6923;85.897433;18.806;70.955;44.282;3.728;2.7007;1.0273;7.5241;18.5274
12R_12V_02I_04M;lr202;2;1;12;02;04;16.6667;50;100;86.8421;93.42105;20.653;67.861;44.257;3.102;2.672;0.43;2.2804;0.0147
12R_12V_02I_04M;lr203;2;1;12;02;04;16.6667;50;93.1034;63.7931;78.44825;31.57;79.611;55.5905;3.145;2.8095;0.3355;0;0
12R_12V_02I_04M;lr204;2;1;12;02;04;16.6667;75;100;50;75;16.16;67.573;41.8665;1.7233;1.39;0.3333;0;0
12R_12V_02I_04M;lr205;2;1;12;02;04;16.6667;50;96.5517;83.3333;89.9425;18.779;71.134;44.9565;4.059;3.0345;1.0245;0;0
12R_12V_02I_04M;lr201;2;1;12;02;04;25;75;100;88.2353;96.078433;18.806;70.955;44.282;3.728;2.7007;1.0273;7.5241;18.5274
12R_12V_02I_04M;lr202;2;1;12;02;04;16.6667;50;94.7368;71.7391;83.23795;20.653;67.861;44.257;3.286;2.764;0.522;0;0.0295
12R_12V_02I_04M;lr203;2;1;12;02;04;16.6667;50;89.5833;77.0833;83.3333;35.332;77.147;56.2395;3.111;2.7755;0.3355;0;0
12R_12V_02I_04M;lr204;2;1;12;02;04;16.6667;50;100;59.375;79.6875;15.639;69.179;42.409;2.648;2.1165;0.5315;0;0
12R_12V_02I_04M;lr205;2;1;12;02;04;16.6667;75;95.8333;91.3793;93.6063;18.314;72.91;45.612;2.871;2.201;0.67;0;0
12R_12V_02I_04M;lr201;2;1;12;02;04;25;75;100;82.6923;90.3092;18.806;70.955;44.282;3.728;2.7007;1.0273;7.5241;18.5274
12R_12V_02I_04M;lr202;2;1;12;02;04;16.6667;50;94.7368;86.8421;90.78945;20.653;67.861;44.257;3.286;2.764;0.522;0;3.7886
12R_12V_02I_04M;lr203;2;1;12;02;04;16.6667;75;97.9167;97.3684;97.64255;34.685;75.755;55.22;2.3813;1.934;0.4473;0;0
12R_12V_02I_04M;lr204;2;1;12;02;04;16.6667;50;92.1053;73.0769;82.5911;15.639;66.632;41.1355;2.648;2.1165;0.5315;0;0
12R_12V_02I_04M;lr205;2;1;12;02;04;16.6667;50;96.5517;83.3333;89.9425;18.779;71.469;45.124;4.6005;3.054;1.5465;0;0
12R_12V_04I_03M;lr101;1;1;12;04;03;75;100;88.4615;13.4615;34.736367;39.5916;84.5878;59.2489;63.542;39.0153;24.5267;4.7665;13.8021
12R_12V_04I_03M;lr102;1;1;12;04;03;41.6667;100;96.7742;25.8065;63.4391;79.0127;91.5907;83.8734;36.1772;21.4796;14.6976;1.5968;6.5355
12R_12V_04I_03M;lr103;1;1;12;04;03;41.6667;100;79.3103;27.5862;54.0328;34.4;90.9565;69.4522;34.2928;20.2942;13.9986;0;0
12R_12V_04I_03M;lr104;1;1;12;04;03;41.6667;100;84.6154;30;61.3415;42.6652;96.7304;73.7235;27.9507;19.0986;8.8522;0;0.4158
12R_12V_04I_03M;lr105;1;1;12;04;03;50;100;95.8333;34.2105;55.373433;24.0957;85.1;60.4355;33.9623;21.0174;12.9449;0.053900000000000003;2.9686
12R_12V_04I_03M;lr101;1;1;12;04;03;75;100;88.4615;20.5882;36.322733;39.5916;74.7672;58.045;59.4122;38.8295;20.5827;1.8887;14.3035
12R_12V_04I_03M;lr102;1;1;12;04;03;41.6667;100;96.7742;38.0952;60.98132;79.0127;91.5907;83.8734;36.7961;21.789;15.007;0.1769;6.8017
12R_12V_04I_03M;lr103;1;1;12;04;03;41.6667;100;100;43.1034;59.83664;47.5826;82.7;69.2826;40.6638;22.3217;18.342;0.1852;0.9544
12R_12V_04I_03M;lr104;1;1;12;04;03;41.6667;100;81.8182;42.5;59.70978;42.6652;96.7304;73.7235;27.9507;19.0986;8.8522;0;0.4158
12R_12V_04I_03M;lr105;1;1;12;04;03;50;100;97.9167;25.8621;53.593217;24.0957;85.1;60.4355;33.9623;21.0174;12.9449;0.053900000000000003;2.9686
12R_12V_04I_03M;lr101;1;1;12;04;03;83.3333;100;88.4615;13.4615;35.1473;28.6489;71.3015;52.4943;64.6896;39.5891;25.1005;2.2383;12.3348
12R_12V_04I_03M;lr102;1;1;12;04;03;41.6667;100;96.7742;30.7692;63.00484;79.0127;91.5907;83.8734;36.1772;21.4796;14.6976;1.5968;6.5355
12R_12V_04I_03M;lr103;1;1;12;04;03;41.6667;100;95.8333;37.931;56.24848;34.4;91.5522;69.5139;38.6971;20.7145;17.9826;0;0
12R_12V_04I_03M;lr104;1;1;12;04;03;41.6667;100;81.8182;30;53.16668;42.6652;96.7304;73.7235;27.9507;19.0986;8.8522;0;0.4158
12R_12V_04I_03M;lr105;1;1;12;04;03;50;100;97.9167;25.8621;54.781083;24.0957;85.1;60.4355;33.9623;21.0174;12.9449;0.053900000000000003;2.9686
12R_12V_04I_03M;lr101;1;1;12;04;03;75;100;88.4615;15.3846;36.209611;39.5916;74.7672;58.045;59.4122;38.8295;20.5827;1.8887;14.3035
12R_12V_04I_03M;lr102;1;1;12;04;03;41.6667;100;96.7742;38.0952;63.83492;79.0127;90.8481;83.7207;34.3038;21.4219;12.8819;1.5983;6.4295
12R_12V_04I_03M;lr103;1;1;12;04;03;41.6667;100;76.3158;37.931;55.64428;47.5826;82.7;69.4452;40.5913;22.4638;18.1275;0;0
12R_12V_04I_03M;lr104;1;1;12;04;03;41.6667;100;84.6154;46.1538;62.32052;42.6652;96.7304;73.7235;27.9507;19.0986;8.8522;0;0.4158
12R_12V_04I_03M;lr105;1;1;12;04;03;50;100;95.8333;27.0833;53.048117;24.0957;85.1;60.4355;33.9623;21.0174;12.9449;0.053900000000000003;2.9686
12R_12V_04I_03M;lr101;1;1;12;04;03;75;100;88.4615;15.3846;36.293778;39.5916;74.7672;58.045;59.4122;38.8295;20.5827;1.8887;14.3035
12R_12V_04I_03M;lr102;1;1;12;04;03;41.6667;100;96.7742;38.0952;63.83492;79.0127;91.5907;83.8734;36.1772;21.4796;14.6976;1.5968;6.5355
12R_12V_04I_03M;lr103;1;1;12;04;03;41.6667;100;95.8333;27.5862;53.23122;34.4;90.9565;69.5435;39.0594;20.7174;18.342;0;0
12R_12V_04I_03M;lr104;1;1;12;04;03;41.6667;100;84.6154;36.3636;59.514;42.6652;96.7304;73.7235;27.9507;19.0986;8.8522;0;0.4158
12R_12V_04I_03M;lr105;1;1;12;04;03;50;100;95.8333;25.8621;53.37895;24.0957;85.1;60.4355;33.9623;21.0174;12.9449;0.053900000000000003;2.9686
12R_12V_04I_03M;lr201;2;1;12;04;03;25;100;100;84.6154;90.995833;19.836;67.396;48.422;10.4133;8.0433;2.37;5.5028;20.1597
12R_12V_04I_03M;lr202;2;1;12;04;03;25;100;97.8261;34.7826;76.425133;17.273;70.247;35.0683;12.374;9.107;3.267;0;0
12R_12V_04I_03M;lr203;2;1;12;04;03;16.6667;100;97.9167;97.3684;97.64255;20.292;67.921;44.1065;8.124;5.946;2.178;1.0719;1.0719
12R_12V_04I_03M;lr204;2;1;12;04;03;16.6667;100;97.3684;59.375;78.3717;23.376;66.153;44.7645;6.252;5.751;0.501;0;0
12R_12V_04I_03M;lr205;2;1;12;04;03;16.6667;100;100;77.5862;88.7931;24.827;73.247;49.037;13.7897;9.0743;4.7153;0;0.0383
12R_12V_04I_03M;lr201;2;1;12;04;03;25;100;100;73.0769;85.897433;19.729;67.483;48.7543;10.487;8.117;2.37;0.3319;20.6841
12R_12V_04I_03M;lr202;2;1;12;04;03;16.6667;100;100;91.3043;95.65215;40.044;64.793;52.4185;14.734;10.2097;4.5243;1.3049;0
12R_12V_04I_03M;lr203;2;1;12;04;03;16.6667;100;97.9167;63.7931;80.8549;19.003;71.084;45.0435;7.08;5.871;1.209;1.1446;3.5347
12R_12V_04I_03M;lr204;2;1;12;04;03;16.6667;100;97.3684;73.0769;85.22265;23.376;67.296;45.336;7.9653;6.2207;1.7447;0;0
12R_12V_04I_03M;lr205;2;1;12;04;03;16.6667;100;94.8276;84.4828;89.6552;23.96;75.092;49.526;11.833;9.0323;2.8007;0;0.3209
12R_12V_04I_03M;lr201;2;1;12;04;03;25;100;88.3721;82.6923;85.2266;19.836;67.396;48.422;11.2037;8.167;3.0367;6.6156;20.734
12R_12V_04I_03M;lr202;2;1;12;04;03;16.6667;100;91.3043;66.6667;78.9855;36.527;68.617;52.572;14.8877;10.8227;4.065;0.0525;0
12R_12V_04I_03M;lr203;2;1;12;04;03;16.6667;100;97.9167;63.7931;80.8549;19.003;67.763;43.383;8.124;5.946;2.178;1.1446;1.1446
12R_12V_04I_03M;lr204;2;1;12;04;03;16.6667;100;97.3684;50;73.6842;23.376;66.731;45.0535;7.2887;6.236;1.0527;0;0
12R_12V_04I_03M;lr205;2;1;12;04;03;16.6667;100;91.3793;84.4828;87.93105;23.928;74.542;49.235;11.853;9.0323;2.8207;0;0
12R_12V_04I_03M;lr201;2;1;12;04;03;25;100;100;84.6154;90.995833;19.729;67.483;48.4153;10.4133;8.0433;2.37;5.4957;20.1486
12R_12V_04I_03M;lr202;2;1;12;04;03;16.6667;100;100;52.6316;76.3158;33.109;72.079;52.594;14.4807;10.1103;4.3703;0;0.373
12R_12V_04I_03M;lr203;2;1;12;04;03;16.6667;100;93.75;89.5833;91.66665;25.176;65.217;45.1965;7.1497;6.045;1.1047;0;2.4112
12R_12V_04I_03M;lr204;2;1;12;04;03;16.6667;66.6667;100;59.375;79.6875;23.192;67.166;45.179;13.9985;8.762;5.2365;0;0
12R_12V_04I_03M;lr205;2;1;12;04;03;16.6667;100;100;83.3333;91.66665;19.02;80.724;49.872;12.343;9.5223;2.8207;0;0
12R_12V_04I_03M;lr201;2;1;12;04;03;25;100;100;84.6154;90.995833;19.729;67.483;48.4153;10.487;8.117;2.37;1.023;23.7832
12R_12V_04I_03M;lr202;2;1;12;04;03;25;100;86.9565;42.1053;64.0351;17.273;70.414;35.1103;12.507;9.32;3.187;0.5638;0
12R_12V_04I_03M;lr203;2;1;12;04;03;16.6667;100;97.3684;89.6552;93.5118;20.292;69.822;45.057;7.08;5.871;1.209;1.0719;1.0719
12R_12V_04I_03M;lr204;2;1;12;04;03;16.6667;100;92.1053;59.375;75.74015;23.376;66.589;44.9825;6.252;5.751;0.501;0;0
12R_12V_04I_03M;lr205;2;1;12;04;03;16.6667;100;91.3793;84.4828;87.93105;23.96;73.615;48.7875;11.853;9.0323;2.8207;0;0
12R_12V_04I_04M;lr101;1;1;12;04;04;75;100;79.0698;13.4615;40.271478;39.1603;82.5115;55.6383;47.1183;28.9466;18.1718;0;11.5438
12R_12V_04I_04M;lr102;1;1;12;04;04;41.6667;100;96.7742;38.0952;63.08754;79.0127;87.6835;83.092;23.2574;15.2869;7.9705;1.4199;6.4295
12R_12V_04I_04M;lr103;1;1;12;04;04;41.6667;100;76.3158;29.3103;54.78598;47.5826;82.8739;68.9948;19.4141;16.4837;2.9304;0.0343;0
12R_12V_04I_04M;lr104;1;1;12;04;04;41.6667;75;67.5;42.5;56.07926;42.6652;96.7304;73.7235;27.9507;19.0986;8.8522;0;0.4158
12R_12V_04I_04M;lr105;1;1;12;04;04;50;100;97.9167;25.8621;57.65465;24.0957;84.2652;60.3833;22.2511;16.2413;6.0098;0;2.9876
12R_12V_04I_04M;lr101;1;1;12;04;04;75;100;65.3846;13.4615;36.256944;39.1603;82.5115;55.5594;42.7958;29.3845;13.4113;0.5534;10.9916
12R_12V_04I_04M;lr102;1;1;12;04;04;41.6667;100;96.7742;30.7692;61.62234;79.0127;87.6835;83.092;23.2574;15.2869;7.9705;1.4199;6.4295
12R_12V_04I_04M;lr103;1;1;12;04;04;41.6667;100;79.3103;32.7586;48.8377;34.4;90.2913;69.0887;18.7467;15.6185;3.1283;0;0
12R_12V_04I_04M;lr104;1;1;12;04;04;41.6667;75;67.5;42.5;53.74592;42.6652;96.7304;73.7235;27.9507;19.0986;8.8522;0;0.4158
12R_12V_04I_04M;lr105;1;1;12;04;04;50;100;97.9167;33.3333;58.46125;24.0957;84.2652;60.3833;22.2511;16.2413;6.0098;0;2.9876
12R_12V_04I_04M;lr101;1;1;12;04;04;75;100;100;20.5882;39.808467;39.8588;82.5115;55.634;48.2156;29.6842;18.5315;0.5437;10.9791
12R_12V_04I_04M;lr102;1;1;12;04;04;41.6667;100;96.7742;38.0952;63.08754;79.0127;87.6835;83.092;23.2574;15.2869;7.9705;1.4199;6.4295
12R_12V_04I_04M;lr103;1;1;12;04;04;41.6667;100;79.3103;27.5862;50.25558;34.4;90.2913;69.0887;18.7467;15.6185;3.1283;0;0
12R_12V_04I_04M;lr104;1;1;12;04;04;41.6667;75;67.5;46.1538;55.54896;42.6652;96.7304;73.7235;27.9507;19.0986;8.8522;0;0.4158
12R_12V_04I_04M;lr105;1;1;12;04;04;50;100;97.9167;25.8621;56.19265;24.0957;85.1;60.3717;18.1359;15.9478;2.188;0.0535;2.9794
12R_12V_04I_04M;lr101;1;1;12;04;04;75;100;65.3846;17.3077;37.001467;39.1603;82.5115;55.6383;47.1183;28.9466;18.1718;0;11.5438
12R_12V_04I_04M;lr102;1;1;12;04;04;41.6667;100;96.7742;25.8065;65.46852;79.0127;87.6835;83.092;23.2574;15.2869;7.9705;1.4199;6.4295
12R_12V_04I_04M;lr103;1;1;12;04;04;41.6667;100;79.3103;32.7586;53.81728;34.4;90.2913;69.0887;18.7467;15.6185;3.1283;0;0
12R_12V_04I_04M;lr104;1;1;12;04;04;41.6667;75;84.6154;30;54.42308;42.6652;96.7304;73.7235;27.9507;19.0986;8.8522;0;0.4158
12R_12V_04I_04M;lr105;1;1;12;04;04;50;100;97.9167;22.4138;53.832683;24.0957;85.1;60.3717;18.1359;15.9478;2.188;0.0535;2.9794
12R_12V_04I_04M;lr101;1;1;12;04;04;75;100;100;20.5882;39.085;39.1603;82.5115;55.5594;42.7958;29.3845;13.4113;0.5534;10.9916
12R_12V_04I_04M;lr102;1;1;12;04;04;41.6667;100;96.7742;25.8065;68.39892;79.0127;87.6835;83.092;23.2574;15.2869;7.9705;2.4342;6.4395
12R_12V_04I_04M;lr103;1;1;12;04;04;41.6667;100;79.3103;32.7586;51.03446;34.4;90.2913;69.1391;21.1598;15.6207;5.5391;0;0
12R_12V_04I_04M;lr104;1;1;12;04;04;41.6667;75;84.6154;30;61.01516;42.6652;96.7304;73.7235;27.9507;19.0986;8.8522;0;0.4158
12R_12V_04I_04M;lr105;1;1;12;04;04;50;100;95.8333;33.3333;53.911433;24.0957;86.1565;60.4297;24.7739;15.9033;8.8707;0.0538;2.9777
12R_12V_04I_04M;lr201;2;1;12;04;04;25;100;100;84.6154;90.995833;19.836;67.396;48.4063;7.8982;6.0798;1.8185;8.392;20.1717
12R_12V_04I_04M;lr202;2;1;12;04;04;16.6667;100;91.3043;78.2609;84.7826;38.99;62.849;50.9195;10.6622;7.142;3.5202;3.6138;0
12R_12V_04I_04M;lr203;2;1;12;04;04;16.6667;100;97.9167;97.3684;97.64255;20.191;67.142;43.6665;7.2402;4.4378;2.8025;1.0772;1.0772
12R_12V_04I_04M;lr204;2;1;12;04;04;16.6667;75;97.3684;59.375;78.3717;23.376;66.449;44.9125;7.988;6.1837;1.8043;0;0
12R_12V_04I_04M;lr205;2;1;12;04;04;16.6667;100;100;77.5862;88.7931;24.827;73.107;48.967;9.605;6.7812;2.8238;0;0.0383
12R_12V_04I_04M;lr201;2;1;12;04;04;25;100;100;73.0769;85.897433;19.729;67.483;48.7387;7.9535;6.135;1.8185;3.1713;20.6958
12R_12V_04I_04M;lr202;2;1;12;04;04;16.6667;100;86.9565;78.2609;82.6087;39.395;62.544;50.9695;10.6622;7.142;3.5202;2.8838;0
12R_12V_04I_04M;lr203;2;1;12;04;04;16.6667;100;97.9167;63.7931;80.8549;18.466;68.395;43.4305;7.2402;4.4378;2.8025;1.1778;2.3161
12R_12V_04I_04M;lr204;2;1;12;04;04;16.6667;75;100;73.0769;86.53845;23.376;67.252;45.314;9.3363;6.2583;3.078;0;0
12R_12V_04I_04M;lr205;2;1;12;04;04;16.6667;100;94.8276;84.4828;89.6552;23.954;74.927;49.4405;9.1985;6.6852;2.5132;0;0.3216
12R_12V_04I_04M;lr201;2;1;12;04;04;25;100;88.3721;82.6923;85.2266;19.836;67.396;48.4063;8.491;6.1725;2.3185;9.5048;20.746
12R_12V_04I_04M;lr202;2;1;12;04;04;16.6667;100;100;86.9565;93.47825;38.306;62.942;50.624;10.2715;7.26;3.0115;1.3433;0
12R_12V_04I_04M;lr203;2;1;12;04;04;16.6667;100;98.2759;97.3684;97.82215;18.466;68.692;43.579;7.7125;4.91;2.8025;1.1778;1.1778
12R_12V_04I_04M;lr204;2;1;12;04;04;16.6667;75;97.3684;73.0769;85.22265;23.376;66.817;45.0965;7.988;6.1837;1.8043;0;0
12R_12V_04I_04M;lr205;2;1;12;04;04;16.6667;100;91.3793;84.4828;87.93105;23.922;74.412;49.167;9.288;6.6852;2.6027;0;0
12R_12V_04I_04M;lr201;2;1;12;04;04;25;100;100;84.6154;90.995833;19.729;67.483;48.3997;7.8982;6.0798;1.8185;8.3849;20.1607
12R_12V_04I_04M;lr202;2;1;12;04;04;16.6667;100;91.3043;78.2609;84.7826;38.607;62.34;50.4735;10.6622;7.142;3.5202;1.3563;0
12R_12V_04I_04M;lr203;2;1;12;04;04;16.6667;75;97.3684;89.5833;93.47585;18.466;70.663;44.5645;7.901;5.941;1.96;1.1778;1.7474
12R_12V_04I_04M;lr204;2;1;12;04;04;16.6667;50;100;59.375;79.6875;23.192;66.481;44.8365;13.309;8.7485;4.5605;0;0
12R_12V_04I_04M;lr205;2;1;12;04;04;16.6667;100;100;77.5862;88.7931;24.795;75.087;49.941;10.2615;7.3342;2.9272;0;0.0383
12R_12V_04I_04M;lr201;2;1;12;04;04;25;100;100;84.6154;90.995833;19.729;67.483;48.3997;7.9535;6.135;1.8185;3.9121;20.3059
12R_12V_04I_04M;lr202;2;1;12;04;04;16.6667;100;94.7368;91.3043;93.02055;38.969;62.519;50.744;10.202;7.103;3.099;2.9011;0
12R_12V_04I_04M;lr203;2;1;12;04;04;16.6667;100;100;91.3793;95.68965;24.554;64.459;44.5065;7.2402;4.4378;2.8025;0;0
12R_12V_04I_04M;lr204;2;1;12;04;04;16.6667;75;97.3684;92.1053;94.73685;21.653;67.431;44.542;6.926;5.6987;1.2273;0;0
12R_12V_04I_04M;lr205;2;1;12;04;04;16.6667;100;91.3793;84.4828;87.93105;23.954;73.475;48.7145;9.022;6.7225;2.2995;0;0
40R_40V_02I_05M;LR1_2_1;1;1;40;02;05;45;100;98.7179;12.3077;53.589733;48.0637;93.363;68.9522;6.8619;5.2252;1.6367;0.2753;28.7696
40R_40V_02I_05M;LR1_2_2;1;1;40;02;05;42.5;100;92.3077;18.4615;49.705871;37.9614;99.9645;68.2076;15.8961;10.3889;5.5073;1.7592;16.2281
40R_40V_02I_05M;LR1_2_3;1;1;40;02;05;25;100;100;27.907;69.90811;40.9495;96.1956;74.7644;8.3287;6.2208;2.1079;0.2667;5.4051
40R_40V_02I_05M;LR1_2_4;1;1;40;02;05;17.5;80;93.1034;34.4828;68.678157;56.1909;96.5095;83.2087;8.0438;6.5209;1.5229;0;1.5825
40R_40V_02I_05M;LR1_2_5;1;1;40;02;05;32.5;100;97.6744;20.9302;59.078523;42.2688;99.9809;70.087;11.6218;7.8008;3.821;0;15.7266
40R_40V_02I_05M;LR1_2_1;1;1;40;02;05;45;100;98.7179;12.3077;53.589733;48.0637;93.363;68.9522;6.8619;5.2252;1.6367;0.2753;28.7696
40R_40V_02I_05M;LR1_2_2;1;1;40;02;05;42.5;100;92.3077;18.4615;49.705871;37.9614;99.9645;68.2076;15.8961;10.3889;5.5073;1.7592;16.2281
40R_40V_02I_05M;LR1_2_3;1;1;40;02;05;27.5;100;100;29.1667;65.808036;46.9022;96.1956;70.449700000000007;8.2221;6.1457;2.0763;1.1482;4.9498
40R_40V_02I_05M;LR1_2_4;1;1;40;02;05;17.5;80;98.6111;55.1724;79.237486;54.4353;96.5457;85.2974;9.9688;6.3703;3.5986;0.0357;0.346
40R_40V_02I_05M;LR1_2_5;1;1;40;02;05;35;100;97.6744;1.7241;49.159893;18.9004;99.9809;64.7062;14.299;8.9059;5.3932;0.6301;7.2288
40R_40V_02I_05M;LR1_2_1;1;1;40;02;05;45;100;98.7179;12.3077;53.589733;48.0637;93.363;68.9522;6.8619;5.2252;1.6367;0.2753;28.7696
40R_40V_02I_05M;LR1_2_2;1;1;40;02;05;42.5;100;92.3077;18.4615;49.705871;37.9614;99.9645;68.2076;15.8961;10.3889;5.5073;1.7592;16.2281
40R_40V_02I_05M;LR1_2_3;1;1;40;02;05;25;100;90.6977;39.6552;68.4406;60.3218;96.1956;76.4156;9.1514;7;2.1514;1.6396;4.6181
40R_40V_02I_05M;LR1_2_4;1;1;40;02;05;17.5;60;98.8372;51.7241;77.2414;43.0521;96.4022;81.6859;10.6414;7.2539;3.3875;0.0697;0.6158
40R_40V_02I_05M;LR1_2_5;1;1;40;02;05;32.5;100;97.6744;1.1628;55.564023;47.3479;99.9809;69.744;13.5744;8.7771;4.7973;0.0903;7.9365
40R_40V_02I_05M;LR1_2_1;1;1;40;02;05;45;100;98.7179;12.3077;53.589733;48.0637;93.363;68.9522;6.8619;5.2252;1.6367;0.2753;28.7696
40R_40V_02I_05M;LR1_2_2;1;1;40;02;05;42.5;100;92.3077;18.4615;49.705871;37.9614;99.9645;68.2076;15.8961;10.3889;5.5073;1.7592;16.2281
40R_40V_02I_05M;LR1_2_3;1;1;40;02;05;25;100;94.4444;22.4138;57.70839;35.5331;95.8659;74.7623;9.9937;7.0315;2.9621;1.3997;6.5725
40R_40V_02I_05M;LR1_2_4;1;1;40;02;05;20;60;100;20.9302;72.5995;39.4148;97.8833;74.9048;9.9979;7.2739;2.724;0.0844;1.2402
40R_40V_02I_05M;LR1_2_5;1;1;40;02;05;35;100;87.5;1.3889;50.565243;29.1255;99.9809;68.0337;13.3763;8.943;4.4333;0.6301;10.5594
40R_40V_02I_05M;LR1_2_1;1;1;40;02;05;45;100;98.7179;12.3077;53.589733;48.0637;93.363;68.9522;6.8619;5.2252;1.6367;0.2753;28.7696
40R_40V_02I_05M;LR1_2_2;1;1;40;02;05;42.5;100;92.3077;18.4615;49.705871;37.9614;99.9645;68.2076;15.8961;10.3889;5.5073;1.7592;16.2281
40R_40V_02I_05M;LR1_2_3;1;1;40;02;05;27.5;100;100;31.9444;67.750082;25.3817;96.4227;68.0072;10.7767;7.2391;3.5375;0.2929;3.4573
40R_40V_02I_05M;LR1_2_4;1;1;40;02;05;17.5;80;93.1034;51.7241;75.756071;44.3549;97.8423;82.8921;8.0438;5.3198;2.724;0.5832;1.3586
40R_40V_02I_05M;LR1_2_5;1;1;40;02;05;35;100;97.6744;8.1395;52.560821;20.5116;99.9809;67.365;13.5744;8.7771;4.7973;0.074;11.1812
40R_40V_02I_05M;LR2_2_1;2;1;40;02;05;12.5;100;98.75;77.7778;90.05556;32.0533;89.1231;61.6055;1.6565;1.2463;0.4102;2.0055;21.3058
40R_40V_02I_05M;LR2_2_2;2;1;40;02;05;10;80;100;90;96.128725;36.7566;80.3436;65.419;2.5232;2.082;0.4412;2.0893;18.672
40R_40V_02I_05M;LR2_2_3;2;1;40;02;05;7.5;60;100;95;96.666667;64.589;82.2592;75.7077;1.9592;1.5464;0.4129;4.2023;5.159
40R_40V_02I_05M;LR2_2_4;2;1;40;02;05;10;80;97.4359;29.2308;79.10255;4.5499;81.7921;40.5509;1.0574;0.7067;0.3507;0;0
40R_40V_02I_05M;LR2_2_5;2;1;40;02;05;10;80;100;91.25;97.5;65.7744;84.4205;74.9075;3.7462;2.7239;1.0223;2.522;20.2328
40R_40V_02I_05M;LR2_2_1;2;1;40;02;05;12.5;100;97.5;85.0746;93.3209;29.5464;89.7349;61.9643;1.4907;1.1926;0.2981;2.8314;25.1779
40R_40V_02I_05M;LR2_2_2;2;1;40;02;05;10;80;96.25;18.75;75.382475;24.3976;80.6604;65.7357;2.9749;2.3848;0.59;11.4736;7.3953
40R_40V_02I_05M;LR2_2_3;2;1;40;02;05;7.5;40;97.2222;95.8333;96.296267;59.9325;81.3479;73.9845;3.3609;2.1657;1.1953;0.0059;1.524
40R_40V_02I_05M;LR2_2_4;2;1;40;02;05;7.5;80;98.4615;61.5385;84.102567;11.2513;85.2462;53.1686;0.9081;0.6102;0.2979;0;0.0093
40R_40V_02I_05M;LR2_2_5;2;1;40;02;05;10;100;100;95;97.8125;67.2974;87.0856;75.3628;3.7994;2.7669;1.0325;3.7159;16.231
40R_40V_02I_05M;LR2_2_1;2;1;40;02;05;15;80;100;50.7463;81.915433;10.8525;89.2844;52.2947;2.077;1.5867;0.4903;4.0281;10.3515
40R_40V_02I_05M;LR2_2_2;2;1;40;02;05;10;60;97.5;41.25;82.642175;48.327;81.4323;65.9363;2.6827;2.0254;0.6573;3.9016;13.8838
40R_40V_02I_05M;LR2_2_3;2;1;40;02;05;7.5;60;100;93.3333;97.777767;71.275;79.7026;76.8271;1.9961;1.3964;0.5996;7.288;2.9595
40R_40V_02I_05M;LR2_2_4;2;1;40;02;05;7.5;60;100;15.3846;70.2564;5.5621;91.058;53.5531;0.8727;0.5879;0.2848;0;1.1111
40R_40V_02I_05M;LR2_2_5;2;1;40;02;05;10;80;100;97.5;98.75;67.9152;82.5783;74.7701;4.4842;3.0692;1.415;5.0768;12.2289
40R_40V_02I_05M;LR2_2_1;2;1;40;02;05;12.5;100;100;70.1493;89.52986;26.8028;91.5609;61.6327;1.6961;1.2525;0.4436;5.2363;23.873
40R_40V_02I_05M;LR2_2_2;2;1;40;02;05;10;60;100;55;87.0486;29.1653;82.0817;65.3293;4.1087;3.0192;1.0895;0.6548;8.5759
40R_40V_02I_05M;LR2_2_3;2;1;40;02;05;7.5;60;98.6111;95;96.944433;63.6339;81.8383;75.0513;3.0085;2.1275;0.881;8e-4;5.3227
40R_40V_02I_05M;LR2_2_4;2;1;40;02;05;7.5;60;100;93.8462;96.666667;13.2544;88.632;53.9452;0.9567;0.7011;0.2556;1.9034;1.9034
40R_40V_02I_05M;LR2_2_5;2;1;40;02;05;10;100;98.75;95;97.066225;69.6765;85.6209;75.5317;3.1647;2.1349;1.0297;3.7228;20.4956
40R_40V_02I_05M;LR2_2_1;2;1;40;02;05;12.5;100;97.5;82.0896;92.91792;29.0024;89.4012;62.5616;1.7862;1.3093;0.4769;9.1936;19.4185
40R_40V_02I_05M;LR2_2_2;2;1;40;02;05;10;80;98.5075;83.3333;94.149575;38.0915;81.2706;64.7779;3.1827;2.1947;0.9881;1.8739;11.8687
40R_40V_02I_05M;LR2_2_3;2;1;40;02;05;7.5;60;98.6111;94.4444;96.0185;58.5688;85.0193;75.6175;2.5525;1.6655;0.887;1.7449;2.6691
40R_40V_02I_05M;LR2_2_4;2;1;40;02;05;7.5;60;100;29.2308;75.384633;4.5499;88.8217;52.6947;0.9859;0.6828;0.3031;0.1494;0.1494
40R_40V_02I_05M;LR2_2_5;2;1;40;02;05;10;100;100;95;98.125;63.4422;87.5361;72.2445;2.8862;2.0684;0.8178;1.5014;17.2124
40R_40V_02I_06M;LR1_2_1;1;1;40;02;06;45;83.3333;98.7179;12.3077;53.589733;48.0637;93.363;68.9522;6.8619;5.2252;1.6367;0.2753;28.7696
40R_40V_02I_06M;LR1_2_2;1;1;40;02;06;42.5;100;92.3077;18.4615;49.705871;37.9614;99.9645;68.2389;13.1146;8.8217;4.2929;1.5998000000000001;16.2367
40R_40V_02I_06M;LR1_2_3;1;1;40;02;06;27.5;83.3333;89.5349;20.9302;57.356936;23.0063;96.1956;67.5794;7.2177;5.4656;1.7521;0.4247;6.4116
40R_40V_02I_06M;LR1_2_4;1;1;40;02;06;17.5;50;98.2759;48.6111;70.514629;46.511;96.7003;79.0433;9.0862;6.1272;2.959;0.0925;1.1283
40R_40V_02I_06M;LR1_2_5;1;1;40;02;06;32.5;100;97.6744;15.2778;56.037723;18.9004;97.0628;65.0114;9.6762;6.7158;2.9604;0.7249;6.2032
40R_40V_02I_06M;LR1_2_1;1;1;40;02;06;45;83.3333;98.7179;12.3077;53.589733;48.0637;93.363;68.9522;6.8619;5.2252;1.6367;0.2753;28.7696
40R_40V_02I_06M;LR1_2_2;1;1;40;02;06;42.5;100;92.3077;18.4615;49.705871;37.9614;99.9645;68.2389;13.1146;8.8217;4.2929;1.5998000000000001;16.2367
40R_40V_02I_06M;LR1_2_3;1;1;40;02;06;25;83.3333;100;29.1667;72.26532;41.989;96.1956;72.5631;7.1527;5.1079;2.0448;0.0464;5.9265
40R_40V_02I_06M;LR1_2_4;1;1;40;02;06;17.5;66.6667;100;19.7674;74.586314;50.6388;99.2334;81.0342;6.5217;4.7291;1.7926;0;1.618
40R_40V_02I_06M;LR1_2_5;1;1;40;02;06;30;100;97.6744;18.6047;59.670975;24.4229;98.3724;71.3557;7.9045;5.8299;2.0746000000000002;0;12.557
40R_40V_02I_06M;LR1_2_1;1;1;40;02;06;45;83.3333;98.7179;12.3077;53.589733;48.0637;93.363;68.9522;6.8619;5.2252;1.6367;0.2753;28.7696
40R_40V_02I_06M;LR1_2_2;1;1;40;02;06;42.5;100;92.3077;18.4615;49.705871;37.9614;99.9645;68.2389;13.1146;8.8217;4.2929;1.5998000000000001;16.2367
40R_40V_02I_06M;LR1_2_3;1;1;40;02;06;27.5;100;95.8333;26.7442;58.2987;32.6893;96.1956;67.5318;7.2918;5.0936;2.1982;1.2285;5.5905
40R_40V_02I_06M;LR1_2_4;1;1;40;02;06;17.5;66.6667;98.2759;29.1667;61.819971;58.3076;97.2729;84.1762;8.4807;5.7086;2.7721;0.7285;1.3799
40R_40V_02I_06M;LR1_2_5;1;1;40;02;06;30;100;97.6744;15.1163;61.706517;56.498;99.2456;71.9116;7.4384;5.7954;1.643;0;9.2088
40R_40V_02I_06M;LR1_2_1;1;1;40;02;06;45;83.3333;98.7179;12.3077;53.589733;48.0637;93.363;68.9522;6.8619;5.2252;1.6367;0.2753;28.7696
40R_40V_02I_06M;LR1_2_2;1;1;40;02;06;42.5;100;92.3077;18.4615;49.705871;37.9614;99.9645;68.2389;13.1146;8.8217;4.2929;1.5998000000000001;16.2367
40R_40V_02I_06M;LR1_2_3;1;1;40;02;06;27.5;83.3333;86.2069;23.6111;55.096882;23.0063;96.1956;69.6544;8.3117;5.8991;2.4126;1.3577;5.6149
40R_40V_02I_06M;LR1_2_4;1;1;40;02;06;17.5;66.6667;93.0233;17.4419;61.820914;46.6877;97.317;83.13;6.4661;5.0217;1.4444;0.0509;1.4672
40R_40V_02I_06M;LR1_2_5;1;1;40;02;06;30;100;97.6744;1.3889;60.2922;56.9836;97.8281;71.574700000000007;9.5462;6.6508;2.8954;0;8.4944
40R_40V_02I_06M;LR1_2_1;1;1;40;02;06;45;100;84.6154;12.3077;55.498567;35.3956;99.9748;68.1784;7.7602;5.7306;2.0296;0.4166;24.133
40R_40V_02I_06M;LR1_2_2;1;1;40;02;06;40;100;92.3077;21.7949;50.368581;25.2102;99.9645;68.0369;10.6041;7.1574;3.4467;0;18.222
40R_40V_02I_06M;LR1_2_3;1;1;40;02;06;25;100;95.8333;26.7442;71.36539;33.5552;96.1956;72.0681;7.2918;5.0936;2.1982;1.9229;6.2402
40R_40V_02I_06M;LR1_2_4;1;1;40;02;06;17.5;66.6667;98.2759;34.7222;72.410143;67.0883;94.9085;82.5509;6.3498;4.6431;1.7066;0.439;0.3902
40R_40V_02I_06M;LR1_2_5;1;1;40;02;06;30;100;100;22.2222;57.982108;55.8267;99.2456;71.4694;9.2647;6.7085;2.5562;3.3126;10.5265
40R_40V_02I_06M;LR2_2_1;2;1;40;02;06;12.5;100;98.75;77.7778;90.05556;31.9448;89.1231;61.5541;1.3996;1.0203;0.3793;2.0641;21.7358
40R_40V_02I_06M;LR2_2_2;2;1;40;02;06;10;66.6667;100;40.2985;80.583875;33.4241;79.7022;65.048;2.755;1.8904;0.8646;0.9309;13.6572
40R_40V_02I_06M;LR2_2_3;2;1;40;02;06;7.5;66.6667;100;86.6667;91.3889;61.3964;80.8899;73.8352;2.413;1.6546;0.7584;3.1029;1.5074
40R_40V_02I_06M;LR2_2_4;2;1;40;02;06;10;66.6667;97.4359;29.2308;79.10255;4.5499;81.7921;40.5509;1.0574;0.7067;0.3507;0;0
40R_40V_02I_06M;LR2_2_5;2;1;40;02;06;10;83.3333;100;91.25;97.5;65.7744;84.4205;74.9075;2.8925;2.2279;0.6646;4.7976;20.235
40R_40V_02I_06M;LR2_2_1;2;1;40;02;06;12.5;100;97.5;85.0746;93.3209;29.5266;89.7349;61.9505;1.2422;0.9938;0.2484;2.8854;25.2355
40R_40V_02I_06M;LR2_2_2;2;1;40;02;06;10;66.6667;100;80;89.5849;33.0777;83.0836;63.2487;2.4215;2.0587;0.3628;1.4775;5.1879
40R_40V_02I_06M;LR2_2_3;2;1;40;02;06;10;66.6667;98.6111;26.3889;78.958325;6.6067;81.9097;57.2915;2.1454;1.4272;0.7181;1.0968;4.7595
40R_40V_02I_06M;LR2_2_4;2;1;40;02;06;7.5;66.6667;98.4615;61.5385;84.102567;11.2513;85.2462;53.1686;0.9081;0.6102;0.2979;0;0.0093
40R_40V_02I_06M;LR2_2_5;2;1;40;02;06;10;100;100;95;97.8125;67.2974;87.0856;75.3628;3.2475;2.3464;0.9011;3.7185;16.2336
40R_40V_02I_06M;LR2_2_1;2;1;40;02;06;15;66.6667;100;50.7463;81.915433;10.8032;89.2844;52.1596;2.077;1.5867;0.4903;4.0811;10.4696
40R_40V_02I_06M;LR2_2_2;2;1;40;02;06;10;66.6667;100;87.037;94.893575;28.4966;79.7377;64.9537;2.5755;1.9151;0.6605;0.7995;12.1163
40R_40V_02I_06M;LR2_2_3;2;1;40;02;06;10;66.6667;98.6111;33.3333;80.138875;14.3854;82.5357;57.2953;2.4832;1.9379;0.5454;1.3333;12.8181
40R_40V_02I_06M;LR2_2_4;2;1;40;02;06;7.5;50;100;15.3846;70.2564;5.5621;91.058;53.5531;0.8727;0.5879;0.2848;0;1.1111
40R_40V_02I_06M;LR2_2_5;2;1;40;02;06;10;66.6667;100;97.5;98.75;67.9152;82.5783;74.7701;4.4842;3.0692;1.415;5.0768;12.2289
40R_40V_02I_06M;LR2_2_1;2;1;40;02;06;12.5;100;100;70.1493;89.52986;26.789;91.5609;61.5871;1.4463;1.0437;0.4026;5.298;23.9123
40R_40V_02I_06M;LR2_2_2;2;1;40;02;06;10;50;100;88.0597;95.059425;38.0162;85.2229;62.8779;2.5623;1.8554;0.7069;4.71;17.5537
40R_40V_02I_06M;LR2_2_3;2;1;40;02;06;7.5;50;100;90.2778;96.2963;61.3503;81.8383;74.4317;2.8949;2.1126;0.7824;1.1706;4.4924
40R_40V_02I_06M;LR2_2_4;2;1;40;02;06;7.5;50;100;93.8462;96.666667;13.2544;88.632;53.9452;0.9567;0.7011;0.2556;1.9034;1.9034
40R_40V_02I_06M;LR2_2_5;2;1;40;02;06;10;100;98.75;95;97.066225;69.6765;85.6209;75.5317;2.5502;1.8198;0.7304;3.7228;20.4983
40R_40V_02I_06M;LR2_2_1;2;1;40;02;06;12.5;100;97.5;82.0896;92.91792;28.9886;89.4012;62.5239;1.4885;1.0911;0.3974;9.2419;19.5294
40R_40V_02I_06M;LR2_2_2;2;1;40;02;06;10;66.6667;100;57.5;87.0056;33.5373;79.3053;65.8913;2.8148;2.0587;0.7561;1.405;10.8013
40R_40V_02I_06M;LR2_2_3;2;1;40;02;06;7.5;66.6667;100;91.6667;96.5278;64.5408;83.4462;76.0018;2.0422;1.5323;0.5099;2.4055;6.7371
40R_40V_02I_06M;LR2_2_4;2;1;40;02;06;7.5;50;100;29.2308;75.384633;4.5499;88.8217;52.6947;0.9859;0.6828;0.3031;0.1494;0.1494
40R_40V_02I_06M;LR2_2_5;2;1;40;02;06;10;83.3333;100;95;98.125;63.4422;87.5361;72.2445;2.8862;2.0684;0.8178;1.5014;17.2124
40R_40V_04I_05M;LR1_2_1;1;0;40;04;05;25;100;91.0256;13.4615;46.89742;59.9782;97.3458;75.7137;24.1296;15.9202;8.2093;3.7611;43.0981
40R_40V_04I_05M;LR1_2_2;1;0;40;04;05;25;100;91.0256;10.2564;48.24359;36.4621;86.0505;68.0543;23.4032;15.5397;7.8634;3.9927;36.194
40R_40V_04I_05M;LR1_2_3;1;1;40;04;05;27.5;100;95.3488;33.3333;62.959682;45.4132;82.0079;67.0307;34.988;20.9454;14.0426;0.5999;9.613
40R_40V_04I_05M;LR1_2_4;1;1;40;04;05;20;100;100;15.1163;74.310013;19.7319;95.3628;72.5136;15.7716;11.3814;4.3902;2.1648;1.2269
40R_40V_04I_05M;LR1_2_5;1;1;40;04;05;32.5;100;97.2222;9.7222;52.767754;41.8533;96.0126;70.5726;40.3521;25.2767;15.0754;2.0064;16.1035
40R_40V_04I_05M;LR1_2_1;1;0;40;04;05;25;100;91.0256;13.4615;46.89742;59.9782;97.3458;75.7137;24.1296;15.9202;8.2093;3.7611;43.0981
40R_40V_04I_05M;LR1_2_2;1;0;40;04;05;25;100;91.0256;10.2564;48.24359;36.4621;86.0505;68.0543;23.4032;15.5397;7.8634;3.9927;36.194
40R_40V_04I_05M;LR1_2_3;1;1;40;04;05;27.5;100;84.8837;6.8966;57.779882;27.6151;84.7886;67.5185;34.2082;21.8366;12.3716;1.1667;9.7549
40R_40V_04I_05M;LR1_2_4;1;1;40;04;05;17.5;100;91.8605;51.3889;69.0548;66.8943;95.336;83.8835;22.9524;14.2779;8.6744;0.2233;0.0659
40R_40V_04I_05M;LR1_2_5;1;1;40;04;05;30;100;96.5116;9.7222;52.083142;41.6356;95.8754;75.957;42.4454;25.3366;17.1088;3.6062;13.3603
40R_40V_04I_05M;LR1_2_1;1;0;40;04;05;25;100;91.0256;13.4615;46.89742;59.9782;97.3458;75.7137;24.1296;15.9202;8.2093;3.7611;43.0981
40R_40V_04I_05M;LR1_2_2;1;0;40;04;05;25;100;91.0256;10.2564;48.24359;36.4621;86.0505;68.0543;23.4032;15.5397;7.8634;3.9927;36.194
40R_40V_04I_05M;LR1_2_3;1;1;40;04;05;27.5;100;97.6744;20.6897;61.939364;29.1151;90.5079;67.5013;26.2309;18.2612;7.9697;0.5341;8.5592
40R_40V_04I_05M;LR1_2_4;1;1;40;04;05;17.5;100;87.5;29.1667;68.931314;62.3896;94.418;82.6906;19.1088;11.8306;7.2782;0.6522;4.2854
40R_40V_04I_05M;LR1_2_5;1;1;40;04;05;30;100;94.8276;23.6111;60.581975;55.653;94.5883;76.8072;34.5151;21.3356;13.1795;2.4234;18.3424
40R_40V_04I_05M;LR1_2_1;1;0;40;04;05;25;100;91.0256;13.4615;46.89742;59.9782;97.3458;75.7137;24.1296;15.9202;8.2093;3.7611;43.0981
40R_40V_04I_05M;LR1_2_2;1;0;40;04;05;25;100;91.0256;10.2564;48.24359;36.4621;86.0505;68.0543;23.4032;15.5397;7.8634;3.9927;36.194
40R_40V_04I_05M;LR1_2_3;1;1;40;04;05;30;100;91.3793;25;61.121692;21.1924;81.9574;62.63;40.6508;26.2438;14.4069;1.1369;4.6373
40R_40V_04I_05M;LR1_2_4;1;1;40;04;05;17.5;100;87.931;50;69.357414;67.9369;96.8943;82.3499;19.605;13.2817;6.3233;0.7856;1.3432
40R_40V_04I_05M;LR1_2_5;1;1;40;04;05;30;100;97.6744;37.2093;60.225092;45.1388;94.3754;75.1982;40.0719;21.8921;18.1798;1.0022;17.6836
40R_40V_04I_05M;LR1_2_1;1;0;40;04;05;25;100;91.0256;13.4615;46.89742;59.9782;97.3458;75.7137;24.1296;15.9202;8.2093;3.7611;43.0981
40R_40V_04I_05M;LR1_2_2;1;0;40;04;05;25;100;91.0256;10.2564;48.24359;36.4621;86.0505;68.0543;23.4032;15.5397;7.8634;3.9927;36.194
40R_40V_04I_05M;LR1_2_3;1;1;40;04;05;27.5;100;95.8333;34.8837;62.474582;46.0883;93.7934;69.0229;35.4237;22.5511;12.8726;1.5157;6.0331
40R_40V_04I_05M;LR1_2_4;1;1;40;04;05;17.5;100;100;44.186;74.4988;43.7918;98.9984;81.1927;15.9325;12.4552;3.4773;0.0263;3.3524
40R_40V_04I_05M;LR1_2_5;1;1;40;04;05;30;100;97.6744;12.069;60.974025;41.6356;94.3754;76.2375;39.0744;23.6126;15.4618;0.9521;17.0955
40R_40V_04I_05M;LR2_2_1;2;1;40;04;05;12.5;100;100;74.0741;93.06482;22.1101;89.1933;63.0366;13.967;9.3367;4.6303;6.7288;15.5581
40R_40V_04I_05M;LR2_2_2;2;1;40;04;05;10;100;100;81.25;89.8611;54.1645;78.8793;67.0498;10.4303;7.5211;2.9092;2.4338;15.9682
40R_40V_04I_05M;LR2_2_3;2;1;40;04;05;10;100;100;39.5833;84.201375;4.187;82.0367;57.001;10.0549;5.9411;4.1138;2.8675;1.764
40R_40V_04I_05M;LR2_2_4;2;1;40;04;05;7.5;100;100;87.6923;93.333333;23.7164;83.155;57.8175;7.0562;3.9947;3.0615;0;0
40R_40V_04I_05M;LR2_2_5;2;1;40;04;05;12.5;100;100;19.403;81.48508;6.7613;85.0659;63.8321;14.4923;8.8996;5.5927;2.3264;10.4181
40R_40V_04I_05M;LR2_2_1;2;1;40;04;05;12.5;100;100;95;97.35448;31.475;87.6304;63.3908;11.711;8.5424;3.1686;2.528;14.0936
40R_40V_04I_05M;LR2_2_2;2;1;40;04;05;10;100;98.75;80;89.463625;51.0016;78.7243;66.9998;11.0462;7.7009;3.3453;2.3821;16.9986
40R_40V_04I_05M;LR2_2_3;2;1;40;04;05;10;100;100;39.5833;83.645825;7.7637;84.4296;58.9847;8.2366;6.2443;1.9923;2.565;3.2331
40R_40V_04I_05M;LR2_2_4;2;1;40;04;05;7.5;100;100;88.4615;96.153833;19.2312;90.4844;58.4496;7.3845;4.8419;2.5426;0;0
40R_40V_04I_05M;LR2_2_5;2;1;40;04;05;12.5;100;100;77.7778;94.75706;22.1886;85.0793;64.2415;12.4975;7.7665;4.731;1.9031;26.5526
40R_40V_04I_05M;LR2_2_1;2;1;40;04;05;12.5;100;98.1481;80.597;94.24902;31.7866;91.6659;64.0244;13.9621;8.792;5.17;3.0742;13.5394
40R_40V_04I_05M;LR2_2_2;2;1;40;04;05;10;100;100;81.25;91.5625;28.2529;79.6959;65.333;12.8185;7.6638;5.1546;0.0122;13.0031
40R_40V_04I_05M;LR2_2_3;2;1;40;04;05;7.5;100;100;95;97.222233;73.1026;84.2505;79.2034;9.8043;6.7749;3.0293;10.1115;11.7476
40R_40V_04I_05M;LR2_2_4;2;1;40;04;05;7.5;100;98.7179;92.3077;95.726467;25.1751;83.7282;57.4018;9.2155;5.5692;3.6464;0;0
40R_40V_04I_05M;LR2_2_5;2;1;40;04;05;12.5;100;100;77.7778;94.55556;17.3424;82.3988;64.7301;14.2077;8.5627;5.645;2.6471;14.4943
40R_40V_04I_05M;LR2_2_1;2;1;40;04;05;12.5;100;100;89.5522;96.16044;33.3128;90.2402;64.2041;13.2642;8.6442;4.62;5.4804;23.6158
40R_40V_04I_05M;LR2_2_2;2;1;40;04;05;10;100;100;49.2537;86.56715;16.1318;81.5538;62.8114;11.4019;7.494;3.9079;0.7108;21.1612
40R_40V_04I_05M;LR2_2_3;2;1;40;04;05;10;100;96.6667;33.3333;79.375;10.3621;82.2659;58.6345;10.9862;7.111;3.8752;1.7546;5.0066
40R_40V_04I_05M;LR2_2_4;2;1;40;04;05;7.5;100;97.4359;72.3077;87.350433;29.3846;85.6059;58.7153;8.547;5.4612;3.0858;0;0
40R_40V_04I_05M;LR2_2_5;2;1;40;04;05;10;100;100;91.25;97.8125;66.9286;83.1775;75.079;15.1918;9.5383;5.6535;1.8963;15.2789
40R_40V_04I_05M;LR2_2_1;2;1;40;04;05;12.5;100;98.75;80;91.36194;25.2927;89.3022;63.4412;10.2439;6.8589;3.3851;1.3587;20.2632
40R_40V_04I_05M;LR2_2_2;2;1;40;04;05;10;100;97.5;95.5224;96.5112;40.5219;79.8391;65.4029;12.6518;10.4312;2.2206;2.6056;8.765
40R_40V_04I_05M;LR2_2_3;2;1;40;04;05;10;100;100;53.3333;79.16665;11.0663;80.2832;56.9312;9.3587;6.566;2.7927;0.6414;2.4567
40R_40V_04I_05M;LR2_2_4;2;1;40;04;05;7.5;100;97.4359;13.8462;69.401733;8.8963;86.2174;54.6431;7.6036;4.7602;2.8433;0.4542;0
40R_40V_04I_05M;LR2_2_5;2;1;40;04;05;12.5;100;100;15;81.9515;9.6726;88.5633;62.8546;14.1497;8.6553;5.4944;1.9507;20.9266
40R_40V_04I_06M;LR1_2_1;1;1;40;04;06;37.5;100;94.2308;23.0769;62.256413;58.2944;93.0701;76.6485;35.5857;23.5223;12.0633;1.1441;26.6586
40R_40V_04I_06M;LR1_2_2;1;1;40;04;06;35;100;98.7179;32.0513;62.967029;33.3785;90.7382;69.0578;36.4017;20.8341;15.5676;1.1602;17.0195
40R_40V_04I_06M;LR1_2_3;1;1;40;04;06;30;100;87.931;6.8966;55.697008;27.0883;88.2114;62.3375;28.9685;18.5536;10.4148;1.5629;6.1554
40R_40V_04I_06M;LR1_2_4;1;1;40;04;06;20;100;100;23.2558;66.424413;30.7287;93.5189;72.985;13.7158;10.1154;3.6004;0.0576;0.2042
40R_40V_04I_06M;LR1_2_5;1;1;40;04;06;27.5;100;98.2759;26.7442;66.996755;50.4511;94.847;77.2985;27.2337;16.1753;11.0584;1.7324;16.2276
40R_40V_04I_06M;LR1_2_1;1;1;40;04;06;40;100;93.8462;15.3846;56.33815;38.6417;97.0607;74.0623;38.8061;20.9579;17.8481;1.3016;29.7521
40R_40V_04I_06M;LR1_2_2;1;1;40;04;06;35;100;94.8718;19.2308;63.95605;41.6972;90.6262;66.1031;30.9385;19.1096;11.8289;1.5797;18.7364
40R_40V_04I_06M;LR1_2_3;1;1;40;04;06;25;100;100;24.4186;66.22159;54.0931;99.3044;72.8464;25.7029;17.6107;8.0923;2.1544;8.6782
40R_40V_04I_06M;LR1_2_4;1;1;40;04;06;20;100;98.8372;18.0556;62.310513;19.7319;94.7934;74.5024;14.4895;10.796;3.6935;0;1.7752
40R_40V_04I_06M;LR1_2_5;1;1;40;04;06;25;100;96.5116;37.2093;63.40628;60.2413;94.9874;81.4151;19.914;13.4556;6.4585;0.085;15.5114
40R_40V_04I_06M;LR1_2_1;1;1;40;04;06;37.5;100;98.4615;15.3846;63.008547;32.5966;95.5592;74.5607;35.2344;22.1404;13.094;0.8282;27.1119
40R_40V_04I_06M;LR1_2_2;1;1;40;04;06;35;100;91.0256;21.7949;58.452393;41.511;90.7461;70.283;35.8478;20.489;15.3588;1.4477;19.2763
40R_40V_04I_06M;LR1_2_3;1;1;40;04;06;27.5;100;100;24.4186;64.376636;40.082;81.9511;67.7147;23.6969;16.8457;6.8512;1.0011;6.8755
40R_40V_04I_06M;LR1_2_4;1;1;40;04;06;17.5;83.3333;97.6744;36.1111;68.964557;70.7587;97.4732;84.2846;27.3073;17.2543;10.053;0.2094;0.3125
40R_40V_04I_06M;LR1_2_5;1;1;40;04;06;27.5;100;95.3488;23.2558;61.322227;38.5174;94.8959;73.0688;23.6067;15.3975;8.2093;0.886;13.4803
40R_40V_04I_06M;LR1_2_1;1;1;40;04;06;40;100;93.8462;18.4615;59.4391;44.0639;96.9798;72.3861;40.9984;24.7565;16.242;2.6551;27.4127
40R_40V_04I_06M;LR1_2_2;1;1;40;04;06;37.5;100;97.4359;20;58.39316;31.5174;90.7461;63.77;34.444;20.1075;14.3365;0.1017;18.4343
40R_40V_04I_06M;LR1_2_3;1;1;40;04;06;27.5;100;100;27.907;59.732655;32.0726;80.9874;66.5013;26.291;16.8575;9.4335;0;4.6764
40R_40V_04I_06M;LR1_2_4;1;1;40;04;06;20;100;100;44.4444;66.2632;26.2366;93.1609;74.3716;17.0799;11.0691;6.0108;0;1.1675
40R_40V_04I_06M;LR1_2_5;1;1;40;04;06;25;100;91.8605;40.6977;65.69356;43.306;94.0521;79.6554;21.9051;15.8073;6.0978;0.7592;11.5918
40R_40V_04I_06M;LR1_2_1;1;1;40;04;06;40;100;96.9231;15.3846;58.2452;32.5966;97.0607;71.6472;39.5125;23.5758;15.9367;2.7752;27.1897
40R_40V_04I_06M;LR1_2_2;1;1;40;04;06;37.5;100;96.1538;30.7692;58.393153;40.5315;90.6782;64.4437;36.3825;21.1956;15.1869;2.6042;16.4998
40R_40V_04I_06M;LR1_2_3;1;1;40;04;06;27.5;100;87.2093;15.1163;55.170891;28.1546;97.2066;67.4566;19.9808;14.97;5.0108;0.1092;7.5119
40R_40V_04I_06M;LR1_2_4;1;1;40;04;06;20;100;93.0556;44.186;65.600775;26.2366;99.2902;75.017;16.7213;10.1767;6.5447;0.301;2.4
40R_40V_04I_06M;LR1_2_5;1;1;40;04;06;25;100;91.8605;37.2093;68.52637;43.306;95.2587;79.8871;26.7842;17.1149;9.6693;1.2019;9.3314
40R_40V_04I_06M;LR2_2_1;2;1;40;04;06;12.5;100;100;74.0741;93.06482;22.1101;89.1878;62.8402;11.5213;7.7241;3.7972;7.3587;15.7184
40R_40V_04I_06M;LR2_2_2;2;1;40;04;06;10;100;98.75;70;86.875;39.3231;80.1467;65.956;9.167;6.5774;2.5895;3.4047;9.4974
40R_40V_04I_06M;LR2_2_3;2;1;40;04;06;10;100;97.2222;31.6667;78.055575;5.8249;81.4387;59.1675;9.0584;6.5323;2.5261;0.6462;0.7848
40R_40V_04I_06M;LR2_2_4;2;1;40;04;06;7.5;83.3333;92.3077;86.1538;90.2564;28.9542;86.1882;57.688;8.0045;5.2321;2.7724;0;0
40R_40V_04I_06M;LR2_2_5;2;1;40;04;06;10;100;100;96.25;99.0625;70.5546;86.3901;77.956;11.4682;7.1471;4.321;0.9889;15.0519
40R_40V_04I_06M;LR2_2_1;2;1;40;04;06;12.5;100;100;82.0896;95.91792;28.1815;87.6375;63.8596;9.2978;6.1327;3.1652;4.9617000000000004;22.3425
40R_40V_04I_06M;LR2_2_2;2;1;40;04;06;10;100;100;74.0741;90.86805;25.7329;83.2643;63.0665;10.7874;7.1799;3.6075;1.5477;8.6547
40R_40V_04I_06M;LR2_2_3;2;1;40;04;06;7.5;100;98.6111;96.6667;97.7315;73.1767;85.3254;78.3302;8.6172;5.0827;3.5345;0.2887;0.9985
40R_40V_04I_06M;LR2_2_4;2;1;40;04;06;7.5;100;100;88.4615;95.299133;29.9748;84.611;59.0767;6.2522;4.0108;2.2414;0;0
40R_40V_04I_06M;LR2_2_5;2;1;40;04;06;12.5;100;98.75;86.25;94.13888;9.7231;87.1538;63.3276;11.5535;8.0423;3.5112;2.4455;14.6737
40R_40V_04I_06M;LR2_2_1;2;1;40;04;06;12.5;100;100;87.037;95.6574;39.3909;89.0481;63.0731;11.051;7.232;3.819;6.244;19.2224
40R_40V_04I_06M;LR2_2_2;2;1;40;04;06;10;100;98.1481;68.6567;87.6387;50.2126;81.727;65.9134;9.5219;6.5381;2.9838;4.4731;14.332
40R_40V_04I_06M;LR2_2_3;2;1;40;04;06;7.5;100;100;97.2222;99.074067;76.6809;80.9594;79.3152;8.8031;5.4629;3.3402;2.2353;9.216
40R_40V_04I_06M;LR2_2_4;2;1;40;04;06;7.5;100;98.7179;92.3077;95.299133;25.1499;83.3779;57.3759;7.5011;4.5181;2.983;0;0
40R_40V_04I_06M;LR2_2_5;2;1;40;04;06;12.5;100;100;50;89.5;9.2635;85.97;61.7114;12.5111;8.5234;3.9877;1.6994;11.7303
40R_40V_04I_06M;LR2_2_1;2;1;40;04;06;12.5;100;98.75;50.7463;86.64926;19.7862;87.5152;63.2936;12.0386;7.9832;4.0554;4.6816;14.0537
40R_40V_04I_06M;LR2_2_2;2;1;40;04;06;10;100;98.5075;83.3333;92.9602;34.125;86.2959;66.685;12.0407;7.3917;4.649;3.8037;8.2023
40R_40V_04I_06M;LR2_2_3;2;1;40;04;06;7.5;100;98.3333;93.3333;95.8333;73.7207;80.9826;78.4142;8.8574;5.9866;2.8708;3.4209;3.9839
40R_40V_04I_06M;LR2_2_4;2;1;40;04;06;10;100;98.0769;25.641;72.33975;11.0797;87.6138;44.4473;6.7249;4.7324;1.9924;0.57;0.8646
40R_40V_04I_06M;LR2_2_5;2;1;40;04;06;10;100;100;91.25;97.8125;66.832;83.0651;74.9122;11.374;7.7922;3.5818;2.5733;14.7691
40R_40V_04I_06M;LR2_2_1;2;1;40;04;06;12.5;100;98.75;80;91.36194;25.1594;88.4126;63.2366;8.4692;5.5652;2.904;2.0792;20.4495
40R_40V_04I_06M;LR2_2_2;2;1;40;04;06;12.5;100;100;25;74.25;13.4864;80.1243;53.2865;8.2932;5.4555;2.8377;5.7971;26.801
40R_40V_04I_06M;LR2_2_3;2;1;40;04;06;7.5;100;100;93.3333;97.2222;65.4091;83.8252;76.717;8.669;5.5741;3.0949;2.0119;1.6108
40R_40V_04I_06M;LR2_2_4;2;1;40;04;06;7.5;83.3333;96.1538;85.8974;90.598267;27.0639;84.2387;58.0226;6.9172;4.8897;2.0275;0;0
40R_40V_04I_06M;LR2_2_5;2;1;40;04;06;12.5;100;100;15;81.9515;9.6884;87.9771;62.7086;10.9699;7.0404;3.9295;3.9069;21.6841
60R_60V_02I_05M;LR1_2_1;1;1;60;02;05;40;100;100;12.3077;57.489317;31.0645;94.7198;51.8607;11.2181;7.3246;3.8935;1.0476;24.3973
60R_60V_02I_05M;LR1_2_2;1;1;60;02;05;26.6667;100;100;25.641;71.161862;19.8817;94.9101;74.4126;4.7151;3.2375;1.4776;0;13.8941
60R_60V_02I_05M;LR1_2_3;1;1;60;02;05;25;100;100;20.9302;60.32672;10.1657;97.1343;52.8269;4.6116;3.2728;1.3389;0.3151;7.4423
60R_60V_02I_05M;LR1_2_4;1;1;60;02;05;18.3333;100;98.8372;9.3023;66.647427;39.6451;99.6546;78.85;5.8672;4.4861;1.3811;0;2.7093
60R_60V_02I_05M;LR1_2_5;1;1;60;02;05;26.6667;100;100;29.0698;70.091413;26.3975;96.2145;73.6673;8.823;5.3902;3.4328;0;11.8464
60R_60V_02I_05M;LR1_2_1;1;1;60;02;05;40;100;100;12.3077;57.489317;31.0645;94.7198;51.8607;11.2181;7.3246;3.8935;1.0476;24.3973
60R_60V_02I_05M;LR1_2_2;1;1;60;02;05;26.6667;100;100;34.6154;70.825325;19.8817;97.9464;75.0105;3.9666;2.7293;1.2372;0.1427;15.3858
60R_60V_02I_05M;LR1_2_3;1;1;60;02;05;25;100;100;20.9302;60.32672;10.1657;97.1343;52.8269;4.6116;3.2728;1.3389;0.3151;7.4423
60R_60V_02I_05M;LR1_2_4;1;1;60;02;05;18.3333;100;93.1034;33.3333;66.6533;47.5142;98.0757;78.4555;5.6003;4.3527;1.2476;0;1.4903
60R_60V_02I_05M;LR1_2_5;1;1;60;02;05;26.6667;100;100;13.7931;70.225962;31.4874;96.3391;73.9197;9.0934;5.8546;3.2388;0.2943;15.1679
60R_60V_02I_05M;LR1_2_1;1;1;60;02;05;40;100;100;12.3077;57.489317;31.0645;94.7198;51.8607;11.2181;7.3246;3.8935;1.0476;24.3973
60R_60V_02I_05M;LR1_2_2;1;1;60;02;05;28.3333;100;98.0769;25;67.073912000000007;25.358;99.7571;72.2744;4.6467;3.0694;1.5773;1.4804;19.0072
60R_60V_02I_05M;LR1_2_3;1;1;60;02;05;25;100;100;20.9302;60.32672;10.1657;97.1343;52.8269;4.6116;3.2728;1.3389;0.3151;7.4423
60R_60V_02I_05M;LR1_2_4;1;1;60;02;05;18.3333;80;98.6111;29.1667;74.933873;31.1672;98.9921;78.3216;5.9661;4.4065;1.5595;0;1.0821
60R_60V_02I_05M;LR1_2_5;1;1;60;02;05;26.6667;100;98.6111;25.5814;66.338787;39.5;95.1814;74.8235;10.4726;6.8044;3.6681;1.2203;13.2905
60R_60V_02I_05M;LR1_2_1;1;1;60;02;05;40;100;100;12.3077;57.489317;31.0645;94.7198;51.8607;11.2181;7.3246;3.8935;1.0476;24.3973
60R_60V_02I_05M;LR1_2_2;1;1;60;02;05;26.6667;100;96.9231;28.2051;69.719556;42.9259;99.7571;75.8664;4.6174;3.1397;1.4776;0.7453;20.2171
60R_60V_02I_05M;LR1_2_3;1;1;60;02;05;25;100;100;20.9302;60.32672;10.1657;97.1343;52.8269;4.6116;3.2728;1.3389;0.3151;7.4423
60R_60V_02I_05M;LR1_2_4;1;1;60;02;05;16.6667;80;98.8372;58.6207;80.71829;66.5804;97.6924;85.5427;6.3785;4.6128;1.7658;0;1.759
60R_60V_02I_05M;LR1_2_5;1;1;60;02;05;25;100;98.6111;29.0698;68.700433;60.571;95.4858;78.5085;7.9091;5.1353;2.7738;0.0536;12.9897
60R_60V_02I_05M;LR1_2_1;1;1;60;02;05;40;100;100;12.3077;57.489317;31.0645;94.7198;51.8607;11.2181;7.3246;3.8935;1.0476;24.3973
60R_60V_02I_05M;LR1_2_2;1;1;60;02;05;26.6667;100;100;46.1538;77.788469;33.0946;99.5726;74.9919;5.5871;3.8435;1.7435;0;19.1019
60R_60V_02I_05M;LR1_2_3;1;1;60;02;05;25;100;100;20.9302;60.32672;10.1657;97.1343;52.8269;4.6116;3.2728;1.3389;0.3151;7.4423
60R_60V_02I_05M;LR1_2_4;1;1;60;02;05;18.3333;100;98.2759;15.1163;67.318936;19.7319;97.7902;77.7081;5.4593;4.5224;0.9369;0;1.9575
60R_60V_02I_05M;LR1_2_5;1;1;60;02;05;26.6667;100;98.6111;45.8333;75.569769;39.7934;97.7003;74.0659;7.477;5.0464;2.4306;0.3037;14.3756
60R_60V_02I_05M;LR2_2_1;2;1;60;02;05;11.6667;80;100;79.1045;94.480286;31.2671;92.5519;66.9647;3.1934;2.646;0.5474;2.6669;25.825
60R_60V_02I_05M;LR2_2_2;2;1;60;02;05;8.3333;100;94.4444;68.5185;87.09258;64.7361;86.2939;75.1682;2.4742;1.7521;0.7221;0.224;6.2986
60R_60V_02I_05M;LR2_2_3;2;1;60;02;05;10;100;100;27.6923;82.606833;8.8722;86.2047;60.0651;2.2084;1.6084;0.6001;0.5781;5.2616
60R_60V_02I_05M;LR2_2_4;2;1;60;02;05;6.6667;60;100;92.3077;95.1923;28.5649;90.4489;67.572;3.0243;2.259;0.7653;0.0756;0.509
60R_60V_02I_05M;LR2_2_5;2;1;60;02;05;11.6667;80;100;93.75;97.857143;35.8651;85.6043;65.5311;3.5719;2.3447;1.2272;1.3244;17.2764
60R_60V_02I_05M;LR2_2_1;2;1;60;02;05;11.6667;100;100;91.25;97.379371;27.5128;92.731;68.2263;3.2356;2.3564;0.8792;4.0358;23.2572
60R_60V_02I_05M;LR2_2_2;2;1;60;02;05;10;100;98.5075;25;82.801617;14.83;81.6769;62.8098;1.753;1.3159;0.4371;0;11.0213
60R_60V_02I_05M;LR2_2_3;2;1;60;02;05;10;100;100;67.3077;90.491433;7.57;87.4233;60.2337;2.186;1.6194;0.5666;0.3788;2.0303
60R_60V_02I_05M;LR2_2_4;2;1;60;02;05;6.6667;60;98.7179;81.5385;93.717925;25.9542;91.2375;64.5072;2.9216;2.1748;0.7469;0;0
60R_60V_02I_05M;LR2_2_5;2;1;60;02;05;11.6667;60;100;91.25;97.063486;44.2434;89.901;68.8416;5.2534;3.6789;1.5745;1.3524;20.5993
60R_60V_02I_05M;LR2_2_1;2;1;60;02;05;11.6667;100;100;40;89.487571;28.5712;88.6114;68.3951;3.4476;2.2681;1.1795;2.7764;20.4271
60R_60V_02I_05M;LR2_2_2;2;1;60;02;05;8.3333;100;100;93.75;97.75;60.8611;85.3905;74.8402;3.285;2.0314;1.2536;0.2974;9.4616
60R_60V_02I_05M;LR2_2_3;2;1;60;02;05;8.3333;100;98.7179;50;87.74358;23.6296;85.4079;69.0589;2.0959;1.4136;0.6823;2.0041;2.829
60R_60V_02I_05M;LR2_2_4;2;1;60;02;05;6.6667;80;100;82.0513;94.358975;50.6832;85.83;67.762200000000007;2.1668;1.791;0.3757;0;0
60R_60V_02I_05M;LR2_2_5;2;1;60;02;05;11.6667;80;98.75;91.25;95.863543;46.9369;87.5937;68.9145;3.8205;2.62;1.2005;2.4639;22.4913
60R_60V_02I_05M;LR2_2_1;2;1;60;02;05;11.6667;100;100;23.75;86.399257;10.6213;88.671;66.4344;3.191;2.4389;0.7521;2.4313;19.6037
60R_60V_02I_05M;LR2_2_2;2;1;60;02;05;10;100;100;30;76.763067;10.8935;83.9144;60.82;1.5338;1.1568;0.377;3.7303;12.7382
60R_60V_02I_05M;LR2_2_3;2;1;60;02;05;10;100;100;74.359;90.470083;20.8166;84.0892;61.5819;2.6629;1.9241;0.7388;5.3727;7.57
60R_60V_02I_05M;LR2_2_4;2;1;60;02;05;6.6667;80;100;94.2308;97.916675;60.0268;81.2454;68.4174;2.6606;2.3024;0.3582;0.737;0.737
60R_60V_02I_05M;LR2_2_5;2;1;60;02;05;11.6667;100;100;82.5;96.1807;40.8694;87.4919;68.2223;3.1579;2.2336;0.9243;5.0334;20.5151
60R_60V_02I_05M;LR2_2_1;2;1;60;02;05;13.3333;100;97.5;19.403;78.8895;10.3128;92.5483;59.3682;4.9011;3.4211;1.48;0.8804;14.1085
60R_60V_02I_05M;LR2_2_2;2;1;60;02;05;8.3333;100;98.75;88.0597;94.11942;60.7566;86.0308;74.9014;1.4328;1.1568;0.276;0.61240000000000006;11.4802
60R_60V_02I_05M;LR2_2_3;2;1;60;02;05;8.3333;100;100;30.7692;83.23076;25.2852;87.9219;71.5116;2.1176;1.614;0.5035;4.7796;3.3396
60R_60V_02I_05M;LR2_2_4;2;1;60;02;05;8.3333;40;100;82.0513;92.33334;13.1475;83.974;51.3772;4.5016;3.1357;1.3659;0;0
60R_60V_02I_05M;LR2_2_5;2;1;60;02;05;11.6667;100;100;91.25;97.592586;53.8544;93.116;68.3023;3.0553;2.2487;0.8066;2.952;18.3092
60R_60V_02I_06M;LR1_2_1;1;1;60;02;06;40;100;100;12.3077;57.564104;17.3599;98.497;51.5895;8.815;5.8308;2.9842;0.9088;24.3094
60R_60V_02I_06M;LR1_2_2;1;1;60;02;06;26.6667;100;98.7179;27.6923;70.512806;56.6057;95.9921;76.5987;4.434;3.2629;1.1711;0.6132;13.7927
60R_60V_02I_06M;LR1_2_3;1;1;60;02;06;26.6667;100;98.2759;20.9302;56.708188;10.1657;97.1343;51.937;4.3179;3.2289;1.089;0.0275;4.8503
60R_60V_02I_06M;LR1_2_4;1;1;60;02;06;18.3333;83.3333;97.6744;23.2558;66.373827;38.295;98.459;78.3219;6.3868;5.1391;1.2476;0.0545;0.0602
60R_60V_02I_06M;LR1_2_5;1;1;60;02;06;28.3333;100;98.6111;30.2326;66.480929;38.5237;93.2177;69.1616;6.7006;4.4075;2.2931;0.0139;15.6546
60R_60V_02I_06M;LR1_2_1;1;1;60;02;06;40;100;100;12.3077;57.564104;17.3599;98.497;51.5895;8.815;5.8308;2.9842;0.9088;24.3094
60R_60V_02I_06M;LR1_2_2;1;1;60;02;06;25;100;98.0769;58.9744;82.37608;38.0741;99.6577;77.8804;4.1262;3.0381;1.0881;0.344;17.8645
60R_60V_02I_06M;LR1_2_3;1;1;60;02;06;26.6667;100;98.2759;20.9302;56.708188;10.1657;97.1343;51.937;4.3179;3.2289;1.089;0.0275;4.8503
60R_60V_02I_06M;LR1_2_4;1;1;60;02;06;16.6667;83.3333;94.8276;40.2778;70.00792;65.9763;99.4874;86.5101;4.5896;3.6574;0.9322;0;2.2761
60R_60V_02I_06M;LR1_2_5;1;1;60;02;06;26.6667;100;94.4444;31.0345;68.208775;25.3423;96.1309;72.2922;6.3817;4.5223;1.8594;0.4413;16.9505
60R_60V_02I_06M;LR1_2_1;1;1;60;02;06;40;100;100;12.3077;57.564104;17.3599;98.497;51.5895;8.815;5.8308;2.9842;0.9088;24.3094
60R_60V_02I_06M;LR1_2_2;1;1;60;02;06;26.6667;100;100;25;70.769231;25.358;95.4511;75.4483;4.2434;3.0967;1.1467;0.2094;14.6386
60R_60V_02I_06M;LR1_2_3;1;1;60;02;06;26.6667;100;98.2759;20.9302;56.708188;10.1657;97.1343;51.937;4.3179;3.2289;1.089;0.0275;4.8503
60R_60V_02I_06M;LR1_2_4;1;1;60;02;06;16.6667;83.3333;100;40.6977;78.90448;60.295;98.7271;85.0603;4.4486;3.8271;0.6215;0;0.8425
60R_60V_02I_06M;LR1_2_5;1;1;60;02;06;26.6667;100;100;12.069;63.719325;23.7145;97.5505;73.8825;6.5878;4.6777;1.9101;0.6117;14.9055
60R_60V_02I_06M;LR1_2_1;1;1;60;02;06;40;100;100;12.3077;57.564104;17.3599;98.497;51.5895;8.815;5.8308;2.9842;0.9088;24.3094
60R_60V_02I_06M;LR1_2_2;1;1;60;02;06;26.6667;100;98.0769;30.7692;69.206719;56.8028;95.0536;76.0783;4.7663;3.3704;1.3959;1.2172;15.0227
60R_60V_02I_06M;LR1_2_3;1;1;60;02;06;26.6667;100;98.2759;20.9302;56.708188;10.1657;97.1343;51.937;4.3179;3.2289;1.089;0.0275;4.8503
60R_60V_02I_06M;LR1_2_4;1;1;60;02;06;16.6667;83.3333;95.8333;24.4186;76.43288;44.7697;99.7319;82.3495;4.8044;3.8722;0.9322;0;1.036
60R_60V_02I_06M;LR1_2_5;1;1;60;02;06;26.6667;100;91.8605;26.7442;62.150344;35.1388;93.6672;73.3043;7.4033;5.327;2.0762;0.4654;11.4813
60R_60V_02I_06M;LR1_2_1;1;1;60;02;06;40;100;100;12.3077;57.564104;17.3599;98.497;51.5895;8.815;5.8308;2.9842;0.9088;24.3094
60R_60V_02I_06M;LR1_2_2;1;1;60;02;06;28.3333;100;100;16.6667;62.843135;26.8644;99.2571;71.527;4.7174;3.4876;1.2298;0.4987;19.8613
60R_60V_02I_06M;LR1_2_3;1;1;60;02;06;26.6667;100;98.2759;20.9302;56.708188;10.1657;97.1343;51.937;4.3179;3.2289;1.089;0.0275;4.8503
60R_60V_02I_06M;LR1_2_4;1;1;60;02;06;18.3333;100;93.1034;33.7209;63.497436;31.0931;98.7145;75.7329;4.7082;3.4209;1.2873000000000001;0;0.7703
60R_60V_02I_06M;LR1_2_5;1;1;60;02;06;25;100;93.0233;50;72.043127;58.5158;95.6309;78.1109;6.3872;4.3567;2.0305;0.9971;14.9063
60R_60V_02I_06M;LR2_2_1;2;1;60;02;06;11.6667;66.6667;100;79.1045;94.480286;31.2671;92.5519;66.9647;3.1934;2.646;0.5474;2.6669;25.825
60R_60V_02I_06M;LR2_2_2;2;1;60;02;06;8.3333;66.6667;100;85;94.61194;54.183;81.0939;74.9531;2.2439;1.6026;0.6413;1.4256;10.9837
60R_60V_02I_06M;LR2_2_3;2;1;60;02;06;10;100;100;27.6923;82.606833;8.8722;86.2047;60.0629;1.913;1.3666;0.5464;0.6175;5.2806
60R_60V_02I_06M;LR2_2_4;2;1;60;02;06;6.6667;50;100;92.3077;95.1923;28.5649;90.4489;67.572;3.0243;2.259;0.7653;0.0756;0.509
60R_60V_02I_06M;LR2_2_5;2;1;60;02;06;11.6667;66.6667;100;93.75;97.857143;35.8651;85.6043;65.5302;3.6496;2.3835;1.2661;1.3244;17.2765
60R_60V_02I_06M;LR2_2_1;2;1;60;02;06;11.6667;83.3333;100;91.25;97.379371;27.5128;92.731;68.2249;3.3307;2.4039;0.9268;4.0358;23.2575
60R_60V_02I_06M;LR2_2_2;2;1;60;02;06;8.3333;66.6667;98.75;90;96.403;61.7258;81.3771;74.6985;1.6593;1.1879;0.4714;4.0725;11.3283
60R_60V_02I_06M;LR2_2_3;2;1;60;02;06;8.3333;83.3333;100;80;94.92306;17.1452;86.1412;69.7148;1.9888;1.5361;0.4527;1.4752;7.149
60R_60V_02I_06M;LR2_2_4;2;1;60;02;06;6.6667;50;98.7179;81.5385;93.717925;25.9542;91.2375;64.5072;2.9216;2.1748;0.7469;0;0
60R_60V_02I_06M;LR2_2_5;2;1;60;02;06;11.6667;50;100;91.25;97.063486;44.2434;89.901;68.8416;5.2534;3.6789;1.5745;1.3524;20.5993
60R_60V_02I_06M;LR2_2_1;2;1;60;02;06;11.6667;83.3333;100;40;89.487571;28.5712;88.6114;68.3951;3.5427;2.3157;1.2271;2.7764;20.4271
60R_60V_02I_06M;LR2_2_2;2;1;60;02;06;10;83.3333;96.25;27.5;81.111467;10.7724;85.9562;58.5657;1.5443;1.1212;0.4231;2.6173;18.56
60R_60V_02I_06M;LR2_2_3;2;1;60;02;06;8.3333;100;98.7179;50;87.74358;23.6296;85.4079;69.0589;1.7803;1.1964;0.5838;2.6062;2.8416
60R_60V_02I_06M;LR2_2_4;2;1;60;02;06;6.6667;66.6667;100;82.0513;94.358975;50.6832;85.83;67.762200000000007;2.1668;1.791;0.3757;0;0
60R_60V_02I_06M;LR2_2_5;2;1;60;02;06;11.6667;66.6667;98.75;91.25;95.863543;46.9369;87.5937;68.9145;3.8205;2.62;1.2005;2.4639;22.4913
60R_60V_02I_06M;LR2_2_1;2;1;60;02;06;11.6667;83.3333;100;23.75;86.399257;10.6213;88.671;66.4344;3.3813;2.534;0.8473;2.4324;19.6037
60R_60V_02I_06M;LR2_2_2;2;1;60;02;06;10;83.3333;96.25;62.963;88.096333;14.7759;85.8126;62.7327;2.4378;1.62;0.8178;1.8482;10.4906
60R_60V_02I_06M;LR2_2_3;2;1;60;02;06;10;100;100;73.8462;90.384617;15.0742;84.0004;61.7116;2.516;1.5395;0.9765;1.6373;6.2398
60R_60V_02I_06M;LR2_2_4;2;1;60;02;06;6.6667;66.6667;100;94.2308;97.916675;60.0237;81.2454;68.4139;2.7144;2.3562;0.3582;0.737;0.737
60R_60V_02I_06M;LR2_2_5;2;1;60;02;06;11.6667;83.3333;100;82.5;96.1807;40.8694;87.4919;68.2223;3.1579;2.2336;0.9243;5.0334;20.5151
60R_60V_02I_06M;LR2_2_1;2;1;60;02;06;13.3333;100;97.5;19.403;78.8895;10.3128;92.5483;59.3682;4.1165;2.9698;1.1467;0.8805;14.1086
60R_60V_02I_06M;LR2_2_2;2;1;60;02;06;10;83.3333;100;37.037;82.043933;6.1649;84.2359;61.3206;1.8596;1.2448;0.6148;1.0851;10.4826
60R_60V_02I_06M;LR2_2_3;2;1;60;02;06;10;100;100;24.6154;84.551283;7.1503;85.273;59.8997;2.3243;1.6671;0.6572;0.4803;0.4863
60R_60V_02I_06M;LR2_2_4;2;1;60;02;06;8.3333;33.3333;100;82.0513;92.33334;13.1475;83.974;51.3772;4.5016;3.1357;1.3659;0;0
60R_60V_02I_06M;LR2_2_5;2;1;60;02;06;11.6667;83.3333;100;91.25;97.592586;53.8544;93.1101;68.3014;3.0864;2.2798;0.8066;2.952;18.3093
60R_60V_04I_05M;LR1_2_1;1;0;60;04;05;8.3333;80;60;17.9487;39.02564;29.3823;90.2495;49.9149;4.6768;3.8768;0.8001;0;54.6407
60R_60V_04I_05M;LR1_2_2;1;0;60;04;05;15;100;71.7949;15.3846;42.663822;25.1042;98.9012;54.5195;17.8223;12.7433;5.0791;1.0815;36.2745
60R_60V_04I_05M;LR1_2_3;1;1;60;04;05;28.3333;100;89.5349;19.4444;55.467424;22.5015;98.9496;47.0428;32.0254;17.2785;14.7468;1.3572;9.645
60R_60V_04I_05M;LR1_2_4;1;1;60;04;05;18.3333;100;96.5116;17.4419;67.318527;21.3177;79.6112;57.9237;24.4151;14.6995;9.7156;0;1.0966
60R_60V_04I_05M;LR1_2_5;1;0;60;04;05;21.6667;100;93.1034;16.6667;52.9319;51.3215;95.5956;76.4064;37.5716;22.0833;15.4883;2.7386;29.1481
60R_60V_04I_05M;LR1_2_1;1;0;60;04;05;8.3333;80;60;17.9487;39.02564;29.3823;90.2495;49.9149;4.6768;3.8768;0.8001;0;54.6407
60R_60V_04I_05M;LR1_2_2;1;0;60;04;05;15;100;71.7949;15.3846;42.663822;25.1042;98.9012;54.5195;17.8223;12.7433;5.0791;1.0815;36.2745
60R_60V_04I_05M;LR1_2_3;1;1;60;04;05;26.6667;100;100;23.2558;55.779644;30.5368;98.5055;49.3748;29.2574;17.767;11.4904;1.7458;8.7654
60R_60V_04I_05M;LR1_2_4;1;1;60;04;05;16.6667;100;98.6111;37.2093;70.61247;43.9014;79.0172;62.5876;19.6548;13.0172;6.6376;0;0.0479
60R_60V_04I_05M;LR1_2_5;1;0;60;04;05;21.6667;100;93.1034;16.6667;52.9319;51.3215;95.5956;76.4064;37.5716;22.0833;15.4883;2.7386;29.1481
60R_60V_04I_05M;LR1_2_1;1;0;60;04;05;8.3333;80;60;17.9487;39.02564;29.3823;90.2495;49.9149;4.6768;3.8768;0.8001;0;54.6407
60R_60V_04I_05M;LR1_2_2;1;0;60;04;05;15;100;71.7949;15.3846;42.663822;25.1042;98.9012;54.5195;17.8223;12.7433;5.0791;1.0815;36.2745
60R_60V_04I_05M;LR1_2_3;1;1;60;04;05;26.6667;100;100;20.9302;62.919125;29.2719;97.3384;47.4885;29.8016;17.4737;12.3279;1.3919;8.671
60R_60V_04I_05M;LR1_2_4;1;1;60;04;05;16.6667;100;96.5517;27.7778;72.88214;26.3188;78.3394;62.7716;26.567;15.5576;11.0094;0;0.4556
60R_60V_04I_05M;LR1_2_5;1;0;60;04;05;21.6667;100;93.1034;16.6667;52.9319;51.3215;95.5956;76.4064;37.5716;22.0833;15.4883;2.7386;29.1481
60R_60V_04I_05M;LR1_2_1;1;0;60;04;05;8.3333;80;60;17.9487;39.02564;29.3823;90.2495;49.9149;4.6768;3.8768;0.8001;0;54.6407
60R_60V_04I_05M;LR1_2_2;1;0;60;04;05;15;100;71.7949;15.3846;42.663822;25.1042;98.9012;54.5195;17.8223;12.7433;5.0791;1.0815;36.2745
60R_60V_04I_05M;LR1_2_3;1;1;60;04;05;26.6667;100;100;15.5172;55.953738;24.6777;97.4773;50.3435;35.6568;20.3736;15.2832;3.832;10.6933
60R_60V_04I_05M;LR1_2_4;1;1;60;04;05;15;100;98.6111;59.3023;81.622556;67.0608;79.242;71.0866;23.372;15.2264;8.1456;0;1.4179
60R_60V_04I_05M;LR1_2_5;1;0;60;04;05;21.6667;100;93.1034;16.6667;52.9319;51.3215;95.5956;76.4064;37.5716;22.0833;15.4883;2.7386;29.1481
60R_60V_04I_05M;LR1_2_1;1;0;60;04;05;8.3333;80;60;17.9487;39.02564;29.3823;90.2495;49.9149;4.6768;3.8768;0.8001;0;54.6407
60R_60V_04I_05M;LR1_2_2;1;0;60;04;05;15;100;71.7949;15.3846;42.663822;25.1042;98.9012;54.5195;17.8223;12.7433;5.0791;1.0815;36.2745
60R_60V_04I_05M;LR1_2_3;1;1;60;04;05;25;100;87.2093;27.7778;58.458007;38.5267;98.3031;52.213;30.2642;18.0882;12.176;2.1828;7.3057
60R_60V_04I_05M;LR1_2_4;1;1;60;04;05;18.3333;100;97.2222;20.8333;72.3425;27.6089;77.2752;57.4251;24.4298;14.3493;10.0805;0.0882;0.7767
60R_60V_04I_05M;LR1_2_5;1;0;60;04;05;21.6667;100;93.1034;16.6667;52.9319;51.3215;95.5956;76.4064;37.5716;22.0833;15.4883;2.7386;29.1481
60R_60V_04I_05M;LR2_2_1;2;1;60;04;05;11.6667;100;100;68.5185;89.551157;32.329;89.7065;66.5556;11.6665;7.8893;3.7772;5.4027;17.7389
60R_60V_04I_05M;LR2_2_2;2;1;60;04;05;10;100;100;20.3704;83.186733;12.6959;81.3314;64.9682;16.4472;11.0041;5.4431;1.4701;14.4831
60R_60V_04I_05M;LR2_2_3;2;1;60;04;05;8.3333;100;100;76.9231;92.53846;67.2777;83.9538;78.1541;14.9105;9.8328;5.0777;1.8032;7.0239
60R_60V_04I_05M;LR2_2_4;2;1;60;04;05;8.3333;100;100;89.2308;95.92308;21.7629;88.4288;55.542;8.6178;5.1045;3.5132;0;0.0206
60R_60V_04I_05M;LR2_2_5;2;1;60;04;05;11.6667;100;100;85;96.751071;55.9637;85.959;69.585;15.2365;8.8764;6.3601;1.1905;16.9366
60R_60V_04I_05M;LR2_2_1;2;1;60;04;05;11.6667;100;100;86.5672;93.9805;32.6769;87.6359;68.0814;13.7369;9.2563;4.4806;6.0889;19.446
60R_60V_04I_05M;LR2_2_2;2;1;60;04;05;10;100;100;65.6716;92.61965;38.8659;80.7538;66.3776;16.4378;11.2467;5.1911;2.9785;9.7782
60R_60V_04I_05M;LR2_2_3;2;1;60;04;05;8.3333;100;100;82.0513;94.48718;70.0193;84.5396;79.0933;14.7897;9.574;5.2157;4.1439;5.8622
60R_60V_04I_05M;LR2_2_4;2;1;60;04;05;6.6667;100;98.4615;93.5897;96.85895;65.6734;83.2635;71.2688;9.8716;6.027;3.8446;0.6994;0.0993
60R_60V_04I_05M;LR2_2_5;2;1;60;04;05;11.6667;100;100;82.0896;93.155657;40.3858;91.0671;68.6588;14.8982;8.6881;6.2101;2.8189;19.6061
60R_60V_04I_05M;LR2_2_1;2;1;60;04;05;11.6667;100;100;59.2593;90.079371;26.4174;91.1988;67.3847;11.0517;7.6537;3.3979;7.8362;19.9239
60R_60V_04I_05M;LR2_2_2;2;1;60;04;05;10;100;100;38.8889;85.166067;12.2446;83.0686;64.7841;11.303;7.943;3.3599;5.4412;17.431
60R_60V_04I_05M;LR2_2_3;2;1;60;04;05;10;100;100;23.0769;85.9829;11.0773;85.1337;65.159;14.9636;9.1479;5.8156;0;2.9018
60R_60V_04I_05M;LR2_2_4;2;1;60;04;05;6.6667;100;100;96.1538;97.7564;30.6675;83.0852;63.2088;6.8268;4.1128;2.714;0.2135;0
60R_60V_04I_05M;LR2_2_5;2;1;60;04;05;11.6667;100;100;88.0597;96.6178;41.2536;85.6312;71.0578;14.8257;8.4093;6.4164;5.925;22.858
60R_60V_04I_05M;LR2_2_1;2;1;60;04;05;11.6667;100;100;70.1493;90.810243;27.7684;88.5736;67.7861;12.2851;8.3653;3.9198;3.5914;18.0978
60R_60V_04I_05M;LR2_2_2;2;1;60;04;05;10;100;100;25.9259;85.866383;5.9037;81.9357;61.4717;15.1218;10.2785;4.8433;1.9684;7.3995
60R_60V_04I_05M;LR2_2_3;2;1;60;04;05;10;100;100;88.4615;95;17.5669;83.4103;65.7239;13.4533;8.4038;5.0495;0.012;8.8262
60R_60V_04I_05M;LR2_2_4;2;1;60;04;05;6.6667;100;98.7179;93.8462;96.21795;28.0525;98.0225;69.3604;7.7079;5.1235;2.5844;0;0
60R_60V_04I_05M;LR2_2_5;2;1;60;04;05;11.6667;100;100;91.25;96.929643;55.271;86.0627;71.7377;13.9615;9.1203;4.8412;3.8089;20.6788
60R_60V_04I_05M;LR2_2_1;2;1;60;04;05;11.6667;100;100;86.25;96.255329;34.5811;89.2868;67.9584;14.8239;9.478;5.3459;3.1188;17.7376
60R_60V_04I_05M;LR2_2_2;2;1;60;04;05;10;100;100;68.6567;93.47245;13.5345;83.7456;64.9162;12.9232;9.2731;3.65;0.8313;15.8212
60R_60V_04I_05M;LR2_2_3;2;1;60;04;05;8.3333;100;96.9231;93.5897;95.28202;68.2651;85.772;79.0631;17.723;10.492;7.231;0.5314;0.952
60R_60V_04I_05M;LR2_2_4;2;1;60;04;05;6.6667;100;100;67.3077;90.673075;30.5014;95.1558;69.7743;8.5234;5.6133;2.9101;0;0.0239
60R_60V_04I_05M;LR2_2_5;2;1;60;04;05;11.6667;100;100;93.75;96.428571;54.7337;88.4276;70.194;13.7606;9.0272;4.7334;1.3073;16.2142
60R_60V_04I_06M;LR1_2_1;1;1;60;04;06;35;100;96.9231;15.3846;64.340662;19.3531;94.3028;54.9496;30.6573;17.7446;12.9126;1.2344;31.4355
60R_60V_04I_06M;LR1_2_2;1;1;60;04;06;30;100;95.3846;34.6154;68.518528;19.4737;94.9796;52.8844;34.875;22.659;12.2161;2.5613;17.0848
60R_60V_04I_06M;LR1_2_3;1;1;60;04;06;26.6667;100;100;25.5814;59.274694;31.2165;90.1742;47.0357;28.1078;16.159300000000002;11.9485;2.037;4.5336
60R_60V_04I_06M;LR1_2_4;1;1;60;04;06;16.6667;100;97.2222;20.9302;72.11339;43.8968;78.2041;63.0315;15.389;11.1497;4.2393;0.0383;1.3252
60R_60V_04I_06M;LR1_2_5;1;1;60;04;06;30;100;100;37.931;67.335739;40.837;89.3926;71.3895;32.3491;20.617;11.7321;0.5438;16.4774
60R_60V_04I_06M;LR1_2_1;1;1;60;04;06;38.3333;100;96.9231;17.9487;62.63657;19.1831;96.4789;50.068;32.9963;18.1063;14.89;2.7516;27.1959
60R_60V_04I_06M;LR1_2_2;1;1;60;04;06;33.3333;100;91.0256;28.8462;59.333325;26.9012;98.9689;51.8664;43.855;26.9717;16.8833;3.1726;17.3665
60R_60V_04I_06M;LR1_2_3;1;1;60;04;06;26.6667;100;91.8605;20.9302;55.826756;16.149;98.573;47.9588;24.4392;14.5159;9.9233;1.9273;6.7749
60R_60V_04I_06M;LR1_2_4;1;1;60;04;06;16.6667;100;95.8333;36.0465;68.20337;45.4989;79.6319;63.256;19.504;12.7783;6.7257;0;0.76
60R_60V_04I_06M;LR1_2_5;1;1;60;04;06;30;100;91.6667;29.0698;63.904678;31.3422;94.5363;69.2392;37.7973;22.4501;15.3472;0.4889;13.2834
60R_60V_04I_06M;LR1_2_1;1;1;60;04;06;36.6667;100;96.9231;17.9487;63.409095;23.4577;98.9628;55.5889;31.355;18.076;13.279;1.7444;33.0143
60R_60V_04I_06M;LR1_2_2;1;1;60;04;06;31.6667;100;98.4615;23.0769;61.781374;15.7078;85.9087;52.6722;34.5356;19.2427;15.2929;2.5545;17.9683
60R_60V_04I_06M;LR1_2_3;1;1;60;04;06;25;100;100;25;60.320473;33.2699;99.0252;50.4571;27.7873;16.8565;10.9308;0.0295;3.8756
60R_60V_04I_06M;LR1_2_4;1;1;60;04;06;16.6667;100;100;10.3448;70.91497;24.5849;78.344;61.8389;15.7993;10.5197;5.2796;0.3736;0.4633
60R_60V_04I_06M;LR1_2_5;1;1;60;04;06;30;100;96.5517;12.5;63.382306;24.7363;92.4133;68.796;34.2822;22.3227;11.9595;3.2449;16.8791
60R_60V_04I_06M;LR1_2_1;1;1;60;04;06;36.6667;100;98.7179;15.3846;62.692309;20.6258;97.9145;53.4176;30.8801;17.8234;13.0567;3.4978;27.6464
60R_60V_04I_06M;LR1_2_2;1;1;60;04;06;33.3333;100;98.0769;23.0769;60.30769;20.1085;98.0473;51.9168;36.6842;21.5474;15.1368;2.771;20.1733
60R_60V_04I_06M;LR1_2_3;1;1;60;04;06;25;100;98.2759;24.4186;53.849233;25.9013;98.8429;50.9697;26.7578;15.5178;11.24;1.3043;7.4905
60R_60V_04I_06M;LR1_2_4;1;1;60;04;06;18.3333;100;97.2222;46.5116;70.067255;31.664;76.6651;56.4089;17.9415;11.621;6.3205;0.3484;2.5191
60R_60V_04I_06M;LR1_2_5;1;1;60;04;06;31.6667;100;100;18.6047;59.419332;43.8844;93.3304;68.4041;35.9644;20.7543;15.2101;1.08;16.1689
60R_60V_04I_06M;LR1_2_1;1;1;60;04;06;33.3333;100;96.9231;25.641;65.17949;19.7495;97.2646;59.471;28.5458;16.826;11.7198;2.8343;35.4748
60R_60V_04I_06M;LR1_2_2;1;1;60;04;06;28.3333;100;96.1538;28.8462;73.122165;19.014;97.826;56.5286;36.3888;23.0383;13.3505;1.8306;14.6112
60R_60V_04I_06M;LR1_2_3;1;1;60;04;06;26.6667;100;93.0556;16.2791;58.1967;13.424;97.9577;47.3721;26.217;14.9465;11.2706;1.0935;7.4413
60R_60V_04I_06M;LR1_2_4;1;1;60;04;06;18.3333;100;100;33.3333;66.335855;29.2833;78.3394;56.766;16.0946;11.0734;5.0212;0.0586;0.1262
60R_60V_04I_06M;LR1_2_5;1;1;60;04;06;31.6667;100;100;25;58.692205;22.477;95.2726;66.2938;38.4474;23.0719;15.3756;2.0183;14.6907
60R_60V_04I_06M;LR2_2_1;2;1;60;04;06;11.6667;100;100;79.6296;93.525714;22.9176;88.6249;66.8632;10.605;6.1935;4.4115;3.3682;19.1096
60R_60V_04I_06M;LR2_2_2;2;1;60;04;06;10;100;97.5;33.75;82.129633;23.3625;83.0895;65.6431;14.3347;9.2697;5.065;0.6868;12.8333
60R_60V_04I_06M;LR2_2_3;2;1;60;04;06;10;100;100;6.1538;82.072617;7.6355;82.168;65.8446;13.6918;8.7519;4.9399;0.8983;2.6523
60R_60V_04I_06M;LR2_2_4;2;1;60;04;06;6.6667;100;100;93.5897;97.243575;24.5179;94.9515;69.9179;6.7964;4.5052;2.2912;0.0055;0
60R_60V_04I_06M;LR2_2_5;2;1;60;04;06;11.6667;100;100;85.0746;96.260657;54.0777;88.2063;71.1418;12.3369;7.7614;4.5755;5.04;14.968
60R_60V_04I_06M;LR2_2_1;2;1;60;04;06;13.3333;100;100;55.2239;87.516413;8.9408;90.37;59.3236;10.5631;6.8953;3.6678;1.3683;23.6418
60R_60V_04I_06M;LR2_2_2;2;1;60;04;06;8.3333;100;98.5075;78.75;92.75748;60.6584;82.4458;74.2811;13.4262;8.4467;4.9795;2.5925;12.4987
60R_60V_04I_06M;LR2_2_3;2;1;60;04;06;11.6667;100;100;71.7949;87.325986;15.871;85.1523;55.1874;12.2512;7.5022;4.749;3.2656;5.9231
60R_60V_04I_06M;LR2_2_4;2;1;60;04;06;6.6667;100;98.7179;96.1538;97.467925;26.5945;98.9207;68.4845;8.2546;4.8819;3.3727;0.2175;0
60R_60V_04I_06M;LR2_2_5;2;1;60;04;06;11.6667;100;100;82.0896;93.691371;38.4832;90.8682;67.3263;11.8657;7.0066;4.8591;2.7096;20.2429
60R_60V_04I_06M;LR2_2_1;2;1;60;04;06;11.6667;100;100;62.963;90.8897;32.9116;88.415;67.0668;11.0719;7.5239;3.548;4.3008;20.6868
60R_60V_04I_06M;LR2_2_2;2;1;60;04;06;8.3333;100;100;81.25;93.16046;58.557;86.2588;75.777;14.1559;8.5786;5.5773;2.2545;8.8871
60R_60V_04I_06M;LR2_2_3;2;1;60;04;06;10;100;100;24.359;84.572633;8.6146;83.9037;64.7592;11.9051;7.1345;4.7706;1.0629;6.1516
60R_60V_04I_06M;LR2_2_4;2;1;60;04;06;6.6667;100;100;93.8462;97.115375;61.5314;86.4458;70.2684;7.6191;4.82;2.7991;0.5443;0.6332
60R_60V_04I_06M;LR2_2_5;2;1;60;04;06;11.6667;100;98.75;93.75;97.344714;47.9795;86.1901;69.8744;12.2453;7.3598;4.8855;3.2235;23.433
60R_60V_04I_06M;LR2_2_1;2;1;60;04;06;11.6667;100;100;65;92.326757;29.9207;89.7811;67.3342;10.1276;6.3222;3.8055;2.3455;26.0334
60R_60V_04I_06M;LR2_2_2;2;1;60;04;06;8.3333;100;100;91.25;95.52778;58.3365;87.6698;74.9877;13.4104;7.9743;5.4361;2.1646;8.4178
60R_60V_04I_06M;LR2_2_3;2;1;60;04;06;10;100;100;92.3077;95.512817;11.9116;84.6919;64.4441;11.5423;7.3174;4.2249;1.3826;5.9844
60R_60V_04I_06M;LR2_2_4;2;1;60;04;06;10;100;98.7179;30.7692;77.64955;11.254;92.1345;46.9987;7.5462;4.9676;2.5786;0;0.1395
60R_60V_04I_06M;LR2_2_5;2;1;60;04;06;11.6667;100;100;92.5;97.643929;49.2213;90.7732;70.7599;11.4141;7.1345;4.2796;3.4027;24.2135
60R_60V_04I_06M;LR2_2_1;2;1;60;04;06;11.6667;100;100;24.0741;86.762714;23.0552;88.4114;67.0463;10.3339;6.7095;3.6245;2.1844;25.1677
60R_60V_04I_06M;LR2_2_2;2;1;60;04;06;8.3333;100;100;88.0597;94.67538;53.5933;85.8505;74.1194;11.5012;7.2941;4.2071;4.3;11.759
60R_60V_04I_06M;LR2_2_3;2;1;60;04;06;10;100;100;27.6923;84.786333;6.856;82.2911;64.6587;11.8126;7.5179;4.2946;1.2906;4.492
60R_60V_04I_06M;LR2_2_4;2;1;60;04;06;8.3333;83.3333;100;71.1538;88.641;11.2781;93.6414;54.3338;7.6183;5.2018;2.4165;0;0
60R_60V_04I_06M;LR2_2_5;2;1;60;04;06;13.3333;100;100;73.1343;94.384838;19.2426;87.2533;61.2905;14.4281;8.8435;5.5846;2.8268;19.8309
06R_06V_02I_03M;lr101;1;1;06;02;03;100;100;60.4651;17.3077;32.718167;49.9087;68.7826;56.8196;14.2203;11.5478;2.6725;2.9939;14.3392
06R_06V_02I_03M;lr102;1;1;06;02;03;50;66.6667;68.4211;41.6667;53.3626;65.8217;90.5522;78.587;10.0435;10.0435;0;0;1.0038
06R_06V_02I_03M;lr103;1;1;06;02;03;50;66.6667;100;59.375;73.637833;56.0957;76.6522;65.9478;14.2043;14.2043;0;0;0
06R_06V_02I_03M;lr104;1;1;06;02;03;50;33.3333;88.4615;36.3636;57.4417;47.3522;73.4478;62.4841;19.1478;19.1478;0;0;2.594
06R_06V_02I_03M;lr105;1;1;06;02;03;66.6667;66.6667;88.4615;16.2791;46.790475;31.387;72.6957;51.363;15.0348;15.0348;0;0;5.287
06R_06V_02I_03M;lr101;1;1;06;02;03;100;100;60.4651;17.3077;32.718167;49.9087;68.7826;56.8196;14.2203;11.5478;2.6725;2.9939;14.3392
06R_06V_02I_03M;lr102;1;1;06;02;03;50;66.6667;68.4211;10.4167;42.945933;75.9304;80.4435;78.587;10.0435;10.0435;0;0;7.4304
06R_06V_02I_03M;lr103;1;1;06;02;03;50;66.6667;100;59.375;73.637833;56.0957;76.6522;65.9478;14.2043;14.2043;0;0;0
06R_06V_02I_03M;lr104;1;1;06;02;03;50;33.3333;73.0769;30;53.525633;47.3522;73.4478;62.4841;19.1478;19.1478;0;0;2.594
06R_06V_02I_03M;lr105;1;1;06;02;03;66.6667;66.6667;88.4615;13.4615;46.086075;31.387;72.6957;51.363;15.0348;15.0348;0;0;5.287
06R_06V_02I_03M;lr101;1;1;06;02;03;100;100;60.4651;17.3077;32.718167;49.9087;68.7826;56.8196;14.2203;11.5478;2.6725;2.9939;14.3392
06R_06V_02I_03M;lr102;1;1;06;02;03;50;66.6667;76.3158;10.4167;43.853367;75.9304;80.4435;78.587;10.0435;10.0435;0;0;7.4304
06R_06V_02I_03M;lr103;1;1;06;02;03;50;66.6667;73.0769;50;61.538467;56.0957;76.6522;65.9478;17.8957;14.2978;3.5978;0;0
06R_06V_02I_03M;lr104;1;1;06;02;03;50;33.3333;69.697;30;49.065667;47.3522;73.4478;62.4841;19.1478;19.1478;0;0;2.594
06R_06V_02I_03M;lr105;1;1;06;02;03;66.6667;66.6667;88.4615;20.5882;47.86775;31.387;72.6957;51.363;15.0348;15.0348;0;0;5.287
06R_06V_02I_03M;lr101;1;1;06;02;03;100;100;60.4651;17.3077;32.718167;49.9087;68.7826;56.8196;14.2203;11.5478;2.6725;2.9939;14.3392
06R_06V_02I_03M;lr102;1;1;06;02;03;50;66.6667;79.3103;8.6207;54.748933;75.9304;80.4435;78.587;10.0435;10.0435;0;0;7.4304
06R_06V_02I_03M;lr103;1;1;06;02;03;50;66.6667;59.375;50;53.125;56.0957;76.6522;65.9478;17.8957;14.2978;3.5978;0;0
06R_06V_02I_03M;lr104;1;1;06;02;03;50;33.3333;73.0769;30;57.5913;47.3522;73.4478;62.4841;19.1478;19.1478;0;0;2.594
06R_06V_02I_03M;lr105;1;1;06;02;03;66.6667;66.6667;88.4615;16.2791;46.40575;31.387;72.6957;51.363;15.0348;15.0348;0;0;5.287
06R_06V_02I_03M;lr101;1;1;06;02;03;100;100;60.4651;17.3077;32.718167;49.9087;68.7826;56.8196;14.2203;11.5478;2.6725;2.9939;14.3392
06R_06V_02I_03M;lr102;1;1;06;02;03;50;66.6667;54.1667;34.4828;46.2165;65.8217;90.5522;78.587;10.0435;10.0435;0;0;1.0038
06R_06V_02I_03M;lr103;1;1;06;02;03;50;66.6667;73.0769;42.1053;58.185733;56.0957;76.6522;65.9478;17.8957;14.2978;3.5978;0;0
06R_06V_02I_03M;lr104;1;1;06;02;03;50;33.3333;73.0769;30;57.5913;47.3522;73.4478;62.4841;19.1478;19.1478;0;0;2.594
06R_06V_02I_03M;lr105;1;1;06;02;03;66.6667;66.6667;88.4615;16.2791;46.40575;31.387;72.6957;51.363;15.0348;15.0348;0;0;5.287
06R_06V_02I_03M;lr201;2;1;06;02;03;33.3333;66.6667;86.5385;46.5116;66.52505;20.009;64.179;42.094;3.3625;2.69;0.6725;14.0467;34.9392
06R_06V_02I_03M;lr202;2;1;06;02;03;33.3333;66.6667;92.1053;61.5385;76.8219;22.875;37.729;30.302;2.569;2.569;0;0;0.493
06R_06V_02I_03M;lr203;2;1;06;02;03;16.6667;100;100;100;100;67.669;67.669;67.669;5.3127;4.2233;1.0893;6.8421;2.0467
06R_06V_02I_03M;lr204;2;1;06;02;03;16.6667;100;86.8421;86.8421;86.8421;55.982;55.982;55.982;1.816;1.4827;0.3333;0;0
06R_06V_02I_03M;lr205;2;1;06;02;03;16.6667;33.3333;95.3488;95.3488;95.3488;55.163;55.163;55.163;2.04;2.04;0;0;2.0992
06R_06V_02I_03M;lr201;2;1;06;02;03;33.3333;66.6667;86.5385;46.5116;66.52505;20.009;64.179;42.094;3.3625;2.69;0.6725;14.0467;34.9392
06R_06V_02I_03M;lr202;2;1;06;02;03;33.3333;66.6667;92.1053;61.5385;76.8219;22.875;37.729;30.302;2.569;2.569;0;0;0.493
06R_06V_02I_03M;lr203;2;1;06;02;03;16.6667;100;87.5;87.5;87.5;67.669;67.669;67.669;5.3127;4.2233;1.0893;5.3348;1.93
06R_06V_02I_03M;lr204;2;1;06;02;03;16.6667;100;86.8421;86.8421;86.8421;55.982;55.982;55.982;1.816;1.4827;0.3333;0;0
06R_06V_02I_03M;lr205;2;1;06;02;03;16.6667;33.3333;88.4615;88.4615;88.4615;55.163;55.163;55.163;2.04;2.04;0;0;0
06R_06V_02I_03M;lr201;2;1;06;02;03;33.3333;66.6667;86.5385;58.8235;72.681;20.009;64.179;42.094;3.3625;2.69;0.6725;14.0467;34.9392
06R_06V_02I_03M;lr202;2;1;06;02;03;33.3333;66.6667;73.6842;50;61.8421;22.875;37.729;30.302;2.569;2.569;0;0;8.9043
06R_06V_02I_03M;lr203;2;1;06;02;03;16.6667;100;87.5;87.5;87.5;67.669;67.669;67.669;5.3127;4.2233;1.0893;5.3348;1.93
06R_06V_02I_03M;lr204;2;1;06;02;03;16.6667;100;86.8421;86.8421;86.8421;55.982;55.982;55.982;1.816;1.4827;0.3333;0;0
06R_06V_02I_03M;lr205;2;1;06;02;03;16.6667;33.3333;100;100;100;55.163;55.163;55.163;2.04;2.04;0;0;0
06R_06V_02I_03M;lr201;2;1;06;02;03;33.3333;66.6667;86.5385;58.8235;72.681;20.009;64.179;42.094;3.3625;2.69;0.6725;14.0467;34.9392
06R_06V_02I_03M;lr202;2;1;06;02;03;33.3333;66.6667;87.5;61.5385;74.51925;22.875;37.729;30.302;3.182;2.5495;0.6325;2.8307;2.8307
06R_06V_02I_03M;lr203;2;1;06;02;03;16.6667;100;100;100;100;67.669;67.669;67.669;4.777;4.2093;0.5677;8.9598;2.0467
06R_06V_02I_03M;lr204;2;1;06;02;03;16.6667;100;86.8421;86.8421;86.8421;55.982;55.982;55.982;1.816;1.4827;0.3333;0;0
06R_06V_02I_03M;lr205;2;1;06;02;03;16.6667;33.3333;100;100;100;55.163;55.163;55.163;2.04;2.04;0;0;1.0931
06R_06V_02I_03M;lr201;2;1;06;02;03;33.3333;66.6667;86.5385;46.5116;66.52505;20.009;64.179;42.094;3.3625;2.69;0.6725;14.0467;34.9392
06R_06V_02I_03M;lr202;2;1;06;02;03;33.3333;66.6667;92.1053;61.5385;76.8219;22.875;37.729;30.302;3.182;2.5495;0.6325;0;0
06R_06V_02I_03M;lr203;2;1;06;02;03;16.6667;100;87.5;87.5;87.5;67.669;67.669;67.669;4.2693;3.18;1.0893;1.7955;1.1719
06R_06V_02I_03M;lr204;2;1;06;02;03;16.6667;100;86.8421;86.8421;86.8421;55.982;55.982;55.982;1.816;1.4827;0.3333;0;0
06R_06V_02I_03M;lr205;2;1;06;02;03;16.6667;33.3333;88.4615;88.4615;88.4615;55.163;55.163;55.163;2.04;2.04;0;0;1.0931
06R_06V_02I_04M;lr101;1;1;06;02;04;100;75;76.4706;18.6047;33.827033;47.087;64.4478;55.3471;13.8116;11.1391;2.6725;3.1733;14.7683
06R_06V_02I_04M;lr102;1;1;06;02;04;50;50;68.4211;41.6667;53.3626;65.8217;90.5522;78.587;10.0435;10.0435;0;0;1.0038
06R_06V_02I_04M;lr103;1;1;06;02;04;50;50;59.375;50;53.125;56.0957;76.6522;65.5435;17.9304;14.3326;3.5978;0;0
06R_06V_02I_04M;lr104;1;1;06;02;04;50;25;88.4615;36.3636;57.4417;45.5391;73.4478;61.8797;18.4435;18.4435;0;0;2.594
06R_06V_02I_04M;lr105;1;1;06;02;04;66.6667;75;88.4615;16.2791;46.790475;31.387;72.6957;51.2826;12.7377;10.0739;2.6638;0;5.3131
06R_06V_02I_04M;lr101;1;1;06;02;04;100;75;60.4651;15.3846;32.88785;47.087;64.4478;55.3471;13.8116;11.1391;2.6725;3.1733;14.7683
06R_06V_02I_04M;lr102;1;1;06;02;04;50;50;68.4211;10.4167;42.945933;75.9304;80.4435;78.587;10.0435;10.0435;0;0;7.4304
06R_06V_02I_04M;lr103;1;1;06;02;04;50;50;73.0769;50;65.3846;56.0957;76.6522;65.5435;17.9304;14.3326;3.5978;0;0
06R_06V_02I_04M;lr104;1;1;06;02;04;50;25;73.0769;30;53.525633;45.5391;73.4478;61.8797;18.4435;18.4435;0;0;2.594
06R_06V_02I_04M;lr105;1;1;06;02;04;66.6667;75;88.4615;13.4615;46.086075;31.387;72.6957;51.2826;12.7377;10.0739;2.6638;0;5.3131
06R_06V_02I_04M;lr101;1;1;06;02;04;100;75;76.4706;18.6047;33.827033;47.087;64.4478;55.3471;13.8116;11.1391;2.6725;3.1733;14.7683
06R_06V_02I_04M;lr102;1;1;06;02;04;50;50;76.3158;10.4167;43.853367;75.9304;80.4435;78.587;10.0435;10.0435;0;0;7.4304
06R_06V_02I_04M;lr103;1;1;06;02;04;50;50;73.0769;50;61.538467;56.0957;76.6522;65.5435;17.9304;14.3326;3.5978;0;0
06R_06V_02I_04M;lr104;1;1;06;02;04;50;25;69.697;30;49.065667;45.5391;73.4478;61.8797;18.4435;18.4435;0;0;2.594
06R_06V_02I_04M;lr105;1;1;06;02;04;66.6667;75;88.4615;20.5882;47.86775;31.387;72.6957;51.2826;12.7377;10.0739;2.6638;0;5.3131
06R_06V_02I_04M;lr101;1;1;06;02;04;100;75;50;16.2791;32.19335;47.087;64.4478;55.3471;13.8116;11.1391;2.6725;3.1733;14.7683
06R_06V_02I_04M;lr102;1;1;06;02;04;50;50;79.3103;8.6207;54.748933;75.9304;80.4435;78.587;10.0435;10.0435;0;0;7.4304
06R_06V_02I_04M;lr103;1;1;06;02;04;50;50;59.375;50;53.125;56.0957;76.6522;65.5435;17.9304;14.3326;3.5978;0;0
06R_06V_02I_04M;lr104;1;1;06;02;04;50;25;73.0769;30;57.5913;45.5391;73.4478;61.8797;18.4435;18.4435;0;0;2.594
06R_06V_02I_04M;lr105;1;1;06;02;04;66.6667;75;88.4615;16.2791;46.40575;31.387;72.6957;51.2826;12.7377;10.0739;2.6638;0;5.3131
06R_06V_02I_04M;lr101;1;1;06;02;04;100;75;60.4651;13.4615;34.288733;47.087;64.4478;55.3471;13.8116;11.1391;2.6725;3.1733;14.7683
06R_06V_02I_04M;lr102;1;1;06;02;04;50;50;54.1667;34.4828;46.2165;65.8217;90.5522;78.587;10.0435;10.0435;0;0;1.0038
06R_06V_02I_04M;lr103;1;1;06;02;04;50;50;73.0769;42.1053;58.185733;56.0957;76.6522;65.5435;17.9304;14.3326;3.5978;0;0
06R_06V_02I_04M;lr104;1;1;06;02;04;50;25;73.0769;30;57.5913;45.5391;73.4478;61.8797;18.4435;18.4435;0;0;2.594
06R_06V_02I_04M;lr105;1;1;06;02;04;66.6667;75;88.4615;16.2791;46.40575;31.387;72.6957;51.2826;12.7377;10.0739;2.6638;0;5.3131
06R_06V_02I_04M;lr201;2;1;06;02;04;33.3333;50;86.5385;46.5116;66.52505;20.009;64.004;42.0065;3.3625;2.69;0.6725;14.2202;34.9915
06R_06V_02I_04M;lr202;2;1;06;02;04;33.3333;50;92.1053;61.5385;76.8219;22.875;37.729;30.302;2.569;2.569;0;0;0.493
06R_06V_02I_04M;lr203;2;1;06;02;04;16.6667;75;100;100;100;67.669;67.669;67.669;5.3127;4.2233;1.0893;6.8421;2.0467
06R_06V_02I_04M;lr204;2;1;06;02;04;16.6667;75;93.75;93.75;93.75;55.306;55.306;55.306;1.7533;1.4513;0.302;0;0
06R_06V_02I_04M;lr205;2;1;06;02;04;16.6667;25;95.3488;95.3488;95.3488;54.92;54.92;54.92;2.01;2.01;0;0;2.3835
06R_06V_02I_04M;lr201;2;1;06;02;04;33.3333;50;86.5385;46.5116;66.52505;20.009;64.004;42.0065;3.3625;2.69;0.6725;14.2202;34.9915
06R_06V_02I_04M;lr202;2;1;06;02;04;33.3333;50;92.1053;61.5385;76.8219;22.875;37.729;30.302;2.569;2.569;0;0;0.493
06R_06V_02I_04M;lr203;2;1;06;02;04;16.6667;75;87.5;87.5;87.5;67.669;67.669;67.669;5.3127;4.2233;1.0893;5.3348;1.93
06R_06V_02I_04M;lr204;2;1;06;02;04;16.6667;75;93.75;93.75;93.75;55.306;55.306;55.306;1.7533;1.4513;0.302;0;0
06R_06V_02I_04M;lr205;2;1;06;02;04;16.6667;25;88.4615;88.4615;88.4615;54.92;54.92;54.92;2.01;2.01;0;0;0
06R_06V_02I_04M;lr201;2;1;06;02;04;33.3333;50;86.5385;58.8235;72.681;20.009;64.004;42.0065;3.3625;2.69;0.6725;14.2202;34.9915
06R_06V_02I_04M;lr202;2;1;06;02;04;33.3333;50;73.6842;50;61.8421;22.875;37.729;30.302;2.569;2.569;0;0;8.9043
06R_06V_02I_04M;lr203;2;1;06;02;04;16.6667;75;87.5;87.5;87.5;67.669;67.669;67.669;5.3127;4.2233;1.0893;5.3348;1.93
06R_06V_02I_04M;lr204;2;1;06;02;04;16.6667;75;93.75;93.75;93.75;55.306;55.306;55.306;1.7533;1.4513;0.302;0;0
06R_06V_02I_04M;lr205;2;1;06;02;04;16.6667;25;100;100;100;54.92;54.92;54.92;2.01;2.01;0;0;0
06R_06V_02I_04M;lr201;2;1;06;02;04;33.3333;50;86.5385;58.8235;72.681;20.009;64.004;42.0065;3.3625;2.69;0.6725;14.2202;34.9915
06R_06V_02I_04M;lr202;2;1;06;02;04;33.3333;50;87.5;61.5385;74.51925;22.875;37.729;30.302;3.182;2.5495;0.6325;2.8307;2.8307
06R_06V_02I_04M;lr203;2;1;06;02;04;16.6667;75;100;100;100;67.669;67.669;67.669;4.777;4.2093;0.5677;8.9598;2.0467
06R_06V_02I_04M;lr204;2;1;06;02;04;16.6667;75;78.9474;78.9474;78.9474;55.306;55.306;55.306;1.7533;1.4513;0.302;0;0
06R_06V_02I_04M;lr205;2;1;06;02;04;16.6667;25;100;100;100;54.92;54.92;54.92;2.01;2.01;0;0;1.3729
06R_06V_02I_04M;lr201;2;1;06;02;04;33.3333;50;86.5385;46.5116;66.52505;20.009;64.004;42.0065;3.3625;2.69;0.6725;14.2202;34.9915
06R_06V_02I_04M;lr202;2;1;06;02;04;33.3333;50;92.1053;61.5385;76.8219;22.875;37.729;30.302;3.182;2.5495;0.6325;0;0
06R_06V_02I_04M;lr203;2;1;06;02;04;16.6667;75;87.5;87.5;87.5;67.669;67.669;67.669;4.2693;3.18;1.0893;1.7955;1.1719
06R_06V_02I_04M;lr204;2;1;06;02;04;16.6667;75;93.75;93.75;93.75;55.306;55.306;55.306;1.7533;1.4513;0.302;0;0
06R_06V_02I_04M;lr205;2;1;06;02;04;16.6667;25;88.4615;88.4615;88.4615;54.92;54.92;54.92;2.01;2.01;0;0;1.3729
06R_06V_04I_03M;lr101;1;1;06;04;03;100;100;60.4651;15.3846;31.85395;29.1826;84.8;56.8623;45.6449;26.8377;18.8072;0;12.3078
06R_06V_04I_03M;lr102;1;1;06;04;03;50;100;94.8276;50;65.819733;85.1853;93.9138;89.0704;41.467;34.0057;7.4612;1.0356;3.6546
06R_06V_04I_03M;lr103;1;1;06;04;03;50;66.6667;73.0769;18.4211;50.291;42.9826;86.1913;65.0536;23.5152;23.5152;0;0;0
06R_06V_04I_03M;lr104;1;1;06;04;03;50;100;73.0769;46.1538;56.410233;45.7652;86.4739;68.0493;26.4304;19.4232;7.0072;0.2157;1.1145
06R_06V_04I_03M;lr105;1;1;06;04;03;66.6667;100;88.4615;20.5882;50.073625;35.9391;71.0739;56.687;38.342;25.0029;13.3391;0;1.5636
06R_06V_04I_03M;lr101;1;1;06;04;03;100;100;50;16.2791;30.74905;29.1826;84.8;56.8623;45.6449;26.8377;18.8072;0;12.3078
06R_06V_04I_03M;lr102;1;1;06;04;03;50;100;94.8276;39.5833;62.3475;85.1853;93.9138;89.0704;41.467;34.0057;7.4612;1.0356;3.6546
06R_06V_04I_03M;lr103;1;1;06;04;03;50;66.6667;73.0769;18.4211;50.291;42.9826;86.1913;65.0536;23.5152;23.5152;0;0;0
06R_06V_04I_03M;lr104;1;1;06;04;03;50;100;50;46.1538;47.8846;45.7652;86.4739;68.0493;26.4304;19.4232;7.0072;0.2157;1.1145
06R_06V_04I_03M;lr105;1;1;06;04;03;66.6667;100;88.4615;20.5882;50.53535;35.9391;71.0739;56.687;38.342;25.0029;13.3391;0;1.5636
06R_06V_04I_03M;lr101;1;1;06;04;03;100;100;60.4651;15.3846;33.412683;29.1826;84.8;56.8623;45.6449;26.8377;18.8072;0;12.3078
06R_06V_04I_03M;lr102;1;1;06;04;03;50;100;94.8276;50;65.819733;85.1853;93.9138;89.0704;41.467;34.0057;7.4612;1.0356;3.6546
06R_06V_04I_03M;lr103;1;1;06;04;03;50;66.6667;73.0769;18.4211;50.291;42.9826;86.1913;65.0536;23.5152;23.5152;0;0;0
06R_06V_04I_03M;lr104;1;1;06;04;03;50;100;76.9231;46.1538;60.217567;45.7652;86.4739;68.0493;26.4304;19.4232;7.0072;0.2157;1.1145
06R_06V_04I_03M;lr105;1;1;06;04;03;66.6667;100;88.4615;16.2791;48.99635;35.9391;71.0739;56.687;38.342;25.0029;13.3391;0;1.5636
06R_06V_04I_03M;lr101;1;1;06;04;03;100;100;76.4706;13.4615;35.429167;29.1826;84.8;56.8623;45.6449;26.8377;18.8072;0;12.3078
06R_06V_04I_03M;lr102;1;1;06;04;03;50;100;94.8276;39.5833;62.3475;85.1853;93.9138;89.0704;41.467;34.0057;7.4612;1.0356;3.6546
06R_06V_04I_03M;lr103;1;1;06;04;03;50;66.6667;73.0769;18.4211;50.291;42.9826;86.1913;65.0536;23.5152;23.5152;0;0;0
06R_06V_04I_03M;lr104;1;1;06;04;03;50;100;76.9231;46.1538;56.858967;45.7652;86.4739;68.0493;26.4304;19.4232;7.0072;0.2157;1.1145
06R_06V_04I_03M;lr105;1;1;06;04;03;66.6667;100;88.4615;16.2791;46.533975;35.9391;71.0739;56.687;38.342;25.0029;13.3391;0;1.5636
06R_06V_04I_03M;lr101;1;1;06;04;03;100;100;76.4706;13.4615;33.9967;29.1826;84.8;56.8623;45.6449;26.8377;18.8072;0;12.3078
06R_06V_04I_03M;lr102;1;1;06;04;03;50;100;94.8276;41.6667;62.164767;85.1853;93.9138;89.0704;41.467;34.0057;7.4612;1.0356;3.6546
06R_06V_04I_03M;lr103;1;1;06;04;03;50;66.6667;73.0769;18.4211;50.291;42.9826;86.1913;65.0536;23.5152;23.5152;0;0;0
06R_06V_04I_03M;lr104;1;1;06;04;03;50;100;76.9231;30;60;45.7652;86.4739;68.0493;26.4304;19.4232;7.0072;0.2157;1.1145
06R_06V_04I_03M;lr105;1;1;06;04;03;66.6667;100;88.4615;20.5882;47.61125;35.9391;71.0739;56.687;38.342;25.0029;13.3391;0;1.5636
06R_06V_04I_03M;lr201;2;1;06;04;03;33.3333;100;86.5385;46.5116;66.52505;18.162;72.217;45.1895;7.0553;5.7777;1.2777;11.0223;34.1747
06R_06V_04I_03M;lr202;2;1;06;04;03;16.6667;100;73.6842;73.6842;73.6842;54.787;54.787;54.787;8.022;5.4947;2.5273;0;0.3158
06R_06V_04I_03M;lr203;2;1;06;04;03;16.6667;66.6667;100;100;100;68.501;68.501;68.501;14.295;11.7885;2.5065;5.6758;0.8642
06R_06V_04I_03M;lr204;2;1;06;04;03;33.3333;100;81.5789;23.6842;52.63155;19.357;41.69;30.5235;11.2123;6.9837;4.2287;0;0
06R_06V_04I_03M;lr205;2;1;06;04;03;16.6667;100;88.4615;88.4615;88.4615;53.522;53.522;53.522;6.8383;5.0673;1.771;0;0.0019
06R_06V_04I_03M;lr201;2;1;06;04;03;33.3333;100;86.5385;58.8235;72.681;18.162;72.217;45.1895;7.0553;5.7777;1.2777;11.0223;34.1747
06R_06V_04I_03M;lr202;2;1;06;04;03;16.6667;100;87.5;87.5;87.5;54.787;54.787;54.787;8.022;5.4947;2.5273;0;0.3158
06R_06V_04I_03M;lr203;2;1;06;04;03;16.6667;66.6667;100;100;100;68.501;68.501;68.501;14.295;11.7885;2.5065;6.7371;0.8642
06R_06V_04I_03M;lr204;2;1;06;04;03;33.3333;100;96.875;23.6842;60.2796;19.357;41.69;30.5235;11.2123;6.9837;4.2287;0;0
06R_06V_04I_03M;lr205;2;1;06;04;03;16.6667;100;88.4615;88.4615;88.4615;53.522;53.522;53.522;6.8383;5.0673;1.771;0;0.0019
06R_06V_04I_03M;lr201;2;1;06;04;03;33.3333;100;86.5385;46.5116;66.52505;18.162;72.217;45.1895;7.0553;5.7777;1.2777;11.0223;34.1747
06R_06V_04I_03M;lr202;2;1;06;04;03;16.6667;100;87.5;87.5;87.5;54.787;54.787;54.787;8.022;5.4947;2.5273;0;0.3158
06R_06V_04I_03M;lr203;2;1;06;04;03;16.6667;66.6667;87.5;87.5;87.5;68.501;68.501;68.501;12.346;9.8395;2.5065;7.1678;0.8642
06R_06V_04I_03M;lr204;2;1;06;04;03;33.3333;100;96.875;34.6154;65.7452;19.357;41.69;30.5235;11.2123;6.9837;4.2287;0;0
06R_06V_04I_03M;lr205;2;1;06;04;03;16.6667;100;88.4615;88.4615;88.4615;53.522;53.522;53.522;6.8383;5.0673;1.771;0;0.0019
06R_06V_04I_03M;lr201;2;1;06;04;03;33.3333;100;86.5385;58.8235;72.681;18.162;72.217;45.1895;7.0553;5.7777;1.2777;11.0223;34.1747
06R_06V_04I_03M;lr202;2;1;06;04;03;16.6667;100;87.5;87.5;87.5;54.787;54.787;54.787;6.46;5.4447;1.0153;0;0.2446
06R_06V_04I_03M;lr203;2;1;06;04;03;16.6667;66.6667;87.5;87.5;87.5;68.501;68.501;68.501;12.507;10.0005;2.5065;0;0
06R_06V_04I_03M;lr204;2;1;06;04;03;33.3333;100;96.875;34.6154;65.7452;19.357;41.69;30.5235;11.2123;6.9837;4.2287;0;0
06R_06V_04I_03M;lr205;2;1;06;04;03;16.6667;100;88.4615;88.4615;88.4615;53.522;53.522;53.522;6.8383;5.0673;1.771;0;0.0019
06R_06V_04I_03M;lr201;2;1;06;04;03;33.3333;100;86.5385;58.8235;72.681;18.162;72.217;45.1895;7.0553;5.7777;1.2777;11.0223;34.1747
06R_06V_04I_03M;lr202;2;1;06;04;03;16.6667;100;87.5;87.5;87.5;54.787;54.787;54.787;8.022;5.4947;2.5273;0;0.3158
06R_06V_04I_03M;lr203;2;1;06;04;03;16.6667;66.6667;100;100;100;68.501;68.501;68.501;14.295;11.7885;2.5065;5.6758;0.8642
06R_06V_04I_03M;lr204;2;1;06;04;03;33.3333;100;96.875;23.6842;60.2796;19.357;41.69;30.5235;11.2123;6.9837;4.2287;0;0
06R_06V_04I_03M;lr205;2;1;06;04;03;16.6667;100;88.4615;88.4615;88.4615;53.522;53.522;53.522;6.8383;5.0673;1.771;0;0.0019
06R_06V_04I_04M;lr101;1;1;06;04;04;100;100;76.4706;17.3077;33.75995;29.1826;80.8;54.8841;26.5446;19.9815;6.563;3.1961;12.8326
06R_06V_04I_04M;lr102;1;1;06;04;04;50;75;94.8276;10.4167;52.6253;80.9784;98.1552;88.1063;33.3362;33.3362;0;1.3459;4.1465
06R_06V_04I_04M;lr103;1;1;06;04;04;50;75;73.0769;18.4211;50.291;42.113;86.1913;64.7638;17.7145;15.5362;2.1783;0;0
06R_06V_04I_04M;lr104;1;1;06;04;04;50;100;73.0769;46.1538;56.410233;45.7652;84.5435;67.4058;18.2337;14.3913;3.8424;0.2157;1.1145
06R_06V_04I_04M;lr105;1;1;06;04;04;66.6667;100;88.4615;20.5882;50.073625;37.0348;68.5565;55.7859;25.0239;18.3457;6.6783;0;1.5174
06R_06V_04I_04M;lr101;1;1;06;04;04;100;100;60.4651;13.4615;32.12625;29.1826;80.8;54.8841;26.5446;19.9815;6.563;3.1961;12.8326
06R_06V_04I_04M;lr102;1;1;06;04;04;50;75;94.8276;10.4167;52.6253;80.9784;98.1552;88.1063;33.3362;33.3362;0;1.3459;4.1465
06R_06V_04I_04M;lr103;1;1;06;04;04;50;75;73.0769;18.4211;50.291;42.113;86.1913;64.7638;17.7145;15.5362;2.1783;0;0
06R_06V_04I_04M;lr104;1;1;06;04;04;50;100;50;46.1538;47.8846;45.7652;84.5435;67.4058;18.2337;14.3913;3.8424;0.2157;1.1145
06R_06V_04I_04M;lr105;1;1;06;04;04;66.6667;100;88.4615;16.2791;46.533975;37.0348;68.5565;55.7859;25.0239;18.3457;6.6783;0;1.5174
06R_06V_04I_04M;lr101;1;1;06;04;04;100;100;60.4651;13.4615;32.93125;29.1826;80.8;54.8841;26.5446;19.9815;6.563;3.1961;12.8326
06R_06V_04I_04M;lr102;1;1;06;04;04;50;75;94.8276;10.4167;52.6253;80.9784;98.1552;88.1063;33.3362;33.3362;0;1.3459;4.1465
06R_06V_04I_04M;lr103;1;1;06;04;04;50;75;73.0769;18.4211;50.291;42.113;86.1913;64.7638;17.7145;15.5362;2.1783;0;0
06R_06V_04I_04M;lr104;1;1;06;04;04;50;100;76.9231;46.1538;60.217567;45.7652;84.5435;67.4058;18.2337;14.3913;3.8424;0.2157;1.1145
06R_06V_04I_04M;lr105;1;1;06;04;04;66.6667;100;88.4615;20.5882;47.61125;37.0348;68.5565;55.7859;25.0239;18.3457;6.6783;0;1.5174
06R_06V_04I_04M;lr101;1;1;06;04;04;100;100;60.4651;13.4615;33.381100000000004;29.1826;80.8;54.8841;26.5446;19.9815;6.563;3.1961;12.8326
06R_06V_04I_04M;lr102;1;1;06;04;04;50;75;94.8276;10.4167;52.6253;80.9784;98.1552;88.1063;33.3362;33.3362;0;1.3459;4.1465
06R_06V_04I_04M;lr103;1;1;06;04;04;50;75;73.0769;18.4211;50.291;42.113;86.1913;64.7638;17.7145;15.5362;2.1783;0;0
06R_06V_04I_04M;lr104;1;1;06;04;04;50;100;76.9231;46.1538;56.858967;45.7652;84.5435;67.4058;18.2337;14.3913;3.8424;0.2157;1.1145
06R_06V_04I_04M;lr105;1;1;06;04;04;66.6667;100;88.4615;20.5882;50.53535;37.0348;68.5565;55.7859;25.0239;18.3457;6.6783;0;1.5174
06R_06V_04I_04M;lr101;1;1;06;04;04;100;100;76.4706;13.4615;33.56265;29.1826;80.8;54.8841;26.5446;19.9815;6.563;3.1961;12.8326
06R_06V_04I_04M;lr102;1;1;06;04;04;50;75;94.8276;10.4167;52.6253;80.9784;98.1552;88.1063;33.3362;33.3362;0;1.3459;4.1465
06R_06V_04I_04M;lr103;1;1;06;04;04;50;75;73.0769;18.4211;50.291;42.113;86.1913;64.7638;17.7145;15.5362;2.1783;0;0
06R_06V_04I_04M;lr104;1;1;06;04;04;50;100;76.9231;30;60;45.7652;84.5435;67.4058;18.2337;14.3913;3.8424;0.2157;1.1145
06R_06V_04I_04M;lr105;1;1;06;04;04;66.6667;100;88.4615;16.2791;48.99635;37.0348;68.5565;55.7859;25.0239;18.3457;6.6783;0;1.5174
06R_06V_04I_04M;lr201;2;1;06;04;04;33.3333;100;86.5385;58.8235;72.681;24.828;64.76;44.794;6.0072;4.3825;1.6248;12.2915;31.4308
06R_06V_04I_04M;lr202;2;1;06;04;04;16.6667;100;73.6842;73.6842;73.6842;54.787;54.787;54.787;6.7722;4.0925;2.6798;0;0.5622
06R_06V_04I_04M;lr203;2;1;06;04;04;16.6667;75;100;100;100;68.189;68.189;68.189;8.98;7.8613;1.1187;5.7971;0.8682
06R_06V_04I_04M;lr204;2;1;06;04;04;33.3333;100;81.5789;23.6842;52.63155;19.357;40.804;30.0805;6.196;5.219;0.977;0;0
06R_06V_04I_04M;lr205;2;1;06;04;04;16.6667;75;82.6923;82.6923;82.6923;53.522;53.522;53.522;5.74;5.1033;0.6367;0;0.8053
06R_06V_04I_04M;lr201;2;1;06;04;04;33.3333;100;86.5385;58.8235;72.681;24.828;64.76;44.794;6.0072;4.3825;1.6248;12.2915;31.4308
06R_06V_04I_04M;lr202;2;1;06;04;04;16.6667;100;87.5;87.5;87.5;54.787;54.787;54.787;6.7722;4.0925;2.6798;0;0.5622
06R_06V_04I_04M;lr203;2;1;06;04;04;16.6667;75;100;100;100;68.189;68.189;68.189;9.1697;7.819;1.3507;6.768;0.8682
06R_06V_04I_04M;lr204;2;1;06;04;04;33.3333;100;81.5789;34.6154;58.09715;19.357;40.804;30.0805;6.196;5.219;0.977;0;0
06R_06V_04I_04M;lr205;2;1;06;04;04;16.6667;75;100;100;100;53.522;53.522;53.522;5.74;5.1033;0.6367;0;1.037
06R_06V_04I_04M;lr201;2;1;06;04;04;33.3333;100;86.5385;58.8235;72.681;24.828;64.76;44.794;6.0072;4.3825;1.6248;12.2915;31.4308
06R_06V_04I_04M;lr202;2;1;06;04;04;16.6667;100;87.5;87.5;87.5;54.787;54.787;54.787;6.7722;4.0925;2.6798;0;0.5622
06R_06V_04I_04M;lr203;2;1;06;04;04;16.6667;75;87.5;87.5;87.5;68.189;68.189;68.189;8.9087;6.4483;2.4603;7.2006;0.8682
06R_06V_04I_04M;lr204;2;1;06;04;04;33.3333;100;96.875;34.6154;65.7452;19.357;40.804;30.0805;6.196;5.219;0.977;0;0
06R_06V_04I_04M;lr205;2;1;06;04;04;16.6667;75;100;100;100;53.522;53.522;53.522;6.8343;4.995;1.8393;0;0.9884
06R_06V_04I_04M;lr201;2;1;06;04;04;33.3333;100;86.5385;46.5116;66.52505;24.828;64.76;44.794;6.0072;4.3825;1.6248;12.2915;31.4308
06R_06V_04I_04M;lr202;2;1;06;04;04;16.6667;100;87.5;87.5;87.5;54.787;54.787;54.787;5.3665;4.0355;1.331;0;0.3924
06R_06V_04I_04M;lr203;2;1;06;04;04;16.6667;75;87.5;87.5;87.5;68.189;68.189;68.189;8.6377;6.4843;2.1533;0;0
06R_06V_04I_04M;lr204;2;1;06;04;04;33.3333;100;81.5789;34.6154;58.09715;19.357;40.804;30.0805;6.196;5.219;0.977;0;0
06R_06V_04I_04M;lr205;2;1;06;04;04;16.6667;75;82.6923;82.6923;82.6923;53.522;53.522;53.522;6.5433;5.1117;1.4317;0.8781;0
06R_06V_04I_04M;lr201;2;1;06;04;04;33.3333;100;86.5385;46.5116;66.52505;24.828;64.76;44.794;6.0072;4.3825;1.6248;12.2915;31.4308
06R_06V_04I_04M;lr202;2;1;06;04;04;16.6667;100;87.5;87.5;87.5;54.787;54.787;54.787;6.7722;4.0925;2.6798;0;0.5622
06R_06V_04I_04M;lr203;2;1;06;04;04;16.6667;75;100;100;100;68.189;68.189;68.189;8.98;7.8613;1.1187;5.7971;0.8682
06R_06V_04I_04M;lr204;2;1;06;04;04;33.3333;100;81.5789;34.6154;58.09715;19.357;40.804;30.0805;6.196;5.219;0.977;0;0
06R_06V_04I_04M;lr205;2;1;06;04;04;16.6667;75;88.4615;88.4615;88.4615;53.522;53.522;53.522;6.8343;4.995;1.8393;0;1.1005
08R_08V_02I_03M;lr101;1;1;08;02;03;87.5;100;86.5385;16.2791;37.504329;49.4826;78.8261;58.8118;19.5536;13.9971;5.5565;0.4336;19.5611
08R_08V_02I_03M;lr102;1;1;08;02;03;62.5;66.6667;79.3103;10.4167;47.1166;38.0261;80.4435;67.0365;15.0435;9.3043;5.7391;0.0823;4.7694
08R_08V_02I_03M;lr103;1;1;08;02;03;37.5;66.6667;84.6154;50;65.384633;66.2826;92.5304;79.1855;7.5261;7.5261;0;0;0
08R_08V_02I_03M;lr104;1;1;08;02;03;37.5;66.6667;72.7273;47.5;56.742433;79.0043;83.9478;80.9232;14.4957;9.5587;4.937;0;2.1662
08R_08V_02I_03M;lr105;1;1;08;02;03;50;66.6667;88.4615;25;53.365375;43.3348;81;60.5478;15.0348;15.0348;0;0;4.9673
08R_08V_02I_03M;lr101;1;1;08;02;03;87.5;100;86.5385;16.2791;36.712843;49.4826;78.8261;58.8118;19.5536;13.9971;5.5565;0.4336;19.5611
08R_08V_02I_03M;lr102;1;1;08;02;03;62.5;66.6667;95.8333;10.4167;50.7237;38.0261;80.4435;67.0365;15.0435;9.3043;5.7391;0.0823;4.7694
08R_08V_02I_03M;lr103;1;1;08;02;03;37.5;66.6667;68.75;59.375;63.221167;66.2826;92.5304;79.1855;7.5261;7.5261;0;0;0
08R_08V_02I_03M;lr104;1;1;08;02;03;37.5;66.6667;73.0769;60.6061;68.803433;79.0043;83.9478;80.9232;14.4957;9.5587;4.937;0;2.1662
08R_08V_02I_03M;lr105;1;1;08;02;03;50;66.6667;88.4615;28.8462;49.93225;43.3348;81;60.5478;15.0348;15.0348;0;0;4.9673
08R_08V_02I_03M;lr101;1;1;08;02;03;87.5;100;86.5385;16.2791;36.8008;49.4826;78.8261;58.8118;19.5536;13.9971;5.5565;0.4336;19.5611
08R_08V_02I_03M;lr102;1;1;08;02;03;62.5;66.6667;95.8333;8.6207;51.57062;38.0261;80.4435;67.0365;15.0435;9.3043;5.7391;0.0823;4.7694
08R_08V_02I_03M;lr103;1;1;08;02;03;37.5;66.6667;61.5385;57.8947;59.602733;66.2826;92.5304;79.1855;7.5261;7.5261;0;0;0
08R_08V_02I_03M;lr104;1;1;08;02;03;37.5;66.6667;73.0769;60;64.561;79.0043;83.9478;80.9232;14.4957;9.5587;4.937;0;2.1662
08R_08V_02I_03M;lr105;1;1;08;02;03;50;66.6667;88.4615;34.8837;51.441625;43.3348;81;60.5478;15.0348;15.0348;0;0;4.9673
08R_08V_02I_03M;lr101;1;1;08;02;03;87.5;100;86.5385;18.6047;37.416386;49.4826;78.8261;58.8118;19.5536;13.9971;5.5565;0.4336;19.5611
08R_08V_02I_03M;lr102;1;1;08;02;03;62.5;66.6667;79.3103;13.1579;43.9103;38.0261;80.4435;67.0365;15.0435;9.3043;5.7391;0.0823;4.7694
08R_08V_02I_03M;lr103;1;1;08;02;03;37.5;66.6667;73.0769;57.8947;64.170033;66.2826;92.5304;79.1855;7.5261;7.5261;0;0;0
08R_08V_02I_03M;lr104;1;1;08;02;03;37.5;66.6667;72.7273;50;60.101033;79.0043;83.9478;80.9232;14.4957;9.5587;4.937;0;2.1662
08R_08V_02I_03M;lr105;1;1;08;02;03;50;66.6667;88.4615;28.8462;52.85635;43.3348;81;60.5478;15.0348;15.0348;0;0;4.9673
08R_08V_02I_03M;lr101;1;1;08;02;03;87.5;100;86.5385;16.2791;38.823457;49.4826;78.8261;58.8118;19.5536;13.9971;5.5565;0.4336;19.5611
08R_08V_02I_03M;lr102;1;1;08;02;03;62.5;66.6667;79.3103;8.6207;46.8406;38.0261;80.4435;67.0365;15.0435;9.3043;5.7391;0.0823;4.7694
08R_08V_02I_03M;lr103;1;1;08;02;03;37.5;66.6667;84.6154;61.5385;73.076933;66.2826;92.5304;79.1855;7.5261;7.5261;0;0;0
08R_08V_02I_03M;lr104;1;1;08;02;03;37.5;66.6667;92.3077;57.5758;70.1632;79.0043;83.9478;80.9232;14.4957;9.5587;4.937;0;2.1662
08R_08V_02I_03M;lr105;1;1;08;02;03;50;66.6667;88.4615;25;53.365375;43.3348;81;60.5478;15.0348;15.0348;0;0;4.9673
08R_08V_02I_03M;lr201;2;1;08;02;03;25;33.3333;100;86.5385;93.26925;29.102;65.708;47.405;6.708;6.708;0;0.1157;20.2806
08R_08V_02I_03M;lr202;2;1;08;02;03;25;66.6667;78.2609;52.6316;65.44625;28.111;41.299;34.705;4.0525;3.4825;0.57;0;0.977
08R_08V_02I_03M;lr203;2;1;08;02;03;12.5;100;100;100;100;68.502;68.502;68.502;1.914;1.4677;0.4463;0.9007;0.0569
08R_08V_02I_03M;lr204;2;1;08;02;03;25;33.3333;96.1538;31.5789;63.86635;17.362;51.017;34.1895;2.408;2.408;0;0;0
08R_08V_02I_03M;lr205;2;1;08;02;03;25;66.6667;95.3488;88.4615;91.90515;12.542;52.908;32.725;2.9425;2.3595;0.583;0;0
08R_08V_02I_03M;lr201;2;1;08;02;03;25;33.3333;90.3846;86.5385;88.46155;29.102;65.708;47.405;6.708;6.708;0;0.1157;15.9562
08R_08V_02I_03M;lr202;2;1;08;02;03;25;66.6667;78.2609;52.6316;65.44625;28.111;41.299;34.705;4.0525;3.4825;0.57;0;0.977
08R_08V_02I_03M;lr203;2;1;08;02;03;12.5;100;85.2941;85.2941;85.2941;68.502;68.502;68.502;1.7927;1.582;0.2107;3.0539;0.8642
08R_08V_02I_03M;lr204;2;1;08;02;03;25;33.3333;90.625;46.1538;68.3894;17.362;50.879;34.1205;2.408;2.408;0;0;0
08R_08V_02I_03M;lr205;2;1;08;02;03;25;66.6667;90.3846;88.4615;89.42305;12.542;52.066;32.304;2.97;2.387;0.583;0;0
08R_08V_02I_03M;lr201;2;1;08;02;03;25;33.3333;90.3846;86.5385;88.46155;29.102;65.708;47.405;6.708;6.708;0;0.1157;15.9562
08R_08V_02I_03M;lr202;2;1;08;02;03;25;66.6667;78.2609;43.4783;60.8696;28.111;41.299;34.705;4.0525;3.4825;0.57;0;0.977
08R_08V_02I_03M;lr203;2;1;08;02;03;12.5;100;100;100;100;68.502;68.502;68.502;1.914;1.4677;0.4463;0.9007;0.0569
08R_08V_02I_03M;lr204;2;1;08;02;03;25;33.3333;96.1538;37.5;66.8269;17.362;51.017;34.1895;2.408;2.408;0;0;0
08R_08V_02I_03M;lr205;2;1;08;02;03;25;66.6667;95.3488;88.4615;91.90515;12.542;52.946;32.744;2.97;2.387;0.583;0;0
08R_08V_02I_03M;lr201;2;1;08;02;03;25;33.3333;90.3846;86.5385;88.46155;29.102;65.708;47.405;6.708;6.708;0;0.1157;15.9562
08R_08V_02I_03M;lr202;2;1;08;02;03;25;66.6667;78.2609;66.6667;72.4638;28.111;41.299;34.705;4.0525;3.4825;0.57;0;0.977
08R_08V_02I_03M;lr203;2;1;08;02;03;12.5;100;100;100;100;68.502;68.502;68.502;1.914;1.4677;0.4463;0;0.8642
08R_08V_02I_03M;lr204;2;1;08;02;03;25;33.3333;90.625;37.5;64.0625;17.362;50.879;34.1205;2.408;2.408;0;0;0
08R_08V_02I_03M;lr205;2;1;08;02;03;25;66.6667;90.3846;88.4615;89.42305;12.542;52.066;32.304;2.97;2.387;0.583;0;0
08R_08V_02I_03M;lr201;2;1;08;02;03;25;33.3333;100;86.5385;93.26925;29.102;65.708;47.405;6.708;6.708;0;0.1157;20.2806
08R_08V_02I_03M;lr202;2;1;08;02;03;25;66.6667;78.2609;43.4783;60.8696;28.111;41.299;34.705;4.0525;3.4825;0.57;0;0.977
08R_08V_02I_03M;lr203;2;1;08;02;03;12.5;100;85.2941;85.2941;85.2941;68.502;68.502;68.502;1.914;1.914;0;0;0.8642
08R_08V_02I_03M;lr204;2;1;08;02;03;25;33.3333;96.1538;46.1538;71.1538;17.362;51.017;34.1895;2.408;2.408;0;0;0
08R_08V_02I_03M;lr205;2;1;08;02;03;25;66.6667;90.3846;88.4615;89.42305;12.542;52.397;32.4695;2.97;2.387;0.583;0;0
08R_08V_02I_04M;lr101;1;1;08;02;04;87.5;100;86.5385;20.5882;37.064614;49.4826;78.8261;58.9124;13.7533;10.588;3.1652;0.4807;19.5447
08R_08V_02I_04M;lr102;1;1;08;02;04;62.5;50;79.3103;10.4167;47.1166;38.0261;80.4435;67.0365;15.0435;9.3043;5.7391;0.0823;4.7694
08R_08V_02I_04M;lr103;1;1;08;02;04;37.5;50;84.6154;50;65.384633;66.2826;92.5304;79.1855;7.5261;7.5261;0;0;0
08R_08V_02I_04M;lr104;1;1;08;02;04;37.5;50;72.7273;47.5;56.742433;79.0043;83.9478;80.9232;14.4957;9.5587;4.937;0;2.1662
08R_08V_02I_04M;lr105;1;1;08;02;04;50;75;88.4615;25;53.365375;43.013;81;60.4674;12.7377;10.0739;2.6638;0;4.9934
08R_08V_02I_04M;lr101;1;1;08;02;04;87.5;100;86.5385;18.6047;38.383743;49.4826;78.8261;58.9124;13.7533;10.588;3.1652;0.4807;19.5447
08R_08V_02I_04M;lr102;1;1;08;02;04;62.5;50;95.8333;10.4167;50.7237;38.0261;80.4435;67.0365;15.0435;9.3043;5.7391;0.0823;4.7694
08R_08V_02I_04M;lr103;1;1;08;02;04;37.5;50;68.75;42.1053;53.618433;66.2826;92.5304;79.1855;7.5261;7.5261;0;0;0
08R_08V_02I_04M;lr104;1;1;08;02;04;37.5;50;73.0769;60.6061;68.803433;79.0043;83.9478;80.9232;14.4957;9.5587;4.937;0;2.1662
08R_08V_02I_04M;lr105;1;1;08;02;04;50;75;88.4615;28.8462;49.93225;43.013;81;60.4674;12.7377;10.0739;2.6638;0;4.9934
08R_08V_02I_04M;lr101;1;1;08;02;04;87.5;100;86.5385;20.5882;38.031971;49.4826;78.8261;58.9124;13.7533;10.588;3.1652;0.4807;19.5447
08R_08V_02I_04M;lr102;1;1;08;02;04;62.5;50;95.8333;8.6207;51.57062;38.0261;80.4435;67.0365;15.0435;9.3043;5.7391;0.0823;4.7694
08R_08V_02I_04M;lr103;1;1;08;02;04;37.5;50;61.5385;57.8947;59.602733;66.2826;92.5304;79.1855;7.5261;7.5261;0;0;0
08R_08V_02I_04M;lr104;1;1;08;02;04;37.5;50;73.0769;60;64.561;79.0043;83.9478;80.9232;14.4957;9.5587;4.937;0;2.1662
08R_08V_02I_04M;lr105;1;1;08;02;04;50;75;88.4615;34.8837;51.441625;43.013;81;60.4674;12.7377;10.0739;2.6638;0;4.9934
08R_08V_02I_04M;lr101;1;1;08;02;04;87.5;100;86.5385;16.2791;37.768157;49.4826;78.8261;58.9124;13.7533;10.588;3.1652;0.4807;19.5447
08R_08V_02I_04M;lr102;1;1;08;02;04;62.5;50;79.3103;13.1579;43.9103;38.0261;80.4435;67.0365;15.0435;9.3043;5.7391;0.0823;4.7694
08R_08V_02I_04M;lr103;1;1;08;02;04;37.5;50;73.0769;57.8947;64.170033;66.2826;92.5304;79.1855;7.5261;7.5261;0;0;0
08R_08V_02I_04M;lr104;1;1;08;02;04;37.5;50;72.7273;50;60.101033;79.0043;83.9478;80.9232;14.4957;9.5587;4.937;0;2.1662
08R_08V_02I_04M;lr105;1;1;08;02;04;50;75;88.4615;28.8462;52.85635;43.013;81;60.4674;12.7377;10.0739;2.6638;0;4.9934
08R_08V_02I_04M;lr101;1;1;08;02;04;87.5;100;86.5385;16.2791;37.504329;49.4826;78.8261;58.9124;13.7533;10.588;3.1652;0.4807;19.5447
08R_08V_02I_04M;lr102;1;1;08;02;04;62.5;50;79.3103;8.6207;46.8406;38.0261;80.4435;67.0365;15.0435;9.3043;5.7391;0.0823;4.7694
08R_08V_02I_04M;lr103;1;1;08;02;04;37.5;50;84.6154;61.5385;73.076933;66.2826;92.5304;79.1855;7.5261;7.5261;0;0;0
08R_08V_02I_04M;lr104;1;1;08;02;04;37.5;50;92.3077;57.5758;70.1632;79.0043;83.9478;80.9232;14.4957;9.5587;4.937;0;2.1662
08R_08V_02I_04M;lr105;1;1;08;02;04;50;75;88.4615;25;53.365375;43.013;81;60.4674;12.7377;10.0739;2.6638;0;4.9934
08R_08V_02I_04M;lr201;2;1;08;02;04;25;25;100;86.5385;93.26925;28.764;65.708;47.236;6.84;6.84;0;0.2367;20.6733
08R_08V_02I_04M;lr202;2;1;08;02;04;25;50;78.2609;52.6316;65.44625;28.111;41.299;34.705;4.0525;3.4825;0.57;0;0.977
08R_08V_02I_04M;lr203;2;1;08;02;04;12.5;75;100;100;100;68.426;68.426;68.426;1.994;1.5477;0.4463;0.9017;0.057
08R_08V_02I_04M;lr204;2;1;08;02;04;25;75;96.875;28.125;62.5;14.292;53.91;34.101;1.9813;1.5927;0.3887;0;1.0565
08R_08V_02I_04M;lr205;2;1;08;02;04;25;50;95.3488;88.4615;91.90515;12.542;51.387;31.9645;2.469;1.9975;0.4715;0;0
08R_08V_02I_04M;lr201;2;1;08;02;04;25;25;90.3846;86.5385;88.46155;28.764;65.708;47.236;6.84;6.84;0;0.2367;16.3488
08R_08V_02I_04M;lr202;2;1;08;02;04;25;50;78.2609;52.6316;65.44625;28.111;41.299;34.705;4.0525;3.4825;0.57;0;0.977
08R_08V_02I_04M;lr203;2;1;08;02;04;12.5;75;85.2941;85.2941;85.2941;68.426;68.426;68.426;1.9127;1.702;0.2107;3.1567;0.8652
08R_08V_02I_04M;lr204;2;1;08;02;04;25;25;90.625;46.1538;68.3894;17.362;50.606;33.984;2.408;2.408;0;0;0
08R_08V_02I_04M;lr205;2;1;08;02;04;25;50;90.3846;88.4615;89.42305;12.542;51.083;31.8125;2.469;1.9975;0.4715;0;0
08R_08V_02I_04M;lr201;2;1;08;02;04;25;25;90.3846;86.5385;88.46155;28.764;65.708;47.236;6.84;6.84;0;0.2367;16.3488
08R_08V_02I_04M;lr202;2;1;08;02;04;25;50;78.2609;43.4783;60.8696;28.111;41.299;34.705;4.0525;3.4825;0.57;0;0.977
08R_08V_02I_04M;lr203;2;1;08;02;04;12.5;75;100;100;100;68.426;68.426;68.426;1.994;1.5477;0.4463;0.9017;0.057
08R_08V_02I_04M;lr204;2;1;08;02;04;25;75;96.875;23.6842;60.2796;14.292;53.91;34.101;1.9813;1.5927;0.3887;0;1.0565
08R_08V_02I_04M;lr205;2;1;08;02;04;12.5;75;90.3846;90.3846;90.3846;63.995;63.995;63.995;2.46;2.1457;0.3143;0;0
08R_08V_02I_04M;lr201;2;1;08;02;04;25;25;90.3846;86.5385;88.46155;28.764;65.708;47.236;6.84;6.84;0;0.2367;16.3488
08R_08V_02I_04M;lr202;2;1;08;02;04;25;50;78.2609;66.6667;72.4638;28.111;41.299;34.705;4.0525;3.4825;0.57;0;0.977
08R_08V_02I_04M;lr203;2;1;08;02;04;12.5;75;100;100;100;68.426;68.426;68.426;1.994;1.5477;0.4463;0;0.8652
08R_08V_02I_04M;lr204;2;1;08;02;04;25;25;90.625;37.5;64.0625;17.362;50.606;33.984;2.408;2.408;0;0;0
08R_08V_02I_04M;lr205;2;1;08;02;04;25;50;90.3846;88.4615;89.42305;12.542;50.814;31.678;2.469;1.9975;0.4715;0;0
08R_08V_02I_04M;lr201;2;1;08;02;04;25;25;100;86.5385;93.26925;28.764;65.708;47.236;6.84;6.84;0;0.2367;20.6733
08R_08V_02I_04M;lr202;2;1;08;02;04;25;50;78.2609;43.4783;60.8696;28.111;41.299;34.705;4.0525;3.4825;0.57;0;0.977
08R_08V_02I_04M;lr203;2;1;08;02;04;12.5;75;85.2941;85.2941;85.2941;68.426;68.426;68.426;1.994;1.994;0;0;0.8652
08R_08V_02I_04M;lr204;2;1;08;02;04;25;75;96.875;34.6154;65.7452;14.292;53.91;34.101;1.9813;1.5927;0.3887;0;1.0565
08R_08V_02I_04M;lr205;2;1;08;02;04;25;50;95.3488;88.4615;91.90515;12.542;51.427;31.9845;2.469;1.9975;0.4715;0;0
08R_08V_04I_03M;lr101;1;1;08;04;03;87.5;100;86.5385;17.3077;36.120914;48.4298;90.4638;70.2474;54.9362;35.5844;19.3518;0.9182;17.2107
08R_08V_04I_03M;lr102;1;1;08;04;03;62.5;100;68.4211;13.1579;47.34652;34.6478;97.5217;67.1852;36.8406;23.5348;13.3058;1.6608;2.166
08R_08V_04I_03M;lr103;1;1;08;04;03;37.5;100;68.75;42.1053;59.7588;55.4913;96.9348;81.7362;25.9464;18.4435;7.5029;0;0
08R_08V_04I_03M;lr104;1;1;08;04;03;62.5;100;88.4615;17.5;52.1923;32.7435;92.3522;56.4843;30.4797;21.2841;9.1957;0;0
08R_08V_04I_03M;lr105;1;1;08;04;03;62.5;100;58.8235;37.2093;46.86728;40.065;79.7439;61.3634;41.7615;30.4295;11.332;0;4.4789
08R_08V_04I_03M;lr101;1;1;08;04;03;87.5;100;86.5385;13.4615;37.960929;48.4298;90.4638;70.2474;54.9362;35.5844;19.3518;0.9182;17.2107
08R_08V_04I_03M;lr102;1;1;08;04;03;62.5;100;68.4211;8.6207;43.53526;34.6478;97.5217;67.1852;36.8406;23.5348;13.3058;1.6608;2.166
08R_08V_04I_03M;lr103;1;1;08;04;03;37.5;100;84.6154;61.5385;71.525;55.4913;96.9348;81.7362;25.9464;18.4435;7.5029;0;0
08R_08V_04I_03M;lr104;1;1;08;04;03;62.5;100;60;17.5;46;32.7435;92.3522;56.4843;30.4797;21.2841;9.1957;0;0
08R_08V_04I_03M;lr105;1;1;08;04;03;62.5;100;60.4651;34.8837;46.99042;40.065;79.7439;61.3634;41.7615;30.4295;11.332;0;4.4789
08R_08V_04I_03M;lr101;1;1;08;04;03;87.5;100;86.5385;16.2791;34.872814;48.4298;90.4638;70.2474;54.9362;35.5844;19.3518;0.9182;17.2107
08R_08V_04I_03M;lr102;1;1;08;04;03;62.5;100;76.3158;10.4167;47.12722;34.6478;97.5217;67.1852;36.8406;23.5348;13.3058;1.6608;2.166
08R_08V_04I_03M;lr103;1;1;08;04;03;37.5;100;100;61.5385;82.0513;55.4913;96.9348;81.7362;25.9464;18.4435;7.5029;0;0
08R_08V_04I_03M;lr104;1;1;08;04;03;62.5;100;88.4615;17.5;57.30768;32.7435;92.3522;56.4843;30.4797;21.2841;9.1957;0;0
08R_08V_04I_03M;lr105;1;1;08;04;03;62.5;100;60.4651;37.2093;48.9603;40.065;79.7439;61.3634;41.7615;30.4295;11.332;0;4.4789
08R_08V_04I_03M;lr101;1;1;08;04;03;87.5;100;86.5385;17.3077;35.417386;48.4298;90.4638;70.2474;54.9362;35.5844;19.3518;0.9182;17.2107
08R_08V_04I_03M;lr102;1;1;08;04;03;62.5;100;68.4211;10.4167;44.71494;34.6478;97.5217;67.1852;36.8406;23.5348;13.3058;1.6608;2.166
08R_08V_04I_03M;lr103;1;1;08;04;03;37.5;100;100;61.5385;76.762833;55.4913;96.9348;81.7362;25.9464;18.4435;7.5029;0;0
08R_08V_04I_03M;lr104;1;1;08;04;03;62.5;100;73.0769;26.9231;53;32.7435;92.3522;56.4843;30.4797;21.2841;9.1957;0;0
08R_08V_04I_03M;lr105;1;1;08;04;03;62.5;100;60.4651;36.5385;44.96842;40.065;79.7439;61.3634;41.7615;30.4295;11.332;0;4.4789
08R_08V_04I_03M;lr101;1;1;08;04;03;87.5;100;86.5385;13.4615;35.620314;48.4298;90.4638;70.2474;54.9362;35.5844;19.3518;0.9182;17.2107
08R_08V_04I_03M;lr102;1;1;08;04;03;62.5;100;68.4211;13.1579;43.0702;34.6478;97.5217;67.1852;36.8406;23.5348;13.3058;1.6608;2.166
08R_08V_04I_03M;lr103;1;1;08;04;03;37.5;100;84.6154;50;67.678833;55.4913;96.9348;81.7362;25.9464;18.4435;7.5029;0;0
08R_08V_04I_03M;lr104;1;1;08;04;03;62.5;100;60;26.9231;47.88462;32.7435;92.3522;56.4843;30.4797;21.2841;9.1957;0;0
08R_08V_04I_03M;lr105;1;1;08;04;03;62.5;100;58.8235;34.8837;45.0205;40.065;79.7439;61.3634;41.7615;30.4295;11.332;0;4.4789
08R_08V_04I_03M;lr201;2;1;08;04;03;25;100;90.3846;86.5385;88.46155;30.082;72.201;51.1415;9.817;8.5667;1.2503;15.6861;11.4299
08R_08V_04I_03M;lr202;2;1;08;04;03;25;100;78.2609;52.6316;65.44625;31.3;48.16;39.73;12.079;7.6023;4.4767;0;0
08R_08V_04I_03M;lr203;2;1;08;04;03;12.5;66.6667;100;100;100;68.438;68.438;68.438;16.48;11.6515;4.8285;0.5626;0.5626
08R_08V_04I_03M;lr204;2;1;08;04;03;25;100;100;37.5;68.75;18.418;53.528;35.973;8.97;6.1567;2.8133;0;0
08R_08V_04I_03M;lr205;2;1;08;04;03;12.5;100;90.3846;90.3846;90.3846;66.224;66.224;66.224;9.7527;5.7647;3.988;0;0
08R_08V_04I_03M;lr201;2;1;08;04;03;25;100;90.3846;86.5385;88.46155;30.082;72.201;51.1415;9.817;8.5667;1.2503;15.6861;11.4299
08R_08V_04I_03M;lr202;2;1;08;04;03;25;100;78.2609;52.6316;65.44625;31.3;46.098;38.699;8.6113;6.846;1.7653;0;0
08R_08V_04I_03M;lr203;2;1;08;04;03;12.5;66.6667;100;100;100;68.438;68.438;68.438;13.001;11.634;1.367;0.5845;0.865
08R_08V_04I_03M;lr204;2;1;08;04;03;25;100;100;37.5;68.75;18.418;53.528;35.973;8.97;6.1567;2.8133;0;0
08R_08V_04I_03M;lr205;2;1;08;04;03;12.5;100;90.3846;90.3846;90.3846;66.224;66.224;66.224;9.7527;5.7647;3.988;0;0
08R_08V_04I_03M;lr201;2;1;08;04;03;25;100;90.3846;86.5385;88.46155;30.082;72.201;51.1415;9.817;8.5667;1.2503;15.6861;11.4299
08R_08V_04I_03M;lr202;2;1;08;04;03;25;100;94.7368;66.6667;80.70175;31.3;45.988;38.644;8.5733;6.846;1.7273;0;0
08R_08V_04I_03M;lr203;2;1;08;04;03;12.5;66.6667;100;100;100;68.438;68.438;68.438;13.001;11.634;1.367;0;0
08R_08V_04I_03M;lr204;2;1;08;04;03;25;100;100;46.1538;73.0769;18.418;53.705;36.0615;8.97;6.1567;2.8133;0;0
08R_08V_04I_03M;lr205;2;1;08;04;03;12.5;100;90.3846;90.3846;90.3846;66.224;66.224;66.224;9.7527;5.7647;3.988;0;0
08R_08V_04I_03M;lr201;2;1;08;04;03;25;100;90.3846;86.5385;88.46155;30.082;72.201;51.1415;9.817;8.5667;1.2503;15.6861;11.4299
08R_08V_04I_03M;lr202;2;1;08;04;03;25;100;94.7368;43.4783;69.10755;31.3;48.16;39.73;12.079;7.6023;4.4767;0;0
08R_08V_04I_03M;lr203;2;1;08;04;03;12.5;66.6667;100;100;100;68.438;68.438;68.438;13.001;11.634;1.367;0;0
08R_08V_04I_03M;lr204;2;1;08;04;03;25;100;100;46.1538;73.0769;18.418;53.528;35.973;8.97;6.1567;2.8133;0;0
08R_08V_04I_03M;lr205;2;1;08;04;03;12.5;100;90.3846;90.3846;90.3846;66.224;66.224;66.224;9.7527;5.7647;3.988;0;0
08R_08V_04I_03M;lr201;2;1;08;04;03;25;100;90.3846;86.5385;88.46155;30.082;72.201;51.1415;9.817;8.5667;1.2503;15.6861;11.4299
08R_08V_04I_03M;lr202;2;1;08;04;03;25;100;78.2609;43.4783;60.8696;31.3;48.327;39.8135;10.173;7.606;2.567;0;0
08R_08V_04I_03M;lr203;2;1;08;04;03;12.5;66.6667;100;100;100;68.438;68.438;68.438;16.48;11.6515;4.8285;0.5626;0.5626
08R_08V_04I_03M;lr204;2;1;08;04;03;25;100;65.625;50;57.8125;33.688;38.412;36.05;6.7253;5.7497;0.9757;0;0
08R_08V_04I_03M;lr205;2;1;08;04;03;12.5;100;90.3846;90.3846;90.3846;66.224;66.224;66.224;9.7527;5.7647;3.988;0;0
08R_08V_04I_04M;lr101;1;1;08;04;04;87.5;100;86.5385;20.5882;35.4884;48.4298;85.0255;64.8979;42.193600000000004;26.467;15.7266;2.1776;15.8866
08R_08V_04I_04M;lr102;1;1;08;04;04;62.5;100;76.3158;13.1579;42.90382;34.6478;98.187;67.2357;28.0163;17.8413;10.175;2.1253;2.2409
08R_08V_04I_04M;lr103;1;1;08;04;04;37.5;75;100;61.5385;76.762833;54.8261;96.9348;81.5145;25.6391;18.1362;7.5029;0;0
08R_08V_04I_04M;lr104;1;1;08;04;04;62.5;100;73.0769;30;53.00584;32.7435;81.887;56.4826;22.525;17.5804;4.9446;0;0
08R_08V_04I_04M;lr105;1;1;08;04;04;62.5;100;76.4706;28.8462;48.98402;40.5772;78.8577;61.0984;30.0366;23.4909;6.5457;0;4.4562
08R_08V_04I_04M;lr101;1;1;08;04;04;87.5;100;86.5385;13.4615;37.379157;48.4298;85.0255;64.8979;42.193600000000004;26.467;15.7266;2.1776;15.8866
08R_08V_04I_04M;lr102;1;1;08;04;04;62.5;100;76.3158;13.1579;44.77164;34.6478;98.187;67.2357;28.0163;17.8413;10.175;2.1253;2.2409
08R_08V_04I_04M;lr103;1;1;08;04;04;37.5;75;100;42.1053;75.573567;54.8261;96.9348;81.5145;25.6391;18.1362;7.5029;0;0
08R_08V_04I_04M;lr104;1;1;08;04;04;62.5;100;76.9231;35;53.77272;32.7435;81.887;56.4826;22.525;17.5804;4.9446;0;0
08R_08V_04I_04M;lr105;1;1;08;04;04;62.5;100;60.4651;37.2093;44.8879;40.5772;78.8577;61.0984;30.0366;23.4909;6.5457;0;4.4562
08R_08V_04I_04M;lr101;1;1;08;04;04;87.5;100;86.5385;13.4615;36.993571;48.4298;85.0255;64.8979;42.193600000000004;26.467;15.7266;2.1776;15.8866
08R_08V_04I_04M;lr102;1;1;08;04;04;62.5;100;60.4167;13.1579;38.99806;34.6478;98.187;67.2357;28.0163;17.8413;10.175;2.1253;2.2409
08R_08V_04I_04M;lr103;1;1;08;04;04;37.5;75;84.6154;61.5385;75.8013;54.8261;96.9348;81.5145;25.6391;18.1362;7.5029;0;0
08R_08V_04I_04M;lr104;1;1;08;04;04;62.5;100;73.0769;35;50.34614;32.7435;81.887;56.4826;22.525;17.5804;4.9446;0;0
08R_08V_04I_04M;lr105;1;1;08;04;04;62.5;100;60.4651;34.8837;51.4227;40.5772;78.8577;61.0984;30.0366;23.4909;6.5457;0;4.4562
08R_08V_04I_04M;lr101;1;1;08;04;04;87.5;100;86.5385;13.4615;36.323857;48.4298;85.0255;64.8979;42.193600000000004;26.467;15.7266;2.1776;15.8866
08R_08V_04I_04M;lr102;1;1;08;04;04;62.5;100;76.3158;8.6207;45.67152;34.6478;98.187;67.2357;28.0163;17.8413;10.175;2.1253;2.2409
08R_08V_04I_04M;lr103;1;1;08;04;04;37.5;75;81.25;61.5385;70.512833;54.8261;96.9348;81.5145;25.6391;18.1362;7.5029;0;0
08R_08V_04I_04M;lr104;1;1;08;04;04;62.5;100;76.9231;35;48.65734;32.7435;81.887;56.4826;22.525;17.5804;4.9446;0;0
08R_08V_04I_04M;lr105;1;1;08;04;04;62.5;100;76.4706;37.2093;49.69902;40.5772;78.8577;61.0984;30.0366;23.4909;6.5457;0;4.4562
08R_08V_04I_04M;lr101;1;1;08;04;04;87.5;100;86.5385;15.3846;36.702686;48.4298;85.0255;64.8979;42.193600000000004;26.467;15.7266;2.1776;15.8866
08R_08V_04I_04M;lr102;1;1;08;04;04;62.5;100;68.4211;13.1579;41.3158;34.6478;98.187;67.2357;28.0163;17.8413;10.175;2.1253;2.2409
08R_08V_04I_04M;lr103;1;1;08;04;04;37.5;75;84.6154;42.1053;69.323567;54.8261;96.9348;81.5145;25.6391;18.1362;7.5029;0;0
08R_08V_04I_04M;lr104;1;1;08;04;04;62.5;100;76.9231;30;53.16902;32.7435;81.887;56.4826;22.525;17.5804;4.9446;0;0
08R_08V_04I_04M;lr105;1;1;08;04;04;62.5;100;76.4706;37.2093;52.1614;40.5772;78.8577;61.0984;30.0366;23.4909;6.5457;0;4.4562
08R_08V_04I_04M;lr201;2;1;08;04;04;25;100;90.3846;86.5385;88.46155;29.69;72.201;50.9455;8.7972;6.3252;2.472;13.022;13.022
08R_08V_04I_04M;lr202;2;1;08;04;04;25;100;78.2609;43.4783;60.8696;31.125;44.943;38.034;9.2055;5.4072;3.7982;0;0
08R_08V_04I_04M;lr203;2;1;08;04;04;12.5;75;100;100;100;68.366;68.366;68.366;11.5153;7.7807;3.7347;0.5851;0.8659
08R_08V_04I_04M;lr204;2;1;08;04;04;25;75;84.375;73.0769;78.72595;18.883;53.233;36.058;10.8907;6.4363;4.4543;0;0
08R_08V_04I_04M;lr205;2;1;08;04;04;12.5;75;90.3846;90.3846;90.3846;66.185;66.185;66.185;7.9887;5.9583;2.0303;0;0
08R_08V_04I_04M;lr201;2;1;08;04;04;25;100;90.3846;86.5385;88.46155;29.69;72.201;50.9455;8.7972;6.3252;2.472;13.022;13.022
08R_08V_04I_04M;lr202;2;1;08;04;04;25;100;94.7368;43.4783;69.10755;31.024;45.048;38.036;7.0955;5.398;1.6975;0;0
08R_08V_04I_04M;lr203;2;1;08;04;04;12.5;75;100;100;100;68.366;68.366;68.366;11.5153;7.7807;3.7347;0;0
08R_08V_04I_04M;lr204;2;1;08;04;04;25;75;100;37.5;68.75;18.418;53.495;35.9565;8.9213;6.177;2.7443;0;0
08R_08V_04I_04M;lr205;2;1;08;04;04;12.5;75;90.3846;90.3846;90.3846;66.185;66.185;66.185;7.9887;5.9583;2.0303;0;0
08R_08V_04I_04M;lr201;2;1;08;04;04;25;100;90.3846;86.5385;88.46155;29.69;72.201;50.9455;8.7972;6.3252;2.472;13.022;13.022
08R_08V_04I_04M;lr202;2;1;08;04;04;25;100;78.2609;66.6667;72.4638;31.024;45.048;38.036;7.0955;5.398;1.6975;0;0
08R_08V_04I_04M;lr203;2;1;08;04;04;12.5;75;100;100;100;68.366;68.366;68.366;11.5153;7.7807;3.7347;0;0
08R_08V_04I_04M;lr204;2;1;08;04;04;25;75;100;46.1538;73.0769;18.418;53.672;36.045;8.9213;6.177;2.7443;0;0
08R_08V_04I_04M;lr205;2;1;08;04;04;12.5;75;90.3846;90.3846;90.3846;66.185;66.185;66.185;7.9887;5.9583;2.0303;0;0
08R_08V_04I_04M;lr201;2;1;08;04;04;25;100;90.3846;86.5385;88.46155;29.69;72.201;50.9455;8.7972;6.3252;2.472;13.022;13.022
08R_08V_04I_04M;lr202;2;1;08;04;04;25;100;78.2609;66.6667;72.4638;31.125;44.943;38.034;9.2055;5.4072;3.7982;0;0
08R_08V_04I_04M;lr203;2;1;08;04;04;12.5;75;100;100;100;68.366;68.366;68.366;11.5153;7.7807;3.7347;0;0
08R_08V_04I_04M;lr204;2;1;08;04;04;25;75;100;46.1538;73.0769;18.418;53.495;35.9565;8.9213;6.177;2.7443;0;0
08R_08V_04I_04M;lr205;2;1;08;04;04;12.5;50;88.4615;88.4615;88.4615;66.185;66.185;66.185;13.083;8.9745;4.1085;0;0.5862
08R_08V_04I_04M;lr201;2;1;08;04;04;25;100;90.3846;86.5385;88.46155;29.69;72.201;50.9455;8.7972;6.3252;2.472;13.022;13.022
08R_08V_04I_04M;lr202;2;1;08;04;04;25;100;94.7368;66.6667;80.70175;31.125;44.943;38.034;9.2055;5.4072;3.7982;0;0
08R_08V_04I_04M;lr203;2;1;08;04;04;12.5;75;100;100;100;68.366;68.366;68.366;11.8613;7.7923;4.069;1.2726;1.2726
08R_08V_04I_04M;lr204;2;1;08;04;04;25;75;100;37.5;68.75;18.418;53.672;36.045;8.9213;6.177;2.7443;0;0
08R_08V_04I_04M;lr205;2;1;08;04;04;12.5;75;90.3846;90.3846;90.3846;66.185;66.185;66.185;7.9887;5.9583;2.0303;0;0
10R_10V_02I_03M;lr101;1;1;10;02;03;80;100;86.5385;16.2791;35.552262;34.5738;91.4754;66.3929;31.5847;19.224;12.3607;0.0547;12.1705
10R_10V_02I_03M;lr102;1;1;10;02;03;60;100;76.3158;10.4167;43.91575;29.4059;97.2288;62.6458;7.4367;5.139;2.2977;2.4022;4.7933
10R_10V_02I_03M;lr103;1;1;10;02;03;30;66.6667;96.1538;61.5385;80.769233;79.1826;93.5217;88.4116;7.5261;7.5261;0;0;0
10R_10V_02I_03M;lr104;1;1;10;02;03;40;33.3333;90.9091;30;58.063825;49.8043;92.9217;74.7163;36.887;24.5913;12.2957;0;0
10R_10V_02I_03M;lr105;1;1;10;02;03;50;66.6667;88.4615;25;54.457;39.8304;77.8478;58.3487;13.4957;13.4957;0;0;3.0433
10R_10V_02I_03M;lr101;1;1;10;02;03;80;100;86.5385;20.5882;36.47565;34.5738;91.4754;66.3929;31.5847;19.224;12.3607;0.0547;12.1705
10R_10V_02I_03M;lr102;1;1;10;02;03;60;100;76.3158;18.9655;44.1968;29.4059;91.7638;62.6458;7.4367;5.139;2.2977;2.2457;2.815
10R_10V_02I_03M;lr103;1;1;10;02;03;30;66.6667;78.125;61.5385;69.471167;79.1826;93.5217;88.4116;7.5261;7.5261;0;0;0
10R_10V_02I_03M;lr104;1;1;10;02;03;40;33.3333;90.9091;46.1538;62.102275;49.8043;92.9217;74.7163;36.887;24.5913;12.2957;0;0
10R_10V_02I_03M;lr105;1;1;10;02;03;50;66.6667;88.4615;28.8462;51.7105;39.8304;77.8478;58.3487;13.4957;13.4957;0;0;3.0433
10R_10V_02I_03M;lr101;1;1;10;02;03;80;100;86.5385;18.6047;36.78345;34.5738;91.4754;66.3929;31.5847;19.224;12.3607;0.0547;12.1705
10R_10V_02I_03M;lr102;1;1;10;02;03;60;100;60.5263;13.1579;40.5853;29.4059;97.2288;62.6458;7.4367;5.139;2.2977;2.4022;4.7933
10R_10V_02I_03M;lr103;1;1;10;02;03;30;66.6667;84.6154;50;70.913467;79.1826;93.5217;88.4116;7.5261;7.5261;0;0;0
10R_10V_02I_03M;lr104;1;1;10;02;03;40;33.3333;75;35;56.4627;49.8043;92.9217;74.7163;36.887;24.5913;12.2957;0;0
10R_10V_02I_03M;lr105;1;1;10;02;03;50;66.6667;88.4615;25;54.457;39.8304;77.8478;58.3487;13.4957;13.4957;0;0;3.0433
10R_10V_02I_03M;lr101;1;1;10;02;03;80;100;86.5385;16.2791;36.8604;34.5738;91.4754;66.3929;31.5847;19.224;12.3607;0.0547;12.1705
10R_10V_02I_03M;lr102;1;1;10;02;03;60;100;54.1667;28.9474;44.584367;29.4059;91.7638;62.6458;7.4367;5.139;2.2977;2.2457;2.815
10R_10V_02I_03M;lr103;1;1;10;02;03;30;66.6667;84.6154;61.5385;74.759633;79.1826;93.5217;88.4116;7.5261;7.5261;0;0;0
10R_10V_02I_03M;lr104;1;1;10;02;03;40;33.3333;75;36.3636;52.82195;49.8043;92.9217;74.7163;36.887;24.5913;12.2957;0;0
10R_10V_02I_03M;lr105;1;1;10;02;03;50;66.6667;88.4615;25;54.457;39.8304;77.8478;58.3487;13.4957;13.4957;0;0;3.0433
10R_10V_02I_03M;lr101;1;1;10;02;03;80;100;86.5385;16.2791;37.09125;34.5738;91.4754;66.3929;31.5847;19.224;12.3607;0.0547;12.1705
10R_10V_02I_03M;lr102;1;1;10;02;03;60;100;60.5263;13.1579;42.4065;29.4059;97.2288;62.6458;7.4367;5.139;2.2977;2.4022;4.7933
10R_10V_02I_03M;lr103;1;1;10;02;03;30;66.6667;96.1538;61.5385;75.480767;79.1826;93.5217;88.4116;7.5261;7.5261;0;0;0
10R_10V_02I_03M;lr104;1;1;10;02;03;40;33.3333;88.4615;35;58.706275;49.8043;92.9217;74.7163;36.887;24.5913;12.2957;0;0
10R_10V_02I_03M;lr105;1;1;10;02;03;50;66.6667;88.4615;25;54.457;39.8304;77.8478;58.3487;13.4957;13.4957;0;0;3.0433
10R_10V_02I_03M;lr201;2;1;10;02;03;20;100;100;86.5385;93.26925;30.272;70.384;50.328;3.7247;2.699;1.0257;0.3403;10.9066
10R_10V_02I_03M;lr202;2;1;10;02;03;20;100;94.7368;86.8421;90.78945;32.204;48.819;40.5115;1.8747;1.588;0.2867;0;3.8151
10R_10V_02I_03M;lr203;2;1;10;02;03;20;66.6667;97.3684;77.0833;87.22585;16.888;58.811;37.8495;1.982;1.666;0.316;1.4377;6.5596
10R_10V_02I_03M;lr204;2;1;10;02;03;20;66.6667;73.0769;71.0526;72.06475;24.304;50.392;37.348;2.838;2.838;0;0;0
10R_10V_02I_03M;lr205;2;1;10;02;03;20;33.3333;100;53.8462;76.9231;22.053;54.082;38.0675;3.234;2.156;1.078;0;2.3455
10R_10V_02I_03M;lr201;2;1;10;02;03;20;66.6667;100;86.5385;93.26925;30.272;70.384;50.328;5.077;4.077;1;0;10.8604
10R_10V_02I_03M;lr202;2;1;10;02;03;20;100;86.8421;78.2609;82.5515;32.204;48.819;40.5115;1.8747;1.588;0.2867;0;2.6619
10R_10V_02I_03M;lr203;2;1;10;02;03;20;66.6667;100;97.3684;98.6842;16.888;58.811;37.8495;2.614;1.532;1.082;1.1282;5.122
10R_10V_02I_03M;lr204;2;1;10;02;03;20;66.6667;84.6154;50;67.3077;24.304;51.927;38.1155;3.956;2.967;0.989;0;0
10R_10V_02I_03M;lr205;2;1;10;02;03;20;33.3333;100;82.3529;91.17645;22.053;54.056;38.0545;3.234;2.156;1.078;0;1.3394
10R_10V_02I_03M;lr201;2;1;10;02;03;20;66.6667;100;86.5385;93.26925;30.272;70.384;50.328;5.077;4.077;1;0;10.9066
10R_10V_02I_03M;lr202;2;1;10;02;03;20;66.6667;78.2609;71.7391;75;32.204;48.819;40.5115;2.673;2.3125;0.3605;0;0.8265
10R_10V_02I_03M;lr203;2;1;10;02;03;20;66.6667;97.3684;89.4737;93.42105;16.888;58.811;37.8495;2.614;1.532;1.082;1.4377;6.5596
10R_10V_02I_03M;lr204;2;1;10;02;03;20;66.6667;92.3077;73.0769;82.6923;24.304;51.927;38.1155;3.956;2.967;0.989;0;0
10R_10V_02I_03M;lr205;2;1;10;02;03;20;33.3333;100;88.4615;94.23075;13.845;61.988;37.9165;3.234;3.234;0;0;0
10R_10V_02I_03M;lr201;2;1;10;02;03;20;100;100;86.5385;93.26925;30.272;70.384;50.328;3.7247;2.699;1.0257;0.3403;10.9066
10R_10V_02I_03M;lr202;2;1;10;02;03;20;100;89.1304;86.8421;87.98625;32.204;48.819;40.5115;1.394;1.1073;0.2867;0;3.9278
10R_10V_02I_03M;lr203;2;1;10;02;03;20;66.6667;89.4737;77.0833;83.2785;16.888;58.811;37.8495;1.848;1.532;0.316;0;5.6253
10R_10V_02I_03M;lr204;2;1;10;02;03;20;66.6667;97.3684;73.0769;85.22265;24.304;50.867;37.5855;3.956;2.967;0.989;0;0
10R_10V_02I_03M;lr205;2;1;10;02;03;20;33.3333;100;53.8462;76.9231;22.053;54.056;38.0545;3.234;2.156;1.078;0;2.8082
10R_10V_02I_03M;lr201;2;1;10;02;03;20;66.6667;100;86.5385;93.26925;30.272;70.384;50.328;5.077;4.077;1;0;10.9066
10R_10V_02I_03M;lr202;2;1;10;02;03;20;66.6667;89.1304;71.7391;80.43475;32.204;48.819;40.5115;1.872;1.5115;0.3605;0;2.9067
10R_10V_02I_03M;lr203;2;1;10;02;03;20;66.6667;85.4167;77.0833;81.25;16.888;58.811;37.8495;2.748;2.432;0.316;0.1309;5.122
10R_10V_02I_03M;lr204;2;1;10;02;03;20;66.6667;84.375;73.0769;78.72595;24.304;50.392;37.348;2.838;2.838;0;0;0
10R_10V_02I_03M;lr205;2;1;10;02;03;20;33.3333;84.6154;82.3529;83.48415;22.053;55.008;38.5305;3.234;2.156;1.078;0;4.5512
10R_10V_02I_04M;lr101;1;1;10;02;04;80;100;86.5385;16.2791;35.552262;34.5738;88.7254;64.29;20.1414;13.5605;6.5809;0.0816;12.7455
10R_10V_02I_04M;lr102;1;1;10;02;04;60;75;76.3158;10.4167;43.91575;29.4059;97.2288;62.6458;7.4367;5.139;2.2977;2.4022;4.7933
10R_10V_02I_04M;lr103;1;1;10;02;04;30;50;96.1538;61.5385;80.769233;79.1826;93.5217;88.4116;7.5261;7.5261;0;0;0
10R_10V_02I_04M;lr104;1;1;10;02;04;40;50;90.9091;30;58.063825;49.8043;86.1087;73.013;12.0609;12.0609;0;0;0
10R_10V_02I_04M;lr105;1;1;10;02;04;50;50;88.4615;25;54.457;39.8304;77.8478;58.3487;13.4957;13.4957;0;0;3.0433
10R_10V_02I_04M;lr101;1;1;10;02;04;80;100;86.5385;16.2791;35.398375;34.5738;88.7254;64.29;20.1414;13.5605;6.5809;0.0816;12.7455
10R_10V_02I_04M;lr102;1;1;10;02;04;60;75;76.3158;18.9655;44.1968;29.4059;91.7638;62.6458;7.4367;5.139;2.2977;2.2457;2.815
10R_10V_02I_04M;lr103;1;1;10;02;04;30;50;78.125;57.8947;65.852733;79.1826;93.5217;88.4116;7.5261;7.5261;0;0;0
10R_10V_02I_04M;lr104;1;1;10;02;04;40;50;90.9091;35;60.439975;49.8043;86.1087;73.013;12.0609;12.0609;0;0;0
10R_10V_02I_04M;lr105;1;1;10;02;04;50;50;88.4615;28.8462;51.7105;39.8304;77.8478;58.3487;13.4957;13.4957;0;0;3.0433
10R_10V_02I_04M;lr101;1;1;10;02;04;80;100;86.5385;20.5882;37.1682;34.5738;88.7254;64.29;20.1414;13.5605;6.5809;0.0816;12.7455
10R_10V_02I_04M;lr102;1;1;10;02;04;60;75;60.5263;13.1579;40.5853;29.4059;97.2288;62.6458;7.4367;5.139;2.2977;2.4022;4.7933
10R_10V_02I_04M;lr103;1;1;10;02;04;30;50;84.6154;50;70.913467;79.1826;93.5217;88.4116;7.5261;7.5261;0;0;0
10R_10V_02I_04M;lr104;1;1;10;02;04;40;50;75;35;54.01515;49.8043;86.1087;73.013;12.0609;12.0609;0;0;0
10R_10V_02I_04M;lr105;1;1;10;02;04;50;50;88.4615;25;54.457;39.8304;77.8478;58.3487;13.4957;13.4957;0;0;3.0433
10R_10V_02I_04M;lr101;1;1;10;02;04;80;100;86.5385;18.6047;36.552613;34.5738;88.7254;64.29;20.1414;13.5605;6.5809;0.0816;12.7455
10R_10V_02I_04M;lr102;1;1;10;02;04;60;75;54.1667;28.9474;44.584367;29.4059;91.7638;62.6458;7.4367;5.139;2.2977;2.2457;2.815
10R_10V_02I_04M;lr103;1;1;10;02;04;30;50;84.6154;61.5385;74.759633;79.1826;93.5217;88.4116;7.5261;7.5261;0;0;0
10R_10V_02I_04M;lr104;1;1;10;02;04;40;50;90.9091;30;65.8042;49.8043;86.1087;73.013;12.0609;12.0609;0;0;0
10R_10V_02I_04M;lr105;1;1;10;02;04;50;50;88.4615;25;54.457;39.8304;77.8478;58.3487;13.4957;13.4957;0;0;3.0433
10R_10V_02I_04M;lr101;1;1;10;02;04;80;100;86.5385;16.2791;36.167862;34.5738;88.7254;64.29;20.1414;13.5605;6.5809;0.0816;12.7455
10R_10V_02I_04M;lr102;1;1;10;02;04;60;75;60.5263;13.1579;42.4065;29.4059;97.2288;62.6458;7.4367;5.139;2.2977;2.4022;4.7933
10R_10V_02I_04M;lr103;1;1;10;02;04;30;50;96.1538;61.5385;75.480767;79.1826;93.5217;88.4116;7.5261;7.5261;0;0;0
10R_10V_02I_04M;lr104;1;1;10;02;04;40;50;75;30;52.42425;49.8043;86.1087;73.013;12.0609;12.0609;0;0;0
10R_10V_02I_04M;lr105;1;1;10;02;04;50;50;88.4615;25;54.457;39.8304;77.8478;58.3487;13.4957;13.4957;0;0;3.0433
10R_10V_02I_04M;lr201;2;1;10;02;04;20;75;100;86.5385;93.26925;30.202;70.384;50.293;3.728;2.7007;1.0273;0.3403;10.9066
10R_10V_02I_04M;lr202;2;1;10;02;04;20;75;94.7368;86.8421;90.78945;32.113;48.819;40.466;1.8387;1.5983;0.2403;0;3.8192
10R_10V_02I_04M;lr203;2;1;10;02;04;20;75;97.3684;77.0833;87.22585;16.888;58.739;37.8135;1.6613;1.1507;0.5107;1.4394;6.5614
10R_10V_02I_04M;lr204;2;1;10;02;04;20;75;73.0769;71.0526;72.06475;24.304;50.104;37.204;2.8707;1.9513;0.9193;0;0
10R_10V_02I_04M;lr205;2;1;10;02;04;20;25;100;53.8462;76.9231;22.053;54.082;38.0675;3.234;2.156;1.078;0;2.3455
10R_10V_02I_04M;lr201;2;1;10;02;04;20;75;100;86.5385;93.26925;30.202;70.384;50.293;3.747;2.7197;1.0273;0.439;10.8604
10R_10V_02I_04M;lr202;2;1;10;02;04;20;75;86.8421;78.2609;82.5515;32.113;48.819;40.466;1.8387;1.5983;0.2403;0;2.6619
10R_10V_02I_04M;lr203;2;1;10;02;04;20;75;100;97.3684;98.6842;16.888;58.739;37.8135;1.4827;1.0613;0.4213;1.1296;5.122
10R_10V_02I_04M;lr204;2;1;10;02;04;20;50;89.4737;50;69.73685;24.304;51.181;37.7425;4.134;3.1005;1.0335;0;0
10R_10V_02I_04M;lr205;2;1;10;02;04;20;25;100;82.3529;91.17645;22.053;54.056;38.0545;3.234;2.156;1.078;0;1.3394
10R_10V_02I_04M;lr201;2;1;10;02;04;20;75;100;86.5385;93.26925;30.202;70.384;50.293;3.747;2.7197;1.0273;0.439;10.9066
10R_10V_02I_04M;lr202;2;1;10;02;04;20;75;78.2609;71.7391;75;32.113;48.819;40.466;2.0507;1.57;0.4807;0;0.8265
10R_10V_02I_04M;lr203;2;1;10;02;04;20;75;97.3684;89.4737;93.42105;16.888;58.739;37.8135;1.4827;1.0613;0.4213;1.4394;6.5614
10R_10V_02I_04M;lr204;2;1;10;02;04;20;50;89.4737;73.0769;81.2753;24.304;50.844;37.574;4.134;3.1005;1.0335;0;0
10R_10V_02I_04M;lr205;2;1;10;02;04;20;25;100;88.4615;94.23075;13.845;61.988;37.9165;3.234;3.234;0;0;0
10R_10V_02I_04M;lr201;2;1;10;02;04;20;75;100;86.5385;93.26925;30.202;70.384;50.293;3.728;2.7007;1.0273;0.3403;10.9066
10R_10V_02I_04M;lr202;2;1;10;02;04;20;75;89.1304;86.8421;87.98625;32.113;48.819;40.466;1.358;1.1177;0.2403;0;3.9278
10R_10V_02I_04M;lr203;2;1;10;02;04;20;75;89.4737;77.0833;83.2785;16.888;58.739;37.8135;1.572;1.0613;0.5107;0;5.6259
10R_10V_02I_04M;lr204;2;1;10;02;04;20;50;89.4737;50;69.73685;24.304;50.116;37.21;4.134;3.1005;1.0335;0;0
10R_10V_02I_04M;lr205;2;1;10;02;04;20;25;100;53.8462;76.9231;22.053;54.056;38.0545;3.234;2.156;1.078;0;2.8082
10R_10V_02I_04M;lr201;2;1;10;02;04;20;75;100;86.5385;93.26925;30.202;70.384;50.293;3.747;2.7197;1.0273;0.439;10.9066
10R_10V_02I_04M;lr202;2;1;10;02;04;20;75;89.1304;71.7391;80.43475;32.113;48.819;40.466;1.5167;1.036;0.4807;0;2.9067
10R_10V_02I_04M;lr203;2;1;10;02;04;20;75;85.4167;77.0833;81.25;16.888;58.739;37.8135;1.912;1.7013;0.2107;0.189;5.122
10R_10V_02I_04M;lr204;2;1;10;02;04;20;75;84.375;73.0769;78.72595;24.304;50.104;37.204;2.8707;1.9513;0.9193;0;0
10R_10V_02I_04M;lr205;2;1;10;02;04;20;25;84.6154;82.3529;83.48415;22.053;55.008;38.5305;3.234;2.156;1.078;0;4.5512
10R_10V_04I_03M;lr101;1;1;10;04;03;90;100;76.4706;18.6047;32.233378;41.5615;88.7623;58.0902;67.7063;40.2418;27.4645;1.9555;19.8897
10R_10V_04I_03M;lr102;1;1;10;04;03;60;100;84.2105;33.3333;58.64085;26.3675;90.6709;67.1902;46.0299;26.7023;19.3276;0.8382;2.5177
10R_10V_04I_03M;lr103;1;1;10;04;03;40;100;84.6154;61.5385;71.255075;39.3522;96.5043;66.8543;26.8565;17.4812;9.3754;0;0
10R_10V_04I_03M;lr104;1;1;10;04;03;50;100;73.0769;35;49.57692;48.413;81.9783;64.8643;33.6377;22.8681;10.7696;0;0
10R_10V_04I_03M;lr105;1;1;10;04;03;40;100;91.1765;34.8837;64.676925;45.1609;88.3174;72.6587;28.1116;17.9681;10.1435;0;3.1771
10R_10V_04I_03M;lr101;1;1;10;04;03;90;100;58.8235;15.3846;33.069967;41.5615;88.7623;58.0902;67.7063;40.2418;27.4645;1.9555;19.8897
10R_10V_04I_03M;lr102;1;1;10;04;03;60;100;84.2105;27.5862;54.6582;26.3675;90.6709;67.1902;46.0299;26.7023;19.3276;0.8382;2.5177
10R_10V_04I_03M;lr103;1;1;10;04;03;40;100;96.1538;50;75.961525;39.3522;96.5043;66.8543;26.8565;17.4812;9.3754;0;0
10R_10V_04I_03M;lr104;1;1;10;04;03;50;100;73.0769;42.3077;53.34616;48.413;81.9783;64.8643;33.6377;22.8681;10.7696;0;0
10R_10V_04I_03M;lr105;1;1;10;04;03;40;100;88.4615;34.8837;59.90605;45.1609;88.3174;72.6587;28.1116;17.9681;10.1435;0;3.1771
10R_10V_04I_03M;lr101;1;1;10;04;03;90;100;76.4706;16.2791;34.653678;41.5615;88.7623;58.0902;67.7063;40.2418;27.4645;1.9555;19.8897
10R_10V_04I_03M;lr102;1;1;10;04;03;60;100;84.2105;27.5862;51.923283;26.3675;90.6709;67.1902;46.0299;26.7023;19.3276;0.8382;2.5177
10R_10V_04I_03M;lr103;1;1;10;04;03;40;100;96.1538;42.1053;63.8822;39.3522;96.5043;66.8543;26.8565;17.4812;9.3754;0;0
10R_10V_04I_03M;lr104;1;1;10;04;03;50;100;73.0769;33.3333;52.89742;48.413;81.9783;64.8643;33.6377;22.8681;10.7696;0;0
10R_10V_04I_03M;lr105;1;1;10;04;03;40;100;88.4615;34.8837;62.83015;45.1609;88.3174;72.6587;28.1116;17.9681;10.1435;0;3.1771
10R_10V_04I_03M;lr101;1;1;10;04;03;90;100;55.8824;13.4615;33.1594;41.5615;88.7623;58.0902;67.7063;40.2418;27.4645;1.9555;19.8897
10R_10V_04I_03M;lr102;1;1;10;04;03;60;100;95.8333;3.4483;53.14705;36.3162;82.3376;67.0883;38.0427;27.1538;10.8889;0;2.6059
10R_10V_04I_03M;lr103;1;1;10;04;03;40;100;96.1538;61.5385;74.8798;39.3522;96.5043;66.8543;26.8565;17.4812;9.3754;0;0
10R_10V_04I_03M;lr104;1;1;10;04;03;50;100;73.0769;35;49.57692;48.413;81.9783;64.8643;33.6377;22.8681;10.7696;0;0
10R_10V_04I_03M;lr105;1;1;10;04;03;40;100;91.1765;34.8837;67.601025;45.1609;88.3174;72.6587;28.1116;17.9681;10.1435;0;3.1771
10R_10V_04I_03M;lr101;1;1;10;04;03;90;100;50;16.2791;30.983778;41.5615;88.7623;58.0902;67.7063;40.2418;27.4645;1.9555;19.8897
10R_10V_04I_03M;lr102;1;1;10;04;03;60;100;84.2105;27.5862;53.753917;26.3675;90.6709;67.1902;46.0299;26.7023;19.3276;0.8382;2.5177
10R_10V_04I_03M;lr103;1;1;10;04;03;40;100;78.125;50;64.77415;39.3522;96.5043;66.8543;26.8565;17.4812;9.3754;0;0
10R_10V_04I_03M;lr104;1;1;10;04;03;50;100;73.0769;27.5;46.61538;48.413;81.9783;64.8643;33.6377;22.8681;10.7696;0;0
10R_10V_04I_03M;lr105;1;1;10;04;03;40;100;88.4615;44.1176;62.214525;45.1609;88.3174;72.6587;28.1116;17.9681;10.1435;0;3.1771
10R_10V_04I_03M;lr201;2;1;10;04;03;30;100;88.4615;32.6923;66.8552;9.827;68.537;42.3753;10.0273;6.4797;3.5477;0.07;24.5202
10R_10V_04I_03M;lr202;2;1;10;04;03;20;100;94.7368;34.7826;64.7597;29.698;67.86;48.779;15.6063;11.2207;4.3857;1.1111;0
10R_10V_04I_03M;lr203;2;1;10;04;03;20;100;97.3684;50;73.6842;22.198;59.783;40.9905;13.642;6.9957;6.6463;9.4463;9.376
10R_10V_04I_03M;lr204;2;1;10;04;03;20;100;97.3684;59.375;78.3717;17.398;61.784;39.591;11.352;6.239;5.113;0;0
10R_10V_04I_03M;lr205;2;1;10;04;03;20;100;98.0769;88.4615;93.2692;12.542;67.404;39.973;9.838;5.873;3.965;0;0
10R_10V_04I_03M;lr201;2;1;10;04;03;30;100;88.4615;50;67.084067;9.827;68.537;42.3753;10.0273;6.4797;3.5477;0.07;24.5202
10R_10V_04I_03M;lr202;2;1;10;04;03;20;100;89.1304;53.3333;71.23185;29.698;67.972;48.835;15.6063;11.2207;4.3857;0;0
10R_10V_04I_03M;lr203;2;1;10;04;03;20;100;89.4737;63.7931;76.6334;20.039;62.743;41.391;11.4643;6.9993;4.465;4.0408;3.0253
10R_10V_04I_03M;lr204;2;1;10;04;03;20;100;97.3684;50;73.6842;17.398;61.161;39.2795;11.352;6.239;5.113;0;0
10R_10V_04I_03M;lr205;2;1;10;04;03;20;100;98.0769;88.4615;93.2692;12.542;67.404;39.973;9.838;5.873;3.965;0;0
10R_10V_04I_03M;lr201;2;1;10;04;03;30;100;88.4615;32.6923;61.314833;9.827;68.537;42.3753;9.499;5.3503;4.1487;2.2883;25.2872
10R_10V_04I_03M;lr202;2;1;10;04;03;20;100;94.7368;53.3333;74.03505;29.698;67.86;48.779;15.6063;11.2207;4.3857;1.1111;0
10R_10V_04I_03M;lr203;2;1;10;04;03;20;100;95.8333;77.0833;86.4583;19.632;61.851;40.7415;12.0147;7.3633;4.6513;0.2037;3.0868
10R_10V_04I_03M;lr204;2;1;10;04;03;20;100;97.3684;59.375;78.3717;17.398;60.923;39.1605;11.352;6.239;5.113;0;0
10R_10V_04I_03M;lr205;2;1;10;04;03;20;100;98.0769;88.4615;93.2692;12.542;66.585;39.5635;7.5547;5.4283;2.1263;0;0
10R_10V_04I_03M;lr201;2;1;10;04;03;30;100;88.4615;32.6923;66.8552;9.827;68.537;42.3753;8.9607;5.413;3.5477;0.3584;24.8995
10R_10V_04I_03M;lr202;2;1;10;04;03;20;100;94.7368;53.3333;74.03505;29.726;67.86;48.793;14.7523;11.231;3.5213;1.1111;0
10R_10V_04I_03M;lr203;2;1;10;04;03;20;100;89.4737;77.0833;83.2785;19.632;63.15;41.391;10.3153;7.0287;3.2867;3.0826;3.0826
10R_10V_04I_03M;lr204;2;1;10;04;03;20;100;81.5789;59.375;70.47695;17.398;60.89;39.144;10.0957;6.2597;3.836;0;0
10R_10V_04I_03M;lr205;2;1;10;04;03;20;100;100;88.4615;94.23075;12.542;66.481;39.5115;8.3267;5.3413;2.9853;0;0
10R_10V_04I_03M;lr201;2;1;10;04;03;30;100;88.4615;32.6923;57.6923;9.827;68.537;42.3753;8.9607;5.413;3.5477;0.3584;24.8995
10R_10V_04I_03M;lr202;2;1;10;04;03;20;100;89.1304;42.1053;65.61785;29.698;67.957;48.8275;15.6063;11.2207;4.3857;0;0
10R_10V_04I_03M;lr203;2;1;10;04;03;20;100;89.4737;60.4167;74.9452;22.357;61.726;42.0415;13.5653;6.9973;6.568;10.7064;10.7064
10R_10V_04I_03M;lr204;2;1;10;04;03;20;100;86.8421;50;68.42105;17.398;60.371;38.8845;10.7897;6.2723;4.5173;0;0
10R_10V_04I_03M;lr205;2;1;10;04;03;20;100;100;88.4615;94.23075;12.542;66.359;39.4505;8.3267;5.3413;2.9853;0;0
10R_10V_04I_04M;lr101;1;1;10;04;04;90;100;55.8824;13.4615;33.498767;35.1475;92.582;54.9759;48.3084;30.582;17.7264;0.2816;17.3384
10R_10V_04I_04M;lr102;1;1;10;04;04;60;100;95.8333;3.4483;57.986733;36.3162;82.3376;66.8568;24.7692;20.6389;4.1303;0;2.6355
10R_10V_04I_04M;lr103;1;1;10;04;04;40;75;96.1538;59.375;75.420675;38.1913;96.5043;66.4783;17.2072;17.2072;0;0;0
10R_10V_04I_04M;lr104;1;1;10;04;04;50;75;73.0769;27.5;57.62122;48.413;81.9783;64.8643;33.6377;22.8681;10.7696;0;0
10R_10V_04I_04M;lr105;1;1;10;04;04;40;100;88.4615;44.1176;62.214525;45.1609;88.3261;72.3348;15.5587;13.5989;1.9598;0;3.1896
10R_10V_04I_04M;lr101;1;1;10;04;04;90;100;76.4706;16.2791;34.161722;35.1475;92.582;54.9759;48.3084;30.582;17.7264;0.2816;17.3384
10R_10V_04I_04M;lr102;1;1;10;04;04;60;100;95.8333;5.2632;56.3231;36.3162;82.3376;66.8568;24.7692;20.6389;4.1303;0;2.6355
10R_10V_04I_04M;lr103;1;1;10;04;04;40;75;96.1538;59.375;75.420675;38.1913;96.5043;66.4783;17.2072;17.2072;0;0;0
10R_10V_04I_04M;lr104;1;1;10;04;04;50;75;73.0769;42.3077;51.06176;48.413;81.9783;64.8643;33.6377;22.8681;10.7696;0;0
10R_10V_04I_04M;lr105;1;1;10;04;04;40;100;91.1765;28.8462;66.09165;45.1609;88.3261;72.3348;15.5587;13.5989;1.9598;0;3.1896
10R_10V_04I_04M;lr101;1;1;10;04;04;90;100;60.4651;15.3846;31.562522;35.1475;92.582;54.9759;48.3084;30.582;17.7264;0.2816;17.3384
10R_10V_04I_04M;lr102;1;1;10;04;04;60;100;79.3103;4.1667;50.8312;36.3162;82.3376;66.8568;24.7692;20.6389;4.1303;0;2.6355
10R_10V_04I_04M;lr103;1;1;10;04;04;40;75;84.6154;50;68.569725;38.1913;96.5043;66.4783;17.2072;17.2072;0;0;0
10R_10V_04I_04M;lr104;1;1;10;04;04;50;75;76.9231;35;54.96154;48.413;81.9783;64.8643;33.6377;22.8681;10.7696;0;0
10R_10V_04I_04M;lr105;1;1;10;04;04;40;100;88.4615;44.1176;65.138625;45.1609;88.3261;72.3348;15.5587;13.5989;1.9598;0;3.1896
10R_10V_04I_04M;lr101;1;1;10;04;04;90;100;50;20.5882;31.528344;35.1475;92.582;54.9759;48.3084;30.582;17.7264;0.2816;17.3384
10R_10V_04I_04M;lr102;1;1;10;04;04;60;100;95.8333;5.2632;51.347933;36.3162;82.3376;66.8568;24.7692;20.6389;4.1303;0;2.6355
10R_10V_04I_04M;lr103;1;1;10;04;04;40;75;96.1538;50;75.961525;38.1913;96.5043;66.4783;17.2072;17.2072;0;0;0
10R_10V_04I_04M;lr104;1;1;10;04;04;50;75;73.0769;27.5;48.63054;48.413;81.9783;64.8643;33.6377;22.8681;10.7696;0;0
10R_10V_04I_04M;lr105;1;1;10;04;04;40;100;91.1765;34.8837;64.676925;45.1609;88.3261;72.3348;15.5587;13.5989;1.9598;0;3.1896
10R_10V_04I_04M;lr101;1;1;10;04;04;90;100;76.4706;15.3846;33.017344;35.1475;92.582;54.9759;48.3084;30.582;17.7264;0.2816;17.3384
10R_10V_04I_04M;lr102;1;1;10;04;04;60;100;79.3103;5.2632;50.09075;36.3162;82.3376;66.8568;24.7692;20.6389;4.1303;0;2.6355
10R_10V_04I_04M;lr103;1;1;10;04;04;40;75;96.1538;59.375;75.420675;38.1913;96.5043;66.4783;17.2072;17.2072;0;0;0
10R_10V_04I_04M;lr104;1;1;10;04;04;50;75;73.0769;27.5;55.5;48.413;81.9783;64.8643;33.6377;22.8681;10.7696;0;0
10R_10V_04I_04M;lr105;1;1;10;04;04;40;100;88.4615;34.8837;59.90605;45.1609;88.3261;72.3348;15.5587;13.5989;1.9598;0;3.1896
10R_10V_04I_04M;lr201;2;1;10;04;04;30;100;88.4615;32.6923;66.8552;9.827;68.537;42.3753;8.2712;4.7098;3.5615;2.7518;25.6281
10R_10V_04I_04M;lr202;2;1;10;04;04;20;75;91.3043;63.3333;77.3188;26.464;68.006;47.235;14.2693;10.5407;3.7287;0;0.2117
10R_10V_04I_04M;lr203;2;1;10;04;04;20;100;85.4167;77.0833;81.25;19.534;59.167;39.3505;6.3833;5.1788;1.2045;3.6412;3.1105
10R_10V_04I_04M;lr204;2;1;10;04;04;20;100;94.7368;73.0769;83.90685;17.398;60.837;39.1175;6.1265;4.5073;1.6193;0;0
10R_10V_04I_04M;lr205;2;1;10;04;04;20;100;100;88.4615;94.23075;12.542;66.265;39.4035;5.8737;4.0177;1.856;0;0
10R_10V_04I_04M;lr201;2;1;10;04;04;30;100;88.4615;32.6923;66.8552;9.827;68.537;42.3753;7.5712;4.0098;3.5615;0.3584;24.8995
10R_10V_04I_04M;lr202;2;1;10;04;04;20;75;91.3043;50;70.65215;26.804;67.932;47.368;14.2693;10.5407;3.7287;0;0.212
10R_10V_04I_04M;lr203;2;1;10;04;04;20;75;97.3684;63.7931;80.58075;19.632;59.167;39.3995;10.4063;6.9187;3.4877;2.9479;3.1695
10R_10V_04I_04M;lr204;2;1;10;04;04;20;100;86.8421;73.0769;79.9595;17.141;61.78;39.4605;7.7035;4.5465;3.157;0;0
10R_10V_04I_04M;lr205;2;1;10;04;04;20;100;92.3077;88.4615;90.3846;12.542;66.251;39.3965;6.0848;4.0703;2.0145;0;0
10R_10V_04I_04M;lr201;2;1;10;04;04;30;100;88.4615;32.6923;57.6923;9.827;68.537;42.3753;8.0703;4.6628;3.4075;0;26.2399
10R_10V_04I_04M;lr202;2;1;10;04;04;20;75;91.3043;63.3333;77.3188;26.854;67.923;47.3885;14.2693;10.5407;3.7287;0;0.212
10R_10V_04I_04M;lr203;2;1;10;04;04;20;100;89.5833;77.0833;83.3333;19.534;59.46;39.497;8.0445;5.1788;2.8658;3.1094;3.1094
10R_10V_04I_04M;lr204;2;1;10;04;04;20;100;97.3684;59.375;78.3717;17.398;60.489;38.9435;8.7852;4.5668;4.2185;0;0
10R_10V_04I_04M;lr205;2;1;10;04;04;20;75;100;88.4615;94.23075;12.542;65.913;39.2275;8.1817;5.427;2.7547;0;0
10R_10V_04I_04M;lr201;2;1;10;04;04;30;100;88.4615;32.6923;66.8552;9.827;68.537;42.3753;7.5712;4.0098;3.5615;0.3584;24.8995
10R_10V_04I_04M;lr202;2;1;10;04;04;20;75;91.3043;50;70.65215;26.804;67.932;47.368;14.2693;10.5407;3.7287;0;0.212
10R_10V_04I_04M;lr203;2;1;10;04;04;20;100;89.4737;63.7931;76.6334;19.534;61.006;40.27;6.3415;5.137;1.2045;4.7744;4.7744
10R_10V_04I_04M;lr204;2;1;10;04;04;20;100;94.7368;50;72.3684;17.398;60.21;38.804;7.4873;4.5813;2.906;0;0
10R_10V_04I_04M;lr205;2;1;10;04;04;20;75;100;88.4615;94.23075;12.542;65.913;39.2275;8.1817;5.427;2.7547;0;0
10R_10V_04I_04M;lr201;2;1;10;04;04;30;100;88.4615;32.6923;57.6923;9.827;68.537;42.3753;7.5712;4.0098;3.5615;0.3584;24.8995
10R_10V_04I_04M;lr202;2;1;10;04;04;20;75;91.3043;63.3333;77.3188;26.464;67.983;47.2235;14.2693;10.5407;3.7287;0;0.2118
10R_10V_04I_04M;lr203;2;1;10;04;04;20;100;86.8421;77.0833;81.9627;19.534;61.665;40.5995;6.5458;5.4442;1.1015;1.1871;4.0846
10R_10V_04I_04M;lr204;2;1;10;04;04;20;100;86.8421;50;68.42105;17.398;59.862;38.63;8.5978;4.5733;4.0245;0;0
10R_10V_04I_04M;lr205;2;1;10;04;04;20;100;100;88.4615;94.23075;12.542;67.025;39.7835;6.8008;4.469;2.3318;0;0
12R_12V_02I_03M;lr101;1;1;12;02;03;83.3333;100;86.5385;20.5882;38.03824;20.7131;91.4754;58.6918;31.5847;19.224;12.3607;0.0438;11.0912
12R_12V_02I_03M;lr102;1;1;12;02;03;41.6667;66.6667;96.7742;30.7692;59.51612;78.3515;84.3598;82.1272;18.7238;15.272;3.4519;1.266;6.2582
12R_12V_02I_03M;lr103;1;1;12;02;03;33.3333;66.6667;93.1034;37.931;67.6724;39.4304;93.5478;77.9054;12.4478;9.9696;2.4783;0;0
12R_12V_02I_03M;lr104;1;1;12;02;03;33.3333;100;95;42.5;65.64395;65.2652;98.3478;84.637;11.1275;8.4406;2.687;0;0
12R_12V_02I_03M;lr105;1;1;12;02;03;58.3333;100;81.0345;18.9655;47.1783;48.0669;98.4721;71.4238;18.9318;13.4721;5.4597;0;5.9704
12R_12V_02I_03M;lr101;1;1;12;02;03;83.3333;100;86.5385;16.2791;38.16137;20.7131;91.4754;58.6918;31.5847;19.224;12.3607;0.0438;11.0912
12R_12V_02I_03M;lr102;1;1;12;02;03;41.6667;66.6667;96.7742;30.7692;63.60746;78.3515;84.3598;82.1272;18.7238;15.272;3.4519;1.266;6.2582
12R_12V_02I_03M;lr103;1;1;12;02;03;33.3333;66.6667;93.1034;32.7586;65.337625;39.4304;93.5478;77.9054;12.4478;9.9696;2.4783;0;0
12R_12V_02I_03M;lr104;1;1;12;02;03;33.3333;100;95;42.5;66.70455;65.2652;98.3478;84.6652;11.1275;8.4406;2.687;0;0
12R_12V_02I_03M;lr105;1;1;12;02;03;58.3333;100;81.0345;22.9167;43.540443;48.0669;98.4721;71.4238;18.9318;13.4721;5.4597;0;5.9704
12R_12V_02I_03M;lr101;1;1;12;02;03;83.3333;100;86.5385;16.2791;36.30275;20.7131;91.4754;58.6918;31.5847;19.224;12.3607;0.0438;11.0912
12R_12V_02I_03M;lr102;1;1;12;02;03;41.6667;66.6667;96.7742;38.0952;60.98132;78.3515;84.3598;82.1272;18.7238;15.272;3.4519;1.266;6.2582
12R_12V_02I_03M;lr103;1;1;12;02;03;33.3333;66.6667;93.1034;45.8333;69.647975;39.4304;93.5478;77.9054;12.4478;9.9696;2.4783;0;0
12R_12V_02I_03M;lr104;1;1;12;02;03;33.3333;100;95;51.5152;75.352575;65.2652;98.3478;84.637;11.1275;8.4406;2.687;0;0
12R_12V_02I_03M;lr105;1;1;12;02;03;58.3333;100;97.9167;25.8621;52.269171;48.0669;98.4721;71.4238;18.9318;13.4721;5.4597;0;5.9704
12R_12V_02I_03M;lr101;1;1;12;02;03;83.3333;100;86.5385;16.2791;37.9767;20.7131;91.4754;58.6918;31.5847;19.224;12.3607;0.0438;11.0912
12R_12V_02I_03M;lr102;1;1;12;02;03;41.6667;66.6667;96.7742;30.7692;67.28524;78.3515;84.3598;82.1272;18.7238;15.272;3.4519;1.266;6.2582
12R_12V_02I_03M;lr103;1;1;12;02;03;33.3333;66.6667;93.1034;45.8333;69.647975;39.4304;93.5478;77.9054;12.4478;9.9696;2.4783;0;0
12R_12V_02I_03M;lr104;1;1;12;02;03;33.3333;100;95;65.3846;75.240375;65.2652;98.3478;84.637;11.1275;8.4406;2.687;0;0
12R_12V_02I_03M;lr105;1;1;12;02;03;58.3333;100;81.0345;25.8621;44.920514;48.0669;98.4721;71.4238;18.9318;13.4721;5.4597;0;5.9704
12R_12V_02I_03M;lr101;1;1;12;02;03;83.3333;100;86.5385;15.3846;37.71623;20.7131;91.4754;58.6918;31.5847;19.224;12.3607;0.0438;11.0912
12R_12V_02I_03M;lr102;1;1;12;02;03;41.6667;66.6667;96.7742;30.7692;66.53786;78.3515;84.3598;82.1272;18.7238;15.272;3.4519;1.266;6.2582
12R_12V_02I_03M;lr103;1;1;12;02;03;33.3333;66.6667;93.1034;32.7586;65.337625;39.4304;93.5478;77.9054;12.4478;9.9696;2.4783;0;0
12R_12V_02I_03M;lr104;1;1;12;02;03;33.3333;100;95;35;71.223775;49.8043;98.3478;85.112;11.1275;8.4406;2.687;0;0
12R_12V_02I_03M;lr105;1;1;12;02;03;58.3333;100;81.0345;28.9474;49.7656;48.0669;98.4721;71.4238;18.9318;13.4721;5.4597;0;5.9704
12R_12V_02I_03M;lr201;2;1;12;02;03;25;100;100;57.6923;85.897433;18.876;70.955;44.3053;3.7247;2.699;1.0257;7.5034;18.5092
12R_12V_02I_03M;lr202;2;1;12;02;03;16.6667;66.6667;95.6522;71.7391;83.69565;20.653;67.861;44.257;4.146;3.624;0.522;0;0.8591
12R_12V_02I_03M;lr203;2;1;12;02;03;16.6667;66.6667;97.3684;82.7586;90.0635;35.934;76.031;55.9825;3.475;3.094;0.381;0;0
12R_12V_02I_03M;lr204;2;1;12;02;03;16.6667;100;92.1053;81.25;86.67765;32.242;51.188;41.715;1.717;1.3837;0.3333;0;0
12R_12V_02I_03M;lr205;2;1;12;02;03;16.6667;100;96.5517;83.3333;89.9425;18.779;72.044;45.4115;3.1237;2.1057;1.018;0;0
12R_12V_02I_03M;lr201;2;1;12;02;03;25;100;100;96.1538;98.717933;18.876;60.036;44.2277;3.7247;2.699;1.0257;5.5414;18.5106
12R_12V_02I_03M;lr202;2;1;12;02;03;16.6667;66.6667;94.7368;86.8421;90.78945;20.653;67.861;44.257;2.242;1.812;0.43;0;0.0295
12R_12V_02I_03M;lr203;2;1;12;02;03;16.6667;66.6667;100;77.0833;88.54165;32.172;79.114;55.643;3.475;3.094;0.381;0;0
12R_12V_02I_03M;lr204;2;1;12;02;03;16.6667;100;92.1053;68.4211;80.2632;27.99;55.134;41.562;1.717;1.3837;0.3333;0;0
12R_12V_02I_03M;lr205;2;1;12;02;03;16.6667;66.6667;96.5517;79.3103;87.931;19.656;72.326;45.991;4.5615;3.0345;1.527;0;0
12R_12V_02I_03M;lr201;2;1;12;02;03;25;100;100;69.7674;84.153233;18.876;70.955;44.3053;3.7247;2.699;1.0257;7.5034;18.5092
12R_12V_02I_03M;lr202;2;1;12;02;03;16.6667;66.6667;91.3043;71.7391;81.5217;20.653;67.861;44.257;3.102;2.672;0.43;0;0.0147
12R_12V_02I_03M;lr203;2;1;12;02;03;16.6667;66.6667;100;77.0833;88.54165;32.172;77.109;54.6405;3.509;3.128;0.381;0;0
12R_12V_02I_03M;lr204;2;1;12;02;03;16.6667;100;100;59.375;79.6875;21.18;62.476;41.828;2.4193;1.3837;1.0357;0;0
12R_12V_02I_03M;lr205;2;1;12;02;03;16.6667;66.6667;94.8276;68.9655;81.89655;18.78;71.875;45.3275;4.059;3.0345;1.0245;0;0.5127
12R_12V_02I_03M;lr201;2;1;12;02;03;25;100;100;82.6923;90.3092;18.876;70.955;44.3053;3.7247;2.699;1.0257;7.5034;18.4787
12R_12V_02I_03M;lr202;2;1;12;02;03;16.6667;66.6667;100;71.7391;85.86955;20.653;67.861;44.257;3.286;2.764;0.522;0;0.0295
12R_12V_02I_03M;lr203;2;1;12;02;03;16.6667;100;100;97.3684;98.6842;32.172;79.777;55.9745;2.9313;2.116;0.8153;0;0
12R_12V_02I_03M;lr204;2;1;12;02;03;16.6667;100;96.875;68.4211;82.64805;34.04;50.911;42.4755;2.4257;1.39;1.0357;0;0
12R_12V_02I_03M;lr205;2;1;12;02;03;16.6667;66.6667;100;68.9655;84.48275;18.779;73.578;46.1785;4.6005;3.054;1.5465;0;0
12R_12V_02I_03M;lr201;2;1;12;02;03;25;100;100;82.6923;90.3092;18.876;70.955;44.3053;3.7247;2.699;1.0257;7.5034;18.4787
12R_12V_02I_03M;lr202;2;1;12;02;03;16.6667;66.6667;94.7368;86.8421;90.78945;20.653;67.861;44.257;2.242;1.812;0.43;0;0.0147
12R_12V_02I_03M;lr203;2;1;12;02;03;16.6667;66.6667;100;77.0833;88.54165;37.747;74.716;56.2315;3.475;3.094;0.381;1.0411;0
12R_12V_02I_03M;lr204;2;1;12;02;03;16.6667;33.3333;100;50;75;15.639;66.085;40.862;4.252;4.252;0;0;0
12R_12V_02I_03M;lr205;2;1;12;02;03;16.6667;100;89.6552;81.5789;85.61705;19.084;73.254;46.169;2.7887;2.1057;0.683;0;0
12R_12V_02I_04M;lr101;1;1;12;02;04;83.3333;100;86.5385;16.2791;37.37056;20.7131;88.7254;57.0094;20.1414;13.5605;6.5809;0.0653;11.5512
12R_12V_02I_04M;lr102;1;1;12;02;04;41.6667;75;96.7742;38.0952;65.82004;78.3515;84.0544;81.6377;14.6918;11.5941;3.0976;1.3083;6.3104
12R_12V_02I_04M;lr103;1;1;12;02;04;33.3333;50;93.1034;39.5833;67.0438;39.4304;93.5478;77.6728;12.3435;9.8652;2.4783;0;0
12R_12V_02I_04M;lr104;1;1;12;02;04;33.3333;100;95;42.4242;66.6856;49.8043;96.7217;84.3152;9.2902;6.188;3.1022;0;0
12R_12V_02I_04M;lr105;1;1;12;02;04;58.3333;100;81.0345;22.4138;49.302157;16.5242;98.0037;68.9071;14.6069;10.4749;4.132;0;4.2708
12R_12V_02I_04M;lr101;1;1;12;02;04;83.3333;100;86.5385;13.4615;37.63337;20.7131;88.7254;57.0094;20.1414;13.5605;6.5809;0.0653;11.5512
12R_12V_02I_04M;lr102;1;1;12;02;04;41.6667;75;96.7742;25.8065;68.39892;78.3515;84.0544;81.6377;14.6918;11.5941;3.0976;1.3083;6.3104
12R_12V_02I_04M;lr103;1;1;12;02;04;33.3333;50;93.1034;39.5833;67.0438;39.4304;93.5478;77.6728;12.3435;9.8652;2.4783;0;0
12R_12V_02I_04M;lr104;1;1;12;02;04;33.3333;100;95;51.5152;71.773025;65.2652;96.7217;83.8402;9.2902;6.188;3.1022;0;0
12R_12V_02I_04M;lr105;1;1;12;02;04;58.3333;100;81.0345;22.4138;47.022743;16.5242;98.0037;68.9071;14.6069;10.4749;4.132;0;4.2708
12R_12V_02I_04M;lr101;1;1;12;02;04;83.3333;100;86.5385;13.4615;36.89466;20.7131;88.7254;57.0094;20.1414;13.5605;6.5809;0.0653;11.5512
12R_12V_02I_04M;lr102;1;1;12;02;04;41.6667;75;96.7742;38.0952;62.96644;78.3515;84.0544;81.6377;14.6918;11.5941;3.0976;1.3083;6.3104
12R_12V_02I_04M;lr103;1;1;12;02;04;33.3333;50;93.1034;39.5833;67.0438;39.4304;93.5478;77.6728;12.3435;9.8652;2.4783;0;0
12R_12V_02I_04M;lr104;1;1;12;02;04;33.3333;100;95;47.5;68.95835;65.2652;96.7217;83.8837;9.2902;6.188;3.1022;0;0
12R_12V_02I_04M;lr105;1;1;12;02;04;58.3333;100;81.0345;34.2105;50.517471;16.5242;98.0037;68.9071;14.6069;10.4749;4.132;0;4.2708
12R_12V_02I_04M;lr101;1;1;12;02;04;83.3333;100;86.5385;15.3846;37.10065;20.7131;88.7254;57.0094;20.1414;13.5605;6.5809;0.0653;11.5512
12R_12V_02I_04M;lr102;1;1;12;02;04;41.6667;75;96.7742;30.7692;66.53786;78.3515;84.0544;81.6377;14.6918;11.5941;3.0976;1.3083;6.3104
12R_12V_02I_04M;lr103;1;1;12;02;04;33.3333;50;93.1034;50;72.663325;39.4304;93.5478;77.6728;12.3435;9.8652;2.4783;0;0
12R_12V_02I_04M;lr104;1;1;12;02;04;33.3333;100;95;42.5;73.098775;65.2652;96.7217;83.8402;9.2902;6.188;3.1022;0;0
12R_12V_02I_04M;lr105;1;1;12;02;04;58.3333;100;81.0345;25.8621;44.932386;16.5242;98.0037;68.9071;14.6069;10.4749;4.132;0;4.2708
12R_12V_02I_04M;lr101;1;1;12;02;04;83.3333;100;86.5385;15.3846;36.85441;20.7131;88.7254;57.0094;20.1414;13.5605;6.5809;0.0653;11.5512
12R_12V_02I_04M;lr102;1;1;12;02;04;41.6667;75;96.7742;38.0952;68.00306;78.3515;84.0544;81.6377;14.6918;11.5941;3.0976;1.3083;6.3104
12R_12V_02I_04M;lr103;1;1;12;02;04;33.3333;50;93.1034;45.8333;69.647975;39.4304;93.5478;77.6728;12.3435;9.8652;2.4783;0;0
12R_12V_02I_04M;lr104;1;1;12;02;04;33.3333;100;95;57.5758;74.94465;65.2652;96.7217;83.8402;9.2902;6.188;3.1022;0;0
12R_12V_02I_04M;lr105;1;1;12;02;04;58.3333;100;81.0345;27.0833;47.897771;16.5242;98.0037;68.9071;14.6069;10.4749;4.132;0;4.2708
12R_12V_02I_04M;lr201;2;1;12;02;04;25;75;100;57.6923;85.897433;18.806;70.955;44.282;3.747;2.7197;1.0273;7.5241;18.5274
12R_12V_02I_04M;lr202;2;1;12;02;04;16.6667;50;95.6522;71.7391;83.69565;20.653;67.861;44.257;4.146;3.624;0.522;0;0.8591
12R_12V_02I_04M;lr203;2;1;12;02;04;16.6667;75;100;77.0833;88.54165;31.57;78.011;54.7905;2.3813;1.934;0.4473;0;0
12R_12V_02I_04M;lr204;2;1;12;02;04;16.6667;100;92.1053;81.25;86.67765;32.182;51.188;41.685;1.5792;1.053;0.5262;0;0
12R_12V_02I_04M;lr205;2;1;12;02;04;16.6667;75;96.5517;83.3333;89.9425;18.779;71.959;45.369;3.206;2.188;1.018;0;0
12R_12V_02I_04M;lr201;2;1;12;02;04;25;75;100;96.1538;98.717933;18.806;60.036;44.2043;3.728;2.7007;1.0273;5.5621;18.5288
12R_12V_02I_04M;lr202;2;1;12;02;04;16.6667;50;94.7368;86.8421;90.78945;20.653;67.861;44.257;2.242;1.812;0.43;0;0.0295
12R_12V_02I_04M;lr203;2;1;12;02;04;16.6667;50;92.1053;77.0833;84.5943;35.332;75.591;55.4615;3.111;2.7755;0.3355;0;0
12R_12V_02I_04M;lr204;2;1;12;02;04;16.6667;100;92.1053;68.4211;80.2632;27.93;55.134;41.532;1.5792;1.053;0.5262;0;0
12R_12V_02I_04M;lr205;2;1;12;02;04;16.6667;50;96.5517;79.3103;87.931;19.656;72.326;45.991;4.5615;3.0345;1.527;0;0
12R_12V_02I_04M;lr201;2;1;12;02;04;25;75;100;82.6923;90.3092;18.806;70.955;44.282;3.747;2.7197;1.0273;7.5241;18.5274
12R_12V_02I_04M;lr202;2;1;12;02;04;16.6667;50;91.3043;71.7391;81.5217;20.653;67.861;44.257;3.102;2.672;0.43;0;0.0147
12R_12V_02I_04M;lr203;2;1;12;02;04;16.6667;50;92.1053;77.0833;84.5943;35.332;75.141;55.2365;3.111;2.7755;0.3355;0;0
12R_12V_02I_04M;lr204;2;1;12;02;04;16.6667;75;100;59.375;79.6875;21.18;62.476;41.828;2.4193;1.3837;1.0357;0;0
12R_12V_02I_04M;lr205;2;1;12;02;04;16.6667;50;94.8276;68.9655;81.89655;18.78;71.875;45.3275;4.059;3.0345;1.0245;0;0.5127
12R_12V_02I_04M;lr201;2;1;12;02;04;25;75;100;82.6923;90.3092;18.806;70.955;44.282;3.728;2.7007;1.0273;7.5241;18.4968
12R_12V_02I_04M;lr202;2;1;12;02;04;16.6667;50;100;71.7391;85.86955;20.653;67.861;44.257;3.286;2.764;0.522;0;0.0295
12R_12V_02I_04M;lr203;2;1;12;02;04;16.6667;50;97.3684;92.1053;94.73685;35.332;75.145;55.2385;3.145;2.8095;0.3355;0;0
12R_12V_02I_04M;lr204;2;1;12;02;04;16.6667;75;96.875;68.4211;82.64805;33.98;50.911;42.4455;2.4663;1.4103;1.056;0;0
12R_12V_02I_04M;lr205;2;1;12;02;04;16.6667;50;100;68.9655;84.48275;18.779;73.578;46.1785;4.6005;3.054;1.5465;0;0
12R_12V_02I_04M;lr201;2;1;12;02;04;25;75;100;69.7674;89.922467;18.806;70.955;44.282;3.747;2.7197;1.0273;7.5241;18.4968
12R_12V_02I_04M;lr202;2;1;12;02;04;16.6667;50;94.7368;86.8421;90.78945;20.653;67.861;44.257;2.242;1.812;0.43;0;0.0147
12R_12V_02I_04M;lr203;2;1;12;02;04;16.6667;50;100;77.0833;88.54165;31.999;80.53;56.2645;3.145;2.8095;0.3355;0.6703;0
12R_12V_02I_04M;lr204;2;1;12;02;04;16.6667;25;100;50;75;15.639;66.085;40.862;4.252;4.252;0;0;0
12R_12V_02I_04M;lr205;2;1;12;02;04;16.6667;75;89.6552;81.5789;85.61705;19.084;73.165;46.1245;2.871;2.188;0.683;0;0
12R_12V_04I_03M;lr101;1;1;12;04;03;75;100;88.4615;13.4615;34.762689;39.5916;74.7672;58.045;59.4122;38.8295;20.5827;1.8887;14.3035
12R_12V_04I_03M;lr102;1;1;12;04;03;41.6667;100;96.7742;25.8065;62.0123;79.0127;91.5907;83.8734;36.7961;21.789;15.007;0.1769;6.8017
12R_12V_04I_03M;lr103;1;1;12;04;03;41.6667;100;76.3158;29.3103;54.2415;47.5826;82.7;69.2826;40.6638;22.3217;18.342;0.1852;0
12R_12V_04I_03M;lr104;1;1;12;04;03;41.6667;100;73.0769;36.3636;59.02448;42.6652;96.7304;73.7235;27.9507;19.0986;8.8522;0;0.4158
12R_12V_04I_03M;lr105;1;1;12;04;03;50;100;81.0345;27.0833;49.969733;24.0957;84.2652;60.4471;35.0101;21.4087;13.6014;0;2.9769
12R_12V_04I_03M;lr101;1;1;12;04;03;75;100;88.4615;15.3846;35.583478;39.5916;74.7672;58.045;59.4122;38.8295;20.5827;1.8887;14.3035
12R_12V_04I_03M;lr102;1;1;12;04;03;41.6667;100;96.7742;30.7692;63.00484;79.0127;91.5907;83.8692;37.1519;21.4079;15.744;1.5968;6.5355
12R_12V_04I_03M;lr103;1;1;12;04;03;41.6667;100;95.8333;37.931;51.71126;34.4;92.2;69.6435;38.6971;20.7145;17.9826;0;0
12R_12V_04I_03M;lr104;1;1;12;04;03;41.6667;100;81.8182;30;55.71214;42.6652;96.7304;73.7235;27.9507;19.0986;8.8522;0;0.4158
12R_12V_04I_03M;lr105;1;1;12;04;03;50;100;95.8333;22.4138;52.0367;24.0957;85.1;60.4355;33.9623;21.0174;12.9449;0.053900000000000003;2.9686
12R_12V_04I_03M;lr101;1;1;12;04;03;75;100;88.4615;13.4615;38.243178;39.5916;75.2366;57.8439;60.0051;39.126;20.8791;1.2929;14.4941
12R_12V_04I_03M;lr102;1;1;12;04;03;41.6667;100;96.7742;30.7692;63.00484;79.0127;90.8481;83.7207;34.3038;21.4219;12.8819;1.5983;6.4295
12R_12V_04I_03M;lr103;1;1;12;04;03;41.6667;100;95.8333;27.5862;52.47124;34.4;91.5522;69.5713;34.8725;20.5841;14.2884;0;0
12R_12V_04I_03M;lr104;1;1;12;04;03;41.6667;100;67.5;46.1538;55.54896;42.6652;96.7304;73.7235;27.9507;19.0986;8.8522;0;0.4158
12R_12V_04I_03M;lr105;1;1;12;04;03;50;100;81.0345;27.0833;49.969733;24.0957;85.1;60.4355;33.9623;21.0174;12.9449;0.053900000000000003;2.9686
12R_12V_04I_03M;lr101;1;1;12;04;03;75;100;88.4615;13.4615;37.0488;39.5916;74.7672;57.4809;59.4122;38.8295;20.5827;0.9381;14.5315
12R_12V_04I_03M;lr102;1;1;12;04;03;41.6667;100;96.7742;38.0952;63.08754;79.0127;91.5907;83.8692;40.0872;21.7173;18.3699;0.1769;6.8018
12R_12V_04I_03M;lr103;1;1;12;04;03;41.6667;100;79.3103;33.3333;46.65226;34.4;91.5522;69.5139;38.6971;20.7145;17.9826;0;0
12R_12V_04I_03M;lr104;1;1;12;04;03;41.6667;100;81.8182;36.3636;52.63636;42.6652;96.7304;73.7235;27.9507;19.0986;8.8522;0;0.4158
12R_12V_04I_03M;lr105;1;1;12;04;03;50;100;95.8333;25.8621;51.967383;24.0957;85.1;60.4355;33.9623;21.0174;12.9449;0.053900000000000003;2.9686
12R_12V_04I_03M;lr101;1;1;12;04;03;75;100;88.4615;20.5882;36.840989;39.5916;74.7672;58.045;59.4122;38.8295;20.5827;1.8887;14.3035
12R_12V_04I_03M;lr102;1;1;12;04;03;41.6667;100;96.7742;30.7692;63.00484;79.0127;91.5907;83.8734;36.7961;21.789;15.007;0.1769;6.8017
12R_12V_04I_03M;lr103;1;1;12;04;03;41.6667;100;86.8421;37.931;61.75512;47.5826;84.3304;69.5104;35.8971;21.8986;13.9986;0.1852;0.1516
12R_12V_04I_03M;lr104;1;1;12;04;03;41.6667;100;67.5;30;53.07692;42.6652;96.7304;73.7235;27.9507;19.0986;8.8522;0;0.4158
12R_12V_04I_03M;lr105;1;1;12;04;03;50;100;97.9167;25.8621;54.046933;24.0957;85.1;60.4355;33.9623;21.0174;12.9449;0.053900000000000003;2.9686
12R_12V_04I_03M;lr201;2;1;12;04;03;25;100;100;73.0769;85.897433;19.836;67.396;48.422;10.4133;8.0433;2.37;0;21.1702
12R_12V_04I_03M;lr202;2;1;12;04;03;25;100;97.8261;42.1053;67.6583;17.273;70.247;35.0683;11.4673;9.055;2.4123;0;0
12R_12V_04I_03M;lr203;2;1;12;04;03;16.6667;100;97.9167;97.3684;97.64255;20.292;69.454;44.873;7.4977;5.721;1.7767;1.0942;3.5181
12R_12V_04I_03M;lr204;2;1;12;04;03;16.6667;100;97.3684;92.1053;94.73685;21.653;67.915;44.784;7.2887;6.236;1.0527;0;0
12R_12V_04I_03M;lr205;2;1;12;04;03;16.6667;100;91.3793;84.4828;87.93105;23.96;73.615;48.7875;11.853;9.0323;2.8207;0;0
12R_12V_04I_03M;lr201;2;1;12;04;03;25;100;100;84.6154;90.995833;19.836;67.396;48.422;10.4133;8.0433;2.37;5.5028;20.1597
12R_12V_04I_03M;lr202;2;1;12;04;03;16.6667;100;94.7368;86.9565;90.84665;39.259;66.113;52.686;15.496;10.313;5.183;0.3849;0
12R_12V_04I_03M;lr203;2;1;12;04;03;16.6667;100;97.3684;77.5862;87.4773;25.176;65.87;45.523;8.124;5.946;2.178;0;1.8719
12R_12V_04I_03M;lr204;2;1;12;04;03;16.6667;100;92.1053;59.375;75.74015;17.835;71.613;44.724;6.252;5.751;0.501;0;0
12R_12V_04I_03M;lr205;2;1;12;04;03;16.6667;100;100;83.3333;91.66665;26.186;72.708;49.447;13.581;9.3937;4.1873;0;0
12R_12V_04I_03M;lr201;2;1;12;04;03;25;100;100;73.0769;85.897433;19.836;67.396;48.422;10.487;8.117;2.37;0;20.3051
12R_12V_04I_03M;lr202;2;1;12;04;03;16.6667;100;100;52.6316;76.3158;33.109;71.112;52.1105;14.4807;10.1103;4.3703;0;0.373
12R_12V_04I_03M;lr203;2;1;12;04;03;16.6667;100;97.9167;97.3684;97.64255;19.003;71.309;45.156;8.124;5.946;2.178;1.1446;2.2363
12R_12V_04I_03M;lr204;2;1;12;04;03;16.6667;100;97.3684;59.375;78.3717;23.376;66.048;44.712;7.2887;6.236;1.0527;0;0
12R_12V_04I_03M;lr205;2;1;12;04;03;16.6667;100;94.8276;84.4828;89.6552;23.928;71.886;47.907;11.833;9.0323;2.8007;0;0
12R_12V_04I_03M;lr201;2;1;12;04;03;25;100;88.3721;82.6923;85.2266;19.85;67.396;48.9457;13.641;8.9013;4.7397;0.5601;22.521
12R_12V_04I_03M;lr202;2;1;12;04;03;16.6667;100;100;43.4783;71.73915;37.943;67.723;52.833;13.915;10.4553;3.4597;0;0.3255
12R_12V_04I_03M;lr203;2;1;12;04;03;16.6667;100;97.9167;77.0833;87.5;19.003;70.876;44.9395;8.124;5.946;2.178;1.1446;1.1446
12R_12V_04I_03M;lr204;2;1;12;04;03;16.6667;100;97.3684;59.375;78.3717;23.376;66.097;44.7365;6.252;5.751;0.501;0;0
12R_12V_04I_03M;lr205;2;1;12;04;03;16.6667;100;100;68.9655;84.48275;24.109;73.531;48.82;11.853;9.0323;2.8207;0;0
12R_12V_04I_03M;lr201;2;1;12;04;03;25;100;88.3721;82.6923;85.2266;19.836;67.396;48.422;10.487;8.117;2.37;0;20.3051
12R_12V_04I_03M;lr202;2;1;12;04;03;16.6667;100;91.3043;52.6316;71.96795;36.242;67.614;51.928;13.5793;10.67;2.9093;0;0.3408
12R_12V_04I_03M;lr203;2;1;12;04;03;16.6667;100;97.9167;63.7931;80.8549;19.003;68.169;43.586;8.124;5.946;2.178;1.6191;1.6191
12R_12V_04I_03M;lr204;2;1;12;04;03;16.6667;100;97.3684;92.1053;94.73685;21.653;66.225;43.939;7.9653;6.2207;1.7447;0;0
12R_12V_04I_03M;lr205;2;1;12;04;03;16.6667;100;94.8276;84.4828;89.6552;23.96;71.851;47.9055;11.833;9.0323;2.8007;0;0
12R_12V_04I_04M;lr101;1;1;12;04;04;75;100;79.0698;13.4615;37.869611;39.1603;82.5115;55.5594;42.7958;29.3845;13.4113;0.5534;10.9916
12R_12V_04I_04M;lr102;1;1;12;04;04;41.6667;100;96.7742;37.0968;64.47004;79.0127;87.6835;83.092;23.2574;15.2869;7.9705;1.4199;6.4295
12R_12V_04I_04M;lr103;1;1;12;04;04;41.6667;100;95.8333;27.5862;51.97972;34.4;90.2913;69.1391;21.1598;15.6207;5.5391;0;0
12R_12V_04I_04M;lr104;1;1;12;04;04;41.6667;75;67.5;30;55.09208;42.6652;96.7304;73.7235;27.9507;19.0986;8.8522;0;0.4158
12R_12V_04I_04M;lr105;1;1;12;04;04;50;100;81.0345;22.4138;50.9276;24.0957;84.2652;60.3833;22.2511;16.2413;6.0098;0;2.9876
12R_12V_04I_04M;lr101;1;1;12;04;04;75;100;100;16.2791;41.026511;39.8588;82.5115;55.634;48.2156;29.6842;18.5315;0.5437;10.9791
12R_12V_04I_04M;lr102;1;1;12;04;04;41.6667;100;96.7742;38.0952;65.07266;79.0127;87.6835;83.092;23.2574;15.2869;7.9705;1.4199;6.4295
12R_12V_04I_04M;lr103;1;1;12;04;04;41.6667;100;95.8333;27.5862;57.00846;34.4;90.2913;69.0887;18.7467;15.6185;3.1283;0;0
12R_12V_04I_04M;lr104;1;1;12;04;04;41.6667;75;81.8182;30;53.16668;42.6652;96.7304;73.7235;27.9507;19.0986;8.8522;0;0.4158
12R_12V_04I_04M;lr105;1;1;12;04;04;50;100;95.8333;27.5862;52.953583;24.0957;84.2652;60.3833;22.2511;16.2413;6.0098;0;2.9876
12R_12V_04I_04M;lr101;1;1;12;04;04;75;100;100;16.2791;40.621378;39.1603;82.5115;55.5594;42.7958;29.3845;13.4113;0.5534;10.9916
12R_12V_04I_04M;lr102;1;1;12;04;04;41.6667;100;96.7742;25.8065;63.4834;79.0127;87.6835;83.092;23.2574;15.2869;7.9705;1.4199;6.4295
12R_12V_04I_04M;lr103;1;1;12;04;04;41.6667;100;79.3103;27.5862;51.62052;34.4;90.2913;69.0887;18.7467;15.6185;3.1283;0;0
12R_12V_04I_04M;lr104;1;1;12;04;04;41.6667;75;81.8182;30;58.28206;42.6652;96.7304;73.7235;27.9507;19.0986;8.8522;0;0.4158
12R_12V_04I_04M;lr105;1;1;12;04;04;50;100;81.0345;25.8621;48.889;24.0957;85.1;60.3717;18.1359;15.9478;2.188;0.0535;2.9794
12R_12V_04I_04M;lr101;1;1;12;04;04;75;100;100;20.5882;41.9078;39.1603;82.5115;55.5594;42.7958;29.3845;13.4113;0.5534;10.9916
12R_12V_04I_04M;lr102;1;1;12;04;04;41.6667;100;96.7742;38.0952;68.00306;79.0127;87.6835;83.092;23.2574;15.2869;7.9705;1.4199;6.4295
12R_12V_04I_04M;lr103;1;1;12;04;04;41.6667;100;95.8333;27.5862;50.89078;34.4;90.2913;69.0887;18.7467;15.6185;3.1283;0;0
12R_12V_04I_04M;lr104;1;1;12;04;04;41.6667;75;84.6154;46.1538;67.34614;42.6652;96.7304;73.7235;27.9507;19.0986;8.8522;0;0.4158
12R_12V_04I_04M;lr105;1;1;12;04;04;50;100;97.9167;25.8621;54.730667;24.0957;85.1;60.3717;18.1359;15.9478;2.188;0.0535;2.9794
12R_12V_04I_04M;lr101;1;1;12;04;04;75;100;100;13.4615;42.610222;39.1603;82.5115;55.5594;42.7958;29.3845;13.4113;0.5534;10.9916
12R_12V_04I_04M;lr102;1;1;12;04;04;41.6667;100;96.7742;37.0968;64.47004;79.0127;87.6835;83.092;23.2574;15.2869;7.9705;1.4199;6.4295
12R_12V_04I_04M;lr103;1;1;12;04;04;41.6667;100;95.8333;42.1053;55.37506;34.4;90.2913;69.0887;18.7467;15.6185;3.1283;0;0
12R_12V_04I_04M;lr104;1;1;12;04;04;41.6667;75;84.6154;30;58.24128;42.6652;96.7304;73.7235;27.9507;19.0986;8.8522;0;0.4158
12R_12V_04I_04M;lr105;1;1;12;04;04;50;100;97.9167;27.0833;55.861817;24.0957;84.2652;60.3833;22.2511;16.2413;6.0098;0;2.9876
12R_12V_04I_04M;lr201;2;1;12;04;04;25;100;100;73.0769;85.897433;19.836;67.396;48.4063;7.8982;6.0798;1.8185;2.8892;21.1822
12R_12V_04I_04M;lr202;2;1;12;04;04;16.6667;100;91.3043;84.7826;88.043450000000007;38.618;62.026;50.322;9.4297;7.1567;2.273;1.3631;0
12R_12V_04I_04M;lr203;2;1;12;04;04;16.6667;100;100;77.0833;88.54165;18.466;70.696;44.581;6.4572;4.3815;2.0757;1.1778;1.1778
12R_12V_04I_04M;lr204;2;1;12;04;04;16.6667;75;97.3684;50;73.6842;13.324;77.683;45.5035;6.926;5.6987;1.2273;0;0
12R_12V_04I_04M;lr205;2;1;12;04;04;16.6667;100;100;68.9655;84.48275;24.109;75.113;49.611;10.1922;7.3028;2.8895;0;0
12R_12V_04I_04M;lr201;2;1;12;04;04;25;100;100;84.6154;90.995833;19.836;67.396;48.4063;7.8982;6.0798;1.8185;8.392;20.1717
12R_12V_04I_04M;lr202;2;1;12;04;04;25;100;96.6667;42.1053;75.242833;16.704;55.553;33.7637;10.405;6.3825;4.0225;0.031;0.031
12R_12V_04I_04M;lr203;2;1;12;04;04;16.6667;75;100;93.75;96.875;24.728;64.359;44.5435;7.0803;5.97;1.1103;0;0
12R_12V_04I_04M;lr204;2;1;12;04;04;16.6667;75;100;42.1053;71.05265;13.324;77.555;45.4395;8.6817;5.7733;2.9083;0;0
12R_12V_04I_04M;lr205;2;1;12;04;04;16.6667;100;100;83.3333;91.66665;26.165;72.627;49.396;10.356;7.0477;3.3082;0;0
12R_12V_04I_04M;lr201;2;1;12;04;04;25;100;100;73.0769;85.897433;19.836;67.396;48.4063;7.9535;6.135;1.8185;2.8892;20.3172
12R_12V_04I_04M;lr202;2;1;12;04;04;16.6667;100;100;66.6667;83.33335;32.686;68.902;50.794;10.5945;6.9945;3.6;2.9722;0
12R_12V_04I_04M;lr203;2;1;12;04;04;16.6667;100;97.9167;97.3684;97.64255;18.466;71.408;44.937;7.5645;5.567;1.9975;1.1778;1.1778
12R_12V_04I_04M;lr204;2;1;12;04;04;16.6667;75;97.3684;92.1053;94.73685;21.653;66.645;44.149;7.988;6.1837;1.8043;0;0
12R_12V_04I_04M;lr205;2;1;12;04;04;16.6667;100;94.8276;84.4828;89.6552;23.922;71.746;47.834;8.1375;6.7225;1.415;0;0
12R_12V_04I_04M;lr201;2;1;12;04;04;25;100;88.3721;82.6923;85.2266;19.85;67.396;48.93;9.8433;6.7232;3.12;0.5603;22.5326
12R_12V_04I_04M;lr202;2;1;12;04;04;16.6667;100;91.3043;78.2609;84.7826;34.767;66.262;50.5145;11.229;7.4852;3.7438;0;0
12R_12V_04I_04M;lr203;2;1;12;04;04;16.6667;100;93.1034;77.0833;85.09335;18.466;69.297;43.8815;6.4572;4.3815;2.0757;1.1778;4.3172
12R_12V_04I_04M;lr204;2;1;12;04;04;16.6667;75;97.3684;59.375;78.3717;23.376;66.324;44.85;6.926;5.6987;1.2273;0;0
12R_12V_04I_04M;lr205;2;1;12;04;04;16.6667;100;100;68.9655;84.48275;24.109;73.366;48.7375;9.288;6.7125;2.5755;0;0
12R_12V_04I_04M;lr201;2;1;12;04;04;25;100;88.3721;82.6923;85.2266;19.836;67.396;48.4063;7.9535;6.135;1.8185;2.8892;20.3172
12R_12V_04I_04M;lr202;2;1;12;04;04;16.6667;100;91.3043;78.2609;84.7826;39.531;61.957;50.744;10.202;7.103;3.099;1.3647;0
12R_12V_04I_04M;lr203;2;1;12;04;04;16.6667;100;93.1034;77.0833;85.09335;18.466;68.56;43.513;6.5095;4.512;1.9975;1.6862;1.1778
12R_12V_04I_04M;lr204;2;1;12;04;04;16.6667;75;97.3684;92.1053;94.73685;21.653;66.424;44.0385;7.988;6.1837;1.8043;0;0
12R_12V_04I_04M;lr205;2;1;12;04;04;16.6667;100;100;77.5862;88.7931;24.413;73.964;49.1885;10.7555;6.744;4.0115;0.0406;0
40R_40V_02I_05M;LR1_2_1;1;1;40;02;05;45;100;98.7179;12.3077;53.589733;48.0637;93.363;68.9522;6.8619;5.2252;1.6367;0.2753;28.7696
40R_40V_02I_05M;LR1_2_2;1;1;40;02;05;42.5;100;92.3077;18.4615;49.705871;37.9614;99.9645;68.2076;15.8961;10.3889;5.5073;1.7592;16.2281
40R_40V_02I_05M;LR1_2_3;1;1;40;02;05;25;100;98.6111;29.1667;69.88283;57.0158;96.1956;74.4868;8.0675;6.3274;1.7401;0.9796;7.3749
40R_40V_02I_05M;LR1_2_4;1;1;40;02;05;17.5;60;98.2759;60.4651;80.025257;59.7524;99.3596;84.4795;14.4243;9.6262;4.7981;0.3307;0.8068
40R_40V_02I_05M;LR1_2_5;1;1;40;02;05;35;100;97.6744;13.9535;50.632786;29.4748;99.9809;65.1652;11.6218;7.8008;3.821;0;12.541
40R_40V_02I_05M;LR1_2_1;1;1;40;02;05;45;100;98.7179;12.3077;53.589733;48.0637;93.363;68.9522;6.8619;5.2252;1.6367;0.2753;28.7696
40R_40V_02I_05M;LR1_2_2;1;1;40;02;05;42.5;100;92.3077;18.4615;49.705871;37.9614;99.9645;68.2076;15.8961;10.3889;5.5073;1.7592;16.2281
40R_40V_02I_05M;LR1_2_3;1;1;40;02;05;27.5;100;100;19.7674;63.604255;33.5552;96.1956;68.9848;9.8435;6.9565;2.8871000000000002;2.4811;4.5694
40R_40V_02I_05M;LR1_2_4;1;1;40;02;05;17.5;80;91.8605;34.8837;67.629443;46.6735;99.3565;83.2794;7.8703;5.233;2.6372;0.0708;1.5745
40R_40V_02I_05M;LR1_2_5;1;1;40;02;05;35;100;97.6744;1.3889;54.388307;30.3929;99.9386;67.7383;12.8731;8.9894;3.8838;0.0428;9.3848
40R_40V_02I_05M;LR1_2_1;1;1;40;02;05;45;100;98.7179;12.3077;53.589733;48.0637;93.363;68.9522;6.8619;5.2252;1.6367;0.2753;28.7696
40R_40V_02I_05M;LR1_2_2;1;1;40;02;05;42.5;100;92.3077;18.4615;49.705871;37.9614;99.9645;68.2076;15.8961;10.3889;5.5073;1.7592;16.2281
40R_40V_02I_05M;LR1_2_3;1;1;40;02;05;25;100;94.4444;17.4419;61.93576;57.0158;96.1956;73.8003;8.4158;6.2644;2.1514;1.8676;5.0221
40R_40V_02I_05M;LR1_2_4;1;1;40;02;05;17.5;60;100;44.4444;72.188;46.3028;97.9495;82.8815;10.387;7.0095;3.3775;0;2.9118
40R_40V_02I_05M;LR1_2_5;1;1;40;02;05;32.5;100;97.6744;1.3889;54.625108;56.6303;99.8786;71.8605;11.6546;7.8172;3.8374;0;12.8585
40R_40V_02I_05M;LR1_2_1;1;1;40;02;05;45;100;98.7179;12.3077;53.589733;48.0637;93.363;68.9522;6.8619;5.2252;1.6367;0.2753;28.7696
40R_40V_02I_05M;LR1_2_2;1;1;40;02;05;42.5;100;92.3077;18.4615;49.705871;37.9614;99.9645;68.2076;15.8961;10.3889;5.5073;1.7592;16.2281
40R_40V_02I_05M;LR1_2_3;1;1;40;02;05;30;100;86.0465;23.6111;59.78005;33.3975;96.1956;63.5643;9.1256;6.0883;3.0372;1.5281;11.1659
40R_40V_02I_05M;LR1_2_4;1;1;40;02;05;17.5;60;94.4444;26.7442;66.738757;60.4227;98.4685;83.5252;10.2161;6.8386;3.3775;0;2.3095
40R_40V_02I_05M;LR1_2_5;1;1;40;02;05;32.5;100;97.6744;25;56.749185;44.3261;98.7858;70.9265;11.6546;7.8172;3.8374;0;14.6826
40R_40V_02I_05M;LR1_2_1;1;1;40;02;05;45;100;98.7179;12.3077;53.589733;48.0637;93.363;68.9522;6.8619;5.2252;1.6367;0.2753;28.7696
40R_40V_02I_05M;LR1_2_2;1;1;40;02;05;42.5;100;92.3077;18.4615;49.705871;37.9614;99.9645;68.2076;15.8961;10.3889;5.5073;1.7592;16.2281
40R_40V_02I_05M;LR1_2_3;1;1;40;02;05;25;100;100;33.3333;61.27607;57.0158;96.1956;73.6487;8.5937;6.3533;2.2404;2.3127;4.1492000000000004
40R_40V_02I_05M;LR1_2_4;1;1;40;02;05;17.5;60;100;43.0556;65.997929;53.5063;98.705;85.7711;11.8139;7.2639;4.5499;0.0473;0.5362
40R_40V_02I_05M;LR1_2_5;1;1;40;02;05;35;100;97.6744;1.7241;52.639014;18.9004;99.9809;64.0064;11.6404;7.8101;3.8303;2.4973;10.0039
40R_40V_02I_05M;LR2_2_1;2;1;40;02;05;12.5;100;98.75;79.1045;93.0709;15.9751;89.8548;61.2995;1.774;1.1767;0.5973;1.3455;17.5905
40R_40V_02I_05M;LR2_2_2;2;1;40;02;05;10;80;95.5224;51.25;82.3181;31.9854;79.6075;64.8834;3.3464;2.504;0.8424;6.5233;11.7749
40R_40V_02I_05M;LR2_2_3;2;1;40;02;05;7.5;40;100;94.4444;96.296267;56.3057;85.3321;74.2224;3.1085;2.1381;0.9704;0;2.5916
40R_40V_02I_05M;LR2_2_4;2;1;40;02;05;5;60;100;100;100;68.6308;89.3325;78.9817;0.8984;0.6245;0.2739;0;2.2911
40R_40V_02I_05M;LR2_2_5;2;1;40;02;05;10;100;100;95;98.75;68.0686;89.3945;74.0462;3.1538;2.1645;0.9893;6.0452;14.9481
40R_40V_02I_05M;LR2_2_1;2;1;40;02;05;12.5;100;100;64.1791;88.33582;21.2548;89.1408;61.0956;1.3789;1.0849;0.294;7.303;25.0139
40R_40V_02I_05M;LR2_2_2;2;1;40;02;05;10;100;97.5;55.5556;84.8264;25.4813;81.0174;64.6387;2.3853;1.8294;0.5559;0.1062;24.9035
40R_40V_02I_05M;LR2_2_3;2;1;40;02;05;7.5;60;100;93.3333;97.3148;66.6876;82.8181;75.8322;2.1644;1.7331;0.4313;0;2.2714
40R_40V_02I_05M;LR2_2_4;2;1;40;02;05;7.5;40;96.9231;87.6923;92.3077;23.6138;90.0174;53.6448;0.6408;0.5696;0.0712;0;0
40R_40V_02I_05M;LR2_2_5;2;1;40;02;05;10;100;100;97.5;98.689375;65.4923;86.0848;75.1324;3.7574;2.7594;0.9979;6.1676;13.1463
40R_40V_02I_05M;LR2_2_1;2;1;40;02;05;12.5;100;100;74.0741;90.7178;18.9515;90.5653;60.8364;1.8245;1.3842;0.4402;3.2001;11.5731
40R_40V_02I_05M;LR2_2_2;2;1;40;02;05;10;100;100;68.75;89.097225;31.0671;82.1712;66.3061;2.3583;1.6833;0.675;8.8435;13.5795
40R_40V_02I_05M;LR2_2_3;2;1;40;02;05;7.5;60;100;95.8333;98.6111;65.7116;80.9905;75.4798;2.2222;1.7909;0.4313;0.0239;6.6147
40R_40V_02I_05M;LR2_2_4;2;1;40;02;05;7.5;40;93.8462;25;69.957267;12.5606;81.2209;54.0372;1.4241;0.9968;0.4272;0;0
40R_40V_02I_05M;LR2_2_5;2;1;40;02;05;12.5;100;97.5;33.3333;84.02114;11.0217;85.5724;61.6615;3.3608;2.195;1.1658;5.22;15.5913
40R_40V_02I_05M;LR2_2_1;2;1;40;02;05;12.5;100;98.75;79.1045;89.33582;30.4458;88.1211;62.4223;1.5535;1.1414;0.4121;8.7868;18.5847
40R_40V_02I_05M;LR2_2_2;2;1;40;02;05;10;60;100;65.6716;87.3554;21.7692;83.3215;61.0764;3.4764;2.4913;0.9851;1.4286;6.5805
40R_40V_02I_05M;LR2_2_3;2;1;40;02;05;7.5;40;100;97.2222;99.074067;61.0505;81.2848;74.3475;4.1183;3.0651;1.0533;5.7823;1.5028
40R_40V_02I_05M;LR2_2_4;2;1;40;02;05;7.5;40;98.4615;60;84.444433;17.228;83.1803;53.8688;0.9968;0.712;0.2848;0;0.6521
40R_40V_02I_05M;LR2_2_5;2;1;40;02;05;10;100;100;95.5224;98.5681;59.6631;83.2071;75.2639;3.4637;2.4701;0.9935;1.9481;14.5278
40R_40V_02I_05M;LR2_2_1;2;1;40;02;05;12.5;100;100;66.6667;92.53484;23.0663;86.5724;61.659;1.551;1.1946;0.3564;1.46;15.9286
40R_40V_02I_05M;LR2_2_2;2;1;40;02;05;10;80;100;75;87.5;35.7594;83.0055;67.2154;3.2364;2.3487;0.8877;4.2686;14.5785
40R_40V_02I_05M;LR2_2_3;2;1;40;02;05;7.5;60;100;98.6111;99.537033;67.9688;80.8998;75.4793;2.2222;1.6594;0.5628;0.6504;5.4986
40R_40V_02I_05M;LR2_2_4;2;1;40;02;05;5;60;100;100;100;75.7136;84.5385;80.126;0.9275;0.6245;0.3031;0;0
40R_40V_02I_05M;LR2_2_5;2;1;40;02;05;10;60;100;97.5;99.375;66.9176;87.8765;74.3924;5.2276;3.7074;1.5202;2.2968;15.3148
40R_40V_02I_06M;LR1_2_1;1;1;40;02;06;45;83.3333;98.7179;12.3077;53.589733;48.0637;93.363;68.9522;6.8619;5.2252;1.6367;0.2753;28.7696
40R_40V_02I_06M;LR1_2_2;1;1;40;02;06;42.5;100;92.3077;18.4615;49.705871;37.9614;99.9645;68.2389;13.1146;8.8217;4.2929;1.5998000000000001;16.2367
40R_40V_02I_06M;LR1_2_3;1;1;40;02;06;25;83.3333;95.8333;26.7442;65.91932;33.3975;96.1956;75.2967;9.1773;6.3319;2.8454;2.3889;9.9786
40R_40V_02I_06M;LR1_2_4;1;1;40;02;06;17.5;66.6667;100;20.8333;66.557343;44.571;98.642;81.2639;6.3131;5.0331;1.28;0;2.2875
40R_40V_02I_06M;LR1_2_5;1;1;40;02;06;30;100;97.6744;25;56.942033;57.2851;99.2456;71.9499;9.6839;6.7235;2.9604;0.7853;8.4648
40R_40V_02I_06M;LR1_2_1;1;1;40;02;06;45;83.3333;98.7179;12.3077;53.589733;48.0637;93.363;68.9522;6.8619;5.2252;1.6367;0.2753;28.7696
40R_40V_02I_06M;LR1_2_2;1;1;40;02;06;42.5;100;92.3077;5.1282;54.947206;25.2102;99.9645;67.2185;11.3099;7.8787;3.4312;0.0225;16.5029
40R_40V_02I_06M;LR1_2_3;1;1;40;02;06;27.5;100;100;27.907;60.729191;35.2429;97.1356;68.8205;7.7813;5.9621;1.8191;0.6362;3.1351
40R_40V_02I_06M;LR1_2_4;1;1;40;02;06;20;50;93.1034;6.9767;65.803762;24.1861;94.9085;70.5842;9.3212;5.908;3.4132;0.1452;2.6094
40R_40V_02I_06M;LR1_2_5;1;1;40;02;06;32.5;100;97.6744;1.3889;57.416685;29.1255;98.5962;66.9438;9.9927;6.6794;3.3133;0;10.4666
40R_40V_02I_06M;LR1_2_1;1;1;40;02;06;45;83.3333;98.7179;12.3077;53.589733;48.0637;93.363;68.9522;6.8619;5.2252;1.6367;0.2753;28.7696
40R_40V_02I_06M;LR1_2_2;1;1;40;02;06;40;100;94.2308;18.4615;54.71955;34.7589;99.9444;70.2112;11.8642;7.9961;3.8681;1.4195;19.4082
40R_40V_02I_06M;LR1_2_3;1;1;40;02;06;27.5;100;91.6667;31.9444;60.712282;32.6893;96.1956;68.6306;7.0957;5.2666;1.8291;0.1536;5.8011
40R_40V_02I_06M;LR1_2_4;1;1;40;02;06;15;83.3333;94.186;50;74.376083;85.4511;98.4732;91.5636;4.9479;3.924;1.024;0.0692;0.7231
40R_40V_02I_06M;LR1_2_5;1;1;40;02;06;32.5;100;97.6744;20.6897;59.083423;20.8199;98.5962;66.6054;9.1246;6.6608;2.4638;0;8.1412
40R_40V_02I_06M;LR1_2_1;1;1;40;02;06;45;83.3333;98.7179;12.3077;53.589733;48.0637;93.363;68.9522;6.8619;5.2252;1.6367;0.2753;28.7696
40R_40V_02I_06M;LR1_2_2;1;1;40;02;06;40;100;90.3846;17.9487;52.588125;34.6476;99.3771;71.1418;12.162;8.6803;3.4817;0.9053;14.7171
40R_40V_02I_06M;LR1_2_3;1;1;40;02;06;25;83.3333;91.6667;33.7209;59.69538;58.3076;96.1956;73.9216;7.0675;5.3905;1.677;0.2717;6.7722
40R_40V_02I_06M;LR1_2_4;1;1;40;02;06;17.5;83.3333;84.8837;25.8621;47.793429;57.2697;97.0962;82.4516;6.5763;4.7382;1.8382;0.2086;4.847
40R_40V_02I_06M;LR1_2_5;1;1;40;02;06;30;100;97.6744;1.3889;59.295175;54.0218;99.2456;71.0992;9.9627;6.6644;3.2983;0;8.5096
40R_40V_02I_06M;LR1_2_1;1;1;40;02;06;45;83.3333;98.7179;12.3077;53.589733;48.0637;93.363;68.9522;6.8619;5.2252;1.6367;0.2753;28.7696
40R_40V_02I_06M;LR1_2_2;1;1;40;02;06;42.5;100;92.3077;18.4615;49.705871;37.9614;99.9645;68.2389;13.1146;8.8217;4.2929;1.5998000000000001;16.2367
40R_40V_02I_06M;LR1_2_3;1;1;40;02;06;27.5;100;95.8333;18.9655;62.716991;38.3959;96.1956;68.8056;8.3943;5.9159;2.4784;1.4057;3.9006
40R_40V_02I_06M;LR1_2_4;1;1;40;02;06;17.5;66.6667;93.0556;29.3103;59.493571;51.683;95.3927;81.3504;6.4779;4.7713;1.7066;0;0
40R_40V_02I_06M;LR1_2_5;1;1;40;02;06;30;100;97.6744;18.0556;57.657733;57.2851;98.5948;72.2002;9.6839;6.7235;2.9604;0.7853;10.6315
40R_40V_02I_06M;LR2_2_1;2;1;40;02;06;12.5;83.3333;98.75;79.1045;93.0709;15.9751;89.8548;61.2868;1.7182;1.1488;0.5694;1.3666;17.6294
40R_40V_02I_06M;LR2_2_2;2;1;40;02;06;10;50;100;59.7015;83.86055;20.0963;81.6513;64.1708;3.3897;2.4665;0.9232;1.4383;11.4871
40R_40V_02I_06M;LR2_2_3;2;1;40;02;06;7.5;50;98.6111;77.7778;90.462967;64.4852;84.3791;76.2663;2.3245;1.6008;0.7237;0.4153;12.2501
40R_40V_02I_06M;LR2_2_4;2;1;40;02;06;5;50;100;100;100;68.6308;89.3325;78.9817;0.8984;0.6245;0.2739;0;2.2911
40R_40V_02I_06M;LR2_2_5;2;1;40;02;06;10;83.3333;100;95;98.75;68.0686;89.3945;74.0462;3.1538;2.1645;0.9893;6.0452;14.9481
40R_40V_02I_06M;LR2_2_1;2;1;40;02;06;12.5;100;100;64.1791;88.33582;21.2548;89.1081;61.0825;1.1121;0.8575;0.2546;3.6739;25.134
40R_40V_02I_06M;LR2_2_2;2;1;40;02;06;10;66.6667;97.5;74.0741;88.206025;44.1696;82.258;65.2325;2.214;1.6625;0.5515;3.5177;11.996
40R_40V_02I_06M;LR2_2_3;2;1;40;02;06;7.5;50;100;93.3333;97.2222;58.3554;78.3258;71.1283;2.8686;2.0976;0.7711;3.4617;5.0448
40R_40V_02I_06M;LR2_2_4;2;1;40;02;06;7.5;33.3333;96.9231;87.6923;92.3077;23.6138;90.0174;53.6448;0.6408;0.5696;0.0712;0;0
40R_40V_02I_06M;LR2_2_5;2;1;40;02;06;10;83.3333;100;97.5;98.689375;65.4923;86.0848;75.1324;3.7574;2.7594;0.9979;6.1676;13.1463
40R_40V_02I_06M;LR2_2_1;2;1;40;02;06;12.5;100;100;74.0741;90.7178;17.5183;90.4387;60.499;1.4049;1.1287;0.2763;3.2256;11.5283
40R_40V_02I_06M;LR2_2_2;2;1;40;02;06;10;66.6667;100;93.75;97.511575;38.6773;81.1274;65.9683;2.8216;1.88;0.9416;2.0695;20.5622
40R_40V_02I_06M;LR2_2_3;2;1;40;02;06;7.5;50;100;91.6667;97.222233;63.0781;83.3258;76.1778;2.0208;1.6116;0.4092;0;8.7623
40R_40V_02I_06M;LR2_2_4;2;1;40;02;06;7.5;33.3333;93.8462;25;69.957267;12.5606;81.2209;54.0372;1.4241;0.9968;0.4272;0;0
40R_40V_02I_06M;LR2_2_5;2;1;40;02;06;12.5;83.3333;97.5;33.3333;84.02114;11.0217;85.5724;61.6615;3.3608;2.195;1.1658;5.22;15.5913
40R_40V_02I_06M;LR2_2_1;2;1;40;02;06;12.5;83.3333;97.5;77.5;91.1574;29.2682;88.8122;62.9244;1.7919;1.2863;0.5056;8.7546;20.4167
40R_40V_02I_06M;LR2_2_2;2;1;40;02;06;10;83.3333;100;42.5;82.07175;24.2564;81.8331;63.8622;2.6659;2.1024;0.5635;0.2491;16.1349
40R_40V_02I_06M;LR2_2_3;2;1;40;02;06;7.5;50;100;96.6667;98.8889;72.4465;79.9152;76.0088;4.0676;2.7703;1.2973;0.0325;1.2674
40R_40V_02I_06M;LR2_2_4;2;1;40;02;06;7.5;33.3333;98.4615;60;84.444433;17.228;83.1803;53.8688;0.9968;0.712;0.2848;0;0.6521
40R_40V_02I_06M;LR2_2_5;2;1;40;02;06;10;100;100;95.5224;98.5681;59.6631;83.2071;75.2639;3.0548;2.0991;0.9556;1.9484;14.5282
40R_40V_02I_06M;LR2_2_1;2;1;40;02;06;12.5;100;100;66.6667;92.53484;23.0237;86.5231;61.6201;1.3354;1.0005;0.3348;1.4643;15.9747
40R_40V_02I_06M;LR2_2_2;2;1;40;02;06;10;83.3333;98.75;48.75;83.95055;34.7582;85.3353;65.4152;2.2597;1.6094;0.6503;3.7161;16.2418
40R_40V_02I_06M;LR2_2_3;2;1;40;02;06;10;83.3333;98.3333;44.4444;80.8333;7.3014;84.9053;57.2506;1.8413;1.4422;0.3991;3.6086;0.5161
40R_40V_02I_06M;LR2_2_4;2;1;40;02;06;5;50;100;100;100;75.7136;84.5385;80.126;0.9275;0.6245;0.3031;0;0
40R_40V_02I_06M;LR2_2_5;2;1;40;02;06;10;50;100;97.5;99.375;66.9176;87.8765;74.3924;5.2276;3.7074;1.5202;2.2968;15.3148
40R_40V_04I_05M;LR1_2_1;1;0;40;04;05;25;100;91.0256;13.4615;46.89742;59.9782;97.3458;75.7137;24.1296;15.9202;8.2093;3.7611;43.0981
40R_40V_04I_05M;LR1_2_2;1;0;40;04;05;25;100;91.0256;10.2564;48.24359;36.4621;86.0505;68.0543;23.4032;15.5397;7.8634;3.9927;36.194
40R_40V_04I_05M;LR1_2_3;1;1;40;04;05;27.5;100;95.8333;37.2093;61.140064;43.818600000000004;90.5079;66.8525;34.3653;23;11.3653;0.6813;5.7203
40R_40V_04I_05M;LR1_2_4;1;1;40;04;05;17.5;100;93.1034;60.3448;76.053629;58.347;97.4274;85.7323;19.1899;12.5028;6.6871;0.0916;2.256
40R_40V_04I_05M;LR1_2_5;1;1;40;04;05;30;100;97.6744;44.186;66.312467;44.1956;94.5174;75.0422;42.4293;24.8568;17.5726;0.5479;15.3453
40R_40V_04I_05M;LR1_2_1;1;0;40;04;05;25;100;91.0256;13.4615;46.89742;59.9782;97.3458;75.7137;24.1296;15.9202;8.2093;3.7611;43.0981
40R_40V_04I_05M;LR1_2_2;1;0;40;04;05;25;100;91.0256;10.2564;48.24359;36.4621;86.0505;68.0543;23.4032;15.5397;7.8634;3.9927;36.194
40R_40V_04I_05M;LR1_2_3;1;1;40;04;05;25;100;98.2759;37.2093;65.65391;60.9495;97.3076;73.4521;25.0675;18.447;6.6205;1.8388;12.3575
40R_40V_04I_05M;LR1_2_4;1;1;40;04;05;17.5;100;93.0556;37.2093;66.886743;67.9322;94.6656;80.9443;22.0975;14.2445;7.853;0.0367;3.7217
40R_40V_04I_05M;LR1_2_5;1;1;40;04;05;32.5;100;100;23.6111;54.521785;24.9211;94.3754;69.6706;35.0009;21.5924;13.4085;1.2044;19.4102
40R_40V_04I_05M;LR1_2_1;1;0;40;04;05;25;100;91.0256;13.4615;46.89742;59.9782;97.3458;75.7137;24.1296;15.9202;8.2093;3.7611;43.0981
40R_40V_04I_05M;LR1_2_2;1;0;40;04;05;25;100;91.0256;10.2564;48.24359;36.4621;86.0505;68.0543;23.4032;15.5397;7.8634;3.9927;36.194
40R_40V_04I_05M;LR1_2_3;1;1;40;04;05;27.5;100;100;29.1667;58.932345;49.9132;83.0315;68.7948;36.8136;26.0505;10.7631;1.1711;6.0175
40R_40V_04I_05M;LR1_2_4;1;1;40;04;05;17.5;100;100;51.7241;79.140571;61.0741;92.571;78.9335;16.2091;14.2041;2.005;0.4703;3.7738
40R_40V_04I_05M;LR1_2_5;1;1;40;04;05;30;100;97.2222;37.2093;60.149525;22.8328;96.776;69.6951;40.5773;22.5691;18.0082;1.0398;12.5393
40R_40V_04I_05M;LR1_2_1;1;0;40;04;05;25;100;91.0256;13.4615;46.89742;59.9782;97.3458;75.7137;24.1296;15.9202;8.2093;3.7611;43.0981
40R_40V_04I_05M;LR1_2_2;1;0;40;04;05;25;100;91.0256;10.2564;48.24359;36.4621;86.0505;68.0543;23.4032;15.5397;7.8634;3.9927;36.194
40R_40V_04I_05M;LR1_2_3;1;1;40;04;05;25;100;95.8333;33.7209;64.45089;59.2508;88.8864;74.1588;36.93;23.8486;13.0814;1.4007;5.0068
40R_40V_04I_05M;LR1_2_4;1;1;40;04;05;17.5;100;98.8372;50;67.848543;68.0063;97.1782;85.4254;27.4265;15.3918;12.0347;0.0273;0.5723
40R_40V_04I_05M;LR1_2_5;1;1;40;04;05;27.5;100;100;37.2093;65.829609;44.5221;95.8565;78.0282;36.6006;22.1;14.5006;0.0173;17.4327
40R_40V_04I_05M;LR1_2_1;1;0;40;04;05;25;100;91.0256;13.4615;46.89742;59.9782;97.3458;75.7137;24.1296;15.9202;8.2093;3.7611;43.0981
40R_40V_04I_05M;LR1_2_2;1;0;40;04;05;25;100;91.0256;10.2564;48.24359;36.4621;86.0505;68.0543;23.4032;15.5397;7.8634;3.9927;36.194
40R_40V_04I_05M;LR1_2_3;1;1;40;04;05;25;100;100;36.1111;59.04704;56.511;88.8391;72.712;37.7047;23.4259;14.2789;2.4889;5.0558
40R_40V_04I_05M;LR1_2_4;1;1;40;04;05;20;100;100;51.3889;71.3759;35.9385;89.6151;73.2321;20.3224;12.8546;7.4678;0.7617;1.2626
40R_40V_04I_05M;LR1_2_5;1;1;40;04;05;30;100;75.5814;12.5;56.363408;20.3265;94.7776;73.2934;36.3703;19.7628;16.6076;1.0894;18.6553
40R_40V_04I_05M;LR2_2_1;2;1;40;04;05;12.5;100;98.75;44.7761;86.95522;22.8209;91.3049;62.6283;14.4551;9.577;4.8782;5.4641;13.2715
40R_40V_04I_05M;LR2_2_2;2;1;40;04;05;10;100;96.25;87.5;92.4487;29.7286;84.3404;65.9392;11.195;7.6188;3.5762;2.5066;13.3594
40R_40V_04I_05M;LR2_2_3;2;1;40;04;05;7.5;100;100;85;94.537033;70.9247;81.4008;77.3932;10.2373;7.0741;3.1632;0.991;2.1064
40R_40V_04I_05M;LR2_2_4;2;1;40;04;05;7.5;100;100;69.2308;89.102567;24.6805;86.9574;58.0275;7.0944;4.5173;2.5771;0.2693;0
40R_40V_04I_05M;LR2_2_5;2;1;40;04;05;10;100;97.5;93.75;95.9375;71.4249;93.6367;77.6469;13.383;9.4056;3.9774;0.0391;12.2986
40R_40V_04I_05M;LR2_2_1;2;1;40;04;05;12.5;100;100;86.25;95.35448;23.0714;87.086;61.0754;13.2936;8.8078;4.4858;5.8392;14.7738
40R_40V_04I_05M;LR2_2_2;2;1;40;04;05;10;100;95;71.25;83.777975;38.2722;79.4903;67.2609;12.341;7.9891;4.3519;7.6485;14.9921
40R_40V_04I_05M;LR2_2_3;2;1;40;04;05;7.5;100;96.6667;91.6667;94.722233;72.449700000000007;82.2521;78.7499;11.4884;7.8181;3.6704;0.6275;3.9781
40R_40V_04I_05M;LR2_2_4;2;1;40;04;05;7.5;100;100;76.9231;92.3077;26.8533;83.2596;58.0715;5.8511;3.9262;1.925;0.2816;0
40R_40V_04I_05M;LR2_2_5;2;1;40;04;05;12.5;100;98.75;68.5185;91.35668;16.684;85.8655;64.4478;15.0108;9.6614;5.3494;1.1148;11.2212
40R_40V_04I_05M;LR2_2_1;2;1;40;04;05;12.5;100;100;86.25;95.62962;29.2533;88.0434;63.8754;9.5684;7.1911;2.3773;8.4673;23.784
40R_40V_04I_05M;LR2_2_2;2;1;40;04;05;10;100;100;85;92.70055;33.8903;80.1444;67.0779;12.6129;8.7417;3.8712;5.9674;15.8041
40R_40V_04I_05M;LR2_2_3;2;1;40;04;05;7.5;100;100;91.6667;95.370367;70.271;82.7858;78.2774;10.3299;7.0713;3.2585;1.2046;7.5785
40R_40V_04I_05M;LR2_2_4;2;1;40;04;05;7.5;100;95.3846;88.4615;92.5641;27.4757;84.8817;57.5964;7.509;4.7948;2.7142;0.21;0.3264
40R_40V_04I_05M;LR2_2_5;2;1;40;04;05;12.5;100;98.75;77.6119;92.87686;27.8;87.2493;64.0869;13.3032;9.1966;4.1066;9.8009;20.2484
40R_40V_04I_05M;LR2_2_1;2;1;40;04;05;15;100;100;7.5;79.4745;5.0505;89.0536;53.3692;12.1106;8.7079;3.4027;6.9515;15.5348
40R_40V_04I_05M;LR2_2_2;2;1;40;04;05;10;100;97.5;56.25;87.1875;43.5949;79.3207;65.6574;12.2684;7.8;4.4684;1.7384;16.0935
40R_40V_04I_05M;LR2_2_3;2;1;40;04;05;10;100;100;39.5833;84.895825;6.2217;82.6296;59.5997;11.2129;7.1261;4.0869;3.5901;4.1697
40R_40V_04I_05M;LR2_2_4;2;1;40;04;05;7.5;100;100;94.2308;98.076933;26.6868;86.8836;57.922;9.2172;6.0828;3.1344;0;0
40R_40V_04I_05M;LR2_2_5;2;1;40;04;05;12.5;100;100;61.25;86.75;33.1866;91.5179;64.8994;13.7082;9.1526;4.5557;2.8055;10.5616
40R_40V_04I_05M;LR2_2_1;2;1;40;04;05;12.5;100;100;81.4815;95.2963;25.6824;91.9298;62.4388;13.4931;9.4325;4.0606;6.1912;16.1603
40R_40V_04I_05M;LR2_2_2;2;1;40;04;05;10;100;98.75;80;89.56725;56.9014;82.3329;67.3862;16.3228;10.3236;5.9992;6.6342;10.7863
40R_40V_04I_05M;LR2_2_3;2;1;40;04;05;7.5;100;100;96.6667;98.8889;66.4406;82.9968;77.1448;10.5284;6.8809;3.6475;0;0.4955
40R_40V_04I_05M;LR2_2_4;2;1;40;04;05;7.5;100;98.7179;82.6923;93.376033;30.299;83.103;58.9892;7.9611;5.0407;2.9204;0.0359;1.067
40R_40V_04I_05M;LR2_2_5;2;1;40;04;05;12.5;100;100;68.5185;91.9537;16.6166;89.1519;65.0708;13.3003;9.2906;4.0097;1.7196;12.9849
40R_40V_04I_06M;LR1_2_1;1;1;40;04;06;40;100;80.7692;10.7692;56.201925;49.0794;97.0607;74.6636;40.257;24.8642;15.3928;1.5713;30.9209
40R_40V_04I_06M;LR1_2_2;1;1;40;04;06;40;100;100;17.9487;55.072113;22.2823;90.6483;60.9665;32.5815;19.9027;12.6788;0.2441;14.9371
40R_40V_04I_06M;LR1_2_3;1;1;40;04;06;27.5;100;100;20.9302;61.371327;20.9132;82.377;66.2613;21.6851;15.8291;5.8559;0.8295;7.0749
40R_40V_04I_06M;LR1_2_4;1;1;40;04;06;17.5;83.3333;95.3488;44.4444;68.569786;61.7855;94.6388;82.8587;20.2902;12.5394;7.7508;0;1.675
40R_40V_04I_06M;LR1_2_5;1;1;40;04;06;25;100;91.8605;48.6111;70.31354;43.8344;94.3155;80.1093;23.3559;13.5628;9.7931;2.7107;18.4471
40R_40V_04I_06M;LR1_2_1;1;1;40;04;06;37.5;100;93.8462;13.4615;58.07692;49.0794;96.1324;75.3879;36.2217;21.4595;14.7622;3.2253;28.8596
40R_40V_04I_06M;LR1_2_2;1;1;40;04;06;37.5;100;96.1538;24.6154;61.401707;35.5237;90.7461;67.1165;36.8515;20.8943;15.9572;0.4801;14.74
40R_40V_04I_06M;LR1_2_3;1;1;40;04;06;27.5;100;100;18.0556;61.358073;15.4243;89.7855;66.5007;25.5166;17.5891;7.9274;2.4387;7.0881
40R_40V_04I_06M;LR1_2_4;1;1;40;04;06;17.5;100;97.2222;41.3793;65.419871;67.6751;94.8123;84.0705;15.7503;9.9269;5.8233;0.0321;1.1274
40R_40V_04I_06M;LR1_2_5;1;1;40;04;06;27.5;100;98.2759;37.2093;63.721309;58.0032;93.0032;76.6572;23.1254;16.0549;7.0705;0.1863;17.4494
40R_40V_04I_06M;LR1_2_1;1;1;40;04;06;37.5;100;96.9231;8.9744;58.649587;32.9346;96.9798;74.3556;36.9785;19.8676;17.1109;1.3427;29.9992
40R_40V_04I_06M;LR1_2_2;1;1;40;04;06;37.5;100;96.9231;17.9487;59.658127;32.7035;90.7461;65.5739;36.2702;20.913;15.3573;0.1639;17.171
40R_40V_04I_06M;LR1_2_3;1;1;40;04;06;27.5;100;94.4444;30.2326;61.864227;32.489;81.9511;66.6438;31.2616;20.2652;10.9963;0.4291;6.0986
40R_40V_04I_06M;LR1_2_4;1;1;40;04;06;17.5;100;96.5116;34.4828;74.902143;69.1073;93.5552;83.6284;14.8938;9.761;5.1328;0.2517;2.653
40R_40V_04I_06M;LR1_2_5;1;1;40;04;06;27.5;100;93.1034;44.186;61.655127;47.2981;92.8754;75.9025;25.5839;15.1927;10.3912;0;16.2604
40R_40V_04I_06M;LR1_2_1;1;1;40;04;06;40;100;96.9231;29.2308;60.072125;38.9377;96.9798;73.802;41.5735;24.0257;17.5478;1.3964;29.6607
40R_40V_04I_06M;LR1_2_2;1;1;40;04;06;37.5;100;97.4359;23.0769;58.179487;32.5126;90.2776;62.7701;34.0071;19.7766;14.2305;1.374;18.9132
40R_40V_04I_06M;LR1_2_3;1;1;40;04;06;25;100;100;13.7931;62.87112;60.3959;95.5678;71.6301;20.3912;14.898;5.4932;0.0353;10.797
40R_40V_04I_06M;LR1_2_4;1;1;40;04;06;17.5;100;100;43.0556;68.263214;67.4227;96.4479;83.9971;25.8536;14.5147;11.3389;0;2.6926
40R_40V_04I_06M;LR1_2_5;1;1;40;04;06;25;100;93.0233;37.2093;64.87047;58.7965;95.4274;81.0148;25.1467;15.8573;9.2894;1.9162;10.6397
40R_40V_04I_06M;LR1_2_1;1;1;40;04;06;40;100;96.9231;13.8462;56.33815;51.3972;97.6449;74.1252;44.1513;26.1623;17.9891;2.782;27.799
40R_40V_04I_06M;LR1_2_2;1;1;40;04;06;37.5;100;94.2308;12.8205;59.495727;32.1909;90.9274;66.713;34.7613;21.6243;13.137;3.1042;18.7902
40R_40V_04I_06M;LR1_2_3;1;1;40;04;06;25;100;97.6744;37.2093;67.94518;59.8707;80.7587;70.2852;23.826;16.2358;7.5902;3.1543;10.255
40R_40V_04I_06M;LR1_2_4;1;1;40;04;06;20;100;98.8372;13.7931;59.085687;28.5647;95.4164;72.109;19.8102;11.5789;8.2313;0.0823;2.1536
40R_40V_04I_06M;LR1_2_5;1;1;40;04;06;27.5;100;91.8605;41.8605;60.262718;22.8328;92.8754;73.6537;25.9608;17.159300000000002;8.8015;0.256;12.2635
40R_40V_04I_06M;LR2_2_1;2;1;40;04;06;12.5;100;98.75;44.7761;86.95522;25.0588;91.1996;62.9516;11.9464;7.7494;4.197;6.502;11.4675
40R_40V_04I_06M;LR2_2_2;2;1;40;04;06;10;100;100;55.5556;85.7639;25.1819;84.4;64.2886;9.4467;6.4957;2.951;0.5382;24.873
40R_40V_04I_06M;LR2_2_3;2;1;40;04;06;10;100;98.6111;50;85.55555;6.6296;84.2548;59.2766;8.7478;5.4696;3.2782;1.6309;10.427
40R_40V_04I_06M;LR2_2_4;2;1;40;04;06;7.5;100;100;88.4615;92.5641;25.0533;87.026;56.74;5.1021;3.3535;1.7486;0;1.4375
40R_40V_04I_06M;LR2_2_5;2;1;40;04;06;10;100;100;92.5;97.5;69.8213;89.7045;79.137;8.1721;6.2043;1.9679;1.1543;18.5289
40R_40V_04I_06M;LR2_2_1;2;1;40;04;06;15;100;98.75;25.9259;80.832867;8.7838;91.2679;52.3084;11.0154;7.3345;3.6809;2.4016;14.8599
40R_40V_04I_06M;LR2_2_2;2;1;40;04;06;10;100;100;42.5;82.1875;27.8249;80.5089;64.6936;10.003;6.3688;3.6343;2.0074;4.7552
40R_40V_04I_06M;LR2_2_3;2;1;40;04;06;7.5;100;100;91.6667;95.833333;69.542;81.2181;77.1037;10.022;6.1894;3.8326;0.5054;2.195
40R_40V_04I_06M;LR2_2_4;2;1;40;04;06;7.5;100;100;61.5385;79.914533;21.5732;93.3471;58.9003;6.7195;4.2523;2.4671;0;0.2097
40R_40V_04I_06M;LR2_2_5;2;1;40;04;06;12.5;100;98.75;50;87.05598;9.2785;88.5846;64.3103;11.1083;7.6994;3.4089;3.8509;13.6249
40R_40V_04I_06M;LR2_2_1;2;1;40;04;06;12.5;100;100;86.25;95.62962;29.2209;88.0434;63.8444;8.1483;5.7992;2.349;8.7203;24.1041
40R_40V_04I_06M;LR2_2_2;2;1;40;04;06;10;100;100;59.7015;86.487875;28.2615;81.1538;65.95;11.4957;7.2346;4.2611;2.8901;12.1324
40R_40V_04I_06M;LR2_2_3;2;1;40;04;06;10;100;100;37.5;84.375;8.8201;82.3191;60.0528;9.0464;5.9552;3.0913;4.7729;8.3122
40R_40V_04I_06M;LR2_2_4;2;1;40;04;06;7.5;83.3333;95.3846;88.4615;92.5641;27.4588;84.7254;57.546;8.42;5.0486;3.3714;0.2401;0.3835
40R_40V_04I_06M;LR2_2_5;2;1;40;04;06;12.5;83.3333;98.75;90;94.25926;28.8836;83.3176;63.6845;11.6968;8.5964;3.1004;5.7184;27.0164
40R_40V_04I_06M;LR2_2_1;2;1;40;04;06;12.5;100;100;96.25;98.153;32.2627;89.0679;63.0071;11.5824;7.6711;3.9112;4.0006;16.1438
40R_40V_04I_06M;LR2_2_2;2;1;40;04;06;10;100;97.5;81.25;92.5;26.0087;89.789;63.7202;8.7494;6.4987;2.2507;7.0383;11.7333
40R_40V_04I_06M;LR2_2_3;2;1;40;04;06;10;100;100;43.0556;84.5139;5.785;82.5243;59.2435;7.5909;5.274;2.317;1.3152;3.1789
40R_40V_04I_06M;LR2_2_4;2;1;40;04;06;7.5;100;100;96.1538;98.2051;27.6903;82.4793;56.9801;7.2502;4.636;2.6142;0.1772;0.1772
40R_40V_04I_06M;LR2_2_5;2;1;40;04;06;12.5;100;97.5;22.5;80.75746;10.9176;88.1211;62.3075;11.841;8.3577;3.4833;2.8586;16.2397
40R_40V_04I_06M;LR2_2_1;2;1;40;04;06;12.5;100;100;81.4815;95.2963;25.4872;91.2371;63.1168;11.1466;7.9184;3.2282;6.4171;16.3593
40R_40V_04I_06M;LR2_2_2;2;1;40;04;06;12.5;100;98.75;8.9552;75.05736;7.0536;82.6142;51.8073;10.3515;6.7984;3.5531;1.7562;4.4313
40R_40V_04I_06M;LR2_2_3;2;1;40;04;06;10;100;100;50;87.152775;6.6296;84.5846;59.7012;8.3658;5.5825;2.7833;0.7319;3.7435
40R_40V_04I_06M;LR2_2_4;2;1;40;04;06;7.5;100;98.7179;76.9231;88.461533;28.1006;83.1424;58.3799;5.8707;4.1179;1.7528;0;0.4228
40R_40V_04I_06M;LR2_2_5;2;1;40;04;06;12.5;100;100;38.806;85.2612;20.3061;84.2465;63.7403;14.2087;9.79;4.4187;0.4141;8.806
60R_60V_02I_05M;LR1_2_1;1;1;60;02;05;40;100;100;12.3077;57.489317;31.0645;94.7198;51.8607;11.2181;7.3246;3.8935;1.0476;24.3973
60R_60V_02I_05M;LR1_2_2;1;1;60;02;05;26.6667;100;100;20;66.370194;25.358;99.4101;74.6443;4.1073;2.7997;1.3076;0;19.2268
60R_60V_02I_05M;LR1_2_3;1;1;60;02;05;25;100;100;20.9302;60.32672;10.1657;97.1343;52.8269;4.6116;3.2728;1.3389;0.3151;7.4423
60R_60V_02I_05M;LR1_2_4;1;1;60;02;05;16.6667;100;96.5517;29.1667;72.28927;59.929;99.5678;85.9132;5.7385;4.4218;1.3167;0;0.9703
60R_60V_02I_05M;LR1_2_5;1;1;60;02;05;25;100;100;30.2326;69.69904;60.0126;93.7729;77.2933;6.6675;4.6416;2.0259;0.3526;16.6441
60R_60V_02I_05M;LR1_2_1;1;1;60;02;05;40;100;100;12.3077;57.489317;31.0645;94.7198;51.8607;11.2181;7.3246;3.8935;1.0476;24.3973
60R_60V_02I_05M;LR1_2_2;1;1;60;02;05;28.3333;100;100;20;67.413282;24.7713;99.5631;71.3821;5.3095;3.5347;1.7748;0.1645;16.9585
60R_60V_02I_05M;LR1_2_3;1;1;60;02;05;25;100;100;20.9302;60.32672;10.1657;97.1343;52.8269;4.6116;3.2728;1.3389;0.3151;7.4423
60R_60V_02I_05M;LR1_2_4;1;1;60;02;05;18.3333;100;100;29.1667;71.841218;58.1293;98.5;79.469;5.7202;4.7189;1.0013;0;1.2511
60R_60V_02I_05M;LR1_2_5;1;1;60;02;05;26.6667;100;100;23.6111;63.211769;33.8738;95.4054;74.2712;8.9502;5.6558;3.2943;0.7857;16.6663
60R_60V_02I_05M;LR1_2_1;1;1;60;02;05;40;100;100;12.3077;57.489317;31.0645;94.7198;51.8607;11.2181;7.3246;3.8935;1.0476;24.3973
60R_60V_02I_05M;LR1_2_2;1;1;60;02;05;26.6667;100;100;23.0769;72.491994;25.7271;98.8297;74.6093;4.8558;3.3079;1.5479;0.6205;18.9786
60R_60V_02I_05M;LR1_2_3;1;1;60;02;05;25;100;100;20.9302;60.32672;10.1657;97.1343;52.8269;4.6116;3.2728;1.3389;0.3151;7.4423
60R_60V_02I_05M;LR1_2_4;1;1;60;02;05;16.6667;100;100;24.4186;75.25371;53.0237;98.2476;85.4997;5.729;4.417;1.312;0;0.9557
60R_60V_02I_05M;LR1_2_5;1;1;60;02;05;25;100;100;34.7222;68.499727;51.1183;95.1814;78.5682;7.5987;5.1073;2.4915;0.2739;16.2912
60R_60V_02I_05M;LR1_2_1;1;1;60;02;05;40;100;100;12.3077;57.489317;31.0645;94.7198;51.8607;11.2181;7.3246;3.8935;1.0476;24.3973
60R_60V_02I_05M;LR1_2_2;1;1;60;02;05;26.6667;100;98.0769;41.0256;69.719538;25.7271;99.959;74.7294;5.4757;3.7028;1.7729;0.4828;14.3008
60R_60V_02I_05M;LR1_2_3;1;1;60;02;05;25;100;100;20.9302;60.32672;10.1657;97.1343;52.8269;4.6116;3.2728;1.3389;0.3151;7.4423
60R_60V_02I_05M;LR1_2_4;1;1;60;02;05;18.3333;100;100;34.8837;71.5259;18.4164;98.4826;78.624;5.8672;4.4861;1.3811;0.0829;0.8783
60R_60V_02I_05M;LR1_2_5;1;1;60;02;05;26.6667;100;97.6744;31.9444;71.660663;35.1388;96.3391;73.4659;7.8476;4.9025;2.9451;0.6003;17.2006
60R_60V_02I_05M;LR1_2_1;1;1;60;02;05;40;100;100;12.3077;57.489317;31.0645;94.7198;51.8607;11.2181;7.3246;3.8935;1.0476;24.3973
60R_60V_02I_05M;LR1_2_2;1;1;60;02;05;26.6667;100;97.4359;27.6923;70.961538;25.7271;99.9227;76.5703;6.1009;4.0155;2.0855;0.4973;16.0449
60R_60V_02I_05M;LR1_2_3;1;1;60;02;05;25;100;100;20.9302;60.32672;10.1657;97.1343;52.8269;4.6116;3.2728;1.3389;0.3151;7.4423
60R_60V_02I_05M;LR1_2_4;1;1;60;02;05;16.6667;100;100;29.1667;70.42669;45.4811;99.6972;86.95;7.6965;5.4833;2.2132;0;0.111
60R_60V_02I_05M;LR1_2_5;1;1;60;02;05;26.6667;100;98.8372;27.7778;63.441637;20.6262;95.4921;73.9566;8.5621;5.4618;3.1003;0;16.0008
60R_60V_02I_05M;LR2_2_1;2;1;60;02;05;10;100;100;87.5;94.878733;61.5227;88.1314;75.6257;3.0777;2.0775;1.0002;3.5508;23.4138
60R_60V_02I_05M;LR2_2_2;2;1;60;02;05;10;100;100;37.037;81.56635;17.5503;87.7562;62.1719;1.948;1.4559;0.4921;1.1439;10.45
60R_60V_02I_05M;LR2_2_3;2;1;60;02;05;10;100;98.4615;67.3077;91.452983;10.6824;84.2564;59.4346;1.784;1.386;0.3979;0.9307;5.7969
60R_60V_02I_05M;LR2_2_4;2;1;60;02;05;8.3333;60;100;72.3077;93.17948;21.985;87.4572;54.604;3.4041;2.6969;0.7072;0;0
60R_60V_02I_05M;LR2_2_5;2;1;60;02;05;11.6667;80;100;95;97.471971;35.811;84.8943;66.1065;3.5692;2.3982;1.171;8.17;21.6856
60R_60V_02I_05M;LR2_2_1;2;1;60;02;05;11.6667;100;100;73.1343;92.486671;38.8012;91.3199;69.1006;3.3685;2.2004;1.1681;10.1278;24.5086
60R_60V_02I_05M;LR2_2_2;2;1;60;02;05;8.3333;80;100;88.75;94.50926;54.7243;87.2217;71.7479;2.5781;1.8657;0.7124;1.4342;9.084
60R_60V_02I_05M;LR2_2_3;2;1;60;02;05;10;100;100;53.8462;85.726517;7.57;84.2517;58.7723;2.4874;1.9438;0.5436;0.5773;3.1198
60R_60V_02I_05M;LR2_2_4;2;1;60;02;05;6.6667;80;100;94.8718;97.275625;20.4544;93.7515;67.3341;2.3162;1.7251;0.591;0;0
60R_60V_02I_05M;LR2_2_5;2;1;60;02;05;11.6667;80;100;90;95.997386;39.6927;91.6722;67.1855;3.142;2.2808;0.8612;0.2754;17.0774
60R_60V_02I_05M;LR2_2_1;2;1;60;02;05;11.6667;100;100;88.0597;95.415686;27.6422;89.5444;68.2089;3.399;2.3992;0.9998;2.6557;21.3786
60R_60V_02I_05M;LR2_2_2;2;1;60;02;05;10;100;100;26.8657;86.39925;16.1736;83.5337;62.2959;1.1243;0.7889;0.3355;0.8429;18.0777
60R_60V_02I_05M;LR2_2_3;2;1;60;02;05;8.3333;100;100;60;89.6923;14.1444;88.5491;70.8256;1.9056;1.5678;0.3378;0.6533;5.9951
60R_60V_02I_05M;LR2_2_4;2;1;60;02;05;6.6667;60;100;88.4615;96.47435;27.4051;88.6753;65.3556;2.4682;2.075;0.3933;0;0
60R_60V_02I_05M;LR2_2_5;2;1;60;02;05;11.6667;100;100;94.4444;97.743129;45.8927;88.1602;67.8439;2.5755;1.8153;0.7602;0.9331;26.8572
60R_60V_02I_05M;LR2_2_1;2;1;60;02;05;11.6667;100;100;40.7407;86.541;31.5203;90.7657;67.9668;2.2893;1.8514;0.4379;0.7895;27.569
60R_60V_02I_05M;LR2_2_2;2;1;60;02;05;8.3333;100;97.5;83.75;91.5;57.2091;87.028;76.257;2.1915;1.5704;0.6211;2.2963;12.1158
60R_60V_02I_05M;LR2_2_3;2;1;60;02;05;10;100;100;62.8205;85.128183;14.9673;85.1961;61.2469;2.1769;1.5618;0.6151;0.5667;5.6719
60R_60V_02I_05M;LR2_2_4;2;1;60;02;05;8.3333;40;97.4359;25.641;80.46152;7.0458;91.716;52.8368;2.9497;2.3598;0.5899;0;0.0675
60R_60V_02I_05M;LR2_2_5;2;1;60;02;05;11.6667;80;100;78.75;92.188171;39.2576;84.2639;67.813;2.9568;1.9387;1.0181;1.2038;23.9933
60R_60V_02I_05M;LR2_2_1;2;1;60;02;05;11.6667;100;100;87.5;94.276243;34.4406;93.7243;67.6555;2.8865;2.1374;0.749;0.1952;22.7616
60R_60V_02I_05M;LR2_2_2;2;1;60;02;05;10;100;100;11.25;82.552867;7.0978;80.6249;61.7621;1.4003;1.0693;0.331;1.3354;7.8086
60R_60V_02I_05M;LR2_2_3;2;1;60;02;05;10;100;97.4359;11.5385;73.11965;15.2698;86.0994;60.1935;2.1311;1.5293;0.6018;1.3024;7.4363
60R_60V_02I_05M;LR2_2_4;2;1;60;02;05;8.3333;60;100;16.6667;75.23078;6.9321;89.6884;53.4442;2.135;1.7417;0.3933;0;0.4688
60R_60V_02I_05M;LR2_2_5;2;1;60;02;05;11.6667;80;100;92.5;96.798943;37.3132;87.5602;67.6951;3.6236;2.5237;1.0999;2.94;15.9217
60R_60V_02I_06M;LR1_2_1;1;1;60;02;06;40;100;100;12.3077;57.564104;17.3599;98.497;51.5895;8.815;5.8308;2.9842;0.9088;24.3094
60R_60V_02I_06M;LR1_2_2;1;1;60;02;06;26.6667;100;96.1538;25;68.573706;24.7713;95.9826;75.2891;5.0252;3.771;1.2542;0.9202;17.3019
60R_60V_02I_06M;LR1_2_3;1;1;60;02;06;26.6667;100;98.2759;20.9302;56.708188;10.1657;97.1343;51.937;4.3179;3.2289;1.089;0.0275;4.8503
60R_60V_02I_06M;LR1_2_4;1;1;60;02;06;16.6667;83.3333;100;33.7209;74.41994;65.9464;99.0426;87.294;5.9063;4.3479;1.5584;0;1.5686
60R_60V_02I_06M;LR1_2_5;1;1;60;02;06;25;100;100;36.0465;75.67184;38.4401;96.0584;76.6428;6.1843;4.2553;1.929;0.0303;11.7813
60R_60V_02I_06M;LR1_2_1;1;1;60;02;06;40;100;100;12.3077;57.564104;17.3599;98.497;51.5895;8.815;5.8308;2.9842;0.9088;24.3094
60R_60V_02I_06M;LR1_2_2;1;1;60;02;06;25;100;98.0769;44.8718;71.53846;55.1909;99.3202;79.4285;4.4259;3.0055;1.4203;0.0901;16.1668
60R_60V_02I_06M;LR1_2_3;1;1;60;02;06;26.6667;100;98.2759;20.9302;56.708188;10.1657;97.1343;51.937;4.3179;3.2289;1.089;0.0275;4.8503
60R_60V_02I_06M;LR1_2_4;1;1;60;02;06;16.6667;83.3333;100;56.9767;78.5719;73.3091;99.9006;85.2465;5.7653;4.5177;1.2476;0;1.7691
60R_60V_02I_06M;LR1_2_5;1;1;60;02;06;26.6667;100;100;22.2222;66.100581;39.5;95.4054;73.7191;7.3885;5.086;2.3026;1.9616;14.4391
60R_60V_02I_06M;LR1_2_1;1;1;60;02;06;40;100;100;12.3077;57.564104;17.3599;98.497;51.5895;8.815;5.8308;2.9842;0.9088;24.3094
60R_60V_02I_06M;LR1_2_2;1;1;60;02;06;25;100;98.4615;20.5128;70.623933;59.5347;98.7855;80.4306;4.7174;3.2629;1.4545;0.2934;18.755
60R_60V_02I_06M;LR1_2_3;1;1;60;02;06;26.6667;100;98.2759;20.9302;56.708188;10.1657;97.1343;51.937;4.3179;3.2289;1.089;0.0275;4.8503
60R_60V_02I_06M;LR1_2_4;1;1;60;02;06;18.3333;83.3333;98.2759;24.4186;71.5646;27.4811;99.6215;78.3874;6.1047;4.6874;1.4174;0;0.6607
60R_60V_02I_06M;LR1_2_5;1;1;60;02;06;26.6667;83.3333;97.2222;26.7442;69.683481;25.3423;94.3265;73.2392;6.6555;4.6356;2.0199;0.8302;16.6211
60R_60V_02I_06M;LR1_2_1;1;1;60;02;06;40;100;100;12.3077;57.564104;17.3599;98.497;51.5895;8.815;5.8308;2.9842;0.9088;24.3094
60R_60V_02I_06M;LR1_2_2;1;1;60;02;06;25;100;98.0769;37.1795;79.598293;61.4669;98.5978;80.6613;3.8817;2.8165;1.0652;0.9233;17.2751
60R_60V_02I_06M;LR1_2_3;1;1;60;02;06;26.6667;100;98.2759;20.9302;56.708188;10.1657;97.1343;51.937;4.3179;3.2289;1.089;0.0275;4.8503
60R_60V_02I_06M;LR1_2_4;1;1;60;02;06;16.6667;83.3333;97.6744;33.7209;74.02565;69.1483;98.3013;87.5222;4.458;3.8319;0.6262;0;2.4935
60R_60V_02I_06M;LR1_2_5;1;1;60;02;06;26.6667;100;100;31.9444;73.297031;27.183;96.1009;73.8051;7.0912;4.9503;2.1409;0.1829;14.3799
60R_60V_02I_06M;LR1_2_1;1;1;60;02;06;40;100;100;12.3077;57.564104;17.3599;98.497;51.5895;8.815;5.8308;2.9842;0.9088;24.3094
60R_60V_02I_06M;LR1_2_2;1;1;60;02;06;26.6667;100;98.4615;20;65.993588;26.847;95.9874;75.9864;3.8817;2.8751;1.0066;0.0543;16.0007
60R_60V_02I_06M;LR1_2_3;1;1;60;02;06;26.6667;100;98.2759;20.9302;56.708188;10.1657;97.1343;51.937;4.3179;3.2289;1.089;0.0275;4.8503
60R_60V_02I_06M;LR1_2_4;1;1;60;02;06;20;100;100;51.1628;79.015567;22.4511;98.2287;71.1442;4.8688;4.0881;0.7808;0.1988;0.3709
60R_60V_02I_06M;LR1_2_5;1;1;60;02;06;26.6667;100;100;30.5556;69.972244;39.5;93.6672;73.3612;6.6485;4.623;2.0255;1.3252;14.3717
60R_60V_02I_06M;LR2_2_1;2;1;60;02;06;10;100;100;87.5;94.878733;61.5227;88.1314;75.6257;2.6044;1.7709;0.8335;3.5521;23.4151
60R_60V_02I_06M;LR2_2_2;2;1;60;02;06;8.3333;83.3333;100;93.75;95.90298;56.1108;86.3089;74.1442;1.8799;1.4129;0.4671;1.3424;9.2243
60R_60V_02I_06M;LR2_2_3;2;1;60;02;06;10;83.3333;100;80;93.547;13.2722;84.9542;60.3087;2.1341;1.5456;0.5886;1.1933;2.2553
60R_60V_02I_06M;LR2_2_4;2;1;60;02;06;8.3333;50;100;72.3077;93.17948;21.985;87.4572;54.604;3.4041;2.6969;0.7072;0;0
60R_60V_02I_06M;LR2_2_5;2;1;60;02;06;11.6667;66.6667;100;95;97.471971;35.811;84.8943;66.1065;3.5692;2.3982;1.171;8.17;21.6856
60R_60V_02I_06M;LR2_2_1;2;1;60;02;06;11.6667;83.3333;100;73.1343;92.486671;38.7921;91.3199;69.0993;3.5588;2.2955;1.2633;10.1299;24.51
60R_60V_02I_06M;LR2_2_2;2;1;60;02;06;8.3333;66.6667;100;87.5;96.15298;58.3961;82.2154;74.7943;2.0701;1.5001;0.57;1.9519;13.6595
60R_60V_02I_06M;LR2_2_3;2;1;60;02;06;10;83.3333;100;53.8462;85.726517;7.57;84.2517;58.7713;2.5007;1.9533;0.5474;0.5837;3.1435
60R_60V_02I_06M;LR2_2_4;2;1;60;02;06;6.6667;66.6667;100;94.8718;97.275625;20.4544;93.7515;67.3337;2.37;1.7521;0.6179;0;0
60R_60V_02I_06M;LR2_2_5;2;1;60;02;06;11.6667;66.6667;100;90;95.997386;39.6927;91.6722;67.1855;3.142;2.2808;0.8612;0.2754;17.0774
60R_60V_02I_06M;LR2_2_1;2;1;60;02;06;11.6667;83.3333;100;88.0597;95.415686;27.6422;89.5444;68.2089;3.4941;2.4468;1.0473;2.6557;21.3786
60R_60V_02I_06M;LR2_2_2;2;1;60;02;06;8.3333;66.6667;100;71.25;90.46642;61.6103;81.4876;74.4591;1.6593;1.1879;0.4714;0.5843;10.1202
60R_60V_02I_06M;LR2_2_3;2;1;60;02;06;8.3333;66.6667;98.4615;60;89.3846;14.1444;88.0769;70.7151;1.8298;1.5976;0.2321;0.6976;6.2439
60R_60V_02I_06M;LR2_2_4;2;1;60;02;06;6.6667;50;100;88.4615;96.47435;27.4051;88.6753;65.3556;2.4682;2.075;0.3933;0;0
60R_60V_02I_06M;LR2_2_5;2;1;60;02;06;11.6667;83.3333;100;94.4444;97.743129;45.8927;88.1602;67.8439;2.6376;1.8464;0.7912;0.9331;26.8586
60R_60V_02I_06M;LR2_2_1;2;1;60;02;06;11.6667;83.3333;100;40.7407;86.541;31.5203;90.7657;67.9668;2.2893;1.8514;0.4379;0.7895;27.569
60R_60V_02I_06M;LR2_2_2;2;1;60;02;06;8.3333;66.6667;100;88.0597;94.86194;58.6671;84.4899;74.9002;1.9948;1.4248;0.57;1.2492;8.6161
60R_60V_02I_06M;LR2_2_3;2;1;60;02;06;10;83.3333;100;25.641;82.777767;11.0647;86.06;60.1308;2.4336;1.7179;0.7157;0;0.2241
60R_60V_02I_06M;LR2_2_4;2;1;60;02;06;6.6667;50;100;92.3077;96.153825;49.9744;85.6276;67.743;3.8518;2.6185;1.2333;0;0
60R_60V_02I_06M;LR2_2_5;2;1;60;02;06;11.6667;66.6667;100;78.75;92.188171;39.2576;84.2639;67.813;2.9568;1.9387;1.0181;1.2038;23.9933
60R_60V_02I_06M;LR2_2_1;2;1;60;02;06;11.6667;83.3333;100;87.5;94.276243;34.4406;93.7243;67.6555;2.9816;2.185;0.7966;0.1952;22.7616
60R_60V_02I_06M;LR2_2_2;2;1;60;02;06;10;66.6667;100;50;87.5;13.8339;84.372;62.3583;2.3936;1.703;0.6906;0.6082;3.2536
60R_60V_02I_06M;LR2_2_3;2;1;60;02;06;10;83.3333;97.4359;11.5385;73.11965;15.2698;86.0118;60.1671;2.1444;1.5388;0.6056;1.3238;7.447
60R_60V_02I_06M;LR2_2_4;2;1;60;02;06;8.3333;50;100;16.6667;75.23078;6.9321;89.6884;53.4442;2.135;1.7417;0.3933;0;0.4688
60R_60V_02I_06M;LR2_2_5;2;1;60;02;06;11.6667;66.6667;100;92.5;96.798943;37.3132;87.5602;67.6951;3.6236;2.5237;1.0999;2.94;15.9217
60R_60V_04I_05M;LR1_2_1;1;0;60;04;05;8.3333;80;60;17.9487;39.02564;29.3823;90.2495;49.9149;4.6768;3.8768;0.8001;0;54.6407
60R_60V_04I_05M;LR1_2_2;1;0;60;04;05;15;100;71.7949;15.3846;42.663822;25.1042;98.9012;54.5195;17.8223;12.7433;5.0791;1.0815;36.2745
60R_60V_04I_05M;LR1_2_3;1;1;60;04;05;26.6667;100;98.2759;30.2326;52.504556;22;97.3384;49.319;29.8647;17.366;12.4987;1.4172;7.1504
60R_60V_04I_05M;LR1_2_4;1;1;60;04;05;16.6667;100;95.8333;50;80.4297;44.2076;78.367;61.983;17.7541;11.6617;6.0924;0.3339;1.9652
60R_60V_04I_05M;LR1_2_5;1;0;60;04;05;21.6667;100;93.1034;16.6667;52.9319;51.3215;95.5956;76.4064;37.5716;22.0833;15.4883;2.7386;29.1481
60R_60V_04I_05M;LR1_2_1;1;0;60;04;05;8.3333;80;60;17.9487;39.02564;29.3823;90.2495;49.9149;4.6768;3.8768;0.8001;0;54.6407
60R_60V_04I_05M;LR1_2_2;1;0;60;04;05;15;100;71.7949;15.3846;42.663822;25.1042;98.9012;54.5195;17.8223;12.7433;5.0791;1.0815;36.2745
60R_60V_04I_05M;LR1_2_3;1;1;60;04;05;25;100;91.6667;34.8837;60.06948;35.3887;97.2256;50.1525;28.1748;17.0133;11.1615;1.3519;6.2691
60R_60V_04I_05M;LR1_2_4;1;1;60;04;05;18.3333;100;94.8276;12.069;69.851891;24.5103;78.5034;58.1043;26.6899;16.43;10.2599;0;3.3155
60R_60V_04I_05M;LR1_2_5;1;0;60;04;05;21.6667;100;93.1034;16.6667;52.9319;51.3215;95.5956;76.4064;37.5716;22.0833;15.4883;2.7386;29.1481
60R_60V_04I_05M;LR1_2_1;1;0;60;04;05;8.3333;80;60;17.9487;39.02564;29.3823;90.2495;49.9149;4.6768;3.8768;0.8001;0;54.6407
60R_60V_04I_05M;LR1_2_2;1;0;60;04;05;15;100;71.7949;15.3846;42.663822;25.1042;98.9012;54.5195;17.8223;12.7433;5.0791;1.0815;36.2745
60R_60V_04I_05M;LR1_2_3;1;1;60;04;05;26.6667;100;98.8372;5.5556;52.306513;33.0111;98.6818;49.0654;28.9368;17.0699;11.8669;3.5465;10.6501
60R_60V_04I_05M;LR1_2_4;1;1;60;04;05;16.6667;100;98.6111;29.3103;65.40397;42.305;77.039;62.9125;21.05;13.0851;7.9649;0.0646;0.4111
60R_60V_04I_05M;LR1_2_5;1;0;60;04;05;21.6667;100;93.1034;16.6667;52.9319;51.3215;95.5956;76.4064;37.5716;22.0833;15.4883;2.7386;29.1481
60R_60V_04I_05M;LR1_2_1;1;0;60;04;05;8.3333;80;60;17.9487;39.02564;29.3823;90.2495;49.9149;4.6768;3.8768;0.8001;0;54.6407
60R_60V_04I_05M;LR1_2_2;1;0;60;04;05;15;100;71.7949;15.3846;42.663822;25.1042;98.9012;54.5195;17.8223;12.7433;5.0791;1.0815;36.2745
60R_60V_04I_05M;LR1_2_3;1;1;60;04;05;31.6667;100;98.6111;4.6512;52.530758;17.3605;98.6626;43.6431;31.835;18.308;13.5271;2.1125;7.9455
60R_60V_04I_05M;LR1_2_4;1;1;60;04;05;16.6667;100;100;44.186;80.42124;49.172;77.8268;62.2413;21.2472;13.1911;8.0562;0.6339;2.0414
60R_60V_04I_05M;LR1_2_5;1;0;60;04;05;21.6667;100;93.1034;16.6667;52.9319;51.3215;95.5956;76.4064;37.5716;22.0833;15.4883;2.7386;29.1481
60R_60V_04I_05M;LR1_2_1;1;0;60;04;05;8.3333;80;60;17.9487;39.02564;29.3823;90.2495;49.9149;4.6768;3.8768;0.8001;0;54.6407
60R_60V_04I_05M;LR1_2_2;1;0;60;04;05;15;100;71.7949;15.3846;42.663822;25.1042;98.9012;54.5195;17.8223;12.7433;5.0791;1.0815;36.2745
60R_60V_04I_05M;LR1_2_3;1;1;60;04;05;28.3333;100;98.8372;4.6512;58.9923;14.4743;99.0252;47.9076;31.2234;17.835;13.3883;1.3417;9.7415
60R_60V_04I_05M;LR1_2_4;1;1;60;04;05;16.6667;100;100;37.5;75.61715;20.8119;78.1915;63.4312;26.2947;16.0789;10.2158;0.0527;1.7287
60R_60V_04I_05M;LR1_2_5;1;0;60;04;05;21.6667;100;93.1034;16.6667;52.9319;51.3215;95.5956;76.4064;37.5716;22.0833;15.4883;2.7386;29.1481
60R_60V_04I_05M;LR2_2_1;2;1;60;04;05;11.6667;100;100;81.25;95.684971;31.4166;86.1049;69.0589;13.7415;9.0693;4.6722;2.5588;16.9617
60R_60V_04I_05M;LR2_2_2;2;1;60;04;05;8.3333;100;98.75;82.5;90.65298;62.0552;82.1148;75.1267;16.9485;11.0886;5.8599;1.7956;6.4605
60R_60V_04I_05M;LR2_2_3;2;1;60;04;05;8.3333;100;100;90.3846;95.46152;65.8;85.1968;76.0502;13.1958;8.2337;4.9621;1.4414;6.6466
60R_60V_04I_05M;LR2_2_4;2;1;60;04;05;8.3333;100;100;12.8205;79.641;6.1329;95.9874;55.6974;9.4258;5.8944;3.5314;0;0.0334
60R_60V_04I_05M;LR2_2_5;2;1;60;04;05;11.6667;100;100;91.0448;96.652457;46.9649;89.6355;69.9482;14.3999;8.5591;5.8409;8.315;24.4703
60R_60V_04I_05M;LR2_2_1;2;1;60;04;05;13.3333;100;100;44.7761;83.9827;20.6769;87.142;59.5636;14.6656;9.3346;5.331;3.0245;23.686
60R_60V_04I_05M;LR2_2_2;2;1;60;04;05;10;100;100;56.7164;86.36735;11.3432;78.9179;63.3349;12.7052;8.2414;4.4638;2.1511;12.7383
60R_60V_04I_05M;LR2_2_3;2;1;60;04;05;10;100;100;33.8462;87.1795;14.9124;83.4225;66.1947;15.8802;9.6898;6.1904;0.4244;10.6179
60R_60V_04I_05M;LR2_2_4;2;1;60;04;05;6.6667;100;100;76.9231;93.269225;27.6256;90.0903;68.4789;8.9775;5.1876;3.7899;0;0.1762
60R_60V_04I_05M;LR2_2_5;2;1;60;04;05;11.6667;100;100;76.1194;94.267057;45.1933;85.1302;69.9366;14.2895;9.2671;5.0225;4.8386;21.389
60R_60V_04I_05M;LR2_2_1;2;1;60;04;05;11.6667;100;100;72.5;93.1982;53.4667;88.5771;69.7683;12.9985;9.09;3.9085;6.56;16.7858
60R_60V_04I_05M;LR2_2_2;2;1;60;04;05;10;100;100;50;88.047833;10.232;80.5199;64.2201;16.1152;10.8969;5.2183;1.3837;9.2377
60R_60V_04I_05M;LR2_2_3;2;1;60;04;05;10;100;100;24.6154;86.41025;6.4742;86.1732;64.5972;13.6389;8.8428;4.7961;0.8221;4.754
60R_60V_04I_05M;LR2_2_4;2;1;60;04;05;6.6667;100;100;86.1538;95.3846;52.1621;85.9755;70.9033;8.8281;5.1124;3.7157;0;0
60R_60V_04I_05M;LR2_2_5;2;1;60;04;05;11.6667;100;100;86.25;95.754271;43.5128;87.5294;71.1361;15.0576;8.8886;6.169;4.2295;21.656
60R_60V_04I_05M;LR2_2_1;2;1;60;04;05;13.3333;100;100;46.2687;82.933775;6.5136;88.9803;58.9034;12.3649;7.8123;4.5526;2.2254;15.5702
60R_60V_04I_05M;LR2_2_2;2;1;60;04;05;10;100;98.75;51.25;86.141167;18.0394;85.7574;64.2087;15.0807;9.6863;5.3944;4.0596;12.6052
60R_60V_04I_05M;LR2_2_3;2;1;60;04;05;10;100;100;15.3846;83.675217;8.0773;86.4521;65.4371;13.9448;8.8261;5.1187;5.147;5.953
60R_60V_04I_05M;LR2_2_4;2;1;60;04;05;8.3333;100;100;25.641;84.20512;7.6205;83.6919;57.167;8.5096;5.2536;3.2559;0.9226;0.2015
60R_60V_04I_05M;LR2_2_5;2;1;60;04;05;11.6667;100;100;88.75;97.678571;52.9294;87.9452;70.0737;16.926;10.2781;6.6479;3.0144;18.73
60R_60V_04I_05M;LR2_2_1;2;1;60;04;05;11.6667;100;100;80;91.1274;40.1759;87.7846;67.8846;11.2386;7.6898;3.5488;2.4636;20.0284
60R_60V_04I_05M;LR2_2_2;2;1;60;04;05;10;100;98.5075;49.2537;82.926;16.1318;84.8513;64.4013;16.5946;10.1756;6.4189;1.8153;14.1307
60R_60V_04I_05M;LR2_2_3;2;1;60;04;05;8.3333;100;100;90.3846;95.76922;66.673;83.7049;78.1154;14.5333;9.4237;5.1095;0.4782;1.0086
60R_60V_04I_05M;LR2_2_4;2;1;60;04;05;8.3333;100;100;46.1538;85.1282;10.1081;91.2615;55.7908;9.7652;6.0214;3.7438;0;0.0561
60R_60V_04I_05M;LR2_2_5;2;1;60;04;05;11.6667;100;100;91.25;97.257457;40.972;89.5452;69.5662;14.6806;8.7954;5.8851;3.9111;18.8888
60R_60V_04I_06M;LR1_2_1;1;0;60;04;06;8.3333;66.6667;60;17.9487;39.02564;29.3823;90.2495;49.9149;4.6768;3.8768;0.8001;0;54.6407
60R_60V_04I_06M;LR1_2_2;1;1;60;04;06;31.6667;100;96.1538;17.9487;65.2699;25.9721;98.855;52.9998;34.7214;21.9094;12.812;3.8516;21.2312
60R_60V_04I_06M;LR1_2_3;1;1;60;04;06;26.6667;100;96.5116;20.9302;57.4059;23.993;98.0926;47.7555;31.3073;17.144;14.1633;0.6064;4.5464
60R_60V_04I_06M;LR1_2_4;1;1;60;04;06;16.6667;100;97.2222;33.3333;80.74856;37.6365;78.4897;62.1341;18.4998;11.4316;7.0682;0.024;0.5811
60R_60V_04I_06M;LR1_2_5;1;1;60;04;06;31.6667;100;94.186;23.2558;60.259063;25.8459;88.2593;64.988;34.0521;19.7096;14.3425;2.187;18.9117
60R_60V_04I_06M;LR1_2_1;1;1;60;04;06;35;100;94.2308;23.0769;64.816848;19.5111;94.4034;57.5085;33.3421;18.8452;14.4968;1.1223;30.3409
60R_60V_04I_06M;LR1_2_2;1;1;60;04;06;30;100;96.1538;28.8462;62.699428;18.8443;98.6756;54.8468;38.328;24.1985;14.1294;1.4655;19.3918
60R_60V_04I_06M;LR1_2_3;1;1;60;04;06;25;100;100;17.4419;58.83418;27.3545;98.1309;50.1834;26.2309;15.3228;10.9082;0.9026;4.5265
60R_60V_04I_06M;LR1_2_4;1;1;60;04;06;16.6667;100;98.2759;53.4483;73.55746;42.7683;77.4002;60.4003;15.2047;10.3037;4.901;0.0132;0.4336
60R_60V_04I_06M;LR1_2_5;1;1;60;04;06;30;100;100;30.5556;65.596822;22.8148;95.5067;70.1282;38.0119;20.9906;17.0212;2.5055;14.3572
60R_60V_04I_06M;LR1_2_1;1;0;60;04;06;8.3333;66.6667;60;17.9487;39.02564;29.3823;90.2495;49.9149;4.6768;3.8768;0.8001;0;54.6407
60R_60V_04I_06M;LR1_2_2;1;1;60;04;06;30;100;100;19.2308;65.641022;26.0795;98.6273;54.1266;33.6335;20.3713;13.2623;2.3854;20.3515
60R_60V_04I_06M;LR1_2_3;1;1;60;04;06;26.6667;100;100;23.2558;56.993662;18.0141;95.7754;45.0709;25.8555;15.2724;10.5831;1.9228;3.9832
60R_60V_04I_06M;LR1_2_4;1;1;60;04;06;15;100;100;65.5172;83.098089;43.7362;78.6227;62.1301;15.3247;9.6749;5.6498;0.0285;0.4105
60R_60V_04I_06M;LR1_2_5;1;1;60;04;06;30;100;98.8372;19.4444;60.74405;29.2622;95.1022;68.8487;32.0331;20.9847;11.048400000000001;1.6693;13.7154
60R_60V_04I_06M;LR1_2_1;1;1;60;04;06;35;100;96.1538;20.5128;61.678867;20.2032;96.4789;57.7057;31.0952;18.5144;12.5808;3.2736;32.5454
60R_60V_04I_06M;LR1_2_2;1;1;60;04;06;30;100;100;19.2308;64.957267;25.5607;97.826;53.2771;30.4765;19.4472;11.0294;1.6503;19.3846
60R_60V_04I_06M;LR1_2_3;1;1;60;04;06;26.6667;100;100;19.4444;51.108688;22.8066;98.9758;47.4533;26.5037;16.3003;10.2034;0.7911;6.2751
60R_60V_04I_06M;LR1_2_4;1;1;60;04;06;16.6667;100;97.2222;26.7442;74.09917;29.9163;79.2408;62.3407;15.8268;11.1476;4.6793;0.067;0.5455
60R_60V_04I_06M;LR1_2_5;1;1;60;04;06;30;100;98.8372;20.8333;60.920889;33.723;95.4919;70.7107;32.7348;19.2415;13.4933;0.2958;23.2202
60R_60V_04I_06M;LR1_2_1;1;1;60;04;06;36.6667;100;94.8718;4.6154;62.843818;24.4738;93.6539;54.1322;35.7322;20.0959;15.6363;5.8231;27.6568
60R_60V_04I_06M;LR1_2_2;1;1;60;04;06;33.3333;100;100;23.0769;60.448715;22.0354;95.6165;50.586;44.8378;26.1348;18.703;1.6604;14.9257
60R_60V_04I_06M;LR1_2_3;1;1;60;04;06;26.6667;100;98.8372;33.3333;59.848569;11.5952;98.6244;47.5759;25.7392;15.2289;10.5102;1.5044;5.8547
60R_60V_04I_06M;LR1_2_4;1;1;60;04;06;16.6667;100;100;34.4828;68.26217;37.8463;78.8911;61.4736;19.4849;12.8125;6.6724;0.465;0.2225
60R_60V_04I_06M;LR1_2_5;1;1;60;04;06;28.3333;100;98.8372;23.2558;71.504141;51.6874;91.7244;73.4635;31.8165;19.9437;11.8728;1.8596;15.8797
60R_60V_04I_06M;LR2_2_1;2;1;60;04;06;13.3333;100;100;18.5185;77.436338;6.8276;89.0631;57.8792;11.7565;7.2692;4.4874;2.1961;20.2195
60R_60V_04I_06M;LR2_2_2;2;1;60;04;06;10;100;98.1481;43.75;86.410883;17.1736;82.2079;63.9515;14.5072;10.0938;4.4134;2.0282;10.4491
60R_60V_04I_06M;LR2_2_3;2;1;60;04;06;10;100;98.7179;66.1538;89.700833;9.1112;84.6454;64.5138;13.2478;7.9;5.3478;0.119;3.6118
60R_60V_04I_06M;LR2_2_4;2;1;60;04;06;8.3333;100;98.7179;12.8205;80.0769;5.37;84.3333;56.297;6.9966;4.6533;2.3433;0.2395;0
60R_60V_04I_06M;LR2_2_5;2;1;60;04;06;11.6667;100;100;81.25;95.858214;51.0059;89.7416;69.4354;12.6224;7.815;4.8074;1.8958;20.5049
60R_60V_04I_06M;LR2_2_1;2;1;60;04;06;11.6667;100;98.75;73.75;90.660986;38.2533;87.3393;68.6806;11.638;6.821;4.817;6.5253;19.4958
60R_60V_04I_06M;LR2_2_2;2;1;60;04;06;10;100;100;53.75;83.628733;19.026;83.7357;65.4033;12.7511;8.2147;4.5364;3.5003;9.9695
60R_60V_04I_06M;LR2_2_3;2;1;60;04;06;10;100;100;53.8462;91.239317;8.3278;85.8809;65.1892;13.2781;7.869;5.4091;0.8536;2.0232
60R_60V_04I_06M;LR2_2_4;2;1;60;04;06;6.6667;100;98.4615;92.3077;94.807675;58.1819;88.5464;69.591;7.4307;4.7485;2.6822;0;0
60R_60V_04I_06M;LR2_2_5;2;1;60;04;06;11.6667;100;100;76.1194;94.267057;45.1751;84.7866;69.2068;13.0738;7.9675;5.1063;5.6445;20.3415
60R_60V_04I_06M;LR2_2_1;2;1;60;04;06;11.6667;100;100;91.0448;96.941586;24.0347;86.7097;66.9159;10.2709;6.2061;4.0648;3.2299;23.2777
60R_60V_04I_06M;LR2_2_2;2;1;60;04;06;10;100;100;70;87.8008;23.4588;80.9917;62.1166;10.6027;7.292;3.3107;1.4185;13.953
60R_60V_04I_06M;LR2_2_3;2;1;60;04;06;8.3333;100;100;82.6923;95.2564;70.6931;83.2201;77.9972;10.6118;6.747;3.8648;0.1187;6.4576
60R_60V_04I_06M;LR2_2_4;2;1;60;04;06;6.6667;100;98.4615;86.1538;94.61535;48.329;86.5258;70.6494;6.5715;4.2126;2.3589;0;0
60R_60V_04I_06M;LR2_2_5;2;1;60;04;06;11.6667;100;100;86.25;95.754271;43.5128;87.183;70.5585;12.1615;7.2682;4.8933;4.4734;18.9699
60R_60V_04I_06M;LR2_2_1;2;1;60;04;06;11.6667;100;100;61.1111;93.015871;30.0079;87.0702;66.7974;9.4172;6.7179;2.6993;4.9467;17.4924
60R_60V_04I_06M;LR2_2_2;2;1;60;04;06;10;100;98.75;61.25;87.824067;24.0773;81.6221;62.3614;14.3717;8.5874;5.7844;1.3271;8.1216
60R_60V_04I_06M;LR2_2_3;2;1;60;04;06;10;100;98.4615;49.2308;85.9188;9.4584;85.8134;64.5352;13.0666;8.5299;4.5367;2.7472;3.7076
60R_60V_04I_06M;LR2_2_4;2;1;60;04;06;6.6667;100;98.4615;94.2308;96.41025;37.0963;96.0832;68.2672;5.9336;3.8278;2.1058;0;0.0171
60R_60V_04I_06M;LR2_2_5;2;1;60;04;06;11.6667;100;100;94.0299;97.614614;43.5404;91.4126;68.3061;12.7831;8.4505;4.3326;1.6326;17.4546
60R_60V_04I_06M;LR2_2_1;2;1;60;04;06;11.6667;100;100;76.25;93.664014;35.1905;91.3755;67.7846;10.584;6.4967;4.0872;5.3781;20.4743
60R_60V_04I_06M;LR2_2_2;2;1;60;04;06;10;100;98.5075;58.75;84.142033;14.6675;82.2911;65.8774;12.4285;8.868;3.5606;1.716;11.3863
60R_60V_04I_06M;LR2_2_3;2;1;60;04;06;8.3333;100;100;87.1795;94.35898;71.1294;85.054;78.4671;13.1719;8.211;4.9609;0.7736;2.5504
60R_60V_04I_06M;LR2_2_4;2;1;60;04;06;8.3333;100;100;24.359;83.53844;4.817;85.4536;53.7436;7.4153;4.5345;2.8808;0;0.4646
60R_60V_04I_06M;LR2_2_5;2;1;60;04;06;11.6667;100;100;97.0149;99.181771;41.5085;82.5984;69.3618;11.6382;7.532;4.1062;5.5787;22.8578
