group;name;type;feasible;n_reqs;n_regions;n_machs;n_vehicles_used;n_machines_used;max_max_load_all_vehicles;min_max_load_all_vehicles;mean_max_load_all_vehicles;min_completion_time;max_completion_time;mean_completion_time;avrg_machines_travel_time_with_vehicle;avrg_machines_travel_time_only_with_vehicle;avrg_machines_travel_time_no_vehicle;avrg_vehicles_waiting_time_for_a_machine_travel;avrg_vehicles_waiting_time_for_a_service
06R_06V_02F_03M;lr101;1;1;06;02;03;100;100;76.4706;13.4615;36.135517;43.2435;74.1739;56.5587;10.1449;7.2464;2.8986;0.4106;11.0742
06R_06V_02F_03M;lr102;1;1;06;02;03;50;66.6667;76.3158;52.6316;61.038033;80.0565;92.8826;87.829;10.8696;8.6957;2.1739;3.996;5.5814
06R_06V_02F_03M;lr103;1;1;06;02;03;66.6667;100;68.4211;34.6154;50.759125;39.6304;90.4304;66.0326;5.0725;4.3478;0.7246;0;0
06R_06V_02F_03M;lr104;1;1;06;02;03;50;33.3333;57.5;36.3636;47.1212;38.2739;82.6087;62.5116;4.3478;4.3478;0;0;2.594
06R_06V_02F_03M;lr105;1;1;06;02;03;100;100;50;20.5882;35.70625;31.387;60.6522;47.8333;5.0725;4.3478;0.7246;0;3.9122
06R_06V_02F_03M;lr101;1;1;06;02;03;100;100;76.4706;13.4615;36.135517;43.2435;74.1739;56.5587;10.1449;7.2464;2.8986;0.4106;11.0742
06R_06V_02F_03M;lr102;1;1;06;02;03;50;66.6667;76.3158;44.8276;57.925;80.0565;92.8826;87.829;10.8696;8.6957;2.1739;3.996;5.5814
06R_06V_02F_03M;lr103;1;1;06;02;03;66.6667;100;81.25;23.6842;59.8874;39.6304;90.4304;66.0326;5.0725;4.3478;0.7246;0;0
06R_06V_02F_03M;lr104;1;1;06;02;03;50;33.3333;69.697;30;49.065667;38.2739;82.6087;62.5116;4.3478;4.3478;0;0;2.594
06R_06V_02F_03M;lr105;1;1;06;02;03;100;100;50;20.5882;35.70625;31.387;60.6522;47.8333;5.0725;4.3478;0.7246;0;3.9122
06R_06V_02F_03M;lr101;1;1;06;02;03;100;100;60.4651;20.5882;33.4403;43.2435;74.1739;56.5587;10.1449;7.2464;2.8986;0.4106;11.0742
06R_06V_02F_03M;lr102;1;1;06;02;03;50;66.6667;76.3158;34.4828;54.988433;80.0565;92.8826;87.829;10.8696;8.6957;2.1739;3.996;5.5814
06R_06V_02F_03M;lr103;1;1;06;02;03;66.6667;100;100;34.6154;60.9976;39.6304;90.4304;66.0326;5.0725;4.3478;0.7246;0;0
06R_06V_02F_03M;lr104;1;1;06;02;03;50;33.3333;69.697;46.1538;54.450267;38.2739;82.6087;62.5116;4.3478;4.3478;0;0;2.594
06R_06V_02F_03M;lr105;1;1;06;02;03;100;100;50;20.5882;35.70625;31.387;60.6522;47.8333;5.0725;4.3478;0.7246;0;3.9122
06R_06V_02F_03M;lr101;1;1;06;02;03;100;100;76.4706;13.4615;36.8537;43.2435;74.1739;56.5587;10.1449;7.2464;2.8986;0.4106;11.0742
06R_06V_02F_03M;lr102;1;1;06;02;03;50;66.6667;68.4211;41.6667;53.3626;80.0565;92.8826;87.829;10.8696;8.6957;2.1739;3.996;5.5814
06R_06V_02F_03M;lr103;1;1;06;02;03;66.6667;100;68.4211;34.6154;55.9875;39.6304;90.4304;66.0326;5.0725;4.3478;0.7246;0;0
06R_06V_02F_03M;lr104;1;1;06;02;03;50;33.3333;57.5758;36.3636;50.4798;38.2739;82.6087;62.5116;4.3478;4.3478;0;0;2.594
06R_06V_02F_03M;lr105;1;1;06;02;03;100;100;50;20.5882;35.70625;31.387;60.6522;47.8333;5.0725;4.3478;0.7246;0;3.9122
06R_06V_02F_03M;lr101;1;1;06;02;03;100;100;60.4651;15.3846;35.247617;43.2435;74.1739;56.5587;10.1449;7.2464;2.8986;0.4106;11.0742
06R_06V_02F_03M;lr102;1;1;06;02;03;50;66.6667;60.4167;34.4828;49.688733;80.0565;92.8826;87.829;10.8696;8.6957;2.1739;3.996;5.5814
06R_06V_02F_03M;lr103;1;1;06;02;03;66.6667;100;81.25;34.6154;53.96635;39.6304;90.4304;66.0326;5.0725;4.3478;0.7246;0;0
06R_06V_02F_03M;lr104;1;1;06;02;03;50;33.3333;88.4615;36.3636;57.4417;38.2739;82.6087;62.5116;4.3478;4.3478;0;0;2.594
06R_06V_02F_03M;lr105;1;1;06;02;03;100;100;50;20.5882;35.70625;31.387;60.6522;47.8333;5.0725;4.3478;0.7246;0;3.9122
06R_06V_02F_03M;lr201;2;1;06;02;03;33.3333;66.6667;88.4615;44.186;66.32375;16.267;63.072;39.6695;0.75;0.5;0.25;0.0476;25.8459
06R_06V_02F_03M;lr202;2;1;06;02;03;16.6667;66.6667;73.6842;73.6842;73.6842;54.589;54.589;54.589;0.75;0.5;0.25;0.9086;0
06R_06V_02F_03M;lr203;2;1;06;02;03;16.6667;66.6667;87.5;87.5;87.5;68.632;68.632;68.632;1.75;1.5;0.25;3.8612;1.3988
06R_06V_02F_03M;lr204;2;1;06;02;03;33.3333;100;78.125;23.6842;50.9046;12.963;48.154;30.5585;0.8333;0.6667;0.1667;0;1.512
06R_06V_02F_03M;lr205;2;1;06;02;03;16.6667;66.6667;100;100;100;54.049;54.049;54.049;1.75;1.5;0.25;0;0.4255
06R_06V_02F_03M;lr201;2;1;06;02;03;33.3333;66.6667;88.4615;44.186;66.32375;16.267;63.072;39.6695;0.75;0.5;0.25;0.0476;25.8459
06R_06V_02F_03M;lr202;2;1;06;02;03;16.6667;66.6667;87.5;87.5;87.5;54.589;54.589;54.589;0.75;0.5;0.25;0;12.3083
06R_06V_02F_03M;lr203;2;1;06;02;03;16.6667;66.6667;87.5;87.5;87.5;68.632;68.632;68.632;1.75;1.5;0.25;0.5362;0.5362
06R_06V_02F_03M;lr204;2;1;06;02;03;33.3333;100;78.125;28.125;53.125;12.963;48.154;30.5585;0.8333;0.6667;0.1667;0;1.512
06R_06V_02F_03M;lr205;2;1;06;02;03;16.6667;66.6667;88.4615;88.4615;88.4615;54.049;54.049;54.049;1.75;1.5;0.25;0;0.4255
06R_06V_02F_03M;lr201;2;1;06;02;03;33.3333;66.6667;88.4615;36.5385;62.5;16.267;63.072;39.6695;0.75;0.5;0.25;0.0476;23.3836
06R_06V_02F_03M;lr202;2;1;06;02;03;16.6667;66.6667;87.5;87.5;87.5;54.589;54.589;54.589;0.75;0.5;0.25;0;12.3083
06R_06V_02F_03M;lr203;2;1;06;02;03;16.6667;66.6667;87.5;87.5;87.5;68.632;68.632;68.632;1.75;1.5;0.25;3.8612;1.3988
06R_06V_02F_03M;lr204;2;1;06;02;03;33.3333;100;78.125;23.6842;50.9046;12.963;48.154;30.5585;0.8333;0.6667;0.1667;0;1.512
06R_06V_02F_03M;lr205;2;1;06;02;03;16.6667;66.6667;88.4615;88.4615;88.4615;54.049;54.049;54.049;1.75;1.5;0.25;0;0.111
06R_06V_02F_03M;lr201;2;1;06;02;03;33.3333;66.6667;88.4615;44.186;66.32375;16.267;63.072;39.6695;0.75;0.5;0.25;0.0476;25.8459
06R_06V_02F_03M;lr202;2;1;06;02;03;16.6667;66.6667;73.6842;73.6842;73.6842;54.589;54.589;54.589;0.75;0.5;0.25;0.9086;0
06R_06V_02F_03M;lr203;2;1;06;02;03;16.6667;66.6667;87.5;87.5;87.5;68.632;68.632;68.632;1.75;1.5;0.25;3.8612;1.3988
06R_06V_02F_03M;lr204;2;1;06;02;03;33.3333;100;78.125;28.125;53.125;12.963;48.154;30.5585;0.8333;0.6667;0.1667;0;1.512
06R_06V_02F_03M;lr205;2;1;06;02;03;16.6667;66.6667;88.4615;88.4615;88.4615;54.049;54.049;54.049;2.25;1.5;0.75;0;0.4366
06R_06V_02F_03M;lr201;2;1;06;02;03;33.3333;66.6667;88.4615;44.186;66.32375;16.267;63.072;39.6695;0.75;0.5;0.25;0.0476;23.3836
06R_06V_02F_03M;lr202;2;1;06;02;03;16.6667;66.6667;87.5;87.5;87.5;54.589;54.589;54.589;0.75;0.5;0.25;0;12.3083
06R_06V_02F_03M;lr203;2;1;06;02;03;16.6667;66.6667;87.5;87.5;87.5;68.632;68.632;68.632;1.75;1.5;0.25;0.5362;0.5362
06R_06V_02F_03M;lr204;2;1;06;02;03;33.3333;100;78.125;23.6842;50.9046;12.963;48.154;30.5585;0.8333;0.6667;0.1667;0;1.512
06R_06V_02F_03M;lr205;2;1;06;02;03;16.6667;66.6667;100;100;100;54.049;54.049;54.049;1.75;1.5;0.25;0;0.0759
06R_06V_02F_04M;lr101;1;1;06;02;04;100;100;50;16.2791;33.014133;41.7957;73.1826;55.6703;7.0652;5.4348;1.6304;0.4099;11.1661
06R_06V_02F_04M;lr102;1;1;06;02;04;50;75;76.3158;52.6316;61.038033;79.8696;92.8826;87.7667;7.971;5.7971;2.1739;3.996;5.5827
06R_06V_02F_04M;lr103;1;1;06;02;04;66.6667;75;68.4211;34.6154;50.759125;39.6304;88.5348;65.1402;5.0725;4.3478;0.7246;0;0
06R_06V_02F_04M;lr104;1;1;06;02;04;50;25;57.5;36.3636;47.1212;38.2739;82.6087;62.5116;4.3478;4.3478;0;0;2.594
06R_06V_02F_04M;lr105;1;1;06;02;04;100;75;50;20.5882;35.70625;31.387;60.6522;47.4558;5.0725;4.3478;0.7246;0;3.9122
06R_06V_02F_04M;lr101;1;1;06;02;04;100;100;76.4706;13.4615;36.0329;41.7957;73.1826;55.6703;7.0652;5.4348;1.6304;0.4099;11.1661
06R_06V_02F_04M;lr102;1;1;06;02;04;50;75;76.3158;44.8276;57.925;79.8696;92.8826;87.7667;7.971;5.7971;2.1739;3.996;5.5827
06R_06V_02F_04M;lr103;1;1;06;02;04;66.6667;75;81.25;23.6842;59.8874;39.6304;88.5348;65.1402;5.0725;4.3478;0.7246;0;0
06R_06V_02F_04M;lr104;1;1;06;02;04;50;25;69.697;30;49.065667;38.2739;82.6087;62.5116;4.3478;4.3478;0;0;2.594
06R_06V_02F_04M;lr105;1;1;06;02;04;100;75;50;20.5882;35.70625;31.387;60.6522;47.4558;5.0725;4.3478;0.7246;0;3.9122
06R_06V_02F_04M;lr101;1;1;06;02;04;100;100;76.4706;15.3846;37.197017;41.7957;73.1826;55.6703;7.0652;5.4348;1.6304;0.4099;11.1661
06R_06V_02F_04M;lr102;1;1;06;02;04;50;75;76.3158;34.4828;54.988433;79.8696;92.8826;87.7667;7.971;5.7971;2.1739;3.996;5.5827
06R_06V_02F_04M;lr103;1;1;06;02;04;66.6667;75;100;34.6154;60.9976;39.6304;88.5348;65.1402;5.0725;4.3478;0.7246;0;0
06R_06V_02F_04M;lr104;1;1;06;02;04;50;25;69.697;46.1538;54.450267;38.2739;82.6087;62.5116;4.3478;4.3478;0;0;2.594
06R_06V_02F_04M;lr105;1;1;06;02;04;100;75;50;20.5882;35.70625;31.387;60.6522;47.4558;5.0725;4.3478;0.7246;0;3.9122
06R_06V_02F_04M;lr101;1;1;06;02;04;100;100;60.4651;15.3846;35.247617;41.7957;73.1826;55.6703;7.0652;5.4348;1.6304;0.4099;11.1661
06R_06V_02F_04M;lr102;1;1;06;02;04;50;75;68.4211;41.6667;53.3626;79.8696;92.8826;87.7667;7.971;5.7971;2.1739;3.996;5.5827
06R_06V_02F_04M;lr103;1;1;06;02;04;66.6667;75;68.4211;34.6154;55.9875;39.6304;88.5348;65.1402;5.0725;4.3478;0.7246;0;0
06R_06V_02F_04M;lr104;1;1;06;02;04;50;25;57.5758;36.3636;50.4798;38.2739;82.6087;62.5116;4.3478;4.3478;0;0;2.594
06R_06V_02F_04M;lr105;1;1;06;02;04;100;75;50;20.5882;35.70625;31.387;60.6522;47.4558;5.0725;4.3478;0.7246;0;3.9122
06R_06V_02F_04M;lr101;1;1;06;02;04;100;100;76.4706;13.4615;36.956317;41.7957;73.1826;55.6703;7.0652;5.4348;1.6304;0.4099;11.1661
06R_06V_02F_04M;lr102;1;1;06;02;04;50;75;60.4167;34.4828;49.688733;79.8696;92.8826;87.7667;7.971;5.7971;2.1739;3.996;5.5827
06R_06V_02F_04M;lr103;1;1;06;02;04;66.6667;75;81.25;34.6154;53.96635;39.6304;88.5348;65.1402;5.0725;4.3478;0.7246;0;0
06R_06V_02F_04M;lr104;1;1;06;02;04;50;25;88.4615;36.3636;57.4417;38.2739;82.6087;62.5116;4.3478;4.3478;0;0;2.594
06R_06V_02F_04M;lr105;1;1;06;02;04;100;75;50;20.5882;35.70625;31.387;60.6522;47.4558;5.0725;4.3478;0.7246;0;3.9122
06R_06V_02F_04M;lr201;2;1;06;02;04;33.3333;50;88.4615;44.186;66.32375;16.267;63.072;39.6695;0.75;0.5;0.25;0.0476;25.8459
06R_06V_02F_04M;lr202;2;1;06;02;04;16.6667;50;73.6842;73.6842;73.6842;54.589;54.589;54.589;0.75;0.5;0.25;1.1101;0
06R_06V_02F_04M;lr203;2;1;06;02;04;16.6667;50;87.5;87.5;87.5;68.632;68.632;68.632;1.75;1.5;0.25;4.3507;1.3988
06R_06V_02F_04M;lr204;2;1;06;02;04;33.3333;75;78.125;23.6842;50.9046;12.963;48.103;30.533;0.8333;0.6667;0.1667;0;1.512
06R_06V_02F_04M;lr205;2;1;06;02;04;16.6667;50;100;100;100;54.045;54.045;54.045;1.75;1.5;0.25;0;1.0991
06R_06V_02F_04M;lr201;2;1;06;02;04;33.3333;50;88.4615;44.186;66.32375;16.267;63.072;39.6695;0.75;0.5;0.25;0.0476;25.8459
06R_06V_02F_04M;lr202;2;1;06;02;04;16.6667;50;73.6842;73.6842;73.6842;54.589;54.589;54.589;0.75;0.5;0.25;0;0
06R_06V_02F_04M;lr203;2;1;06;02;04;16.6667;50;87.5;87.5;87.5;68.632;68.632;68.632;1.75;1.5;0.25;0.5362;0.5362
06R_06V_02F_04M;lr204;2;1;06;02;04;33.3333;75;78.125;23.6842;50.9046;12.963;48.103;30.533;0.8333;0.6667;0.1667;0;1.512
06R_06V_02F_04M;lr205;2;1;06;02;04;16.6667;50;82.6923;82.6923;82.6923;54.045;54.045;54.045;1.75;1.5;0.25;0;1.0991
06R_06V_02F_04M;lr201;2;1;06;02;04;33.3333;50;88.4615;36.5385;62.5;16.267;63.072;39.6695;0.75;0.5;0.25;0.0476;23.3836
06R_06V_02F_04M;lr202;2;1;06;02;04;16.6667;50;87.5;87.5;87.5;54.589;54.589;54.589;0.75;0.5;0.25;0;12.3083
06R_06V_02F_04M;lr203;2;1;06;02;04;16.6667;50;87.5;87.5;87.5;68.632;68.632;68.632;1.75;1.5;0.25;4.3507;1.3988
06R_06V_02F_04M;lr204;2;1;06;02;04;33.3333;75;78.125;23.6842;50.9046;12.963;48.103;30.533;0.8333;0.6667;0.1667;0;1.512
06R_06V_02F_04M;lr205;2;1;06;02;04;16.6667;50;100;100;100;54.045;54.045;54.045;1.75;1.5;0.25;0;1.0991
06R_06V_02F_04M;lr201;2;1;06;02;04;33.3333;50;88.4615;44.186;66.32375;16.267;63.072;39.6695;0.75;0.5;0.25;0.0476;25.8459
06R_06V_02F_04M;lr202;2;1;06;02;04;16.6667;50;73.6842;73.6842;73.6842;54.589;54.589;54.589;0.75;0.5;0.25;1.1101;0
06R_06V_02F_04M;lr203;2;1;06;02;04;16.6667;50;87.5;87.5;87.5;68.632;68.632;68.632;1.75;1.5;0.25;4.3507;1.3988
06R_06V_02F_04M;lr204;2;1;06;02;04;33.3333;75;96.1538;23.6842;59.919;12.963;48.103;30.533;0.8333;0.6667;0.1667;0;1.512
06R_06V_02F_04M;lr205;2;1;06;02;04;16.6667;50;100;100;100;54.045;54.045;54.045;1.75;1.5;0.25;0;0.1665
06R_06V_02F_04M;lr201;2;1;06;02;04;33.3333;50;88.4615;44.186;66.32375;16.267;63.072;39.6695;0.75;0.5;0.25;0.0476;23.3836
06R_06V_02F_04M;lr202;2;1;06;02;04;16.6667;50;87.5;87.5;87.5;54.589;54.589;54.589;0.75;0.5;0.25;0;12.3083
06R_06V_02F_04M;lr203;2;1;06;02;04;16.6667;50;87.5;87.5;87.5;68.632;68.632;68.632;1.75;1.5;0.25;0.5362;0.5362
06R_06V_02F_04M;lr204;2;1;06;02;04;33.3333;75;78.125;23.6842;50.9046;12.963;48.103;30.533;0.8333;0.6667;0.1667;0;1.512
06R_06V_02F_04M;lr205;2;1;06;02;04;16.6667;75;100;100;100;54.045;54.045;54.045;1.3333;1;0.3333;0;0.705
06R_06V_04F_03M;lr101;1;1;06;04;03;83.3333;100;60.4651;20.5882;37.65178;46.5265;99.4612;61.1543;12.2449;10.8844;1.3605;0;12.8074
06R_06V_04F_03M;lr102;1;1;06;04;03;66.6667;100;95.8333;5.2632;46.95725;63.9658;87.594;77.3793;20.6553;15.6695;4.9858;0;4.4524
06R_06V_04F_03M;lr103;1;1;06;04;03;100;100;73.0769;15.625;40.131583;55.3958;78.2167;65.8097;27.7778;19.4444;8.3333;0;0.3707
06R_06V_04F_03M;lr104;1;1;06;04;03;66.6667;100;57.5758;17.5;43.14395;34.4929;86.2321;58.8884;12.5;9.5238;2.9762;0;0
06R_06V_04F_03M;lr105;1;1;06;04;03;100;100;60.4651;13.4615;38.172583;37.1565;75;62.6457;26.087;17.3913;8.6957;0;2.7186
06R_06V_04F_03M;lr101;1;1;06;04;03;83.3333;100;60.4651;20.5882;37.65178;46.5265;99.4612;61.1543;12.2449;10.8844;1.3605;0;12.8074
06R_06V_04F_03M;lr102;1;1;06;04;03;66.6667;100;79.3103;5.2632;43.5118;63.9658;87.594;77.3793;20.6553;15.6695;4.9858;0;4.4524
06R_06V_04F_03M;lr103;1;1;06;04;03;100;100;61.5385;13.1579;39.85325;55.3958;78.2167;65.8097;27.7778;19.4444;8.3333;0;0.3707
06R_06V_04F_03M;lr104;1;1;06;04;03;66.6667;100;76.9231;17.5;52.393675;34.4929;86.2321;58.8884;12.5;9.5238;2.9762;0;0
06R_06V_04F_03M;lr105;1;1;06;04;03;100;100;60.4651;13.4615;38.582983;37.1565;75;62.6457;26.087;17.3913;8.6957;0;2.7186
06R_06V_04F_03M;lr101;1;1;06;04;03;83.3333;100;60.4651;20.5882;37.65178;46.5265;99.4612;61.1543;12.2449;10.8844;1.3605;0;12.8074
06R_06V_04F_03M;lr102;1;1;06;04;03;66.6667;100;76.3158;4.1667;39.830075;63.9658;87.594;77.3793;20.6553;15.6695;4.9858;0;4.8868
06R_06V_04F_03M;lr103;1;1;06;04;03;100;100;61.5385;15.625;39.929167;55.3958;78.2167;65.8097;27.7778;19.4444;8.3333;0;0.3707
06R_06V_04F_03M;lr104;1;1;06;04;03;66.6667;100;73.0769;21.2121;47.94725;34.4929;86.2321;58.8884;12.5;9.5238;2.9762;0;0
06R_06V_04F_03M;lr105;1;1;06;04;03;100;100;50;20.5882;35.70625;37.1565;75;62.6457;26.087;17.3913;8.6957;0;2.7186
06R_06V_04F_03M;lr101;1;1;06;04;03;83.3333;100;60.4651;20.5882;37.65178;46.5265;99.4612;61.1543;12.2449;10.8844;1.3605;0;12.8074
06R_06V_04F_03M;lr102;1;1;06;04;03;66.6667;100;68.4211;4.1667;33.936425;63.9658;87.594;77.3793;20.6553;15.6695;4.9858;0;4.8868
06R_06V_04F_03M;lr103;1;1;06;04;03;100;100;73.0769;15.625;40.53645;55.3958;78.2167;65.8097;27.7778;19.4444;8.3333;0;0.3707
06R_06V_04F_03M;lr104;1;1;06;04;03;66.6667;100;60.6061;26.9231;48.15125;34.4929;86.2321;58.8884;12.5;9.5238;2.9762;0;0
06R_06V_04F_03M;lr105;1;1;06;04;03;100;100;50;20.5882;35.70625;37.1565;75;62.6457;26.087;17.3913;8.6957;0;2.7186
06R_06V_04F_03M;lr101;1;1;06;04;03;83.3333;100;60.4651;20.5882;37.65178;46.5265;99.4612;61.1543;12.2449;10.8844;1.3605;0;12.8074
06R_06V_04F_03M;lr102;1;1;06;04;03;66.6667;100;68.4211;5.2632;36.814725;63.9658;87.594;77.3793;20.6553;15.6695;4.9858;0;4.8868
06R_06V_04F_03M;lr103;1;1;06;04;03;100;100;73.0769;13.1579;40.4542;55.3958;78.2167;65.8097;27.7778;19.4444;8.3333;0;0.3707
06R_06V_04F_03M;lr104;1;1;06;04;03;66.6667;100;73.0769;17.5;49.538175;34.4929;86.2321;58.8884;12.5;9.5238;2.9762;0;0
06R_06V_04F_03M;lr105;1;1;06;04;03;100;100;60.4651;13.4615;37.3952;37.1565;75;62.6457;26.087;17.3913;8.6957;0;2.7186
06R_06V_04F_03M;lr201;2;1;06;04;03;33.3333;100;88.4615;36.5385;62.5;23.293;70.367;46.83;3.1667;2.6667;0.5;17.3228;23.5252
06R_06V_04F_03M;lr202;2;1;06;04;03;33.3333;100;92.1053;37.5;64.80265;11.03;49.374;30.202;2.5;1.3333;1.1667;0;0
06R_06V_04F_03M;lr203;2;1;06;04;03;33.3333;66.6667;87.5;59.0909;73.29545;20.141;59.615;39.878;5.75;5;0.75;6.1965;0.0126
06R_06V_04F_03M;lr204;2;1;06;04;03;33.3333;66.6667;50;50;50;28.982;47.456;38.219;3.5;3.5;0;0;0
06R_06V_04F_03M;lr205;2;1;06;04;03;16.6667;66.6667;100;100;100;60.407;60.407;60.407;2.75;2.5;0.25;0;0
06R_06V_04F_03M;lr201;2;1;06;04;03;33.3333;100;88.4615;55.8824;72.17195;23.293;70.367;46.83;3.1667;2.6667;0.5;17.3228;23.5252
06R_06V_04F_03M;lr202;2;1;06;04;03;33.3333;100;92.1053;46.1538;69.12955;11.03;49.374;30.202;2.5;1.3333;1.1667;0;0
06R_06V_04F_03M;lr203;2;1;06;04;03;33.3333;66.6667;87.5;59.0909;73.29545;20.141;59.615;39.878;5.75;5;0.75;6.1965;0.0126
06R_06V_04F_03M;lr204;2;1;06;04;03;33.3333;66.6667;59.375;42.1053;50.74015;28.982;47.456;38.219;3.5;3.5;0;0;0
06R_06V_04F_03M;lr205;2;1;06;04;03;16.6667;66.6667;100;100;100;60.407;60.407;60.407;2.75;2.5;0.25;0;0
06R_06V_04F_03M;lr201;2;1;06;04;03;33.3333;100;88.4615;55.8824;72.17195;23.293;70.367;46.83;3.1667;2.6667;0.5;17.3228;23.5252
06R_06V_04F_03M;lr202;2;1;06;04;03;33.3333;100;92.1053;31.5789;61.8421;11.03;49.374;30.202;2.5;1.3333;1.1667;0;0
06R_06V_04F_03M;lr203;2;1;06;04;03;33.3333;66.6667;87.5;59.0909;73.29545;20.141;59.615;39.878;5.75;5;0.75;6.1965;0.0126
06R_06V_04F_03M;lr204;2;1;06;04;03;33.3333;66.6667;61.5385;50;55.76925;28.982;47.456;38.219;3.5;3.5;0;0;0
06R_06V_04F_03M;lr205;2;1;06;04;03;16.6667;66.6667;82.6923;82.6923;82.6923;60.407;60.407;60.407;2.75;2.5;0.25;0;0
06R_06V_04F_03M;lr201;2;1;06;04;03;33.3333;100;88.4615;55.8824;72.17195;23.293;70.367;46.83;3.1667;2.6667;0.5;17.3228;23.5252
06R_06V_04F_03M;lr202;2;1;06;04;03;33.3333;100;92.1053;31.5789;61.8421;11.03;49.374;30.202;2.5;1.3333;1.1667;0;0
06R_06V_04F_03M;lr203;2;1;06;04;03;33.3333;66.6667;87.5;59.0909;73.29545;20.141;59.615;39.878;5.75;5;0.75;6.1965;0.0126
06R_06V_04F_03M;lr204;2;1;06;04;03;33.3333;66.6667;50;50;50;28.982;47.456;38.219;3.5;3.5;0;0;0
06R_06V_04F_03M;lr205;2;1;06;04;03;16.6667;66.6667;100;100;100;60.407;60.407;60.407;2.75;2.5;0.25;0;0
06R_06V_04F_03M;lr201;2;1;06;04;03;33.3333;100;88.4615;44.186;66.32375;23.293;70.367;46.83;3.1667;2.6667;0.5;17.3228;23.5252
06R_06V_04F_03M;lr202;2;1;06;04;03;33.3333;100;92.1053;46.1538;69.12955;11.03;49.374;30.202;2.5;1.3333;1.1667;0;0
06R_06V_04F_03M;lr203;2;1;06;04;03;33.3333;66.6667;87.5;59.0909;73.29545;20.141;59.615;39.878;5.75;5;0.75;6.1965;0.0126
06R_06V_04F_03M;lr204;2;1;06;04;03;33.3333;66.6667;50;42.1053;46.05265;28.982;47.456;38.219;3.5;3.5;0;0;0
06R_06V_04F_03M;lr205;2;1;06;04;03;16.6667;66.6667;82.6923;82.6923;82.6923;60.407;60.407;60.407;2.75;2.5;0.25;0;0
06R_06V_04F_04M;lr101;1;1;06;04;04;83.3333;100;85.2941;16.2791;41.72892;46.2857;98.9224;60.1339;9.6939;8.1633;1.5306;0;12.8882
06R_06V_04F_04M;lr102;1;1;06;04;04;66.6667;100;95.8333;4.1667;40.789475;51.5385;86.265;73.9402;13.8889;11.7521;2.1368;0;0
06R_06V_04F_04M;lr103;1;1;06;04;04;100;100;59.375;13.1579;39.0119;52.4333;83.5375;67.6646;20.3125;14.5833;5.7292;0;4.3186
06R_06V_04F_04M;lr104;1;1;06;04;04;66.6667;100;57.5758;17.5;43.14395;34.4536;85.2214;58.6259;12.0536;7.1429;4.9107;0;0
06R_06V_04F_04M;lr105;1;1;06;04;04;100;100;60.4651;13.4615;38.172583;37.1565;73.9913;62.1;18.4783;13.0435;5.4348;0;2.7186
06R_06V_04F_04M;lr101;1;1;06;04;04;83.3333;100;85.2941;18.6047;45.77292;46.2857;98.9224;60.1339;9.6939;8.1633;1.5306;0;12.8882
06R_06V_04F_04M;lr102;1;1;06;04;04;66.6667;100;76.3158;4.1667;39.381075;51.5385;86.265;73.9402;13.8889;11.7521;2.1368;0;0.4791
06R_06V_04F_04M;lr103;1;1;06;04;04;100;100;59.375;19.2308;38.202183;52.4333;83.5375;67.6646;20.3125;14.5833;5.7292;0;4.3186
06R_06V_04F_04M;lr104;1;1;06;04;04;66.6667;100;76.9231;17.5;52.393675;34.4536;85.2214;58.6259;12.0536;7.1429;4.9107;0;0
06R_06V_04F_04M;lr105;1;1;06;04;04;100;100;60.4651;13.4615;38.582983;37.1565;73.9913;62.1;18.4783;13.0435;5.4348;0;2.7186
06R_06V_04F_04M;lr101;1;1;06;04;04;83.3333;100;85.2941;18.6047;41.6058;46.2857;98.9224;60.1339;9.6939;8.1633;1.5306;0;12.8882
06R_06V_04F_04M;lr102;1;1;06;04;04;66.6667;100;54.1667;4.1667;30.372825;51.5385;86.265;73.9402;13.8889;11.7521;2.1368;0;0.4791
06R_06V_04F_04M;lr103;1;1;06;04;04;100;100;61.5385;15.625;38.942317;52.4333;83.5375;67.6646;20.3125;14.5833;5.7292;0;4.3186
06R_06V_04F_04M;lr104;1;1;06;04;04;66.6667;100;73.0769;21.2121;47.94725;34.4536;85.2214;58.6259;12.0536;7.1429;4.9107;0;0
06R_06V_04F_04M;lr105;1;1;06;04;04;100;100;50;20.5882;35.70625;37.1565;73.9913;62.1;18.4783;13.0435;5.4348;0;2.7186
06R_06V_04F_04M;lr101;1;1;06;04;04;83.3333;100;85.2941;15.3846;42.5434;46.2857;98.9224;60.1339;9.6939;8.1633;1.5306;0;12.8882
06R_06V_04F_04M;lr102;1;1;06;04;04;66.6667;100;79.3103;5.2632;39.537025;51.5385;86.265;73.9402;13.8889;11.7521;2.1368;0;0
06R_06V_04F_04M;lr103;1;1;06;04;04;100;100;73.0769;15.625;39.884867;52.4333;83.5375;67.6646;20.3125;14.5833;5.7292;0;4.3186
06R_06V_04F_04M;lr104;1;1;06;04;04;66.6667;100;60.6061;26.9231;48.15125;34.4536;85.2214;58.6259;12.0536;7.1429;4.9107;0;0
06R_06V_04F_04M;lr105;1;1;06;04;04;100;100;50;20.5882;35.70625;37.1565;73.9913;62.1;18.4783;13.0435;5.4348;0;2.7186
06R_06V_04F_04M;lr101;1;1;06;04;04;83.3333;100;85.2941;13.4615;42.13142;46.2857;98.9224;60.1339;9.6939;8.1633;1.5306;0;12.8882
06R_06V_04F_04M;lr102;1;1;06;04;04;66.6667;100;76.3158;5.2632;39.6552;51.5385;86.265;73.9402;13.8889;11.7521;2.1368;0;0.4791
06R_06V_04F_04M;lr103;1;1;06;04;04;100;100;50;19.2308;37.6202;52.4333;83.5375;67.6646;20.3125;14.5833;5.7292;0;4.3186
06R_06V_04F_04M;lr104;1;1;06;04;04;66.6667;100;73.0769;17.5;49.538175;34.4536;85.2214;58.6259;12.0536;7.1429;4.9107;0;0
06R_06V_04F_04M;lr105;1;1;06;04;04;100;100;60.4651;13.4615;37.3952;37.1565;73.9913;62.1;18.4783;13.0435;5.4348;0;2.7186
06R_06V_04F_04M;lr201;2;1;06;04;04;33.3333;100;88.4615;36.5385;62.5;23.293;70.305;46.799;2.375;2;0.375;17.5308;23.5388
06R_06V_04F_04M;lr202;2;1;06;04;04;33.3333;75;92.1053;37.5;64.80265;11.03;49.374;30.202;2.5;1.3333;1.1667;0;0
06R_06V_04F_04M;lr203;2;1;06;04;04;16.6667;50;87.5;87.5;87.5;72.528;72.528;72.528;5.25;4.5;0.75;0.0207;0.0207
06R_06V_04F_04M;lr204;2;1;06;04;04;33.3333;50;50;50;50;28.982;47.117;38.0495;3.5;3.5;0;0;0
06R_06V_04F_04M;lr205;2;1;06;04;04;16.6667;50;100;100;100;59.981;59.981;59.981;2.75;2.5;0.25;0;0
06R_06V_04F_04M;lr201;2;1;06;04;04;33.3333;100;88.4615;55.8824;72.17195;23.293;70.305;46.799;2.375;2;0.375;17.5308;23.5388
06R_06V_04F_04M;lr202;2;1;06;04;04;33.3333;75;92.1053;46.1538;69.12955;11.03;49.374;30.202;2.5;1.3333;1.1667;0;0
06R_06V_04F_04M;lr203;2;1;06;04;04;16.6667;50;87.5;87.5;87.5;72.528;72.528;72.528;5.25;4.5;0.75;0.4784;0.8162
06R_06V_04F_04M;lr204;2;1;06;04;04;33.3333;50;59.375;42.1053;50.74015;28.982;47.117;38.0495;3.5;3.5;0;0;0
06R_06V_04F_04M;lr205;2;1;06;04;04;16.6667;50;100;100;100;59.981;59.981;59.981;2.75;2.5;0.25;0;0
06R_06V_04F_04M;lr201;2;1;06;04;04;33.3333;100;88.4615;55.8824;72.17195;23.293;70.305;46.799;2.375;2;0.375;17.5308;23.5388
06R_06V_04F_04M;lr202;2;1;06;04;04;33.3333;75;92.1053;37.5;64.80265;11.03;49.374;30.202;2.5;1.3333;1.1667;0;0
06R_06V_04F_04M;lr203;2;1;06;04;04;16.6667;50;87.5;87.5;87.5;72.528;72.528;72.528;5.25;4.5;0.75;0.4784;0.8162
06R_06V_04F_04M;lr204;2;1;06;04;04;33.3333;50;61.5385;50;55.76925;28.982;47.117;38.0495;3.5;3.5;0;0;0
06R_06V_04F_04M;lr205;2;1;06;04;04;16.6667;50;82.6923;82.6923;82.6923;59.981;59.981;59.981;2.75;2.5;0.25;0;0
06R_06V_04F_04M;lr201;2;1;06;04;04;33.3333;100;88.4615;55.8824;72.17195;23.293;70.305;46.799;2.375;2;0.375;17.5308;23.5388
06R_06V_04F_04M;lr202;2;1;06;04;04;33.3333;75;92.1053;37.5;64.80265;11.03;49.374;30.202;2.5;1.3333;1.1667;0;0
06R_06V_04F_04M;lr203;2;1;06;04;04;16.6667;50;87.5;87.5;87.5;72.528;72.528;72.528;5.25;4.5;0.75;0.4784;0.8162
06R_06V_04F_04M;lr204;2;1;06;04;04;33.3333;50;50;50;50;28.982;47.117;38.0495;3.5;3.5;0;0;0
06R_06V_04F_04M;lr205;2;1;06;04;04;16.6667;50;82.6923;82.6923;82.6923;59.981;59.981;59.981;2.75;2.5;0.25;0;0
06R_06V_04F_04M;lr201;2;1;06;04;04;33.3333;100;88.4615;44.186;66.32375;23.293;70.305;46.799;2.375;2;0.375;17.5308;23.5388
06R_06V_04F_04M;lr202;2;1;06;04;04;33.3333;75;92.1053;46.1538;69.12955;11.03;49.374;30.202;2.5;1.3333;1.1667;0;0
06R_06V_04F_04M;lr203;2;1;06;04;04;16.6667;50;87.5;87.5;87.5;72.528;72.528;72.528;5.25;4.5;0.75;0.4784;0.8162
06R_06V_04F_04M;lr204;2;1;06;04;04;33.3333;50;50;42.1053;46.05265;28.982;47.117;38.0495;3.5;3.5;0;0;0
06R_06V_04F_04M;lr205;2;1;06;04;04;16.6667;50;82.6923;82.6923;82.6923;59.981;59.981;59.981;2.75;2.5;0.25;0;0
08R_08V_02F_03M;lr101;1;1;08;02;03;100;100;60.4651;15.3846;35.447338;43.7565;66.2609;55.3288;10.8696;7.2464;3.6232;8.0273;17.702
08R_08V_02F_03M;lr102;1;1;08;02;03;62.5;100;60.4167;32.7586;47.4176;38.0564;87.2256;65.3925;10.0251;6.2657;3.7594;0.3359;3.9761
08R_08V_02F_03M;lr103;1;1;08;02;03;50;100;92.1053;68.75;76.9041;72.613;90.4826;83.6185;7.971;5.7971;2.1739;0;0.4817
08R_08V_02F_03M;lr104;1;1;08;02;03;50;100;67.5;35;49.03845;60.0509;77.24;69.5855;6.0606;4.8485;1.2121;0;1.051
08R_08V_02F_03M;lr105;1;1;08;02;03;75;100;55.8824;13.4615;38.0108;33.3128;95.786;59.6674;9.6022;8.2305;1.3717;0;0
08R_08V_02F_03M;lr101;1;1;08;02;03;100;100;76.4706;20.5882;35.399988;43.7565;66.2609;55.3288;10.8696;7.2464;3.6232;8.0273;17.702
08R_08V_02F_03M;lr102;1;1;08;02;03;62.5;100;68.4211;32.7586;47.96584;38.0564;87.2256;65.3925;10.0251;6.2657;3.7594;0.3359;3.9761
08R_08V_02F_03M;lr103;1;1;08;02;03;50;100;92.1053;73.0769;80.87045;72.613;90.4826;83.6185;7.971;5.7971;2.1739;0;0.4817
08R_08V_02F_03M;lr104;1;1;08;02;03;50;100;73.0769;30;56.105775;60.0509;77.24;69.5855;6.0606;4.8485;1.2121;0;1.051
08R_08V_02F_03M;lr105;1;1;08;02;03;75;100;60.4651;13.4615;36.8309;33.3128;95.786;59.6674;9.6022;8.2305;1.3717;0;0
08R_08V_02F_03M;lr101;1;1;08;02;03;100;100;60.4651;16.2791;35.1514;43.7565;66.2609;55.3288;10.8696;7.2464;3.6232;8.0273;17.702
08R_08V_02F_03M;lr102;1;1;08;02;03;62.5;100;60.4167;39.5833;50.54448;38.0564;87.2256;65.3925;10.0251;6.2657;3.7594;0.3359;3.9761
08R_08V_02F_03M;lr103;1;1;08;02;03;50;100;92.1053;57.8947;77.644225;72.613;90.4826;83.6185;7.971;5.7971;2.1739;0;0.4817
08R_08V_02F_03M;lr104;1;1;08;02;03;50;100;67.5;30;49.375;60.0509;77.24;69.5855;6.0606;4.8485;1.2121;0;1.051
08R_08V_02F_03M;lr105;1;1;08;02;03;75;100;76.4706;16.2791;38.3265;33.3128;95.786;59.6674;9.6022;8.2305;1.3717;0;0
08R_08V_02F_03M;lr101;1;1;08;02;03;100;100;76.4706;16.2791;35.784738;43.7565;66.2609;55.3288;10.8696;7.2464;3.6232;8.0273;17.702
08R_08V_02F_03M;lr102;1;1;08;02;03;62.5;100;50;34.4828;44.61208;38.0564;87.2256;65.3925;10.0251;6.2657;3.7594;0.3359;3.9761
08R_08V_02F_03M;lr103;1;1;08;02;03;50;100;92.1053;50;78.555175;72.613;90.4826;83.6185;7.971;5.7971;2.1739;0;0.4817
08R_08V_02F_03M;lr104;1;1;08;02;03;50;100;81.8182;35;55.13695;60.0509;77.24;69.5855;6.0606;4.8485;1.2121;0;1.051
08R_08V_02F_03M;lr105;1;1;08;02;03;75;100;76.4706;16.2791;40.477133;33.3128;95.786;59.6674;9.6022;8.2305;1.3717;0;0
08R_08V_02F_03M;lr101;1;1;08;02;03;100;100;50;16.2791;34.080025;43.7565;66.2609;55.3288;10.8696;7.2464;3.6232;8.0273;17.702
08R_08V_02F_03M;lr102;1;1;08;02;03;62.5;100;76.3158;34.4828;50.09454;38.0564;87.2256;65.3925;10.0251;6.2657;3.7594;0.3359;3.9761
08R_08V_02F_03M;lr103;1;1;08;02;03;50;100;92.1053;59.375;80.898925;72.613;90.4826;83.6185;7.971;5.7971;2.1739;0;0.4817
08R_08V_02F_03M;lr104;1;1;08;02;03;50;100;67.5;36.3636;51.30245;60.0509;77.24;69.5855;6.0606;4.8485;1.2121;0;1.051
08R_08V_02F_03M;lr105;1;1;08;02;03;75;100;60.4651;20.5882;38.527733;33.3128;95.786;59.6674;9.6022;8.2305;1.3717;0;0
08R_08V_02F_03M;lr201;2;1;08;02;03;25;100;90.3846;86.5385;88.46155;27.166;65.886;46.526;0.8333;0.6667;0.1667;0;15.1489
08R_08V_02F_03M;lr202;2;1;08;02;03;25;100;78.2609;43.4783;60.8696;20.918;50.835;35.8765;1.1667;1;0.1667;0.6147;0
08R_08V_02F_03M;lr203;2;1;08;02;03;12.5;66.6667;100;100;100;72.854;72.854;72.854;2.25;2;0.25;0;0
08R_08V_02F_03M;lr204;2;1;08;02;03;25;100;71.0526;37.5;54.2763;18.447;52.396;35.4215;1;0.6667;0.3333;0;0
08R_08V_02F_03M;lr205;2;1;08;02;03;12.5;66.6667;88.4615;88.4615;88.4615;73.645;73.645;73.645;1.75;1.5;0.25;0;0
08R_08V_02F_03M;lr201;2;1;08;02;03;25;100;90.3846;86.5385;88.46155;27.166;65.886;46.526;0.8333;0.6667;0.1667;0;15.1489
08R_08V_02F_03M;lr202;2;1;08;02;03;25;100;94.7368;66.6667;80.70175;20.918;50.835;35.8765;1.1667;1;0.1667;0.6147;0
08R_08V_02F_03M;lr203;2;1;08;02;03;12.5;66.6667;100;100;100;72.854;72.854;72.854;2.25;2;0.25;0;0
08R_08V_02F_03M;lr204;2;1;08;02;03;25;100;84.375;31.5789;57.97695;18.447;52.396;35.4215;1;0.6667;0.3333;0;0
08R_08V_02F_03M;lr205;2;1;08;02;03;12.5;66.6667;88.4615;88.4615;88.4615;73.645;73.645;73.645;1.75;1.5;0.25;0;0
08R_08V_02F_03M;lr201;2;1;08;02;03;25;100;90.3846;86.5385;88.46155;27.166;65.886;46.526;0.8333;0.6667;0.1667;0;15.1489
08R_08V_02F_03M;lr202;2;1;08;02;03;25;100;94.7368;43.4783;69.10755;20.918;50.835;35.8765;1.1667;1;0.1667;0.6147;0
08R_08V_02F_03M;lr203;2;1;08;02;03;12.5;66.6667;88.2353;88.2353;88.2353;72.854;72.854;72.854;2.25;2;0.25;0.7192;0.8126
08R_08V_02F_03M;lr204;2;1;08;02;03;25;100;84.375;37.5;60.9375;18.447;52.396;35.4215;1;0.6667;0.3333;0;0
08R_08V_02F_03M;lr205;2;1;08;02;03;12.5;66.6667;88.4615;88.4615;88.4615;73.645;73.645;73.645;1.75;1.5;0.25;0;0
08R_08V_02F_03M;lr201;2;1;08;02;03;25;100;90.3846;86.5385;88.46155;27.166;65.886;46.526;0.8333;0.6667;0.1667;0;15.1489
08R_08V_02F_03M;lr202;2;1;08;02;03;25;100;94.7368;66.6667;80.70175;20.918;50.835;35.8765;1.1667;1;0.1667;0.6147;0
08R_08V_02F_03M;lr203;2;1;08;02;03;12.5;66.6667;100;100;100;72.854;72.854;72.854;2.25;2;0.25;0;0
08R_08V_02F_03M;lr204;2;1;08;02;03;25;100;84.375;37.5;60.9375;18.447;52.396;35.4215;1;0.6667;0.3333;0;0
08R_08V_02F_03M;lr205;2;1;08;02;03;12.5;66.6667;88.4615;88.4615;88.4615;73.645;73.645;73.645;1.75;1.5;0.25;0;0
08R_08V_02F_03M;lr201;2;1;08;02;03;25;100;90.3846;86.5385;88.46155;27.166;65.886;46.526;0.8333;0.6667;0.1667;0;15.1489
08R_08V_02F_03M;lr202;2;1;08;02;03;25;100;94.7368;52.6316;73.6842;20.918;50.835;35.8765;1.1667;1;0.1667;0.6147;0
08R_08V_02F_03M;lr203;2;1;08;02;03;12.5;66.6667;100;100;100;72.854;72.854;72.854;2.25;2;0.25;0;0
08R_08V_02F_03M;lr204;2;1;08;02;03;25;100;84.375;37.5;60.9375;18.447;52.396;35.4215;1;0.6667;0.3333;0;0
08R_08V_02F_03M;lr205;2;1;08;02;03;12.5;66.6667;88.4615;88.4615;88.4615;73.645;73.645;73.645;1.75;1.5;0.25;0;0
08R_08V_02F_04M;lr101;1;1;08;02;04;100;100;60.4651;16.2791;35.323062;43.7565;64.9609;54.906;7.0652;5.4348;1.6304;8.0273;17.7249
08R_08V_02F_04M;lr102;1;1;08;02;04;62.5;100;60.4167;32.7586;47.4176;38.0564;85.7669;65.012;6.5789;4.6992;1.8797;0.3359;4.038
08R_08V_02F_04M;lr103;1;1;08;02;04;50;75;92.1053;68.75;76.9041;72.613;87.987;82.7848;7.971;5.7971;2.1739;0;0.4954
08R_08V_02F_04M;lr104;1;1;08;02;04;50;75;73.0769;30;53.250275;60.0509;76.0291;69.2827;6.0606;4.8485;1.2121;0;1.0678
08R_08V_02F_04M;lr105;1;1;08;02;04;75;100;55.8824;16.2791;36.065367;33.3128;95.786;58.9005;7.2016;6.1728;1.0288;0;0
08R_08V_02F_04M;lr101;1;1;08;02;04;100;100;76.4706;18.6047;35.07445;43.7565;64.9609;54.906;7.0652;5.4348;1.6304;8.0273;17.7249
08R_08V_02F_04M;lr102;1;1;08;02;04;62.5;100;68.4211;32.7586;47.96584;38.0564;85.7669;65.012;6.5789;4.6992;1.8797;0.3359;4.038
08R_08V_02F_04M;lr103;1;1;08;02;04;50;75;92.1053;73.0769;80.87045;72.613;87.987;82.7848;7.971;5.7971;2.1739;0;0.4954
08R_08V_02F_04M;lr104;1;1;08;02;04;50;75;81.8182;36.3636;52.0265;60.0509;76.0291;69.2827;6.0606;4.8485;1.2121;0;1.0678
08R_08V_02F_04M;lr105;1;1;08;02;04;75;100;58.8235;20.5882;36.953233;33.3128;95.786;58.9005;7.2016;6.1728;1.0288;0;0
08R_08V_02F_04M;lr101;1;1;08;02;04;100;100;76.4706;16.2791;36.355962;43.7565;64.9609;54.906;7.0652;5.4348;1.6304;8.0273;17.7249
08R_08V_02F_04M;lr102;1;1;08;02;04;62.5;100;60.4167;39.5833;50.54448;38.0564;85.7669;65.012;6.5789;4.6992;1.8797;0.3359;4.038
08R_08V_02F_04M;lr103;1;1;08;02;04;50;75;92.1053;57.8947;77.644225;72.613;87.987;82.7848;7.971;5.7971;2.1739;0;0.4954
08R_08V_02F_04M;lr104;1;1;08;02;04;50;75;67.5;30;49.375;60.0509;76.0291;69.2827;6.0606;4.8485;1.2121;0;1.0678
08R_08V_02F_04M;lr105;1;1;08;02;04;75;100;76.4706;16.2791;38.3265;33.3128;95.786;58.9005;7.2016;6.1728;1.0288;0;0
08R_08V_02F_04M;lr101;1;1;08;02;04;100;100;76.4706;16.2791;36.78215;43.7565;64.9609;54.906;7.0652;5.4348;1.6304;8.0273;17.7249
08R_08V_02F_04M;lr102;1;1;08;02;04;62.5;100;50;34.4828;44.61208;38.0564;85.7669;65.012;6.5789;4.6992;1.8797;0.3359;4.038
08R_08V_02F_04M;lr103;1;1;08;02;04;50;75;92.1053;50;78.555175;72.613;87.987;82.7848;7.971;5.7971;2.1739;0;0.4954
08R_08V_02F_04M;lr104;1;1;08;02;04;50;75;81.8182;35;55.13695;60.0509;76.0291;69.2827;6.0606;4.8485;1.2121;0;1.0678
08R_08V_02F_04M;lr105;1;1;08;02;04;75;100;60.4651;20.5882;36.3771;33.3128;95.786;58.9005;7.2016;6.1728;1.0288;0;0
08R_08V_02F_04M;lr101;1;1;08;02;04;100;100;50;16.2791;34.080025;43.7565;64.9609;54.906;7.0652;5.4348;1.6304;8.0273;17.7249
08R_08V_02F_04M;lr102;1;1;08;02;04;62.5;100;76.3158;34.4828;50.09454;38.0564;85.7669;65.012;6.5789;4.6992;1.8797;0.3359;4.038
08R_08V_02F_04M;lr103;1;1;08;02;04;50;75;92.1053;59.375;80.898925;72.613;87.987;82.7848;7.971;5.7971;2.1739;0;0.4954
08R_08V_02F_04M;lr104;1;1;08;02;04;50;75;81.8182;30;51.0985;60.0509;76.0291;69.2827;6.0606;4.8485;1.2121;0;1.0678
08R_08V_02F_04M;lr105;1;1;08;02;04;75;100;60.4651;20.5882;38.527733;33.3128;95.786;58.9005;7.2016;6.1728;1.0288;0;0
08R_08V_02F_04M;lr201;2;1;08;02;04;25;75;90.3846;86.5385;88.46155;27.097;65.886;46.4915;0.8333;0.6667;0.1667;0;15.1489
08R_08V_02F_04M;lr202;2;1;08;02;04;25;75;78.2609;66.6667;72.4638;20.918;50.602;35.76;1.1667;1;0.1667;0;0
08R_08V_02F_04M;lr203;2;1;08;02;04;12.5;50;100;100;100;72.491;72.491;72.491;2.25;2;0.25;0.8925;0.8167
08R_08V_02F_04M;lr204;2;1;08;02;04;25;100;71.0526;37.5;54.2763;18.447;52.127;35.287;0.75;0.5;0.25;0;0
08R_08V_02F_04M;lr205;2;1;08;02;04;25;50;84.6154;46.5116;65.5635;12.429;60.523;36.476;1.75;1.5;0.25;0;0
08R_08V_02F_04M;lr201;2;1;08;02;04;25;75;90.3846;86.5385;88.46155;27.097;65.886;46.4915;0.8333;0.6667;0.1667;0;15.1489
08R_08V_02F_04M;lr202;2;1;08;02;04;25;75;94.7368;52.6316;73.6842;20.918;50.602;35.76;1.1667;1;0.1667;0;0
08R_08V_02F_04M;lr203;2;1;08;02;04;12.5;50;100;100;100;72.491;72.491;72.491;2.25;2;0.25;0;0
08R_08V_02F_04M;lr204;2;1;08;02;04;25;100;84.375;31.5789;57.97695;18.447;52.127;35.287;0.75;0.5;0.25;0;0
08R_08V_02F_04M;lr205;2;1;08;02;04;12.5;50;88.4615;88.4615;88.4615;72.988;72.988;72.988;1.75;1.5;0.25;0;0
08R_08V_02F_04M;lr201;2;1;08;02;04;25;75;90.3846;86.5385;88.46155;27.097;65.886;46.4915;0.8333;0.6667;0.1667;0;15.1489
08R_08V_02F_04M;lr202;2;1;08;02;04;25;75;94.7368;66.6667;80.70175;20.918;50.602;35.76;1.1667;1;0.1667;0;0
08R_08V_02F_04M;lr203;2;1;08;02;04;12.5;50;88.2353;88.2353;88.2353;72.491;72.491;72.491;2.25;2;0.25;0.8925;0.8167
08R_08V_02F_04M;lr204;2;1;08;02;04;25;100;84.375;37.5;60.9375;18.447;52.127;35.287;0.75;0.5;0.25;0;0
08R_08V_02F_04M;lr205;2;1;08;02;04;12.5;50;88.4615;88.4615;88.4615;72.988;72.988;72.988;1.75;1.5;0.25;0;0
08R_08V_02F_04M;lr201;2;1;08;02;04;25;75;90.3846;86.5385;88.46155;27.097;65.886;46.4915;0.8333;0.6667;0.1667;0;15.1489
08R_08V_02F_04M;lr202;2;1;08;02;04;25;75;94.7368;43.4783;69.10755;20.918;50.602;35.76;1.1667;1;0.1667;0;0
08R_08V_02F_04M;lr203;2;1;08;02;04;12.5;50;100;100;100;72.491;72.491;72.491;2.25;2;0.25;0;0
08R_08V_02F_04M;lr204;2;1;08;02;04;25;100;84.375;37.5;60.9375;18.447;52.127;35.287;0.75;0.5;0.25;0;0
08R_08V_02F_04M;lr205;2;1;08;02;04;12.5;50;88.4615;88.4615;88.4615;72.988;72.988;72.988;1.75;1.5;0.25;0;0
08R_08V_02F_04M;lr201;2;1;08;02;04;25;75;90.3846;86.5385;88.46155;27.097;65.886;46.4915;0.8333;0.6667;0.1667;0;15.1489
08R_08V_02F_04M;lr202;2;1;08;02;04;25;75;78.2609;66.6667;72.4638;20.918;50.602;35.76;1.1667;1;0.1667;0;0
08R_08V_02F_04M;lr203;2;1;08;02;04;12.5;50;88.2353;88.2353;88.2353;72.491;72.491;72.491;2.25;2;0.25;0.8925;0.8167
08R_08V_02F_04M;lr204;2;1;08;02;04;25;100;84.375;37.5;60.9375;18.447;52.127;35.287;0.75;0.5;0.25;0;0
08R_08V_02F_04M;lr205;2;1;08;02;04;12.5;50;88.4615;88.4615;88.4615;72.988;72.988;72.988;1.75;1.5;0.25;0;0
08R_08V_04F_03M;lr101;1;1;08;04;03;100;100;60.4651;15.3846;35.139562;48.9783;77.9652;63.3989;36.2319;21.7391;14.4928;1.732;12.5056
08R_08V_04F_03M;lr102;1;1;08;04;03;62.5;100;68.4211;13.1579;43.55718;53.972;99.4615;72.0573;23.31;16.317;6.993;0;3.9644
08R_08V_04F_03M;lr103;1;1;08;04;03;87.5;100;73.0769;15.625;43.0668;55.0957;84.7696;68.2652;34.7826;20.2899;14.4928;0;0.2089
08R_08V_04F_03M;lr104;1;1;08;04;03;87.5;100;57.5758;7.6923;37.650686;39.5492;64.0407;53.1114;28.2486;19.209;9.0395;0;0.0873
08R_08V_04F_03M;lr105;1;1;08;04;03;75;100;60.4651;16.2791;34.585567;54.076;96.1065;67.6882;27.8834;20.2788;7.6046;0;0.1212
08R_08V_04F_03M;lr101;1;1;08;04;03;100;100;60.4651;18.6047;35.78475;48.9783;77.9652;63.3989;36.2319;21.7391;14.4928;1.732;12.5056
08R_08V_04F_03M;lr102;1;1;08;04;03;62.5;100;68.4211;10.4167;45.09228;53.972;99.4615;72.0573;23.31;16.317;6.993;0;3.9644
08R_08V_04F_03M;lr103;1;1;08;04;03;87.5;100;73.0769;15.625;46.0436;55.0957;84.7696;68.2652;34.7826;20.2899;14.4928;0;0.2089
08R_08V_04F_03M;lr104;1;1;08;04;03;87.5;100;60.6061;7.6923;39.795214;39.5492;64.0407;53.1114;28.2486;19.209;9.0395;0;0.0873
08R_08V_04F_03M;lr105;1;1;08;04;03;75;100;76.4706;13.4615;38.125233;54.076;96.1065;67.6882;27.8834;20.2788;7.6046;0;0.1212
08R_08V_04F_03M;lr101;1;1;08;04;03;100;100;60.4651;18.6047;34.893912;48.9783;77.9652;63.3989;36.2319;21.7391;14.4928;1.732;12.5056
08R_08V_04F_03M;lr102;1;1;08;04;03;62.5;100;95.8333;13.1579;54.30278;53.972;99.4615;72.0573;23.31;16.317;6.993;0;4.3927
08R_08V_04F_03M;lr103;1;1;08;04;03;87.5;100;73.0769;13.1579;46.076129;55.0957;84.7696;68.2652;34.7826;20.2899;14.4928;0;0.2089
08R_08V_04F_03M;lr104;1;1;08;04;03;87.5;100;76.9231;6.0606;40.354657;39.5492;64.0407;53.1114;28.2486;19.209;9.0395;0;0.0873
08R_08V_04F_03M;lr105;1;1;08;04;03;75;100;76.4706;16.2791;38.12525;54.076;96.1065;67.6882;27.8834;20.2788;7.6046;0;0.1212
08R_08V_04F_03M;lr101;1;1;08;04;03;100;100;58.8235;16.2791;34.618662;48.9783;77.9652;63.3989;36.2319;21.7391;14.4928;1.732;12.5056
08R_08V_04F_03M;lr102;1;1;08;04;03;62.5;100;79.3103;13.1579;45.73502;53.972;99.4615;72.0573;23.31;16.317;6.993;0;4.3927
08R_08V_04F_03M;lr103;1;1;08;04;03;87.5;100;61.5385;19.2308;41.982371;55.0957;84.7696;68.2652;34.7826;20.2899;14.4928;0;0.2089
08R_08V_04F_03M;lr104;1;1;08;04;03;87.5;100;60.6061;7.6923;39.696157;39.5492;64.0407;53.1114;28.2486;19.209;9.0395;0;0.0873
08R_08V_04F_03M;lr105;1;1;08;04;03;75;100;58.8235;13.4615;39.044683;54.076;96.1065;67.6882;27.8834;20.2788;7.6046;0;0.1212
08R_08V_04F_03M;lr101;1;1;08;04;03;100;100;60.4651;18.6047;34.893912;48.9783;77.9652;63.3989;36.2319;21.7391;14.4928;1.732;12.5056
08R_08V_04F_03M;lr102;1;1;08;04;03;62.5;100;76.3158;10.4167;45.06202;53.972;99.4615;72.0573;23.31;16.317;6.993;0;3.9644
08R_08V_04F_03M;lr103;1;1;08;04;03;87.5;100;73.0769;19.2308;41.933557;55.0957;84.7696;68.2652;34.7826;20.2899;14.4928;0;0.2089
08R_08V_04F_03M;lr104;1;1;08;04;03;87.5;100;60.6061;6.0606;38.985186;39.5492;64.0407;53.1114;28.2486;19.209;9.0395;0;0.0873
08R_08V_04F_03M;lr105;1;1;08;04;03;75;100;58.8235;16.2791;36.23505;54.076;96.1065;67.6882;27.8834;20.2788;7.6046;0;0.1212
08R_08V_04F_03M;lr201;2;1;08;04;03;25;100;90.3846;86.5385;88.46155;35.13;79.167;57.1485;4;3.3333;0.6667;0;10.9654
08R_08V_04F_03M;lr202;2;1;08;04;03;25;100;89.1304;53.3333;71.23185;10.927;77.663;44.295;4.3333;3.3333;1;0;0
08R_08V_04F_03M;lr203;2;1;08;04;03;25;100;85.2941;28.5714;56.93275;18.757;74.185;46.471;4;3.3333;0.6667;0.2622;0.2622
08R_08V_04F_03M;lr204;2;1;08;04;03;12.5;100;92.1053;92.1053;92.1053;88.862;88.862;88.862;4;2.3333;1.6667;0;0
08R_08V_04F_03M;lr205;2;1;08;04;03;25;100;90.3846;88.4615;89.42305;29.847;64.963;47.405;4.3333;3.3333;1;0;0
08R_08V_04F_03M;lr201;2;1;08;04;03;25;100;90.3846;86.5385;88.46155;35.13;79.167;57.1485;4;3.3333;0.6667;0;10.9654
08R_08V_04F_03M;lr202;2;1;08;04;03;25;100;89.1304;42.1053;65.61785;10.927;77.663;44.295;4.3333;3.3333;1;0;0
08R_08V_04F_03M;lr203;2;1;08;04;03;25;100;85.2941;36.3636;60.82885;18.757;74.185;46.471;4;3.3333;0.6667;1.4828;0.6612
08R_08V_04F_03M;lr204;2;1;08;04;03;12.5;100;92.1053;92.1053;92.1053;88.862;88.862;88.862;4;2.3333;1.6667;0;0
08R_08V_04F_03M;lr205;2;1;08;04;03;25;100;96.1538;88.4615;92.30765;37.975;56.535;47.255;3.6667;2.6667;1;0;0.5016
08R_08V_04F_03M;lr201;2;1;08;04;03;25;100;90.3846;86.5385;88.46155;35.13;79.167;57.1485;4;3.3333;0.6667;0;10.9654
08R_08V_04F_03M;lr202;2;1;08;04;03;25;100;89.1304;42.1053;65.61785;10.927;77.663;44.295;4.3333;3.3333;1;0;0
08R_08V_04F_03M;lr203;2;1;08;04;03;25;100;85.2941;28.5714;56.93275;18.757;74.185;46.471;4;3.3333;0.6667;0.2622;0.2622
08R_08V_04F_03M;lr204;2;1;08;04;03;12.5;100;92.1053;92.1053;92.1053;88.862;88.862;88.862;4;2.3333;1.6667;0;0
08R_08V_04F_03M;lr205;2;1;08;04;03;25;100;96.1538;88.4615;92.30765;37.499;56.308;46.9035;4;2.6667;1.3333;0;0
08R_08V_04F_03M;lr201;2;1;08;04;03;25;100;90.3846;86.5385;88.46155;35.13;79.167;57.1485;4;3.3333;0.6667;0;10.9654
08R_08V_04F_03M;lr202;2;1;08;04;03;25;100;89.1304;42.1053;65.61785;10.927;77.663;44.295;4.3333;3.3333;1;0;0
08R_08V_04F_03M;lr203;2;1;08;04;03;25;100;85.2941;36.3636;60.82885;18.757;74.185;46.471;4;3.3333;0.6667;0.2622;0.2622
08R_08V_04F_03M;lr204;2;1;08;04;03;12.5;100;92.1053;92.1053;92.1053;88.862;88.862;88.862;4;2.3333;1.6667;0;0
08R_08V_04F_03M;lr205;2;1;08;04;03;25;100;96.1538;88.4615;92.30765;37.975;56.425;47.2;4;2.6667;1.3333;0;0.6267
08R_08V_04F_03M;lr201;2;1;08;04;03;25;100;90.3846;86.5385;88.46155;35.13;79.167;57.1485;4;3.3333;0.6667;0;10.9654
08R_08V_04F_03M;lr202;2;1;08;04;03;25;100;94.7368;53.3333;74.03505;10.927;77.663;44.295;4.3333;3.3333;1;0;0
08R_08V_04F_03M;lr203;2;1;08;04;03;25;100;85.2941;36.3636;60.82885;18.757;74.185;46.471;4;3.3333;0.6667;0.2622;0.2622
08R_08V_04F_03M;lr204;2;1;08;04;03;25;100;100;96.1538;98.0769;39.867;47.938;43.9025;3.5;2.3333;1.1667;0;0
08R_08V_04F_03M;lr205;2;1;08;04;03;25;100;96.1538;88.4615;92.30765;37.714;57.134;47.424;3.8333;2.6667;1.1667;0;0
08R_08V_04F_04M;lr101;1;1;08;04;04;100;100;60.4651;16.2791;35.0922;48.6957;77.5913;61.6864;24.4565;16.3043;8.1522;7.1444;11.7361
08R_08V_04F_04M;lr102;1;1;08;04;04;62.5;100;55.2632;13.1579;40.5664;53.381100000000004;90.4231;70.149;16.6084;12.2378;4.3706;0;2.8251
08R_08V_04F_04M;lr103;1;1;08;04;04;87.5;100;73.0769;19.2308;41.798014;55.0957;83.2652;67.482;25.5435;15.2174;10.3261;0;0.0925
08R_08V_04F_04M;lr104;1;1;08;04;04;87.5;100;60.6061;7.6923;39.165843;38.1627;64.8271;52.9075;19.0678;14.4068;4.661;0;0.0432
08R_08V_04F_04M;lr105;1;1;08;04;04;75;100;50;13.4615;36.4284;52.7262;96.1065;66.7681;19.962;15.2091;4.7529;0;0
08R_08V_04F_04M;lr101;1;1;08;04;04;100;100;76.4706;17.3077;35.550937;48.6957;77.5913;61.6864;24.4565;16.3043;8.1522;7.1444;11.7361
08R_08V_04F_04M;lr102;1;1;08;04;04;62.5;100;95.8333;8.6207;53.39534;53.381100000000004;90.4231;70.149;16.6084;12.2378;4.3706;0;3.2549
08R_08V_04F_04M;lr103;1;1;08;04;04;87.5;100;73.0769;13.1579;47.209371;55.0957;83.1826;67.482;25.5435;15.2174;10.3261;0;0.1135
08R_08V_04F_04M;lr104;1;1;08;04;04;87.5;100;76.9231;7.6923;40.377943;38.1627;64.8271;52.9075;19.0678;14.4068;4.661;0;0.0432
08R_08V_04F_04M;lr105;1;1;08;04;04;75;100;50;13.4615;34.719717;52.7262;96.1065;66.7681;19.962;15.2091;4.7529;0;0
08R_08V_04F_04M;lr101;1;1;08;04;04;100;100;60.4651;16.2791;35.015262;48.6957;77.5913;61.6864;24.4565;16.3043;8.1522;7.1444;11.7361
08R_08V_04F_04M;lr102;1;1;08;04;04;62.5;100;68.4211;8.6207;46.461;53.381100000000004;90.4231;70.149;16.6084;12.2378;4.3706;0;2.8251
08R_08V_04F_04M;lr103;1;1;08;04;04;87.5;100;73.0769;19.2308;42.725214;55.0957;83.1826;67.482;25.5435;15.2174;10.3261;0;0.1135
08R_08V_04F_04M;lr104;1;1;08;04;04;87.5;100;76.9231;5;43.134371;38.1627;64.8271;52.9075;19.0678;14.4068;4.661;0;0.0432
08R_08V_04F_04M;lr105;1;1;08;04;04;75;100;76.4706;13.4615;42.52515;52.7262;96.1065;66.7681;19.962;15.2091;4.7529;0;0
08R_08V_04F_04M;lr101;1;1;08;04;04;100;100;76.4706;18.6047;35.707787;48.6957;77.5913;61.6864;24.4565;16.3043;8.1522;7.1444;11.7361
08R_08V_04F_04M;lr102;1;1;08;04;04;62.5;100;79.3103;13.1579;47.46294;53.381100000000004;90.4231;70.149;16.6084;12.2378;4.3706;0;3.2549
08R_08V_04F_04M;lr103;1;1;08;04;04;87.5;100;61.5385;18.4211;42.3294;55.0957;83.2652;67.482;25.5435;15.2174;10.3261;0;0.0925
08R_08V_04F_04M;lr104;1;1;08;04;04;87.5;100;76.9231;6.0606;42.755586;38.1627;64.8271;52.9075;19.0678;14.4068;4.661;0;0.0432
08R_08V_04F_04M;lr105;1;1;08;04;04;75;100;50;13.4615;38.567183;52.7262;96.1065;66.7681;19.962;15.2091;4.7529;0;0
08R_08V_04F_04M;lr101;1;1;08;04;04;100;100;76.4706;16.2791;36.355963;48.6957;77.5913;61.6864;24.4565;16.3043;8.1522;7.1444;11.7361
08R_08V_04F_04M;lr102;1;1;08;04;04;62.5;100;68.4211;13.1579;43.92016;53.381100000000004;90.4231;70.149;16.6084;12.2378;4.3706;0;2.8251
08R_08V_04F_04M;lr103;1;1;08;04;04;87.5;100;73.0769;19.2308;42.004057;55.0957;83.2652;67.482;25.5435;15.2174;10.3261;0;0.0925
08R_08V_04F_04M;lr104;1;1;08;04;04;87.5;100;57.5758;7.6923;36.834829;38.1627;64.8271;52.9075;19.0678;14.4068;4.661;0;0.0432
08R_08V_04F_04M;lr105;1;1;08;04;04;75;100;76.4706;13.4615;38.058133;52.7262;96.1065;66.7681;19.962;15.2091;4.7529;0;0
08R_08V_04F_04M;lr201;2;1;08;04;04;25;100;90.3846;86.5385;88.46155;34.465;79.167;56.816;3.125;2.5;0.625;0;10.9654
08R_08V_04F_04M;lr202;2;1;08;04;04;25;75;89.1304;53.3333;71.23185;10.927;77.142;44.0345;4.3333;3.3333;1;0;0
08R_08V_04F_04M;lr203;2;1;08;04;04;25;75;85.2941;28.5714;56.93275;18.712;74.185;46.4485;4;3.3333;0.6667;0.2622;0.2622
08R_08V_04F_04M;lr204;2;1;08;04;04;12.5;100;92.1053;92.1053;92.1053;88.299;88.299;88.299;3;1.75;1.25;0;0
08R_08V_04F_04M;lr205;2;1;08;04;04;25;75;90.3846;88.4615;89.42305;29.752;64.209;46.9805;4.6667;3.3333;1.3333;0;0
08R_08V_04F_04M;lr201;2;1;08;04;04;25;100;90.3846;86.5385;88.46155;34.465;79.167;56.816;3.125;2.5;0.625;0;10.9654
08R_08V_04F_04M;lr202;2;1;08;04;04;25;75;89.1304;42.1053;65.61785;10.927;77.142;44.0345;4.3333;3.3333;1;0;0
08R_08V_04F_04M;lr203;2;1;08;04;04;25;75;85.2941;36.3636;60.82885;18.712;74.185;46.4485;4;3.3333;0.6667;1.8103;0.6612
08R_08V_04F_04M;lr204;2;1;08;04;04;12.5;100;92.1053;92.1053;92.1053;88.299;88.299;88.299;3;1.75;1.25;0;0
08R_08V_04F_04M;lr205;2;1;08;04;04;25;75;96.1538;88.4615;92.30765;37.603;56.306;46.9545;3.6667;2.6667;1;0;0.7446
08R_08V_04F_04M;lr201;2;1;08;04;04;25;100;90.3846;86.5385;88.46155;34.465;79.167;56.816;3.125;2.5;0.625;0;10.9654
08R_08V_04F_04M;lr202;2;1;08;04;04;25;75;89.1304;42.1053;65.61785;10.927;77.142;44.0345;4.3333;3.3333;1;0;0
08R_08V_04F_04M;lr203;2;1;08;04;04;25;75;85.2941;28.5714;56.93275;18.712;74.185;46.4485;4;3.3333;0.6667;0.2622;0.2622
08R_08V_04F_04M;lr204;2;1;08;04;04;12.5;100;92.1053;92.1053;92.1053;88.299;88.299;88.299;3;1.75;1.25;0;0
08R_08V_04F_04M;lr205;2;1;08;04;04;25;75;96.1538;88.4615;92.30765;36.948;56.079;46.5135;4;2.6667;1.3333;0;0
08R_08V_04F_04M;lr201;2;1;08;04;04;25;100;90.3846;86.5385;88.46155;34.465;79.167;56.816;3.125;2.5;0.625;0;10.9654
08R_08V_04F_04M;lr202;2;1;08;04;04;25;75;89.1304;42.1053;65.61785;10.927;77.142;44.0345;4.3333;3.3333;1;0;0
08R_08V_04F_04M;lr203;2;1;08;04;04;25;75;85.2941;36.3636;60.82885;18.712;74.185;46.4485;4;3.3333;0.6667;0.2622;0.2622
08R_08V_04F_04M;lr204;2;1;08;04;04;12.5;100;92.1053;92.1053;92.1053;88.299;88.299;88.299;3;1.75;1.25;0;0
08R_08V_04F_04M;lr205;2;1;08;04;04;25;75;96.1538;88.4615;92.30765;37.603;56.196;46.8995;4;2.6667;1.3333;0;0.8709
08R_08V_04F_04M;lr201;2;1;08;04;04;25;100;90.3846;86.5385;88.46155;34.465;79.167;56.816;3.125;2.5;0.625;0;10.9654
08R_08V_04F_04M;lr202;2;1;08;04;04;25;75;94.7368;53.3333;74.03505;10.927;77.142;44.0345;4.3333;3.3333;1;0;0
08R_08V_04F_04M;lr203;2;1;08;04;04;25;75;85.2941;36.3636;60.82885;18.712;74.185;46.4485;4;3.3333;0.6667;0.2622;0.2622
08R_08V_04F_04M;lr204;2;1;08;04;04;25;100;100;78.125;89.0625;39.598;47.826;43.712;2.75;1.75;1;0;0
08R_08V_04F_04M;lr205;2;1;08;04;04;25;100;96.1538;88.4615;92.30765;37.127;56.88;47.0035;3;2;1;0;0
10R_10V_02F_03M;lr101;1;1;10;02;03;90;100;60.4651;20.5882;36.0085;41.0609;88.313;57.7077;11.5942;8.6957;2.8986;0.6107;12.9287
10R_10V_02F_03M;lr102;1;1;10;02;03;60;100;68.4211;33.3333;51.5351;34.0827;87.594;64.2444;11.2782;8.7719;2.5063;0.4184;2.937
10R_10V_02F_03M;lr103;1;1;10;02;03;60;100;87.5;53.125;67.748417;34.1255;94.4545;74.6306;10.8225;7.215;3.6075;0;0
10R_10V_02F_03M;lr104;1;1;10;02;03;60;100;73.0769;26.9231;44.8106;54.413;77.5696;64.5246;9.4203;5.7971;3.6232;0;0
10R_10V_02F_03M;lr105;1;1;10;02;03;80;100;58.8235;4.6512;33.854112;51.642;70.2222;62.0936;16.4609;10.9739;5.487;0.8464;2.4695
10R_10V_02F_03M;lr101;1;1;10;02;03;90;100;76.4706;18.6047;36.253178;41.0609;88.313;57.7077;11.5942;8.6957;2.8986;0.6107;12.9287
10R_10V_02F_03M;lr102;1;1;10;02;03;60;100;76.3158;34.4828;50.633967;34.0827;87.594;64.2444;11.2782;8.7719;2.5063;0.4184;2.937
10R_10V_02F_03M;lr103;1;1;10;02;03;60;100;100;36.8421;67.9192;34.1255;94.4545;74.6306;10.8225;7.215;3.6075;0;0
10R_10V_02F_03M;lr104;1;1;10;02;03;60;100;73.0769;21.2121;46.727833;54.413;77.5696;64.5246;9.4203;5.7971;3.6232;0;0
10R_10V_02F_03M;lr105;1;1;10;02;03;80;100;76.4706;3.8462;35.245112;51.642;70.2222;62.0936;16.4609;10.9739;5.487;0.8464;2.4695
10R_10V_02F_03M;lr101;1;1;10;02;03;90;100;76.4706;16.2791;36.290011;41.0609;88.313;57.7077;11.5942;8.6957;2.8986;0.6107;12.9287
10R_10V_02F_03M;lr102;1;1;10;02;03;60;100;76.3158;27.5862;47.5808;34.0827;87.594;64.2444;11.2782;8.7719;2.5063;0.4184;2.937
10R_10V_02F_03M;lr103;1;1;10;02;03;60;100;73.6842;50;61.38455;34.1255;94.4545;74.6306;10.8225;7.215;3.6075;0;0
10R_10V_02F_03M;lr104;1;1;10;02;03;60;100;73.0769;17.5;46.10915;54.413;78.1652;64.587;9.4203;5.7971;3.6232;0;0
10R_10V_02F_03M;lr105;1;1;10;02;03;80;100;50;5.8824;32.47495;51.642;70.2222;62.0936;16.4609;10.9739;5.487;0.8464;2.4695
10R_10V_02F_03M;lr101;1;1;10;02;03;90;100;58.8235;20.5882;34.708911;41.0609;88.313;57.7077;11.5942;8.6957;2.8986;0.6107;12.9287
10R_10V_02F_03M;lr102;1;1;10;02;03;60;100;76.3158;41.6667;51.349217;34.0827;87.594;64.2444;11.2782;8.7719;2.5063;0.4184;2.937
10R_10V_02F_03M;lr103;1;1;10;02;03;60;100;87.5;44.7368;62.28915;34.1255;94.4545;74.6306;10.8225;7.215;3.6075;0;0
10R_10V_02F_03M;lr104;1;1;10;02;03;60;100;76.9231;17.5;49.406567;54.413;77.5696;64.5246;9.4203;5.7971;3.6232;0;0
10R_10V_02F_03M;lr105;1;1;10;02;03;80;100;50;5.8824;30.415075;51.642;70.2222;62.0936;16.4609;10.9739;5.487;0.8464;2.4695
10R_10V_02F_03M;lr101;1;1;10;02;03;90;100;60.4651;16.2791;36.1453;41.0609;88.313;57.7077;11.5942;8.6957;2.8986;0.6107;12.9287
10R_10V_02F_03M;lr102;1;1;10;02;03;60;100;55.2632;42.1053;48.790733;34.0827;87.594;64.2444;11.2782;8.7719;2.5063;0.4184;2.937
10R_10V_02F_03M;lr103;1;1;10;02;03;60;100;100;36.8421;65.875933;34.1255;94.4545;74.6306;10.8225;7.215;3.6075;0;0
10R_10V_02F_03M;lr104;1;1;10;02;03;60;100;73.0769;21.2121;47.6185;54.413;77.5696;64.5246;9.4203;5.7971;3.6232;0;0
10R_10V_02F_03M;lr105;1;1;10;02;03;80;100;76.4706;4.6512;35.81335;51.642;70.2222;62.0936;16.4609;10.9739;5.487;0.8464;2.4695
10R_10V_02F_03M;lr201;2;1;10;02;03;30;100;100;55.8824;85.294133;10.839;72.609;33.777;2.1667;1.6667;0.5;3.226;7.2423
10R_10V_02F_03M;lr202;2;1;10;02;03;20;66.6667;91.3043;43.4783;67.3913;32.706;58.26;45.483;2.25;2;0.25;0;0
10R_10V_02F_03M;lr203;2;1;10;02;03;20;66.6667;89.4737;77.0833;83.2785;23.524;64.058;43.791;2.75;2.5;0.25;0;0
10R_10V_02F_03M;lr204;2;1;10;02;03;20;33.3333;89.4737;50;69.73685;17.451;57.149;37.3;3;2;1;0;0
10R_10V_02F_03M;lr205;2;1;10;02;03;20;66.6667;94.1176;88.4615;91.28955;22.335;65.652;43.9935;1.75;1.5;0.25;0;2.8057
10R_10V_02F_03M;lr201;2;1;10;02;03;30;100;100;55.8824;85.294133;10.839;72.609;33.777;2.1667;1.6667;0.5;3.226;7.2423
10R_10V_02F_03M;lr202;2;1;10;02;03;20;66.6667;94.7368;66.6667;80.70175;32.706;58.995;45.8505;2;1.5;0.5;0;3.0494
10R_10V_02F_03M;lr203;2;1;10;02;03;20;66.6667;97.3684;89.4737;93.42105;22.995;63.659;43.327;2.75;2.5;0.25;0;0
10R_10V_02F_03M;lr204;2;1;10;02;03;20;33.3333;97.3684;59.375;78.3717;17.451;57.646;37.5485;3;2;1;0;0
10R_10V_02F_03M;lr205;2;1;10;02;03;20;66.6667;94.1176;88.4615;91.28955;22.335;65.652;43.9935;1.75;1.5;0.25;0;2.8057
10R_10V_02F_03M;lr201;2;1;10;02;03;30;100;100;55.8824;79.5249;10.839;72.609;33.777;2.1667;1.6667;0.5;3.226;7.2423
10R_10V_02F_03M;lr202;2;1;10;02;03;20;66.6667;89.1304;66.6667;77.89855;32.706;58.558;45.632;2.25;2;0.25;0;0
10R_10V_02F_03M;lr203;2;1;10;02;03;20;66.6667;97.3684;85.4167;91.39255;23.013;63.631;43.322;2.25;2;0.25;0.0391;2.608
10R_10V_02F_03M;lr204;2;1;10;02;03;20;33.3333;89.4737;50;69.73685;17.451;57.149;37.3;3;2;1;0;0
10R_10V_02F_03M;lr205;2;1;10;02;03;20;66.6667;88.4615;61.5385;75;22.083;65.652;43.8675;1.75;1.5;0.25;0;2.8057
10R_10V_02F_03M;lr201;2;1;10;02;03;30;100;100;36.5385;73.076933;10.839;72.609;33.777;2.1667;1.6667;0.5;3.0561;7.2423
10R_10V_02F_03M;lr202;2;1;10;02;03;20;66.6667;89.1304;43.4783;66.30435;32.706;58.558;45.632;2.25;2;0.25;0;0
10R_10V_02F_03M;lr203;2;1;10;02;03;20;66.6667;97.3684;85.4167;91.39255;22.995;63.649;43.322;2.25;2;0.25;0;0.2294
10R_10V_02F_03M;lr204;2;1;10;02;03;20;33.3333;89.4737;59.375;74.42435;17.451;57.149;37.3;3;2;1;0;0
10R_10V_02F_03M;lr205;2;1;10;02;03;20;66.6667;88.4615;61.5385;75;22.566;66.164;44.365;1.75;1.5;0.25;0;2.784
10R_10V_02F_03M;lr201;2;1;10;02;03;30;100;100;55.8824;79.5249;10.839;72.609;33.777;2.1667;1.6667;0.5;3.226;7.2423
10R_10V_02F_03M;lr202;2;1;10;02;03;20;66.6667;91.3043;84.7826;88.043450000000007;32.953;58.26;45.6065;2.25;2;0.25;0;0
10R_10V_02F_03M;lr203;2;1;10;02;03;20;66.6667;89.4737;77.0833;83.2785;22.995;63.831;43.413;2.75;2.5;0.25;0;0
10R_10V_02F_03M;lr204;2;1;10;02;03;20;33.3333;89.4737;73.0769;81.2753;17.451;57.941;37.696;3;2;1;0;0
10R_10V_02F_03M;lr205;2;1;10;02;03;20;66.6667;95.3488;88.4615;91.90515;21.61;65.924;43.767;1.75;1.5;0.25;0;0
10R_10V_02F_04M;lr101;1;1;10;02;04;90;100;76.4706;16.2791;36.1532;41.5652;88.313;57.3604;8.6957;6.5217;2.1739;0.4954;13.1669
10R_10V_02F_04M;lr102;1;1;10;02;04;60;100;68.4211;34.4828;46.4024;33.8271;87.5789;64.0545;7.9887;6.5789;1.4098;0.4184;2.9371
10R_10V_02F_04M;lr103;1;1;10;02;04;60;75;100;44.7368;67.311917;34.1255;93.4892;73.7677;10.8225;7.215;3.6075;0;0
10R_10V_02F_04M;lr104;1;1;10;02;04;60;75;73.0769;26.9231;44.987367;54.6913;77.5696;64.6652;7.971;5.7971;2.1739;0;0.2544
10R_10V_02F_04M;lr105;1;1;10;02;04;80;100;52.9412;5.8824;32.392063;51.642;70.2222;61.1358;11.3169;8.2305;3.0864;0.3624;1.455
10R_10V_02F_04M;lr101;1;1;10;02;04;90;100;76.4706;15.3846;36.950322;41.5652;88.313;57.3604;8.6957;6.5217;2.1739;0.4954;13.1669
10R_10V_02F_04M;lr102;1;1;10;02;04;60;100;68.4211;39.6552;49.4272;33.8271;87.5789;64.0545;7.9887;6.5789;1.4098;0.4184;2.9371
10R_10V_02F_04M;lr103;1;1;10;02;04;60;75;100;43.75;67.147433;34.1255;93.4892;73.7677;10.8225;7.215;3.6075;0;0
10R_10V_02F_04M;lr104;1;1;10;02;04;60;75;76.9231;21.2121;48.34595;54.6913;77.5696;64.6652;7.971;5.7971;2.1739;0;0.2544
10R_10V_02F_04M;lr105;1;1;10;02;04;80;100;76.4706;3.8462;35.245112;51.642;70.2222;61.1358;11.3169;8.2305;3.0864;0.3624;1.455
10R_10V_02F_04M;lr101;1;1;10;02;04;90;100;60.4651;13.4615;36.379444;41.5652;88.313;57.3604;8.6957;6.5217;2.1739;0.4954;13.1669
10R_10V_02F_04M;lr102;1;1;10;02;04;60;100;68.4211;39.6552;49.4272;33.8271;87.5789;64.0545;7.9887;6.5789;1.4098;0.4184;2.9371
10R_10V_02F_04M;lr103;1;1;10;02;04;60;75;100;42.1053;65.95185;34.1255;93.4892;73.7677;10.8225;7.215;3.6075;0;0
10R_10V_02F_04M;lr104;1;1;10;02;04;60;75;73.0769;17.5;46.381117;54.6913;77.5696;64.6652;7.971;5.7971;2.1739;0;0.2544
10R_10V_02F_04M;lr105;1;1;10;02;04;80;100;50;5.8824;32.47495;51.642;70.2222;61.1358;11.3169;8.2305;3.0864;0.3624;1.455
10R_10V_02F_04M;lr101;1;1;10;02;04;90;100;76.4706;20.5882;37.021344;41.5652;88.313;57.3604;8.6957;6.5217;2.1739;0.4954;13.1669
10R_10V_02F_04M;lr102;1;1;10;02;04;60;100;68.4211;36.2069;46.342533;33.8271;87.5789;64.0545;7.9887;6.5789;1.4098;0.4184;2.9371
10R_10V_02F_04M;lr103;1;1;10;02;04;60;75;100;43.75;66.888083;34.1255;93.4892;73.7677;10.8225;7.215;3.6075;0;0
10R_10V_02F_04M;lr104;1;1;10;02;04;60;75;76.9231;17.5;48.345967;54.6913;77.5696;64.6652;7.971;5.7971;2.1739;0;0.2544
10R_10V_02F_04M;lr105;1;1;10;02;04;80;100;50;5.8824;33.028375;51.642;70.2222;61.1358;11.3169;8.2305;3.0864;0.3624;1.455
10R_10V_02F_04M;lr101;1;1;10;02;04;90;100;76.4706;18.6047;34.885189;41.5652;88.313;57.3604;8.6957;6.5217;2.1739;0.4954;13.1669
10R_10V_02F_04M;lr102;1;1;10;02;04;60;100;68.4211;27.5862;48.926217;33.8271;87.5789;64.0545;7.9887;6.5789;1.4098;0.4184;2.9371
10R_10V_02F_04M;lr103;1;1;10;02;04;60;75;100;42.1053;67.63455;34.1255;93.4892;73.7677;10.8225;7.215;3.6075;0;0
10R_10V_02F_04M;lr104;1;1;10;02;04;60;75;73.0769;26.9231;44.8106;54.6913;77.5696;64.6652;7.971;5.7971;2.1739;0;0.2544
10R_10V_02F_04M;lr105;1;1;10;02;04;80;100;52.9412;5.8824;31.184575;51.642;70.2222;61.1358;11.3169;8.2305;3.0864;0.3624;1.455
10R_10V_02F_04M;lr201;2;1;10;02;04;30;100;100;55.8824;85.294133;10.839;72.609;33.777;1.625;1.25;0.375;4.6606;7.2693
10R_10V_02F_04M;lr202;2;1;10;02;04;20;50;91.3043;43.4783;67.3913;32.646;58.097;45.3715;2.25;2;0.25;0;0
10R_10V_02F_04M;lr203;2;1;10;02;04;20;50;89.4737;63.7931;76.6334;23.479;63.836;43.6575;2.75;2.5;0.25;0;0
10R_10V_02F_04M;lr204;2;1;10;02;04;20;50;89.4737;59.375;74.42435;17.24;58.98;38.11;1.75;1;0.75;0;0
10R_10V_02F_04M;lr205;2;1;10;02;04;20;50;88.4615;74.4186;81.44005;21.342;66.159;43.7505;1.75;1.5;0.25;0;2.7842
10R_10V_02F_04M;lr201;2;1;10;02;04;30;100;100;55.8824;85.294133;10.839;72.609;33.777;1.625;1.25;0.375;4.6606;7.2693
10R_10V_02F_04M;lr202;2;1;10;02;04;20;50;94.7368;66.6667;80.70175;32.646;58.995;45.8205;2;1.5;0.5;0;3.3282
10R_10V_02F_04M;lr203;2;1;10;02;04;20;50;97.3684;89.4737;93.42105;22.805;63.246;43.0255;2.75;2.5;0.25;0;0
10R_10V_02F_04M;lr204;2;1;10;02;04;20;50;97.3684;59.375;78.3717;17.24;57.646;37.443;1.25;1;0.25;0;0
10R_10V_02F_04M;lr205;2;1;10;02;04;20;50;94.1176;88.4615;91.28955;22.335;65.647;43.991;1.75;1.5;0.25;0;2.8059
10R_10V_02F_04M;lr201;2;1;10;02;04;30;100;100;55.8824;79.5249;10.839;72.609;33.777;1.625;1.25;0.375;4.6606;7.2693
10R_10V_02F_04M;lr202;2;1;10;02;04;20;50;89.1304;66.6667;77.89855;32.646;58.395;45.5205;2.25;2;0.25;0;0
10R_10V_02F_04M;lr203;2;1;10;02;04;20;75;95.8333;77.0833;86.4583;23.046;63.138;43.092;2;1.6667;0.3333;0;0
10R_10V_02F_04M;lr204;2;1;10;02;04;20;50;89.4737;50;69.73685;17.24;57.149;37.1945;1.25;1;0.25;0;0
10R_10V_02F_04M;lr205;2;1;10;02;04;20;50;88.4615;61.5385;75;21.342;65.647;43.4945;1.75;1.5;0.25;0;2.8059
10R_10V_02F_04M;lr201;2;1;10;02;04;30;100;100;36.5385;73.076933;10.839;72.609;33.777;1.625;1.25;0.375;4.5545;7.2693
10R_10V_02F_04M;lr202;2;1;10;02;04;20;50;89.1304;66.6667;77.89855;32.646;58.995;45.8205;2;1.5;0.5;0;1.4366
10R_10V_02F_04M;lr203;2;1;10;02;04;10;50;87.931;87.931;87.931;86.212;86.212;86.212;2.75;2;0.75;0;0
10R_10V_02F_04M;lr204;2;1;10;02;04;20;50;89.4737;59.375;74.42435;17.24;57.149;37.1945;1.25;1;0.25;0;0
10R_10V_02F_04M;lr205;2;1;10;02;04;20;50;88.4615;61.5385;75;21.825;66.159;43.992;1.75;1.5;0.25;0;2.7842
10R_10V_02F_04M;lr201;2;1;10;02;04;30;100;100;55.8824;79.5249;10.839;72.609;33.777;1.625;1.25;0.375;4.6606;7.2693
10R_10V_02F_04M;lr202;2;1;10;02;04;20;50;91.3043;84.7826;88.043450000000007;32.893;58.097;45.495;2.25;2;0.25;0;0
10R_10V_02F_04M;lr203;2;1;10;02;04;20;50;97.3684;89.4737;93.42105;22.805;63.246;43.0255;2.75;2.5;0.25;0;0
10R_10V_02F_04M;lr204;2;1;10;02;04;20;50;89.4737;50;69.73685;17.24;58.081;37.6605;1.25;1;0.25;0;0
10R_10V_02F_04M;lr205;2;1;10;02;04;20;50;95.3488;88.4615;91.90515;20.986;65.919;43.4525;1.75;1.5;0.25;0;0
10R_10V_04F_03M;lr101;1;1;10;04;03;100;100;76.4706;6.9767;33.5102;43.4286;74.7879;58.1545;37.518;23.088;14.43;3.194;11.0164
10R_10V_04F_03M;lr102;1;1;10;04;03;60;100;76.3158;10.4167;46.51835;34.1196;87.5362;69.7421;26.57;18.1159;8.4541;0;0.4987
10R_10V_04F_03M;lr103;1;1;10;04;03;80;100;92.3077;23.6842;53.5014;60.1627;97.9206;73.6825;46.2963;26.455;19.8413;0.0418;1.0037
10R_10V_04F_03M;lr104;1;1;10;04;03;70;100;53.8462;22.5;42.310186;50.8957;98.0348;76.546;36.2319;23.1884;13.0435;0;0.3269
10R_10V_04F_03M;lr105;1;1;10;04;03;100;100;60.4651;5.8824;31.29616;45.1128;71.9398;59.8857;51.3784;31.3283;20.0501;0.1362;4.0246
10R_10V_04F_03M;lr101;1;1;10;04;03;100;100;60.4651;6.9767;33.27817;43.4286;74.7879;58.1545;37.518;23.088;14.43;3.194;11.0164
10R_10V_04F_03M;lr102;1;1;10;04;03;60;100;76.3158;8.6207;43.496683;34.1196;87.5362;69.7615;26.57;18.1159;8.4541;0;0.4987
10R_10V_04F_03M;lr103;1;1;10;04;03;80;100;92.3077;18.4211;50.26095;60.2579;98.0794;73.5342;43.6508;26.455;17.1958;0;0.8637
10R_10V_04F_03M;lr104;1;1;10;04;03;70;100;73.0769;25;45.328843;50.8957;98.0348;76.546;36.2319;23.1884;13.0435;0;0.3269
10R_10V_04F_03M;lr105;1;1;10;04;03;100;100;60.4651;3.8462;33.94323;45.1128;71.9398;59.9992;48.8722;31.3283;17.5439;0.6295;3.6575
10R_10V_04F_03M;lr101;1;1;10;04;03;100;100;76.4706;5.7692;33.96954;43.4286;74.7879;58.1545;37.518;23.088;14.43;3.194;11.0164
10R_10V_04F_03M;lr102;1;1;10;04;03;60;100;60.5263;13.1579;41.064233;34.1196;87.5362;69.7615;26.57;18.1159;8.4541;0;0.4987
10R_10V_04F_03M;lr103;1;1;10;04;03;80;100;75;18.4211;50.593062;60.2579;98.0794;73.5342;43.6508;26.455;17.1958;0;0.8637
10R_10V_04F_03M;lr104;1;1;10;04;03;70;100;57.5758;34.6154;42.788043;50.8957;98.0348;76.546;36.2319;23.1884;13.0435;0;0.3269
10R_10V_04F_03M;lr105;1;1;10;04;03;100;100;76.4706;5.8824;33.88167;45.1128;71.9398;59.8857;51.3784;31.3283;20.0501;0.1362;4.0246
10R_10V_04F_03M;lr101;1;1;10;04;03;100;100;60.4651;6.9767;32.36188;43.4286;74.7879;58.1545;37.518;23.088;14.43;3.194;11.0164
10R_10V_04F_03M;lr102;1;1;10;04;03;60;100;68.4211;10.4167;39.863783;34.1196;87.5362;69.7615;26.57;18.1159;8.4541;0;0.4987
10R_10V_04F_03M;lr103;1;1;10;04;03;80;100;73.0769;18.4211;49.133363;60.1627;97.9206;73.6825;46.2963;26.455;19.8413;0.0418;1.0037
10R_10V_04F_03M;lr104;1;1;10;04;03;70;100;76.9231;27.2727;45.7251;50.8957;98.0348;76.546;36.2319;23.1884;13.0435;0;0.3269
10R_10V_04F_03M;lr105;1;1;10;04;03;100;100;60.4651;5.8824;33.45074;45.1128;71.9398;59.8857;51.3784;31.3283;20.0501;0.1362;4.0246
10R_10V_04F_03M;lr101;1;1;10;04;03;100;100;60.4651;6.9767;33.1148;43.4286;74.7879;58.1545;37.518;23.088;14.43;3.194;11.0164
10R_10V_04F_03M;lr102;1;1;10;04;03;60;100;76.3158;13.1579;49.259583;34.1196;87.5362;69.7615;26.57;18.1159;8.4541;0;0.4987
10R_10V_04F_03M;lr103;1;1;10;04;03;80;100;75;21.875;48.875563;60.1627;97.9206;73.6825;46.2963;26.455;19.8413;0.0418;1.0037
10R_10V_04F_03M;lr104;1;1;10;04;03;70;100;73.0769;27.2727;45.701786;50.8957;98.0348;76.546;36.2319;23.1884;13.0435;0;0.3269
10R_10V_04F_03M;lr105;1;1;10;04;03;100;100;58.8235;3.8462;34.0924;45.1128;71.9398;59.8857;51.3784;31.3283;20.0501;0.1362;4.0246
10R_10V_04F_03M;lr201;2;1;10;04;03;30;100;100;84.6154;91.666667;31.984;54.609;45.385;6;4.6667;1.3333;4.2893;17.9225
10R_10V_04F_03M;lr202;2;1;10;04;03;30;100;100;53.3333;72.1256;15.764;82.859;41.965;6.8333;4.6667;2.1667;0;0
10R_10V_04F_03M;lr203;2;1;10;04;03;20;66.6667;100;97.3684;98.6842;24.995;74.216;49.6055;6.5;5;1.5;0;0
10R_10V_04F_03M;lr204;2;1;10;04;03;20;100;96.875;59.375;78.125;42.142;54.657;48.3995;3.5;2.6667;0.8333;0;0
10R_10V_04F_03M;lr205;2;1;10;04;03;20;66.6667;88.4615;76.9231;82.6923;46.825;58.033;52.429;5.25;4;1.25;0;0
10R_10V_04F_03M;lr201;2;1;10;04;03;30;100;100;84.6154;91.666667;31.788;54.44;45.274;6;4.6667;1.3333;4.3026;17.937
10R_10V_04F_03M;lr202;2;1;10;04;03;30;100;100;34.7826;70.366133;15.764;82.859;41.9597;6.1667;4.6667;1.5;0;0
10R_10V_04F_03M;lr203;2;1;10;04;03;20;100;97.3684;93.75;95.5592;25.236;73.931;49.5835;4.3333;3.3333;1;0;0
10R_10V_04F_03M;lr204;2;1;10;04;03;20;66.6667;59.375;57.8947;58.63485;42.142;54.653;48.3975;4.75;4;0.75;0;0
10R_10V_04F_03M;lr205;2;1;10;04;03;20;100;91.1765;84.6154;87.89595;39.892;65.997;52.9445;3.5;2.3333;1.1667;0;0
10R_10V_04F_03M;lr201;2;1;10;04;03;30;100;100;84.6154;91.666667;31.788;54.44;45.995;6.3333;4.6667;1.6667;8.8302;15.2074
10R_10V_04F_03M;lr202;2;1;10;04;03;30;100;100;42.1053;79.590667;15.764;82.9;41.9787;6.1667;4.6667;1.5;0;0
10R_10V_04F_03M;lr203;2;1;10;04;03;20;100;100;97.3684;98.6842;25.236;74.656;49.946;4.8333;3.6667;1.1667;0;1.1064
10R_10V_04F_03M;lr204;2;1;10;04;03;20;66.6667;86.8421;59.375;73.10855;29.364;66.939;48.1515;4;4;0;0;0
10R_10V_04F_03M;lr205;2;1;10;04;03;20;66.6667;96.1538;78.8462;87.5;36.07;68.395;52.2325;4.5;4.5;0;0;2.6932
10R_10V_04F_03M;lr201;2;1;10;04;03;30;100;90.3846;82.6923;85.897433;31.788;54.44;45.274;6;4.6667;1.3333;4.3026;17.937
10R_10V_04F_03M;lr202;2;1;10;04;03;30;100;76.3158;42.1053;64.836033;15.764;82.709;42.0443;6.8333;4.6667;2.1667;0;0
10R_10V_04F_03M;lr203;2;1;10;04;03;20;100;97.3684;87.931;92.6497;25.524;73.859;49.6915;4.8333;3.3333;1.5;0;0
10R_10V_04F_03M;lr204;2;1;10;04;03;20;66.6667;84.6154;50;67.3077;42.142;54.653;48.3975;4.75;4;0.75;0;0
10R_10V_04F_03M;lr205;2;1;10;04;03;20;66.6667;96.1538;95.3488;95.7513;36.07;68.806;52.438;4.5;4.5;0;0;2.6771
10R_10V_04F_03M;lr201;2;1;10;04;03;30;100;100;84.6154;91.666667;31.788;56.758;46.036;6;4.6667;1.3333;4.1269;18.9442
10R_10V_04F_03M;lr202;2;1;10;04;03;30;100;96.6667;89.1304;92.367133;27.753;55.56;41.8713;6.5;4.6667;1.8333;0;0
10R_10V_04F_03M;lr203;2;1;10;04;03;20;66.6667;93.75;77.0833;85.41665;24.995;74.567;49.781;6.5;5;1.5;0;0
10R_10V_04F_03M;lr204;2;1;10;04;03;20;66.6667;93.75;59.375;76.5625;29.364;67.509;48.4365;4;4;0;0;0
10R_10V_04F_03M;lr205;2;1;10;04;03;20;66.6667;88.4615;76.9231;82.6923;46.825;58.033;52.429;5.25;4;1.25;0;0
10R_10V_04F_04M;lr101;1;1;10;04;04;100;100;76.4706;6.9767;33.64753;43.4286;74.7879;57.7667;25.974;17.316;8.658;0.4114;11.5399
10R_10V_04F_04M;lr102;1;1;10;04;04;60;100;68.4211;8.6207;47.416333;34.1196;86.4094;69.1564;19.4746;13.587;5.8877;0;0.5041
10R_10V_04F_04M;lr103;1;1;10;04;04;80;100;75;34.6154;53.638988;56.4405;97.9206;71.6374;30.754;18.8492;11.9048;0;0.4495
10R_10V_04F_04M;lr104;1;1;10;04;04;70;100;73.0769;22.5;44.711114;50.3;98.0348;75.6708;24.4565;17.3913;7.0652;0;0.0353
10R_10V_04F_04M;lr105;1;1;10;04;04;100;100;76.4706;4.6512;34.74587;43.2293;71.4586;57.0391;37.594;23.4962;14.0977;0.682;1.583
10R_10V_04F_04M;lr101;1;1;10;04;04;100;100;76.4706;8.8235;32.27902;43.4286;74.7879;57.7667;25.974;17.316;8.658;0.4114;11.5399
10R_10V_04F_04M;lr102;1;1;10;04;04;60;100;76.3158;8.6207;50.604983;34.1196;86.4094;69.1564;19.4746;13.587;5.8877;0;0.5041
10R_10V_04F_04M;lr103;1;1;10;04;04;80;100;73.0769;34.6154;51.98475;56.4405;97.9206;71.6374;30.754;18.8492;11.9048;0;0.4495
10R_10V_04F_04M;lr104;1;1;10;04;04;70;100;76.9231;25;46.8848;50.3;98.0348;75.6708;24.4565;17.3913;7.0652;0;0.0353
10R_10V_04F_04M;lr105;1;1;10;04;04;100;100;76.4706;3.8462;33.9314;43.2293;71.4586;57.0391;37.594;23.4962;14.0977;0.682;1.583
10R_10V_04F_04M;lr101;1;1;10;04;04;100;100;60.4651;5.7692;32.92301;43.4286;74.7879;57.7667;25.974;17.316;8.658;0.4114;11.5399
10R_10V_04F_04M;lr102;1;1;10;04;04;60;100;60.5263;13.1579;44.240283;34.1196;86.4094;69.1564;19.4746;13.587;5.8877;0;0.5041
10R_10V_04F_04M;lr103;1;1;10;04;04;80;100;73.0769;23.6842;56.235763;56.4405;97.9206;71.6374;30.754;18.8492;11.9048;0;0.4495
10R_10V_04F_04M;lr104;1;1;10;04;04;70;100;76.9231;30;46.774057;50.3;98.0348;75.6708;24.4565;17.3913;7.0652;0;0.0353
10R_10V_04F_04M;lr105;1;1;10;04;04;100;100;76.4706;3.8462;34.54226;43.2293;71.4586;57.0391;37.594;23.4962;14.0977;0.682;1.583
10R_10V_04F_04M;lr101;1;1;10;04;04;100;100;55.8824;8.8235;31.62791;43.4286;74.7879;57.7667;25.974;17.316;8.658;0.4114;11.5399
10R_10V_04F_04M;lr102;1;1;10;04;04;60;100;55.2632;10.4167;39.107583;34.1196;86.4094;69.1564;19.4746;13.587;5.8877;0;0.5041
10R_10V_04F_04M;lr103;1;1;10;04;04;80;100;92.3077;23.6842;54.1324;56.4405;97.9206;71.6374;30.754;18.8492;11.9048;0;0.4495
10R_10V_04F_04M;lr104;1;1;10;04;04;70;100;60.6061;30.303;41.6983;50.3;98.0348;75.6708;24.4565;17.3913;7.0652;0;0.0353
10R_10V_04F_04M;lr105;1;1;10;04;04;100;100;50;5.8824;31.40034;43.2293;71.4586;57.0391;37.594;23.4962;14.0977;0.682;1.583
10R_10V_04F_04M;lr101;1;1;10;04;04;100;100;76.4706;6.9767;33.87008;43.4286;74.7879;57.7667;25.974;17.316;8.658;0.4114;11.5399
10R_10V_04F_04M;lr102;1;1;10;04;04;60;100;68.4211;8.6207;42.138683;34.1196;86.4094;69.1564;19.4746;13.587;5.8877;0;0.5041
10R_10V_04F_04M;lr103;1;1;10;04;04;80;100;73.0769;28.125;52.554087;56.4405;97.9206;71.6374;30.754;18.8492;11.9048;0;0.4495
10R_10V_04F_04M;lr104;1;1;10;04;04;70;100;76.9231;22.5;42.980357;50.3;98.0348;75.6708;24.4565;17.3913;7.0652;0;0.0353
10R_10V_04F_04M;lr105;1;1;10;04;04;100;100;60.4651;5.8824;32.06566;43.2293;71.4586;57.0391;37.594;23.4962;14.0977;0.682;1.583
10R_10V_04F_04M;lr201;2;1;10;04;04;30;100;100;84.6154;91.666667;31.984;54.609;45.385;5;3.5;1.5;6.082;18.0269
10R_10V_04F_04M;lr202;2;1;10;04;04;30;100;96.6667;42.1053;75.967467;15.704;80.999;41.449;4.875;3.5;1.375;0;0
10R_10V_04F_04M;lr203;2;1;10;04;04;20;75;87.931;77.0833;82.50715;25.046;73.364;49.205;4.5;3.3333;1.1667;0;0
10R_10V_04F_04M;lr204;2;1;10;04;04;20;100;96.875;59.375;78.125;41.3;54.591;47.9455;2.5;2;0.5;0;0
10R_10V_04F_04M;lr205;2;1;10;04;04;20;75;96.1538;94.1176;95.1357;34.926;68.395;51.6605;3.3333;3;0.3333;0;2.6932
10R_10V_04F_04M;lr201;2;1;10;04;04;30;100;100;84.6154;91.666667;31.788;54.44;45.274;5;3.5;1.5;6.1009;18.0417
10R_10V_04F_04M;lr202;2;1;10;04;04;30;100;89.1304;53.3333;68.5024;15.787;80.999;41.3473;4.75;3.5;1.25;0;0
10R_10V_04F_04M;lr203;2;1;10;04;04;20;75;100;77.0833;88.54165;25.046;73.853;49.4495;4.3333;3.3333;1;0;0
10R_10V_04F_04M;lr204;2;1;10;04;04;20;100;96.875;59.375;78.125;41.3;54.591;47.9455;2.5;2;0.5;0;0
10R_10V_04F_04M;lr205;2;1;10;04;04;20;75;96.1538;74.4186;85.2862;34.926;68.806;51.866;3.3333;3;0.3333;0;2.6771
10R_10V_04F_04M;lr201;2;1;10;04;04;30;100;100;84.6154;91.666667;31.788;54.44;45.995;5.25;3.5;1.75;10.6285;15.3121
10R_10V_04F_04M;lr202;2;1;10;04;04;30;100;96.6667;53.3333;79.710133;15.787;80.999;41.3823;4.375;3.5;0.875;0;0.1752
10R_10V_04F_04M;lr203;2;1;10;04;04;20;75;97.3684;93.75;95.5592;25.72;73.874;49.797;4.3333;3.3333;1;0;0
10R_10V_04F_04M;lr204;2;1;10;04;04;20;75;86.8421;59.375;73.10855;28.991;66.7;47.8455;3.5;2.6667;0.8333;0;0
10R_10V_04F_04M;lr205;2;1;10;04;04;20;75;100;88.4615;94.23075;46.409;57.483;51.946;3.8333;2.3333;1.5;0;0
10R_10V_04F_04M;lr201;2;1;10;04;04;30;100;90.3846;82.6923;85.897433;31.788;54.44;45.274;5;3.5;1.5;6.1009;18.0417
10R_10V_04F_04M;lr202;2;1;10;04;04;30;100;89.1304;34.7826;62.318833;15.787;80.999;41.3527;4.375;3.5;0.875;0;0.1752
10R_10V_04F_04M;lr203;2;1;10;04;04;20;75;97.3684;87.931;92.6497;25.479;73.718;49.5985;4.8333;3.3333;1.5;0;0
10R_10V_04F_04M;lr204;2;1;10;04;04;20;75;84.6154;50;67.3077;41.3;54.653;47.9765;3.3333;2.6667;0.6667;0;0
10R_10V_04F_04M;lr205;2;1;10;04;04;20;75;96.1538;74.4186;85.2862;34.926;68.806;51.866;3.3333;3;0.3333;0;2.6771
10R_10V_04F_04M;lr201;2;1;10;04;04;30;100;100;84.6154;91.666667;31.788;56.699;46.0163;4.875;3.5;1.375;4.1312;18.9837
10R_10V_04F_04M;lr202;2;1;10;04;04;30;100;89.1304;53.3333;68.5024;15.787;80.999;41.377;4.75;3.5;1.25;0;0
10R_10V_04F_04M;lr203;2;1;10;04;04;20;75;97.3684;93.75;95.5592;24.805;73.465;49.135;5;3.3333;1.6667;0;0
10R_10V_04F_04M;lr204;2;1;10;04;04;20;75;96.1538;59.375;77.7644;41.3;54.77;48.035;3.3333;2.6667;0.6667;0;0
10R_10V_04F_04M;lr205;2;1;10;04;04;20;75;96.1538;74.4186;85.2862;34.926;68.806;51.866;3.3333;3;0.3333;0;2.6771
12R_12V_02F_03M;lr101;1;1;12;02;03;91.6667;100;76.4706;16.2791;36.235436;26.2702;89.4879;52.934;19.4892;13.4409;6.0484;0.397;8.9757
12R_12V_02F_03M;lr102;1;1;12;02;03;66.6667;100;61.9048;4.7619;38.800162;49.4517;91.1042;67.8041;12.87;9.009;3.861;0.684;10.6072
12R_12V_02F_03M;lr103;1;1;12;02;03;58.3333;100;82.7586;14.5833;36.375414;47.1174;86.6609;70.7416;12.3188;8.6957;3.6232;0;0
12R_12V_02F_03M;lr104;1;1;12;02;03;58.3333;100;90.9091;9.0909;48.630529;41.4494;96.0075;65.9807;12.4844;8.7391;3.7453;0;0.9758
12R_12V_02F_03M;lr105;1;1;12;02;03;66.6667;100;87.5;18.9655;41.759775;51.0638;90.1574;70.0181;17.7305;11.3475;6.383;0;2.5319
12R_12V_02F_03M;lr101;1;1;12;02;03;91.6667;100;76.4706;18.6047;37.544109;26.2702;89.4879;52.934;19.4892;13.4409;6.0484;0.397;8.9757
12R_12V_02F_03M;lr102;1;1;12;02;03;66.6667;100;61.9048;4.7619;40.801513;49.4517;91.1042;67.8041;12.87;9.009;3.861;0.684;10.6072
12R_12V_02F_03M;lr103;1;1;12;02;03;58.3333;100;100;14.5833;40.394071;47.1174;86.6609;70.7416;12.3188;8.6957;3.6232;0;0
12R_12V_02F_03M;lr104;1;1;12;02;03;58.3333;100;75;9.0909;44.9592;41.4494;96.0075;65.9807;12.4844;8.7391;3.7453;0;0.9758
12R_12V_02F_03M;lr105;1;1;12;02;03;66.6667;100;72.4138;18.9655;41.882663;51.0638;90.1574;70.0181;17.7305;11.3475;6.383;0;2.5319
12R_12V_02F_03M;lr101;1;1;12;02;03;91.6667;100;50;16.2791;35.555264;26.2702;89.4879;52.934;19.4892;13.4409;6.0484;0.397;8.9757
12R_12V_02F_03M;lr102;1;1;12;02;03;66.6667;100;74.1935;3.8462;46.176;49.4517;91.1042;67.8041;12.87;9.009;3.861;0.2126;10.6072
12R_12V_02F_03M;lr103;1;1;12;02;03;58.3333;100;100;12.069;38.444186;47.1174;86.6609;70.7416;12.3188;8.6957;3.6232;0;0
12R_12V_02F_03M;lr104;1;1;12;02;03;58.3333;100;75;9.0909;43.088586;41.4494;96.0075;65.9807;12.4844;8.7391;3.7453;0;0.9758
12R_12V_02F_03M;lr105;1;1;12;02;03;66.6667;100;72.4138;22.9167;43.964587;51.0638;90.1574;70.0181;17.7305;11.3475;6.383;0;2.5319
12R_12V_02F_03M;lr101;1;1;12;02;03;91.6667;100;76.4706;16.2791;38.024118;26.2702;89.4879;52.934;19.4892;13.4409;6.0484;0.397;8.9757
12R_12V_02F_03M;lr102;1;1;12;02;03;66.6667;100;69.0476;4.7619;39.638725;49.4517;85.2973;67.8041;12.87;9.009;3.861;0.5427;9.9399
12R_12V_02F_03M;lr103;1;1;12;02;03;58.3333;100;82.7586;14.5833;36.866914;47.1174;86.6609;70.7416;12.3188;8.6957;3.6232;0;0
12R_12V_02F_03M;lr104;1;1;12;02;03;58.3333;100;84.8485;7.5;49.714443;41.4494;96.0075;65.9807;12.4844;8.7391;3.7453;0;0.9758
12R_12V_02F_03M;lr105;1;1;12;02;03;66.6667;100;87.5;18.9655;42.586875;51.0638;90.1574;70.0181;17.7305;11.3475;6.383;0;2.5319
12R_12V_02F_03M;lr101;1;1;12;02;03;91.6667;100;76.4706;16.2791;38.418009;26.2702;89.4879;52.934;19.4892;13.4409;6.0484;0.397;8.9757
12R_12V_02F_03M;lr102;1;1;12;02;03;66.6667;100;74.1935;3.2258;44.6639;49.4517;91.1042;67.8041;12.87;9.009;3.861;0.2126;10.6072
12R_12V_02F_03M;lr103;1;1;12;02;03;58.3333;100;100;15.5172;42.238671;47.1174;86.6609;70.7416;12.3188;8.6957;3.6232;0;0
12R_12V_02F_03M;lr104;1;1;12;02;03;58.3333;100;76.9231;9.0909;45.419586;41.4494;96.0075;65.9807;12.4844;8.7391;3.7453;0;0.9758
12R_12V_02F_03M;lr105;1;1;12;02;03;66.6667;100;87.5;18.9655;46.384425;51.0638;90.1574;70.0181;17.7305;11.3475;6.383;0;2.5319
12R_12V_02F_03M;lr201;2;1;12;02;03;16.6667;100;98.0769;96.1538;97.11535;68.274;72.884;70.579;2;1.3333;0.6667;10.04;12.1143
12R_12V_02F_03M;lr202;2;1;12;02;03;16.6667;100;93.4783;34.7826;64.13045;23.515;75.69;49.6025;1.1667;1;0.1667;0;0
12R_12V_02F_03M;lr203;2;1;12;02;03;16.6667;66.6667;100;97.3684;98.6842;24.801;75.772;50.2865;2.5;2;0.5;0;3.7794
12R_12V_02F_03M;lr204;2;1;12;02;03;16.6667;100;93.75;92.1053;92.92765;31.397;61.707;46.552;1.5;1.3333;0.1667;0;0
12R_12V_02F_03M;lr205;2;1;12;02;03;16.6667;100;91.3793;85.4167;88.398;34.135;69.769;51.952;1.3333;1;0.3333;0;5.3962
12R_12V_02F_03M;lr201;2;1;12;02;03;16.6667;100;98.0769;96.1538;97.11535;68.274;72.884;70.579;2;1.3333;0.6667;10.04;12.1143
12R_12V_02F_03M;lr202;2;1;12;02;03;16.6667;100;94.7368;34.7826;64.7597;23.515;75.343;49.429;1.1667;1;0.1667;0;0.2986
12R_12V_02F_03M;lr203;2;1;12;02;03;16.6667;66.6667;97.3684;91.6667;94.51755;22.457;75.776;49.1165;3;2;1;0;3.8518
12R_12V_02F_03M;lr204;2;1;12;02;03;16.6667;66.6667;100;73.0769;86.53845;15.639;76.586;46.1125;1.75;1.5;0.25;0;0
12R_12V_02F_03M;lr205;2;1;12;02;03;16.6667;100;91.3793;85.4167;88.398;34.135;71.622;52.8785;1.3333;1;0.3333;0;5.3962
12R_12V_02F_03M;lr201;2;1;12;02;03;16.6667;100;98.0769;96.1538;97.11535;68.274;72.884;70.579;2;1.3333;0.6667;10.04;12.1143
12R_12V_02F_03M;lr202;2;1;12;02;03;16.6667;100;94.7368;34.7826;64.7597;23.515;74.575;49.045;1.1667;1;0.1667;0;0.3017
12R_12V_02F_03M;lr203;2;1;12;02;03;16.6667;100;100;97.3684;98.6842;19.261;81.67;50.4655;1.8333;1.6667;0.1667;0;4.4909
12R_12V_02F_03M;lr204;2;1;12;02;03;16.6667;66.6667;97.3684;90.625;93.9967;37.203;55.837;46.52;1.25;1;0.25;0;0
12R_12V_02F_03M;lr205;2;1;12;02;03;16.6667;100;91.3793;68.9655;80.1724;35.22;69.99;52.605;1.3333;1;0.3333;0;8.3347
12R_12V_02F_03M;lr201;2;1;12;02;03;16.6667;100;98.0769;96.1538;97.11535;68.274;72.884;70.579;2;1.3333;0.6667;10.04;12.1143
12R_12V_02F_03M;lr202;2;1;12;02;03;16.6667;66.6667;94.7368;42.1053;68.42105;23.615;74.519;49.067;1.75;1.5;0.25;0;0.3019
12R_12V_02F_03M;lr203;2;1;12;02;03;16.6667;100;100;50;75;22.661;77.895;50.278;1.5;1.3333;0.1667;0;12.5845
12R_12V_02F_03M;lr204;2;1;12;02;03;16.6667;66.6667;97.3684;93.75;95.5592;37.203;55.35;46.2765;1.25;1;0.25;0;0
12R_12V_02F_03M;lr205;2;1;12;02;03;16.6667;100;98.2759;83.3333;90.8046;35.22;69.131;52.1755;1.3333;1;0.3333;0;5.23
12R_12V_02F_03M;lr201;2;1;12;02;03;16.6667;100;98.0769;96.1538;97.11535;68.274;72.884;70.579;2;1.3333;0.6667;10.04;12.1143
12R_12V_02F_03M;lr202;2;1;12;02;03;16.6667;100;94.7368;53.3333;74.03505;23.515;74.575;49.045;1.1667;1;0.1667;0;0.3017
12R_12V_02F_03M;lr203;2;1;12;02;03;16.6667;66.6667;100;77.0833;88.54165;24.801;74.911;49.856;2;1.5;0.5;0;3.4878
12R_12V_02F_03M;lr204;2;1;12;02;03;16.6667;100;97.3684;71.875;84.6217;38.071;55.469;46.77;1;0.6667;0.3333;0;0
12R_12V_02F_03M;lr205;2;1;12;02;03;16.6667;100;98.2759;85.4167;91.8463;48.957;57.382;53.1695;1.8333;1.3333;0.5;0;0
12R_12V_02F_04M;lr101;1;1;12;02;04;91.6667;100;76.4706;17.3077;37.856218;26.2702;89.4153;52.7031;15.625;10.0806;5.5444;0.2948;9.7286
12R_12V_02F_04M;lr102;1;1;12;02;04;66.6667;100;73.8095;3.8462;42.529625;48.5444;91.1042;67.4575;9.6525;6.7568;2.8958;0.684;10.6426
12R_12V_02F_04M;lr103;1;1;12;02;04;58.3333;75;82.7586;18.4211;40.237443;46.4609;86.6609;69.9665;12.3188;8.6957;3.6232;0;0
12R_12V_02F_04M;lr104;1;1;12;02;04;58.3333;75;84.8485;11.5385;44.137529;41.4494;93.8652;65.4452;12.4844;8.7391;3.7453;0;0.9022
12R_12V_02F_04M;lr105;1;1;12;02;04;66.6667;100;87.5;18.9655;42.473438;48.9319;90.1574;69.2495;12.234;8.5106;3.7234;0;2.2783
12R_12V_02F_04M;lr101;1;1;12;02;04;91.6667;100;76.4706;18.6047;38.073618;26.2702;89.4153;52.7031;15.625;10.0806;5.5444;0.2948;9.7286
12R_12V_02F_04M;lr102;1;1;12;02;04;66.6667;100;73.8095;3.8462;41.490175;48.5444;91.1042;67.4575;9.6525;6.7568;2.8958;0.684;10.6426
12R_12V_02F_04M;lr103;1;1;12;02;04;58.3333;75;100;18.4211;40.237443;46.4609;86.6609;69.9665;12.3188;8.6957;3.6232;0;0
12R_12V_02F_04M;lr104;1;1;12;02;04;58.3333;75;90.9091;7.5;47.558271;41.4494;93.8652;65.4452;12.4844;8.7391;3.7453;0;0.9022
12R_12V_02F_04M;lr105;1;1;12;02;04;66.6667;100;87.5;18.9655;42.473438;48.9319;90.1574;69.2495;12.234;8.5106;3.7234;0;2.2783
12R_12V_02F_04M;lr101;1;1;12;02;04;91.6667;100;76.4706;16.2791;37.634518;26.2702;89.4153;52.7031;15.625;10.0806;5.5444;0.2948;9.7286
12R_12V_02F_04M;lr102;1;1;12;02;04;66.6667;100;73.8095;3.8462;44.230025;48.5444;91.1042;67.4575;9.6525;6.7568;2.8958;0.684;10.6426
12R_12V_02F_04M;lr103;1;1;12;02;04;58.3333;75;100;14.5833;42.700471;46.4609;86.6609;69.9665;12.3188;8.6957;3.6232;0;0
12R_12V_02F_04M;lr104;1;1;12;02;04;58.3333;75;75;9.0909;43.974343;41.4494;93.8652;65.4452;12.4844;8.7391;3.7453;0;0.9022
12R_12V_02F_04M;lr105;1;1;12;02;04;66.6667;100;87.5;18.9655;42.473438;48.9319;90.1574;69.2495;12.234;8.5106;3.7234;0;2.2783
12R_12V_02F_04M;lr101;1;1;12;02;04;91.6667;100;60.4651;16.2791;36.739109;26.2702;89.4153;52.7031;15.625;10.0806;5.5444;0.2948;9.7286
12R_12V_02F_04M;lr102;1;1;12;02;04;66.6667;100;73.8095;3.2258;41.291125;48.5444;85.2973;67.4575;9.6525;6.7568;2.8958;0.5428;9.9746
12R_12V_02F_04M;lr103;1;1;12;02;04;58.3333;75;100;12.069;42.497943;46.4609;86.6609;69.9665;12.3188;8.6957;3.6232;0;0
12R_12V_02F_04M;lr104;1;1;12;02;04;58.3333;75;75;11.5385;41.486014;41.4494;93.8652;65.4452;12.4844;8.7391;3.7453;0;0.9022
12R_12V_02F_04M;lr105;1;1;12;02;04;66.6667;100;87.5;18.9655;42.473438;48.9319;90.1574;69.2495;12.234;8.5106;3.7234;0;2.2783
12R_12V_02F_04M;lr101;1;1;12;02;04;91.6667;100;55.8824;16.2791;35.723164;26.2702;89.4153;52.7031;15.625;10.0806;5.5444;0.2948;9.7286
12R_12V_02F_04M;lr102;1;1;12;02;04;66.6667;100;59.6154;4.7619;39.330025;48.5444;91.1042;67.4575;9.6525;6.7568;2.8958;0.684;10.6426
12R_12V_02F_04M;lr103;1;1;12;02;04;58.3333;75;82.7586;14.5833;38.190286;46.4609;86.6609;69.9665;12.3188;8.6957;3.6232;0;0
12R_12V_02F_04M;lr104;1;1;12;02;04;58.3333;75;75;7.5;46.078086;41.4494;93.8652;65.4452;12.4844;8.7391;3.7453;0;0.9022
12R_12V_02F_04M;lr105;1;1;12;02;04;66.6667;100;87.5;18.9655;42.473438;48.9319;90.1574;69.2495;12.234;8.5106;3.7234;0;2.2783
12R_12V_02F_04M;lr201;2;1;12;02;04;16.6667;75;98.0769;96.1538;97.11535;68.234;72.884;70.559;2;1.3333;0.6667;10.1046;12.1778
12R_12V_02F_04M;lr202;2;1;12;02;04;16.6667;75;93.4783;34.7826;64.13045;23.435;75.69;49.5625;1.1667;1;0.1667;0;0
12R_12V_02F_04M;lr203;2;1;12;02;04;16.6667;50;93.75;81.5789;87.66445;24.09;75.636;49.863;3.5;2.5;1;0;0
12R_12V_02F_04M;lr204;2;1;12;02;04;16.6667;50;81.5789;73.0769;77.3279;15.639;77.679;46.659;1.75;1.5;0.25;0;0
12R_12V_02F_04M;lr205;2;1;12;02;04;16.6667;75;98.2759;91.3793;94.8276;43.582;60.582;52.082;1.1667;1;0.1667;0;3.0405
12R_12V_02F_04M;lr201;2;1;12;02;04;16.6667;75;98.0769;96.1538;97.11535;68.234;72.884;70.559;2;1.3333;0.6667;10.1046;12.1778
12R_12V_02F_04M;lr202;2;1;12;02;04;16.6667;75;94.7368;34.7826;64.7597;23.435;75.343;49.389;1.1667;1;0.1667;0;0.2986
12R_12V_02F_04M;lr203;2;1;12;02;04;16.6667;50;97.3684;91.6667;94.51755;22.457;75.556;49.0065;3;2;1;0;3.8518
12R_12V_02F_04M;lr204;2;1;12;02;04;16.6667;50;100;73.0769;86.53845;15.639;76.418;46.0285;1.75;1.5;0.25;0;0
12R_12V_02F_04M;lr205;2;1;12;02;04;16.6667;75;91.3793;68.9655;80.1724;34.129;69.512;51.8205;1;1;0;0;5.3972
12R_12V_02F_04M;lr201;2;1;12;02;04;16.6667;75;98.0769;96.1538;97.11535;68.234;72.884;70.559;2;1.3333;0.6667;10.1046;12.1778
12R_12V_02F_04M;lr202;2;1;12;02;04;16.6667;75;93.4783;42.1053;67.7918;23.435;74.774;49.1045;1.1667;1;0.1667;0;0
12R_12V_02F_04M;lr203;2;1;12;02;04;16.6667;50;100;77.0833;88.54165;22.457;77.423;49.94;2.5;2;0.5;0;6.0462
12R_12V_02F_04M;lr204;2;1;12;02;04;16.6667;75;97.3684;90.625;93.9967;37.177;55.725;46.451;1;0.6667;0.3333;0;0
12R_12V_02F_04M;lr205;2;1;12;02;04;16.6667;75;98.2759;83.3333;90.8046;34.129;68.733;51.431;1;1;0;0;5.3972
12R_12V_02F_04M;lr201;2;1;12;02;04;16.6667;75;98.0769;96.1538;97.11535;68.234;72.884;70.559;2;1.3333;0.6667;10.1046;12.1778
12R_12V_02F_04M;lr202;2;1;12;02;04;16.6667;75;94.7368;42.1053;68.42105;23.515;74.519;49.017;1.1667;1;0.1667;0;0.3019
12R_12V_02F_04M;lr203;2;1;12;02;04;16.6667;50;100;97.3684;98.6842;22.457;77.216;49.8365;2.5;2;0.5;0;3.8518
12R_12V_02F_04M;lr204;2;1;12;02;04;16.6667;75;97.3684;93.75;95.5592;37.177;55.295;46.236;1;0.6667;0.3333;0;0
12R_12V_02F_04M;lr205;2;1;12;02;04;16.6667;75;91.3793;89.5833;90.4813;34.647;69.465;52.056;1;1;0;0;5.3165
12R_12V_02F_04M;lr201;2;1;12;02;04;16.6667;75;98.0769;96.1538;97.11535;68.234;72.884;70.559;2;1.3333;0.6667;10.1046;12.1778
12R_12V_02F_04M;lr202;2;1;12;02;04;16.6667;75;94.7368;53.3333;74.03505;23.435;74.575;49.005;1.1667;1;0.1667;0;0.3017
12R_12V_02F_04M;lr203;2;1;12;02;04;16.6667;50;100;97.3684;98.6842;22.457;76.586;49.5215;3.5;2.5;1;0;3.8518
12R_12V_02F_04M;lr204;2;1;12;02;04;16.6667;75;97.3684;71.875;84.6217;38.033;55.357;46.695;1;0.6667;0.3333;0;0
12R_12V_02F_04M;lr205;2;1;12;02;04;16.6667;75;100;91.3793;95.68965;42.971;60.934;51.9525;1.5;1;0.5;0;0
12R_12V_04F_03M;lr101;1;1;12;04;03;91.6667;100;76.4706;13.4615;37.033982;24.3097;83.5261;56.0326;56.592;33.5821;23.01;2.495;4.1738
12R_12V_04F_03M;lr102;1;1;12;04;03;83.3333;100;69.0476;3.2258;37.01082;37.3498;85.5513;63.0882;54.4994;32.9531;21.5463;0.3057;6.4674
12R_12V_04F_03M;lr103;1;1;12;04;03;66.6667;100;100;15.5172;46.011025;60.0391;97.9652;79.3908;43.4783;27.5362;15.942;0;0.2323
12R_12V_04F_03M;lr104;1;1;12;04;03;75;100;76.9231;5;37.322589;31.3143;99.8929;59.3504;42.8571;25;17.8571;0;0.3458
12R_12V_04F_03M;lr105;1;1;12;04;03;91.6667;100;50;4.1667;31.261691;43.0996;78.5817;62.5889;55.7769;33.2005;22.5764;0.6298;1.7288
12R_12V_04F_03M;lr101;1;1;12;04;03;91.6667;100;76.4706;20.5882;36.371045;24.3097;83.5261;56.0902;56.592;33.5821;23.01;2.2285;4.4043
12R_12V_04F_03M;lr102;1;1;12;04;03;83.3333;100;61.9048;3.2258;36.82323;37.3498;87.6844;62.573;53.2319;32.9531;20.2788;0.1037;5.7562
12R_12V_04F_03M;lr103;1;1;12;04;03;66.6667;100;100;15.5172;47.0957;60.0391;97.9652;79.3527;43.4783;27.5362;15.942;0;0.3143
12R_12V_04F_03M;lr104;1;1;12;04;03;75;100;75.7576;5;41.372689;31.3143;86.3357;59.4913;45.2381;25;20.2381;0.4632;0.0237
12R_12V_04F_03M;lr105;1;1;12;04;03;91.6667;100;76.3158;3.4483;33.238127;43.0996;78.5817;62.5889;55.7769;33.2005;22.5764;0.6298;1.7288
12R_12V_04F_03M;lr101;1;1;12;04;03;91.6667;100;76.4706;18.6047;36.6487;24.3097;83.5261;56.0326;56.592;33.5821;23.01;2.495;4.1738
12R_12V_04F_03M;lr102;1;1;12;04;03;83.3333;100;69.0476;3.2258;37.51448;38.749;87.346;62.719;53.2319;32.9531;20.2788;0.8475;5.7528
12R_12V_04F_03M;lr103;1;1;12;04;03;66.6667;100;82.7586;15.5172;46.275688;60.0391;97.9652;79.3728;43.4783;27.5362;15.942;0;0.3359
12R_12V_04F_03M;lr104;1;1;12;04;03;75;100;76.9231;5;40.434478;31.3143;99.8929;59.3512;42.8571;25;17.8571;0;0.336
12R_12V_04F_03M;lr105;1;1;12;04;03;91.6667;100;76.3158;4.1667;31.614018;43.0996;78.5817;62.5889;55.7769;33.2005;22.5764;0.6298;1.7288
12R_12V_04F_03M;lr101;1;1;12;04;03;91.6667;100;50;16.2791;36.058936;24.3097;83.5261;56.0326;56.592;33.5821;23.01;2.495;4.1738
12R_12V_04F_03M;lr102;1;1;12;04;03;83.3333;100;73.8095;4.7619;36.77595;37.3498;85.5513;62.446;53.2319;32.9531;20.2788;0;3.687
12R_12V_04F_03M;lr103;1;1;12;04;03;66.6667;100;82.7586;23.6842;44.423;62.0174;97.9652;79.2158;44.9275;27.5362;17.3913;0;0
12R_12V_04F_03M;lr104;1;1;12;04;03;75;100;76.9231;6.0606;38.297078;31.3143;86.3357;59.4905;45.2381;25;20.2381;0.4632;0.0237
12R_12V_04F_03M;lr105;1;1;12;04;03;91.6667;100;68.4211;4.1667;32.823936;43.0996;78.5817;62.5889;55.7769;33.2005;22.5764;0.6298;1.7288
12R_12V_04F_03M;lr101;1;1;12;04;03;91.6667;100;55.8824;18.6047;36.394727;24.3097;83.5261;56.0163;56.592;33.5821;23.01;2.3529;4.6745
12R_12V_04F_03M;lr102;1;1;12;04;03;83.3333;100;73.8095;3.8462;37.88491;49.1749;85.5513;63.0722;50.6971;32.9531;17.744;0.4452;5.1938
12R_12V_04F_03M;lr103;1;1;12;04;03;66.6667;100;82.7586;15.5172;45.72745;60.0391;97.9652;78.9897;43.4783;27.5362;15.942;0;0.1057
12R_12V_04F_03M;lr104;1;1;12;04;03;75;100;60.6061;6.0606;34.766256;31.3143;99.8929;59.3504;42.8571;25;17.8571;0;0.3458
12R_12V_04F_03M;lr105;1;1;12;04;03;91.6667;100;54.1667;3.4483;32.096964;42.8127;78.5817;62.3263;55.7769;33.2005;22.5764;0.2322;1.6644
12R_12V_04F_03M;lr201;2;1;12;04;03;25;100;86.5385;32.6923;67.948733;16.455;73.083;52.4917;7.5;4.6667;2.8333;7.0802;7.9192
12R_12V_04F_03M;lr202;2;1;12;04;03;16.6667;100;86.9565;67.3913;77.1739;41.323;81.294;61.3085;5.1667;3.3333;1.8333;0;0
12R_12V_04F_03M;lr203;2;1;12;04;03;16.6667;100;100;20.6897;60.34485;26.93;97.136;62.033;5;3.6667;1.3333;1.3872;1.3872
12R_12V_04F_03M;lr204;2;1;12;04;03;16.6667;100;96.875;89.4737;93.17435;54.91;64.461;59.6855;3.5;3.3333;0.1667;0;0
12R_12V_04F_03M;lr205;2;1;12;04;03;16.6667;100;79.3103;70.6897;75;54.352;70.328;62.34;4.6667;4;0.6667;0;2.6192
12R_12V_04F_03M;lr201;2;1;12;04;03;25;100;86.5385;39.5349;70.2296;16.455;73.083;52.4917;7.5;4.6667;2.8333;7.0802;7.9192
12R_12V_04F_03M;lr202;2;1;12;04;03;16.6667;100;93.4783;81.5789;87.5286;41.323;80.024;60.6735;5.1667;3.3333;1.8333;0;0
12R_12V_04F_03M;lr203;2;1;12;04;03;16.6667;100;100;31.5789;65.78945;26.93;97.207;62.0685;5.3333;4;1.3333;0;0
12R_12V_04F_03M;lr204;2;1;12;04;03;16.6667;100;96.875;89.4737;93.17435;57.579;63.017;60.298;4.8333;3.3333;1.5;0;0
12R_12V_04F_03M;lr205;2;1;12;04;03;16.6667;100;94.8276;70.6897;82.75865;54.352;68.836;61.594;4.6667;4;0.6667;0.5063;2.6759
12R_12V_04F_03M;lr201;2;1;12;04;03;25;100;86.5385;32.6923;67.948733;16.455;73.083;52.4917;7.5;4.6667;2.8333;7.0802;7.9192
12R_12V_04F_03M;lr202;2;1;12;04;03;16.6667;100;93.4783;67.3913;80.4348;41.323;80.024;60.6735;5.1667;3.3333;1.8333;0;0
12R_12V_04F_03M;lr203;2;1;12;04;03;16.6667;100;100;96.5517;98.27585;28.989;94.895;61.942;5.5;4.3333;1.1667;0;0
12R_12V_04F_03M;lr204;2;1;12;04;03;16.6667;66.6667;100;96.875;98.4375;55.684;61.819;58.7515;5.5;5;0.5;0;0
12R_12V_04F_03M;lr205;2;1;12;04;03;16.6667;66.6667;100;70.6897;85.34485;54.238;69.757;61.9975;6.5;5.5;1;0;2.6406
12R_12V_04F_03M;lr201;2;1;12;04;03;25;100;86.5385;50;73.717967;16.455;73.083;52.4917;7.5;4.6667;2.8333;7.0802;7.9192
12R_12V_04F_03M;lr202;2;1;12;04;03;16.6667;100;86.9565;67.3913;77.1739;41.323;84.034;62.6785;5.5;3.3333;2.1667;0;0
12R_12V_04F_03M;lr203;2;1;12;04;03;16.6667;100;100;95.8333;97.91665;33.922;88.765;61.3435;4.8333;3.6667;1.1667;0;0
12R_12V_04F_03M;lr204;2;1;12;04;03;16.6667;100;97.3684;96.875;97.1217;46.469;75.439;60.954;3.5;3.3333;0.1667;0;0
12R_12V_04F_03M;lr205;2;1;12;04;03;16.6667;66.6667;98.2759;98.2759;98.2759;52.662;70.946;61.804;7.5;6;1.5;0;0
12R_12V_04F_03M;lr201;2;1;12;04;03;25;100;86.5385;50;73.717967;16.455;73.083;52.4917;7.5;4.6667;2.8333;7.0802;7.9192
12R_12V_04F_03M;lr202;2;1;12;04;03;16.6667;100;86.9565;67.3913;77.1739;41.323;81.294;61.3085;5.1667;3.3333;1.8333;0;0
12R_12V_04F_03M;lr203;2;1;12;04;03;16.6667;100;97.3684;95.8333;96.60085;39.962;83.077;61.5195;5.1667;3.6667;1.5;3.1355;3.1355
12R_12V_04F_03M;lr204;2;1;12;04;03;16.6667;66.6667;100;62.5;81.25;28.786;91.47;60.128;5;4;1;0;0
12R_12V_04F_03M;lr205;2;1;12;04;03;16.6667;100;98.2759;91.3793;94.8276;52.37;70.69;61.53;5.3333;3.6667;1.6667;0;0
12R_12V_04F_04M;lr101;1;1;12;04;04;91.6667;100;76.4706;16.2791;37.856218;24.3097;83.5261;55.0112;41.5112;25.1866;16.3246;0.3898;4.8924
12R_12V_04F_04M;lr102;1;1;12;04;04;83.3333;100;55.7692;3.8462;35.55447;39.1217;84.6426;61.0437;38.0228;24.7148;13.308;0.2015;4.2656
12R_12V_04F_04M;lr103;1;1;12;04;04;66.6667;100;82.7586;23.6842;45.287913;60.7522;95.5304;78.1826;30.4348;20.6522;9.7826;0;0.0099
12R_12V_04F_04M;lr104;1;1;12;04;04;75;100;96.1538;6.0606;42.6282;31.1786;85.6679;58.9028;30.3571;18.75;11.6071;0;0.0237
12R_12V_04F_04M;lr105;1;1;12;04;04;91.6667;100;68.4211;12.069;36.317582;43.0956;84.494;62.1145;43.8247;24.9004;18.9243;0.153;3.0353
12R_12V_04F_04M;lr101;1;1;12;04;04;91.6667;100;76.4706;18.6047;37.522591;24.3097;83.5261;55.018;41.5112;25.1866;16.3246;0.6289;5.0242000000000004
12R_12V_04F_04M;lr102;1;1;12;04;04;83.3333;100;55.7692;3.2258;35.37131;37.749;84.6198;60.9654;38.9734;24.7148;14.2586;0.2015;4.4556
12R_12V_04F_04M;lr103;1;1;12;04;04;66.6667;100;100;18.75;49.62425;59.9348;95.5304;78.144;30.4348;20.6522;9.7826;0;0.0981
12R_12V_04F_04M;lr104;1;1;12;04;04;75;100;73.0769;6.0606;39.5189;31.1786;85.6679;58.9028;30.3571;18.75;11.6071;0;0.0237
12R_12V_04F_04M;lr105;1;1;12;04;04;91.6667;100;60.4167;12.069;34.683155;43.0956;84.494;62.1405;42.8287;24.9004;17.9283;0.1205;3.0353
12R_12V_04F_04M;lr101;1;1;12;04;04;91.6667;100;76.4706;20.5882;36.334445;24.3097;83.5261;55.0112;41.5112;25.1866;16.3246;0.3898;4.8924
12R_12V_04F_04M;lr102;1;1;12;04;04;83.3333;100;69.0476;3.8462;37.25158;37.749;84.6198;60.9646;38.0228;24.7148;13.308;0.2015;4.4142
12R_12V_04F_04M;lr103;1;1;12;04;04;66.6667;100;82.7586;15.5172;47.372188;59.9348;95.5304;78.144;30.4348;20.6522;9.7826;0;0.0981
12R_12V_04F_04M;lr104;1;1;12;04;04;75;100;75.7576;5;38.322344;31.45;85.6071;58.9262;30.3571;18.75;11.6071;0.1653;0
12R_12V_04F_04M;lr105;1;1;12;04;04;91.6667;100;68.4211;12.069;36.025418;43.0956;84.494;62.1145;43.8247;24.9004;18.9243;0.153;3.0353
12R_12V_04F_04M;lr101;1;1;12;04;04;91.6667;100;60.4651;18.6047;35.921191;24.3097;83.5261;55.0173;41.5112;25.1866;16.3246;2.4524;4.9249
12R_12V_04F_04M;lr102;1;1;12;04;04;83.3333;100;61.9048;3.8462;36.70359;37.749;84.6198;61.0608;38.0228;24.7148;13.308;0.2015;4.6219
12R_12V_04F_04M;lr103;1;1;12;04;04;66.6667;100;82.7586;18.75;44.574238;59.9348;95.5304;78.2495;30.4348;20.6522;9.7826;0;0.0981
12R_12V_04F_04M;lr104;1;1;12;04;04;75;100;75.7576;6.0606;39.804456;31.45;85.6071;58.9262;30.3571;18.75;11.6071;0.1653;0
12R_12V_04F_04M;lr105;1;1;12;04;04;91.6667;100;50;14.5833;33.407918;43.0956;84.494;62.1145;43.8247;24.9004;18.9243;0.153;3.0353
12R_12V_04F_04M;lr101;1;1;12;04;04;91.6667;100;76.4706;20.5882;37.018927;24.3097;83.5261;55.0112;41.5112;25.1866;16.3246;0.3898;4.8924
12R_12V_04F_04M;lr102;1;1;12;04;04;83.3333;100;59.6154;3.2258;37.57354;37.749;84.6198;60.9981;38.9734;24.7148;14.2586;0.2015;4.4605
12R_12V_04F_04M;lr103;1;1;12;04;04;66.6667;100;100;18.75;47.114625;59.9348;95.1217;78.2261;29.3478;20.6522;8.6957;0;0.1164
12R_12V_04F_04M;lr104;1;1;12;04;04;75;100;75.7576;5;41.463356;31.45;85.6071;58.9262;30.3571;18.75;11.6071;0.1653;0
12R_12V_04F_04M;lr105;1;1;12;04;04;91.6667;100;76.3158;16.6667;34.794882;43.0956;84.494;62.1145;43.8247;24.9004;18.9243;0.153;3.0353
12R_12V_04F_04M;lr201;2;1;12;04;04;25;100;86.5385;32.6923;67.948733;16.455;73.083;52.4623;5.875;3.5;2.375;7.1585;8.0294
12R_12V_04F_04M;lr202;2;1;12;04;04;16.6667;100;86.9565;81.5789;84.2677;41.172;81.384;61.278;4.375;2.5;1.875;0;0
12R_12V_04F_04M;lr203;2;1;12;04;04;16.6667;75;97.3684;91.6667;94.51755;33.334;90.454;61.894;6.5;4;2.5;0;2.5949
12R_12V_04F_04M;lr204;2;1;12;04;04;16.6667;100;96.875;89.4737;93.17435;54.278;64.461;59.3695;2.875;2.5;0.375;0;0
12R_12V_04F_04M;lr205;2;1;12;04;04;16.6667;100;85.4167;79.3103;82.3635;53.674;70.246;61.96;4.625;3;1.625;0;2.6222
12R_12V_04F_04M;lr201;2;1;12;04;04;25;100;86.5385;50;73.717967;16.455;73.083;52.4623;5.875;3.5;2.375;7.1585;8.0294
12R_12V_04F_04M;lr202;2;1;12;04;04;16.6667;75;93.4783;67.3913;80.4348;36.017;86.44;61.2285;5.1667;4;1.1667;0;0
12R_12V_04F_04M;lr203;2;1;12;04;04;16.6667;75;100;95.8333;97.91665;32.683;88.316;60.4995;4.8333;3.6667;1.1667;0;0.1138
12R_12V_04F_04M;lr204;2;1;12;04;04;16.6667;100;96.875;89.4737;93.17435;56.947;62.895;59.921;3.625;2.5;1.125;0;0
12R_12V_04F_04M;lr205;2;1;12;04;04;25;75;94.8276;50;77.223233;15.996;65.455;41.1317;5;3.3333;1.6667;0;0.2455
12R_12V_04F_04M;lr201;2;1;12;04;04;25;100;86.5385;39.5349;70.2296;16.455;73.083;52.4623;5.875;3.5;2.375;7.1585;8.0294
12R_12V_04F_04M;lr202;2;1;12;04;04;16.6667;100;93.4783;67.3913;80.4348;41.172;79.755;60.4635;4.125;2.5;1.625;0;0
12R_12V_04F_04M;lr203;2;1;12;04;04;16.6667;75;86.2069;79.3103;82.7586;28.806;91.668;60.237;6;3.6667;2.3333;0;0
12R_12V_04F_04M;lr204;2;1;12;04;04;16.6667;75;96.875;96.875;96.875;59.083;62.321;60.702;4.3333;3.6667;0.6667;0;0
12R_12V_04F_04M;lr205;2;1;12;04;04;16.6667;100;98.2759;98.2759;98.2759;52.106;69.884;60.995;3.75;2.75;1;0;0
12R_12V_04F_04M;lr201;2;1;12;04;04;25;100;86.5385;32.6923;67.948733;16.455;73.083;52.4623;5.875;3.5;2.375;7.1585;8.0294
12R_12V_04F_04M;lr202;2;1;12;04;04;16.6667;75;86.9565;67.3913;77.1739;36.017;87.821;61.919;5.1667;4;1.1667;0;0
12R_12V_04F_04M;lr203;2;1;12;04;04;16.6667;75;100;95.8333;97.91665;33.922;88.316;61.119;4.8333;3.6667;1.1667;0;0.1138
12R_12V_04F_04M;lr204;2;1;12;04;04;16.6667;100;97.3684;96.875;97.1217;45.837;75.439;60.638;2.875;2.5;0.375;0;0
12R_12V_04F_04M;lr205;2;1;12;04;04;16.6667;100;98.2759;98.2759;98.2759;52.106;70.135;61.1205;3.75;2.75;1;0;0
12R_12V_04F_04M;lr201;2;1;12;04;04;25;100;86.5385;50;73.717967;16.455;73.083;52.4623;5.875;3.5;2.375;7.1585;8.0294
12R_12V_04F_04M;lr202;2;1;12;04;04;16.6667;100;93.4783;76.087;84.78265;42.669;79.755;61.212;4.625;2.75;1.875;0;0
12R_12V_04F_04M;lr203;2;1;12;04;04;16.6667;50;100;44.7368;72.3684;33.743;89.004;61.3735;8;6;2;0.0955;0.0955
12R_12V_04F_04M;lr204;2;1;12;04;04;16.6667;75;90.625;86.8421;88.73355;48.861;70.829;59.845;4.3333;3.3333;1;0;0
12R_12V_04F_04M;lr205;2;1;12;04;04;16.6667;75;94.8276;74.1379;84.48275;53.38;69.074;61.227;5.3333;3.6667;1.6667;0;0
40R_40V_02F_05M;LR1_2_1;1;1;40;02;05;50;100;92.3077;6.1538;49.980765;30.2082;96.4117;72.0406;10.4101;6.6246;3.7855;4.1547;27.3896
40R_40V_02F_05M;LR1_2_2;1;1;40;02;05;40;100;96.1538;24.6154;57.804481;15.2022;99.924;38.2572;3.7618;2.6646;1.0972;1.9228;10.888
40R_40V_02F_05M;LR1_2_3;1;1;40;02;05;37.5;100;100;10.4651;54.217753;22.4228;98.3807;64.8598;7.9563;4.9922;2.9641;0.9623;5.1631
40R_40V_02F_05M;LR1_2_4;1;1;40;02;05;25;100;91.8605;12.5;58.20738;33.4397;66.7737;57.6203;3.4483;2.5862;0.8621;0;2.1563
40R_40V_02F_05M;LR1_2_5;1;1;40;02;05;35;100;100;11.1111;58.888229;28.0457;96.183;66.3016;6.3091;4.1009;2.2082;0.8288;7.9677
40R_40V_02F_05M;LR1_2_1;1;1;40;02;05;50;100;92.3077;16.6667;49.89103;30.164;96.612;71.6138;10.7256;6.9401;3.7855;3.3002;28.0243
40R_40V_02F_05M;LR1_2_2;1;1;40;02;05;42.5;100;84.6154;12.8205;50.135753;14.3699;99.674;35.9895;4.7022;2.9781;1.7241;0.0326;14.8829
40R_40V_02F_05M;LR1_2_3;1;1;40;02;05;35;100;93.0233;10.4651;51.834471;22.4228;98.454;67.7979;6.2402;4.3682;1.8721;0.9576;5.8562
40R_40V_02F_05M;LR1_2_4;1;1;40;02;05;25;100;98.2759;20.8333;62.65393;35.9709;78.1013;58.1111;3.4483;2.3707;1.0776;0.5461;7.8417
40R_40V_02F_05M;LR1_2_5;1;1;40;02;05;35;100;100;1.1628;48.935621;31.9511;96.1404;67.0711;6.4669;4.4164;2.0505;0.9049;9.2289
40R_40V_02F_05M;LR1_2_1;1;1;40;02;05;50;100;95.3846;7.6923;51.3141;30.2082;96.0552;71.6633;11.5142;7.2555;4.2587;5.4259;23.713
40R_40V_02F_05M;LR1_2_2;1;1;40;02;05;42.5;100;91.0256;12.8205;57.096524;15.1089;99.1669;35.7857;5.0157;3.2915;1.7241;0.8754;8.9537
40R_40V_02F_05M;LR1_2_3;1;1;40;02;05;37.5;100;88.3721;15.1163;52.6064;33.5023;98.4945;66.1626;7.6443;5.3042;2.3401;1.7393;7.1902
40R_40V_02F_05M;LR1_2_4;1;1;40;02;05;25;100;100;19.4444;58.50786;26.6616;82.833;54.4034;3.125;2.5862;0.5388;0.0825;7.2475
40R_40V_02F_05M;LR1_2_5;1;1;40;02;05;32.5;100;100;16.6667;57.260685;40.6183;96.1404;70.1836;6.6246;4.4164;2.2082;1.701;8.4596
40R_40V_02F_05M;LR1_2_1;1;1;40;02;05;47.5;100;95.3846;13.8462;52.361679;40.8927;96.2256;75.6493;9.9369;6.3091;3.6278;3.5861;26.5995
40R_40V_02F_05M;LR1_2_2;1;1;40;02;05;37.5;100;96.1538;15.3846;52.871787;23.1293;99.1936;41.1898;4.9373;3.1348;1.8025;2.872;12.0359
40R_40V_02F_05M;LR1_2_3;1;1;40;02;05;35;100;93.0233;20.6897;55.802029;33.0328;99.6209;70.5773;6.3963;4.3682;2.0281;0;7.8614
40R_40V_02F_05M;LR1_2_4;1;1;40;02;05;25;100;96.5517;40.2778;69.19083;38.0862;66.8448;55.9256;3.6638;2.8017;0.8621;0;1.4787
40R_40V_02F_05M;LR1_2_5;1;1;40;02;05;32.5;100;100;22.2222;52.147292;41.6041;96.183;70.3087;6.7823;4.7319;2.0505;0.8293;8.0187
40R_40V_02F_05M;LR1_2_1;1;1;40;02;05;47.5;100;92.3077;18.4615;45.978411;45.6199;96.612;75.2029;10.7256;6.9401;3.7855;2.0009;24.6928
40R_40V_02F_05M;LR1_2_2;1;1;40;02;05;37.5;100;96.1538;16.6667;56.034187;15.2194;99.21;42.0956;4.1536;2.8213;1.3323;3.5048;12.7756
40R_40V_02F_05M;LR1_2_3;1;1;40;02;05;35;100;97.6744;27.7778;60.85685;28.1498;99.0265;69.1833;6.5523;4.6802;1.8721;2.5266;6.2984
40R_40V_02F_05M;LR1_2_4;1;1;40;02;05;25;100;84.7222;47.2222;65.17231;35.9709;68.2899;57.1889;3.3405;2.5862;0.7543;0.0228;8.2555
40R_40V_02F_05M;LR1_2_5;1;1;40;02;05;32.5;100;100;23.6111;54.724677;40.8502;96.1404;71.9216;7.2555;5.0473;2.2082;2.0002;9.7337
40R_40V_02F_05M;LR2_2_1;2;1;40;02;05;12.5;100;97.5;85;93.00746;37.432;91.3172;67.7727;2.0118;1.499;0.5128;2.1822;10.5558
40R_40V_02F_05M;LR2_2_2;2;1;40;02;05;10;80;98.75;85;92.3181;59.9247;80.813;70.8993;2.3669;1.5779;0.789;0.4693;7.8155
40R_40V_02F_05M;LR2_2_3;2;1;40;02;05;10;100;100;85;95.55555;20.9684;89.6264;64.2996;1.5779;1.1045;0.4734;1.6089;0
40R_40V_02F_05M;LR2_2_4;2;1;40;02;05;10;60;100;67.9487;84.935875;15.3148;87.7444;49.3992;1.2492;0.9204;0.3287;0;0
40R_40V_02F_05M;LR2_2_5;2;1;40;02;05;12.5;100;98.75;17.9104;79.93656;9.1085;88.1645;62.9924;1.8146;1.4201;0.3945;1.5453;7.3174
40R_40V_02F_05M;LR2_2_1;2;1;40;02;05;15;100;100;62.963;90.4192;11.9957;89.2552;56.1886;1.8935;1.3412;0.5523;0.8352;9.8518
40R_40V_02F_05M;LR2_2_2;2;1;40;02;05;10;100;98.1481;87.5;92.662025;54.1684;80.6193;71.3607;1.8146;1.2623;0.5523;0.41;9.8759
40R_40V_02F_05M;LR2_2_3;2;1;40;02;05;10;80;100;53.3333;87.152775;17.0418;88.1168;64.3036;2.1696;1.4793;0.6903;0.5457;0.651
40R_40V_02F_05M;LR2_2_4;2;1;40;02;05;10;100;98.4615;94.2308;96.25;16.9479;86.8682;48.9882;0.8284;0.7101;0.1183;0;0
40R_40V_02F_05M;LR2_2_5;2;1;40;02;05;12.5;60;100;94.0299;97.80598;21.7949;87.7858;64.2503;3.5503;2.3669;1.1834;1.3864;10.7498
40R_40V_02F_05M;LR2_2_1;2;1;40;02;05;15;100;96.25;32.5;80.644817;13.7389;90.0757;56.1494;1.8146;1.3412;0.4734;3.0326;11.2345
40R_40V_02F_05M;LR2_2_2;2;1;40;02;05;10;100;98.75;78.75;90.1306;54.4189;81.9531;70.5437;1.6963;1.1045;0.5917;2.0028;7.0899
40R_40V_02F_05M;LR2_2_3;2;1;40;02;05;10;100;100;50;86.458325;12.4316;86.9053;64.6246;1.3807;1.0256;0.355;0;1.4591
40R_40V_02F_05M;LR2_2_4;2;1;40;02;05;7.5;60;100;86.5385;94.8718;23.899;89.1645;66.1059;1.2492;0.9204;0.3287;0;0
40R_40V_02F_05M;LR2_2_5;2;1;40;02;05;12.5;80;100;73.1343;92.82836;19.4304;85.9321;63.682;2.071;1.5779;0.4931;2.3401;17.1907
40R_40V_02F_05M;LR2_2_1;2;1;40;02;05;12.5;100;100;59.7015;88.9403;39.4142;89.8694;68.9469;1.7751;1.499;0.2761;4.8029;15.1396
40R_40V_02F_05M;LR2_2_2;2;1;40;02;05;10;100;98.75;93.75;96.007475;53.5053;80.77;69.5953;2.0513;1.4201;0.6312;1.8316;4.4874
40R_40V_02F_05M;LR2_2_3;2;1;40;02;05;10;100;96.6667;54.1667;85.06945;20.4726;85.6611;65.0835;1.6568;1.1834;0.4734;0.5829;1.6399
40R_40V_02F_05M;LR2_2_4;2;1;40;02;05;7.5;80;96.1538;92.3077;94.017067;30.9546;87.346;61.8025;0.789;0.6903;0.0986;0;0
40R_40V_02F_05M;LR2_2_5;2;1;40;02;05;12.5;100;100;32.8358;85.31716;8.1696;80.6426;60.9951;1.7751;1.4201;0.355;1.0153;9.1885
40R_40V_02F_05M;LR2_2_1;2;1;40;02;05;15;100;100;19.403;85.027983;5.5412;91.3708;57.8066;1.8935;1.3412;0.5523;3.3637;11.892
40R_40V_02F_05M;LR2_2_2;2;1;40;02;05;10;80;97.5;73.75;80.652975;55.5961;82.6832;70.9359;2.6134;1.7751;0.8383;2.349;4.5763
40R_40V_02F_05M;LR2_2_3;2;1;40;02;05;12.5;100;100;39.5833;79.66666;4.9984;89.2375;51.4563;1.5385;1.1045;0.4339;0.121;1.9677
40R_40V_02F_05M;LR2_2_4;2;1;40;02;05;7.5;80;98.4615;88.4615;94.358933;25.402;97.4935;67.4626;1.5779;1.1834;0.3945;0;0
40R_40V_02F_05M;LR2_2_5;2;1;40;02;05;12.5;100;100;62.963;89.5441;26.789;86.5089;64.2727;2.0513;1.4201;0.6312;8.0526;16.4511
40R_40V_02F_06M;LR1_2_1;1;1;40;02;06;47.5;100;95.3846;19.2308;50.485832;45.6199;96.0552;73.6807;7.755;5.5205;2.2345;3.6063;23.9871
40R_40V_02F_06M;LR1_2_2;1;1;40;02;06;37.5;100;94.2308;5.1282;60.085473;9.8785;99.2202;40.5716;3.4613;2.3511;1.1102;2.2493;10.5079
40R_40V_02F_06M;LR1_2_3;1;1;40;02;06;32.5;100;93.0233;15.5172;59.231546;22.4228;99.0265;70.7251;5.0702;3.6401;1.4301;0.2081;8.2244
40R_40V_02F_06M;LR1_2_4;1;1;40;02;06;22.5;100;100;27.907;66.713689;54.9515;74.7716;62.3118;2.4246;1.9756;0.449;0.1523;2.4627
40R_40V_02F_06M;LR1_2_5;1;1;40;02;06;32.5;100;100;19.7674;55.201707999999996;41.6625;96.183;71.2351;4.9947;3.6803;1.3144;0.9894;10.1173
40R_40V_02F_06M;LR1_2_1;1;1;40;02;06;50;100;92.3077;6.1538;46.929485;30.1246;96.8817;70.2724;8.6751;5.7834;2.8917;6.2893;25.6924
40R_40V_02F_06M;LR1_2_2;1;1;40;02;06;40;100;93.8462;12.8205;55.288456;9.8785;95.8966;38.039;3.4613;2.4817;0.9796;1.2699;9.9656
40R_40V_02F_06M;LR1_2_3;1;1;40;02;06;32.5;100;93.0233;18.0556;59.105446;54.4727;95.78;72.4311;5.3302;3.9002;1.4301;0.7844;8.8411
40R_40V_02F_06M;LR1_2_4;1;1;40;02;06;25;100;97.2222;24.1379;64.15463;39.5302;70.4375;57.5236;3.3226;2.3348;0.9878;0;2.943
40R_40V_02F_06M;LR1_2_5;1;1;40;02;06;32.5;100;100;11.1111;58.062092;30.2476;96.183;70.9089;4.6004;3.1546;1.4458;0.9015;11.0202
40R_40V_02F_06M;LR1_2_1;1;1;40;02;06;50;100;95.3846;18.4615;48.91025;30.1246;97.6451;70.529;8.938;6.0463;2.8917;3.4248;21.4235
40R_40V_02F_06M;LR1_2_2;1;1;40;02;06;40;100;100;16.6667;53.389431;9.8785;99.0917;38.1266;3.7879;2.4817;1.3062;1.6325;10.97
40R_40V_02F_06M;LR1_2_3;1;1;40;02;06;35;100;93.0233;13.9535;62.283771;16.6521;95.78;68.1557;4.9402;3.6401;1.3001;1.4662;5.0172
40R_40V_02F_06M;LR1_2_4;1;1;40;02;06;27.5;100;98.8372;8.3333;58.688218;16.5237;68.2543;51.4714;2.7838;1.9756;0.8082;0;3.866
40R_40V_02F_06M;LR1_2_5;1;1;40;02;06;32.5;100;83.7209;23.6111;54.938608;25.735;95.8864;72.3058;4.7319;3.6803;1.0515;1.4549;10.2653
40R_40V_02F_06M;LR1_2_1;1;1;40;02;06;47.5;100;95.3846;13.8462;53.252368;40.8927;96.612;73.7733;8.5436;5.7834;2.7603;3.8466;22.9275
40R_40V_02F_06M;LR1_2_2;1;1;40;02;06;40;100;98.0769;19.2308;53.189106;14.9451;99.7171;37.8205;3.592;2.3511;1.2409;0.3656;12.4142
40R_40V_02F_06M;LR1_2_3;1;1;40;02;06;32.5;100;96.5517;16.6667;63.155585;32.9033;98.3807;71.216;5.0702;3.6401;1.4301;0.9608;8.4209
40R_40V_02F_06M;LR1_2_4;1;1;40;02;06;27.5;100;94.8276;25.5814;66.381336;21.5927;64.7015;51.4388;3.7716;2.694;1.0776;0.1272;1.234
40R_40V_02F_06M;LR1_2_5;1;1;40;02;06;32.5;100;90.6977;22.093;54.540646;36.9685;95.8864;72.3108;5.5205;3.9432;1.5773;1.3206;12.0029
40R_40V_02F_06M;LR1_2_1;1;1;40;02;06;50;100;95.3846;5.1282;50.56411;30.1246;96.0552;69.8034;8.6751;5.7834;2.8917;3.9596;23.978
40R_40V_02F_06M;LR1_2_2;1;1;40;02;06;40;100;96.1538;7.6923;54.943894;14.9271;99.1732;38.0891;3.592;2.4817;1.1102;0.611;11.6222
40R_40V_02F_06M;LR1_2_3;1;1;40;02;06;35;100;97.2222;12.5;56.641807;22.4228;99.0265;68.3887;5.9802;4.1602;1.8201;1.8226;5.4437
40R_40V_02F_06M;LR1_2_4;1;1;40;02;06;25;100;93.1034;43.0556;61.69741;38.1853;72.2522;56.6463;2.694;1.9756;0.7184;1.026;1.4658
40R_40V_02F_06M;LR1_2_5;1;1;40;02;06;30;100;100;23.6111;62.339517;56.4669;95.8864;77.4664;4.9947;3.4175;1.5773;2.0847;11.1215
40R_40V_02F_06M;LR2_2_1;2;1;40;02;06;15;100;95;66.6667;85.963017;22.6809;89.0623;55.786;1.808;1.2492;0.5588;1.4996;14.1105
40R_40V_02F_06M;LR2_2_2;2;1;40;02;06;10;83.3333;97.5;91.25;95.324075;35.4363;84.3941;65.6685;1.9724;1.2623;0.7101;0.8471;1.2349
40R_40V_02F_06M;LR2_2_3;2;1;40;02;06;10;83.3333;100;39.5833;83.22915;12.2836;88.8047;64.381;1.6963;1.2623;0.4339;0.0694;1.5463
40R_40V_02F_06M;LR2_2_4;2;1;40;02;06;7.5;83.3333;100;64.6154;86.068367;27.4473;87.1807;67.1891;0.6706;0.5523;0.1183;0;0
40R_40V_02F_06M;LR2_2_5;2;1;40;02;06;12.5;100;98.75;17.9104;79.93656;9.1085;88.1602;62.9819;1.5122;1.1834;0.3287;3.5392;7.6719
40R_40V_02F_06M;LR2_2_1;2;1;40;02;06;17.5;100;98.75;42.5;79.9921;8.2895;86.4213;49.0721;1.6437;1.1177;0.526;0.8103;16.9186
40R_40V_02F_06M;LR2_2_2;2;1;40;02;06;10;100;100;79.1045;89.55225;56.4773;81.0134;70.6996;1.5779;1.1834;0.3945;0.6277;4.7053
40R_40V_02F_06M;LR2_2_3;2;1;40;02;06;10;100;97.2222;41.6667;80.20835;6.675;91.5862;64.6498;1.6765;1.2492;0.4274;0.2511;0.229
40R_40V_02F_06M;LR2_2_4;2;1;40;02;06;10;66.6667;98.0769;29.2308;76.891025;6.9862;84.7306;49.6094;1.5779;1.1834;0.3945;0;0.7317
40R_40V_02F_06M;LR2_2_5;2;1;40;02;06;12.5;66.6667;100;94.0299;97.80598;21.7949;87.7858;64.2331;2.6627;1.7751;0.8876;1.4218;10.7963
40R_40V_02F_06M;LR2_2_1;2;1;40;02;06;15;100;98.75;74.0741;91.605633;22.0249;90.7337;56.4264;1.5779;1.1177;0.4602;1.4673;18.5254
40R_40V_02F_06M;LR2_2_2;2;1;40;02;06;12.5;100;100;59.7015;90.1418;13.3826;84.3168;56.3306;1.6437;1.1177;0.526;0.781;7.8111
40R_40V_02F_06M;LR2_2_3;2;1;40;02;06;10;83.3333;100;37.5;84.375;21.6651;87.443;65.6013;1.7357;1.4201;0.3156;0.9982;0.4243
40R_40V_02F_06M;LR2_2_4;2;1;40;02;06;7.5;66.6667;100;70.5128;89.6581;25.5515;86.8493;65.0776;0.9862;0.8876;0.0986;0;0.0101
40R_40V_02F_06M;LR2_2_5;2;1;40;02;06;12.5;100;98.5075;90;95.46076;27.0351;80.7045;63.3551;1.3478;0.9862;0.3616;8.4362;17.4239
40R_40V_02F_06M;LR2_2_1;2;1;40;02;06;17.5;100;100;14.8148;70.583886;8.5696;86.6986;49.6607;1.5779;1.1177;0.4602;1.7849;17.455
40R_40V_02F_06M;LR2_2_2;2;1;40;02;06;10;100;96.2963;67.5;87.642175;52.4734;81.1744;70.9111;1.6437;1.1177;0.526;1.4507;12.4973
40R_40V_02F_06M;LR2_2_3;2;1;40;02;06;10;83.3333;98.6111;48.6111;83.784725;17.9566;86.7258;64.6523;1.6963;1.1834;0.5128;2.9207;6.1429
40R_40V_02F_06M;LR2_2_4;2;1;40;02;06;7.5;66.6667;96.1538;92.3077;94.017067;30.9546;87.346;61.6456;0.789;0.6903;0.0986;0;0
40R_40V_02F_06M;LR2_2_5;2;1;40;02;06;12.5;100;100;32.8358;85.31716;8.1696;80.6;60.949;1.545;1.1834;0.3616;0.6102;9.1889
40R_40V_02F_06M;LR2_2_1;2;1;40;02;06;15;83.3333;98.75;18.5185;79.961417;9.7183;92.7329;57.7253;2.0118;1.499;0.5128;3.6751;14.2818
40R_40V_02F_06M;LR2_2_2;2;1;40;02;06;10;100;100;70.1493;88.4142;44.9961;82.086;69.5322;1.2821;0.9204;0.3616;0.0431;12.7246
40R_40V_02F_06M;LR2_2_3;2;1;40;02;06;10;100;100;66.6667;87.847225;16.3014;85.5456;64.131;1.4135;1.0519;0.3616;0.2113;0.8991
40R_40V_02F_06M;LR2_2_4;2;1;40;02;06;7.5;83.3333;98.4615;76.9231;87.9487;25.301;91.0832;66.8438;1.1045;0.8679;0.2367;0;0
40R_40V_02F_06M;LR2_2_5;2;1;40;02;06;12.5;100;100;62.963;89.5441;26.789;86.5089;64.2073;1.6437;1.1834;0.4602;8.4575;16.4922
40R_40V_04F_05M;LR1_2_1;1;0;40;04;05;52.5;100;91.0256;11.5385;36.825395;50.2713;99.765;78.4217;28.3912;16.7192;11.6719;2.7546;34.7364
40R_40V_04F_05M;LR1_2_2;1;1;40;04;05;57.5;100;96.1538;7.6923;45.719057;23.0788;83.4087;56.6516;24.8357;14.7175;10.1183;1.8007;11.7473
40R_40V_04F_05M;LR1_2_3;1;1;40;04;05;55;100;100;10.4651;42.718782;28.5023;99.8159;69.6149;34.0094;19.3448;14.6646;1.0158;9.1374
40R_40V_04F_05M;LR1_2_4;1;1;40;04;05;30;100;94.186;25.5814;60.122067;52.934;98.8168;67.4544;16.8373;10.0114;6.8259;0.0318;2.8535
40R_40V_04F_05M;LR1_2_5;1;1;40;04;05;50;100;76.7442;15.5172;37.198675;45.7271;96.3233;73.1141;33.123;19.2429;13.8801;2.5894;12.6648
40R_40V_04F_05M;LR1_2_1;1;0;40;04;05;52.5;100;91.0256;11.5385;36.825395;50.2713;99.765;78.4217;28.3912;16.7192;11.6719;2.7546;34.7364
40R_40V_04F_05M;LR1_2_2;1;1;40;04;05;52.5;100;94.2308;18.4615;47.472533;36.9645;82.8896;60.2251;25.0986;14.1919;10.9067;2.9666;10.3964
40R_40V_04F_05M;LR1_2_3;1;1;40;04;05;55;100;100;10.4651;42.718782;28.5023;99.8159;69.6149;34.0094;19.3448;14.6646;1.0158;9.1374
40R_40V_04F_05M;LR1_2_4;1;1;40;04;05;32.5;100;88.3721;31.9444;53.9308;32.6394;98.8168;62.9791;16.1547;10.2389;5.9158;0.0482;1.9685
40R_40V_04F_05M;LR1_2_5;1;1;40;04;05;50;100;81.9444;8.1395;42.97162;33.6924;96.1735;72.9614;33.2808;18.9274;14.3533;1.8396;13.0376
40R_40V_04F_05M;LR1_2_1;1;0;40;04;05;52.5;100;91.0256;11.5385;36.825395;50.2713;99.765;78.4217;28.3912;16.7192;11.6719;2.7546;34.7364
40R_40V_04F_05M;LR1_2_2;1;1;40;04;05;57.5;100;96.1538;7.6923;45.719057;23.0788;83.4087;56.6516;24.8357;14.7175;10.1183;1.8007;11.7473
40R_40V_04F_05M;LR1_2_3;1;1;40;04;05;55;100;100;10.4651;42.718782;28.5023;99.8159;69.6149;34.0094;19.3448;14.6646;1.0158;9.1374
40R_40V_04F_05M;LR1_2_4;1;1;40;04;05;32.5;100;94.4444;25.5814;50.577523;48.5495;98.8168;63.4284;19.3402;11.3766;7.9636;0.7646;1.6083
40R_40V_04F_05M;LR1_2_5;1;1;40;04;05;52.5;100;91.6667;9.3023;40.205967;34.1483;94.8265;70.3684;30.2839;18.2965;11.9874;2.0954;13.873
40R_40V_04F_05M;LR1_2_1;1;0;40;04;05;52.5;100;91.0256;11.5385;36.825395;50.2713;99.765;78.4217;28.3912;16.7192;11.6719;2.7546;34.7364
40R_40V_04F_05M;LR1_2_2;1;1;40;04;05;57.5;100;94.2308;12.8205;46.304357;23.0788;83.4087;56.3347;28.6465;16.2943;12.3522;1.4271;8.324
40R_40V_04F_05M;LR1_2_3;1;1;40;04;05;55;100;100;10.4651;42.718782;28.5023;99.8159;69.6149;34.0094;19.3448;14.6646;1.0158;9.1374
40R_40V_04F_05M;LR1_2_4;1;1;40;04;05;32.5;100;97.2222;17.4419;52.117146;39.0933;98.8362;61.8303;15.6997;9.7838;5.9158;1.8461;5.8932
40R_40V_04F_05M;LR1_2_5;1;1;40;04;05;50;100;81.9444;12.069;40.13372;33.6625;93.7902;71.6946;29.653;17.9811;11.6719;1.584;11.802
40R_40V_04F_05M;LR1_2_1;1;0;40;04;05;52.5;100;91.0256;11.5385;36.825395;50.2713;99.765;78.4217;28.3912;16.7192;11.6719;2.7546;34.7364
40R_40V_04F_05M;LR1_2_2;1;1;40;04;05;57.5;100;96.1538;7.6923;45.719057;23.0788;83.4087;56.6516;24.8357;14.7175;10.1183;1.8007;11.7473
40R_40V_04F_05M;LR1_2_3;1;1;40;04;05;55;100;100;10.4651;42.718782;28.5023;99.8159;69.6149;34.0094;19.3448;14.6646;1.0158;9.1374
40R_40V_04F_05M;LR1_2_4;1;1;40;04;05;35;100;89.5349;20.8333;52.206643;21.7986;94.9966;58.1693;15.3584;9.7838;5.5745;0.914;1.9388
40R_40V_04F_05M;LR1_2_5;1;1;40;04;05;52.5;100;89.6552;12.5;38.935343;34.3596;96.9464;71.6139;33.4385;19.2429;14.1956;3.0643;14.4357
40R_40V_04F_05M;LR2_2_1;2;1;40;04;05;17.5;100;98.75;16.25;74.891029;6.8276;92.2217;55.2641;6.2722;3.9448;2.3274;3.3689;12.4673
40R_40V_04F_05M;LR2_2_2;2;1;40;04;05;15;100;96.2963;20.8955;77.2403;8.7826;79.2462;54.6373;5.6016;3.6292;1.9724;0.4766;6.6331
40R_40V_04F_05M;LR2_2_3;2;1;40;04;05;12.5;100;100;62.5;87.38888;7.1164;86.0746;61.795;5.9566;3.7081;2.2485;1.138;0.2598
40R_40V_04F_05M;LR2_2_4;2;1;40;04;05;10;100;93.8462;69.2308;84.839775;31.8083;93.1262;60.6243;3.432;2.4458;0.9862;0;0
40R_40V_04F_05M;LR2_2_5;2;1;40;04;05;12.5;100;100;96.25;97.9515;40.7594;93.5227;71.2674;6.9428;4.2604;2.6824;0.2189;5.8556
40R_40V_04F_05M;LR2_2_1;2;1;40;04;05;17.5;100;98.5075;19.403;75.770271;8.6256;91.5002;57.6135;6.3511;4.1815;2.1696;2.2235;9.9333
40R_40V_04F_05M;LR2_2_2;2;1;40;04;05;12.5;100;98.5075;65;85.13668;17.1692;83.5061;65.4054;5.0888;3.3925;1.6963;1.6903;4.8454
40R_40V_04F_05M;LR2_2_3;2;1;40;04;05;10;100;100;93.75;96.35415;59.8686;85.729;76.9159;4.6943;3.2347;1.4596;0.4193;0.7666
40R_40V_04F_05M;LR2_2_4;2;1;40;04;05;10;100;100;60;87.91665;12.314;93.0107;60.7157;3.8264;2.6824;1.144;0;0
40R_40V_04F_05M;LR2_2_5;2;1;40;04;05;12.5;100;98.75;82.5;93.11194;47.2024;86.5424;70.7158;6.075;3.8659;2.2091;2.9017;5.6383
40R_40V_04F_05M;LR2_2_1;2;1;40;04;05;15;100;98.75;59.7015;80.702733;32.2229;90.2998;65.9047;6.2327;4.1815;2.0513;1.9116;13.1708
40R_40V_04F_05M;LR2_2_2;2;1;40;04;05;12.5;100;100;32.5;82.91044;27.2655;82.243;65.3824;5.0888;3.1558;1.9329;5.2228;7.3519
40R_40V_04F_05M;LR2_2_3;2;1;40;04;05;12.5;100;100;31.6667;82.33334;4.9984;89.6852;62.3169;5.2071;3.3136;1.8935;0;0.403
40R_40V_04F_05M;LR2_2_4;2;1;40;04;05;7.5;80;100;61.5385;86.538467;65.1105;99.1878;82.23;4.2406;2.7613;1.4793;0;0
40R_40V_04F_05M;LR2_2_5;2;1;40;04;05;12.5;100;100;98.5075;99.4515;44.4339;85.4138;71.8024;6.3116;4.497;1.8146;1.0337;9.6514
40R_40V_04F_05M;LR2_2_1;2;1;40;04;05;15;100;98.5075;79.1045;93.211267;31.3069;86.8533;63.797;6.785;4.1815;2.6036;3.526;13.4449
40R_40V_04F_05M;LR2_2_2;2;1;40;04;05;12.5;100;100;59.7015;84.88474;33.0422;83.6746;65.7182;5.9566;3.8659;2.0907;3.0503;4.6524
40R_40V_04F_05M;LR2_2_3;2;1;40;04;05;12.5;100;97.9167;8.3333;75.55556;9.7582;84.6039;62.5122;5.0493;3.1558;1.8935;1.7198;4.3989
40R_40V_04F_05M;LR2_2_4;2;1;40;04;05;7.5;80;100;93.5897;95.811967;48.0442;97.4217;80.6343;4.931;3.0572;1.8738;0;0
40R_40V_04F_05M;LR2_2_5;2;1;40;04;05;12.5;100;100;93.75;97.75;29.8682;88.189;70.43;6.2722;4.1815;2.0907;1.7295;7.921
40R_40V_04F_05M;LR2_2_1;2;1;40;04;05;15;100;100;71.25;86.524783;33.1026;89.5878;65.5955;6.9034;4.497;2.4063;5.5929;10.0253
40R_40V_04F_05M;LR2_2_2;2;1;40;04;05;12.5;100;100;72.5;91.25926;40.0765;82.243;66.8761;5.7594;3.5503;2.2091;0.6632;10.2715
40R_40V_04F_05M;LR2_2_3;2;1;40;04;05;10;100;100;90;93.33335;65.1732;92.2631;78.7624;5.286;3.3925;1.8935;0.3673;1.2898
40R_40V_04F_05M;LR2_2_4;2;1;40;04;05;10;100;100;73.8462;90.89745;25.4864;95.9562;61.2524;3.9842;2.5247;1.4596;0;0
40R_40V_04F_05M;LR2_2_5;2;1;40;04;05;12.5;100;100;80.597;93.3694;45.3018;85.213;71.7687;6.1933;3.8659;2.3274;2.2291;9.322
40R_40V_04F_06M;LR1_2_1;1;1;40;04;06;62.5;100;91.0256;7.6923;39.8359;43.0221;98.7918;72.1625;30.3628;17.8759;12.4869;2.5901;23.4021
40R_40V_04F_06M;LR1_2_2;1;1;40;04;06;57.5;100;90.7692;5.1282;42.937565;23.0512;83.1353;54.4897;19.7109;11.6075;8.1034;1.2364;9.7948
40R_40V_04F_06M;LR1_2_3;1;1;40;04;06;45;100;89.5349;19.7674;50.429606;34.6739;99.6443;76.1967;24.311;13.7806;10.5304;0.8559;4.1043
40R_40V_04F_06M;LR1_2_4;1;1;40;04;06;32.5;100;93.1034;18.0556;57.680746;23.3936;96.2901;61.3611;12.135;7.9636;4.1714;0.4196;2.3392
40R_40V_04F_06M;LR1_2_5;1;1;40;04;06;50;100;81.9444;12.5;40.312855;33.6688;94.7792;70.4465;25.8938;15.2471;10.6467;2.566;10.7264
40R_40V_04F_06M;LR1_2_1;1;1;40;04;06;62.5;100;91.0256;7.6923;39.8359;43.0221;98.7918;72.1625;30.3628;17.8759;12.4869;2.5901;23.4021
40R_40V_04F_06M;LR1_2_2;1;1;40;04;06;52.5;100;100;12.8205;48.424905;25.7976;82.7832;58.7515;18.7254;11.6075;7.1178;3.4423;12.1318
40R_40V_04F_06M;LR1_2_3;1;1;40;04;06;47.5;100;86.2069;13.7931;42.826284;43.1404;99.8112;72.6124;25.741;14.5606;11.1804;1.7751;6.5405
40R_40V_04F_06M;LR1_2_4;1;1;40;04;06;32.5;100;88.3721;24.4186;54.288062;37.8703;98.6428;61.756;13.2727;7.9636;5.3091;0.3297;1.8532
40R_40V_04F_06M;LR1_2_5;1;1;40;04;06;50;100;91.6667;9.3023;42.44453;33.6625;96.5631;70.3516;26.4196;15.2471;11.1725;1.8826;9.6172
40R_40V_04F_06M;LR1_2_1;1;1;40;04;06;62.5;100;91.0256;7.6923;39.8359;43.0221;98.7918;72.1625;30.3628;17.8759;12.4869;2.5901;23.4021
40R_40V_04F_06M;LR1_2_2;1;1;40;04;06;50;100;84.6154;16.6667;49.076925;25.0933;85.0933;59.9426;19.2729;11.8265;7.4463;2.4701;9.2424
40R_40V_04F_06M;LR1_2_3;1;1;40;04;06;47.5;100;98.2759;9.3023;43.9668;25.7847;96.6225;72.0051;24.701;14.0406;10.6604;0.9048;6.493
40R_40V_04F_06M;LR1_2_4;1;1;40;04;06;32.5;100;98.6111;25.8621;53.846577;40.5609;98.3652;60.8623;13.7467;8.3428;5.4039;1.0753;3.9957
40R_40V_04F_06M;LR1_2_5;1;1;40;04;06;47.5;100;89.6552;16.6667;43.709874;48.9779;96.8707;73.299;24.5794;14.1956;10.3838;2.0777;11.8782
40R_40V_04F_06M;LR1_2_1;1;1;40;04;06;62.5;100;91.0256;7.6923;39.8359;43.0221;98.7918;72.1625;30.3628;17.8759;12.4869;2.5901;23.4021
40R_40V_04F_06M;LR1_2_2;1;1;40;04;06;50;100;94.2308;20;50.10898;39.0171;85.4967;61.9464;19.1634;11.6075;7.5558;3.3376;13.115
40R_40V_04F_06M;LR1_2_3;1;1;40;04;06;52.5;100;84.7222;10.4651;44.867786;23.5429;99.6443;64.6693;25.611;15.3406;10.2704;0.9135;4.4273
40R_40V_04F_06M;LR1_2_4;1;1;40;04;06;30;100;89.6552;33.3333;55.868992;42.9283;97.711;67.834;13.4623;7.774;5.6883;2.8085;3.6755
40R_40V_04F_06M;LR1_2_5;1;1;40;04;06;47.5;100;81.9444;13.9535;42.080342;45.4006;96.8707;73.8711;23.1335;13.9327;9.2008;1.6425;12.6236
40R_40V_04F_06M;LR1_2_1;1;1;40;04;06;62.5;100;91.0256;7.6923;39.8359;43.0221;98.7918;72.1625;30.3628;17.8759;12.4869;2.5901;23.4021
40R_40V_04F_06M;LR1_2_2;1;1;40;04;06;52.5;100;94.2308;15.3846;48.858367;25.5493;82.9304;57.9892;21.025;12.9216;8.1034;3.2106;10.3913
40R_40V_04F_06M;LR1_2_3;1;1;40;04;06;50;100;98.2759;15.2778;44.20442;33.068600000000004;99.8159;66.3583;27.9511;15.8606;12.0905;0.6604;3.809
40R_40V_04F_06M;LR1_2_4;1;1;40;04;06;32.5;100;79.3103;20.8333;56.539615;36.1911;97.9226;62.0518;13.6519;8.3428;5.3091;0.9239;4.0178
40R_40V_04F_06M;LR1_2_5;1;1;40;04;06;47.5;100;68.6047;16.6667;42.374505;48.3155;96.9401;73.2429;23.0021;14.1956;8.8065;3.6238;11.6158
40R_40V_04F_06M;LR2_2_1;2;1;40;04;06;15;100;100;74.0741;93.569183;31.3598;92.6659;63.7331;5.5884;3.4845;2.1039;2.4539;12.6349
40R_40V_04F_06M;LR2_2_2;2;1;40;04;06;12.5;100;100;18.75;74.75;12.4493;82.3613;64.6778;5.2926;3.3531;1.9395;0.8528;4.8969
40R_40V_04F_06M;LR2_2_3;2;1;40;04;06;12.5;100;98.6111;66.6667;87.80556;16.3014;92.4024;59.821;4.142;2.6956;1.4464;0;0.1576
40R_40V_04F_06M;LR2_2_4;2;1;40;04;06;10;83.3333;100;61.5385;88.78205;15.368;91.8473;61.1178;3.8659;2.6824;1.1834;0;0
40R_40V_04F_06M;LR2_2_5;2;1;40;04;06;12.5;100;100;96.25;97.9515;40.6659;93.4769;70.3692;5.8185;3.5503;2.2682;0.5161;4.2824
40R_40V_04F_06M;LR2_2_1;2;1;40;04;06;15;100;100;59.7015;88.768533;32.013;91.7026;63.7252;5.687;3.6818;2.0053;2.2618;10.6512
40R_40V_04F_06M;LR2_2_2;2;1;40;04;06;12.5;100;100;73.75;88.25;44.9748;78.243;65.5132;5.2926;3.1558;2.1368;4.2987;6.6082
40R_40V_04F_06M;LR2_2_3;2;1;40;04;06;12.5;100;98.6111;39.5833;83.30554;5.1645;85.9882;61.6131;4.7995;2.8928;1.9066;2.0699;4.0116
40R_40V_04F_06M;LR2_2_4;2;1;40;04;06;10;100;100;30.7692;78.173075;11.3448;92.2947;61.2738;3.1229;2.1696;0.9533;0;0
40R_40V_04F_06M;LR2_2_5;2;1;40;04;06;12.5;100;98.75;82.5;93.11194;47.0959;86.4343;70.617;5.0625;3.2216;1.8409;1.893;6.7613
40R_40V_04F_06M;LR2_2_1;2;1;40;04;06;17.5;100;93.75;17.9104;74.7238;6.8276;92.3953;56.5979;4.9967;3.2216;1.7751;3.5151;9.7599
40R_40V_04F_06M;LR2_2_2;2;1;40;04;06;12.5;83.3333;95.5224;71.25;84.60448;24.8639;85.3669;64.5012;5.6805;3.7081;1.9724;2.8603;4.948
40R_40V_04F_06M;LR2_2_3;2;1;40;04;06;12.5;100;100;79.1667;90.3889;8.3649;84.359;60.3076;4.2406;2.8271;1.4135;0.1621;1.0014
40R_40V_04F_06M;LR2_2_4;2;1;40;04;06;7.5;100;100;98.4615;99.0598;63.9677;99.3475;80.754;2.8928;1.9724;0.9204;0;0
40R_40V_04F_06M;LR2_2_5;2;1;40;04;06;12.5;100;98.75;86.5672;93.31344;43.2351;86.7254;69.4869;5.7199;3.3531;2.3669;0.55;10.7126
40R_40V_04F_06M;LR2_2_1;2;1;40;04;06;17.5;100;100;7.5;78.510914;5.3247;91.3893;55.3236;6.1144;3.879;2.2354;3.6497;8.9741
40R_40V_04F_06M;LR2_2_2;2;1;40;04;06;12.5;100;98.75;83.5821;90.98494;36.5247;81.783;65.9266;5.0625;3.1558;1.9066;3.2143;4.3575
40R_40V_04F_06M;LR2_2_3;2;1;40;04;06;10;100;98.6111;93.3333;96.5972;60.5073;93.0951;76.7042;4.1749;2.6956;1.4793;1.195;0.3595
40R_40V_04F_06M;LR2_2_4;2;1;40;04;06;7.5;83.3333;100;93.5897;97.863233;46.6635;97.3491;79.402;3.9448;2.4458;1.499;0;0
40R_40V_04F_06M;LR2_2_5;2;1;40;04;06;12.5;100;100;93.75;97.75;29.8682;88.189;70.2895;5.5227;3.4845;2.0381;1.7407;8.0131
40R_40V_04F_06M;LR2_2_1;2;1;40;04;06;15;100;100;59.7015;89.452733;32.4189;90.6055;63.7784;6.1144;3.879;2.2354;3.2447;8.2103
40R_40V_04F_06M;LR2_2_2;2;1;40;04;06;12.5;100;98.5075;73.75;84.55336;40.768;84.9582;65.8327;4.9967;3.1558;1.8409;0.272;8.9833
40R_40V_04F_06M;LR2_2_3;2;1;40;04;06;10;83.3333;100;83.3333;95.3125;62.0671;88.7006;76.1399;5.9172;3.6292;2.288;0.6778;0.8127
40R_40V_04F_06M;LR2_2_4;2;1;40;04;06;7.5;83.3333;98.7179;92.3077;95.726467;67.8821;96.2824;81.5183;3.7475;2.4458;1.3018;0;0
40R_40V_04F_06M;LR2_2_5;2;1;40;04;06;15;100;100;14.8148;84.868817;13.4126;83.7266;60.2196;4.8981;3.3531;1.545;4.1292;9.2428
60R_60V_02F_05M;LR1_2_1;1;1;60;02;05;43.3333;100;96.9231;20;55.887581;36.494;98.6325;66.0727;12.1172;7.723;4.3941;0.3924;20.0336
60R_60V_02F_05M;LR1_2_2;1;1;60;02;05;36.6667;100;94.2308;8.9744;54.504664;20.7961;92.7764;55.7615;8.1788;5.4526;2.7263;0.8635;16.8075
60R_60V_02F_05M;LR1_2_3;1;1;60;02;05;31.6667;100;94.4444;19.7674;54.887274;43.3938;83.1934;61.7677;8.4223;5.4567;2.9656;1.1009;10.1198
60R_60V_02F_05M;LR1_2_4;1;1;60;02;05;21.6667;100;93.0556;29.1667;70.3203;65.1183;98.0331;85.817;7.571;5.0473;2.5237;0.0058;0.3685
60R_60V_02F_05M;LR1_2_5;1;1;60;02;05;35;100;91.6667;23.6111;54.590167;36.0079;96.6356;74.6577;11.6719;7.2555;4.4164;0.4251;13.7523
60R_60V_02F_05M;LR1_2_1;1;1;60;02;05;45;100;92.3077;3.8462;54.819563;25.0373;97.3782;64.319;12.2503;7.4567;4.7936;1.8244;20.7396
60R_60V_02F_05M;LR1_2_2;1;1;60;02;05;36.6667;100;100;5.1282;56.043118;25.3108;97.8201;55.2407;9.0513;5.8888;3.1625;1.2057;10.3429
60R_60V_02F_05M;LR1_2_3;1;1;60;02;05;33.3333;100;98.8372;25;59.904315;24.9526;81.5386;56.6517;8.7782;5.694;3.0842;0.449;4.6079
60R_60V_02F_05M;LR1_2_4;1;1;60;02;05;21.6667;100;96.5517;18.6047;60.756423;22.4511;98.9259;84.3992;6.6246;4.7319;1.8927;0.0042;0.0042
60R_60V_02F_05M;LR1_2_5;1;1;60;02;05;36.6667;100;86.2069;11.1111;51.670164;40.3975;93.6956;71.7023;11.3565;7.2555;4.1009;0.4266;14.1125
60R_60V_02F_05M;LR1_2_1;1;1;60;02;05;43.3333;100;96.9231;1.2821;56.449708;34.1784;97.3968;65.6414;13.0493;8.2557;4.7936;1.6759;19.3344
60R_60V_02F_05M;LR1_2_2;1;1;60;02;05;36.6667;100;96.1538;29.2308;57.144523;19.651;97.9291;56.5439;8.615;5.8888;2.7263;1.7216;12.2179
60R_60V_02F_05M;LR1_2_3;1;1;60;02;05;36.6667;100;97.2222;12.5;52.340718;25.7224;84.0866;54.3604;10.2017;6.4057;3.796;1.0781;5.0658
60R_60V_02F_05M;LR1_2_4;1;1;60;02;05;21.6667;100;98.8372;46.5517;67.984269;27.3612;97.3659;86.8167;7.2555;5.0473;2.2082;0;0.6065
60R_60V_02F_05M;LR1_2_5;1;1;60;02;05;36.6667;100;94.8276;13.7931;51.17965;26.336;93.8959;71.9624;10.7256;6.6246;4.1009;0.3828;11.7981
60R_60V_02F_05M;LR1_2_1;1;1;60;02;05;46.6667;100;96.1538;4.6154;49.958793;27.9667;98.1891;63.5484;11.5846;7.723;3.8615;1.7473;22.3189
60R_60V_02F_05M;LR1_2_2;1;1;60;02;05;35;100;86.5385;8.9744;59.853467;37.9858;97.8375;58.8449;8.0698;5.2345;2.8353;0.8705;13.1903
60R_60V_02F_05M;LR1_2_3;1;1;60;02;05;31.6667;100;88.3721;22.4138;55.476484;35.3144;81.5457;61.2296;9.134;5.694;3.4401;0.1676;4.6615
60R_60V_02F_05M;LR1_2_4;1;1;60;02;05;20;100;100;43.0556;72.996875;76.6577;99.6498;92.6748;5.6782;4.1009;1.5773;0.496;1.0388
60R_60V_02F_05M;LR1_2_5;1;1;60;02;05;36.6667;100;79.1667;13.7931;52.750691;38.3864;94.0931;69.416;11.9874;7.571;4.4164;0.31;12.391
60R_60V_02F_05M;LR1_2_1;1;1;60;02;05;43.3333;100;96.9231;25;54.861935;25.0373;96.5419;64.7904;11.4514;7.4567;3.9947;1.1443;22.8515
60R_60V_02F_05M;LR1_2_2;1;1;60;02;05;36.6667;100;98.0769;12.8205;61.771559;31.7481;97.434;57.0912;8.9422;5.6707;3.2715;1.4651;13.8084
60R_60V_02F_05M;LR1_2_3;1;1;60;02;05;33.3333;100;98.8372;15.1163;57.734895;28.9454;83.4769;59.77;7.9478;5.4567;2.4911;0.4047;6.504
60R_60V_02F_05M;LR1_2_4;1;1;60;02;05;21.6667;100;98.2759;27.7778;68.668308;60.2792;98.8265;87.1474;6.6246;4.7319;1.8927;0.1246;0.466
60R_60V_02F_05M;LR1_2_5;1;1;60;02;05;36.6667;100;93.1034;9.3023;52.724709;37.7319;96.6514;71.2007;11.6719;6.9401;4.7319;0.585;12.9787
60R_60V_02F_05M;LR2_2_1;2;1;60;02;05;13.3333;100;97.5;75.9259;90.091725;22.3471;91.8107;65.1274;2.6824;1.8146;0.8679;2.3585;16.3971
60R_60V_02F_05M;LR2_2_2;2;1;60;02;05;11.6667;100;98.75;63.75;85.194557;14.7408;84.0659;61.2548;2.6824;1.8935;0.789;0.4971;2.8797
60R_60V_02F_05M;LR2_2_3;2;1;60;02;05;11.6667;100;98.4615;53.8462;83.956043;14.9156;87.2446;61.1303;2.6824;1.8935;0.789;0.2906;2.3514
60R_60V_02F_05M;LR2_2_4;2;1;60;02;05;6.6667;100;100;90.7692;95.961525;67.1507;96.3503;77.2912;1.7751;1.2623;0.5128;0;0.0421
60R_60V_02F_05M;LR2_2_5;2;1;60;02;05;11.6667;100;100;85;97.108214;53.0919;91.8004;72.1047;3.1558;2.288;0.8679;1.4763;7.9484
60R_60V_02F_05M;LR2_2_1;2;1;60;02;05;11.6667;100;100;82.5;96.078043;49.5377;91.4189;73.1612;2.9586;2.1302;0.8284;2.5063;9.9169
60R_60V_02F_05M;LR2_2_2;2;1;60;02;05;11.6667;100;98.75;25.9259;74.9537;13.6418;83.0848;61.5543;3.1558;2.2091;0.9467;0.2441;6.1386
60R_60V_02F_05M;LR2_2_3;2;1;60;02;05;10;100;100;78.4615;92.542717;22.9077;88.0075;70.6481;3.1953;2.1302;1.0651;1.9498;2.7744
60R_60V_02F_05M;LR2_2_4;2;1;60;02;05;8.3333;100;98.7179;78.2051;92.12818;18.7763;99.6627;63.7493;1.6963;1.1834;0.5128;0;0.0339
60R_60V_02F_05M;LR2_2_5;2;1;60;02;05;11.6667;100;100;96.25;98.715357;61.5172;92.0146;72.583;2.8402;1.9724;0.8679;1.5152;17.5334
60R_60V_02F_05M;LR2_2_1;2;1;60;02;05;11.6667;100;100;91.25;97.478571;41.0675;88.2813;71.5548;2.643;1.8935;0.7495;2.3958;14.2457
60R_60V_02F_05M;LR2_2_2;2;1;60;02;05;11.6667;100;100;29.6296;83.0291;7.3637;83.054;60.6547;2.7219;1.9724;0.7495;0.7254;3.1799
60R_60V_02F_05M;LR2_2_3;2;1;60;02;05;10;100;98.4615;70.7692;91.06835;28.2714;86.4611;70.2794;2.7613;1.9724;0.789;0.013;5.4345
60R_60V_02F_05M;LR2_2_4;2;1;60;02;05;10;100;100;50;88.760683;12.088;96.9112;53.4574;1.5779;1.1834;0.3945;0;0.0468
60R_60V_02F_05M;LR2_2_5;2;1;60;02;05;13.3333;100;100;95.5224;98.472487;27.5613;87.3128;64.301;2.7613;2.1302;0.6312;1.2093;13.6016
60R_60V_02F_05M;LR2_2_1;2;1;60;02;05;11.6667;100;100;79.1045;93.2063;58.9519;87.4631;75.7844;2.5247;1.7357;0.789;3.4035;17.9319
60R_60V_02F_05M;LR2_2_2;2;1;60;02;05;11.6667;80;98.75;20.8955;82.667914;13.6418;90.8943;62.0459;3.5503;2.4655;1.0848;0.838;2.6102
60R_60V_02F_05M;LR2_2_3;2;1;60;02;05;10;100;100;71.7949;89.786333;23.3673;85.6635;70.3376;2.9191;1.9724;0.9467;2.3984;5.094
60R_60V_02F_05M;LR2_2_4;2;1;60;02;05;10;100;98.7179;26.9231;74.059817;6.8284;98.888;54.117;1.8146;1.4201;0.3945;0;0.2253
60R_60V_02F_05M;LR2_2_5;2;1;60;02;05;11.6667;100;100;91.25;97.8225;59.445;89.798;71.5205;3.0375;2.288;0.7495;3.6992;16.1545
60R_60V_02F_05M;LR2_2_1;2;1;60;02;05;11.6667;100;100;77.5;93.214286;62.402;90.4959;76.3634;2.998;1.9724;1.0256;4.5982;15.2044
60R_60V_02F_05M;LR2_2_2;2;1;60;02;05;13.3333;100;100;25;81.446763;9.5081;81.1227;54.0275;3.3925;2.0513;1.3412;1.8759;2.1849
60R_60V_02F_05M;LR2_2_3;2;1;60;02;05;10;100;98.0769;57.6923;85.87605;17.3684;89.4761;68.7863;2.4063;1.8146;0.5917;1.6762;1.5044
60R_60V_02F_05M;LR2_2_4;2;1;60;02;05;8.3333;100;98.4615;67.6923;90.15384;18.0943;98.5061;64.7693;1.6568;1.1834;0.4734;0.1086;0.1086
60R_60V_02F_05M;LR2_2_5;2;1;60;02;05;11.6667;100;98.75;95;96.681771;60.2142;93.1381;72.7519;2.7219;1.9724;0.7495;2.2699;11.2292
60R_60V_02F_06M;LR1_2_1;1;1;60;02;06;43.3333;100;96.9231;6.1538;55.320512;31.8375;98.3609;64.3031;9.3209;6.2139;3.107;2.5265;18.0587
60R_60V_02F_06M;LR1_2_2;1;1;60;02;06;35;100;90.7692;6.1538;58.192914;18.4842;97.8375;57.2503;6.8157;4.5438;2.2719;2.1867;10.737
60R_60V_02F_06M;LR1_2_3;1;1;60;02;06;31.6667;100;81.9444;18.0556;55.235132;39.2017;84.0107;58.7436;7.7106;4.9427;2.7679;0.3477;5.1588
60R_60V_02F_06M;LR1_2_4;1;1;60;02;06;21.6667;100;98.6111;43.0556;71.903077;54.9811;99.2918;85.2615;6.0463;4.2061;1.8402;0.626;1.4115
60R_60V_02F_06M;LR1_2_5;1;1;60;02;06;36.6667;100;91.3793;9.3023;53.061223;25.3423;93.8959;72.0946;9.0694;5.7834;3.286;1.2303;12.8235
60R_60V_02F_06M;LR1_2_1;1;1;60;02;06;45;100;88.4615;12.8205;53.974359;24.3156;96.6844;62.9968;10.9854;7.1016;3.8837;2.9976;19.6152
60R_60V_02F_06M;LR1_2_2;1;1;60;02;06;36.6667;100;100;10.7692;55.116545;13.1385;98.627;55.3765;5.9069;4.1803;1.7266;0.6;12.9109
60R_60V_02F_06M;LR1_2_3;1;1;60;02;06;33.3333;100;89.6552;26.7442;61.081755;34.1851;84.0866;57.0391;7.9083;5.1404;2.7679;0.8888;3.8909
60R_60V_02F_06M;LR1_2_4;1;1;60;02;06;21.6667;100;98.2759;12.5;68.130608;20.0174;98.3801;85.8034;5.7834;4.469;1.3144;0.1206;1.3198
60R_60V_02F_06M;LR1_2_5;1;1;60;02;06;35;100;81.9444;29.3103;53.898119;56.4858;93.8612;75.0086;10.1209;6.3091;3.8118;1.1177;10.1668
60R_60V_02F_06M;LR1_2_1;1;1;60;02;06;43.3333;100;86.5385;7.6923;55.2219;35.6631;94.8628;64.4425;10.5415;6.8797;3.6618;2.8266;20.3554
60R_60V_02F_06M;LR1_2_2;1;1;60;02;06;36.6667;100;100;21.7949;54.941723;37.759;97.3664;55.8701;7.4518;4.7256;2.7263;0.693;12.2092
60R_60V_02F_06M;LR1_2_3;1;1;60;02;06;35;100;96.5517;16.2791;56.467433;15.3677;84.0474;54.4696;7.9083;4.9427;2.9656;0.7072;5.0844
60R_60V_02F_06M;LR1_2_4;1;1;60;02;06;21.6667;100;93.0556;43.0556;72.541454;71.1136;97.2382;86.2156;6.3091;4.469;1.8402;0.3704;1.1066
60R_60V_02F_06M;LR1_2_5;1;1;60;02;06;36.6667;100;98.2759;11.1111;53.117273;47.5284;93.8959;70.4515;8.6751;5.5205;3.1546;0.8943;15.0626
60R_60V_02F_06M;LR1_2_1;1;1;60;02;06;41.6667;100;92.3077;15.3846;57.687184;35.3595;96.5419;67.3227;9.6538;6.4359;3.2179;2.7065;19.7184
60R_60V_02F_06M;LR1_2_2;1;1;60;02;06;35;100;100;20;58.846157;19.651;96.7721;57.905;6.7248;4.3621;2.3628;0.5269;13.6901
60R_60V_02F_06M;LR1_2_3;1;1;60;02;06;33.3333;100;93.1034;9.7222;54.9952;38.1471;80.3132;58.1696;7.7106;4.9427;2.7679;0.7481;6.0749
60R_60V_02F_06M;LR1_2_4;1;1;60;02;06;21.6667;83.3333;93.1034;27.7778;68.181915;43.847;98.4795;85.6529;6.9401;4.7319;2.2082;0.1572;0.3807
60R_60V_02F_06M;LR1_2_5;1;1;60;02;06;38.3333;100;86.1111;23.6111;49.84707;22.7729;94.0931;67.4379;9.5952;6.0463;3.5489;0.5708;13.5441
60R_60V_02F_06M;LR1_2_1;1;1;60;02;06;43.3333;100;95.3846;16.6667;55.384619;26.0759;97.3968;64.1352;9.2099;5.992;3.2179;2.7302;20.6838
60R_60V_02F_06M;LR1_2_2;1;1;60;02;06;35;100;100;13.4615;60.11599;35.7841;93.8441;58.5637;7.4518;4.9073;2.5445;1.0246;10.4043
60R_60V_02F_06M;LR1_2_3;1;1;60;02;06;36.6667;100;100;4.6512;52.041314;12.6619;82.3238;51.5485;7.3151;4.5473;2.7679;0.8556;5.4491
60R_60V_02F_06M;LR1_2_4;1;1;60;02;06;21.6667;100;100;15.1163;74.710077;30.9227;99.5757;86.9652;5.6519;4.2061;1.4458;0.1287;0.926
60R_60V_02F_06M;LR1_2_5;1;1;60;02;06;36.6667;100;98.2759;8.1395;53.912764;40.3549;96.6435;71.9849;9.9895;6.572;3.4175;0.5353;11.9274
60R_60V_02F_06M;LR2_2_1;2;1;60;02;06;13.3333;100;100;59.7015;90.105375;21.1523;89.8103;64.6829;2.7942;1.9066;0.8876;1.6967;10.7554
60R_60V_02F_06M;LR2_2_2;2;1;60;02;06;11.6667;100;100;59.7015;89.888057;18.3176;81.9049;60.291;2.2682;1.6437;0.6246;1.6351;3.9875
60R_60V_02F_06M;LR2_2_3;2;1;60;02;06;10;100;100;73.0769;89.850433;22.903;88.5085;69.3262;2.0381;1.5122;0.526;3.0196;3.371
60R_60V_02F_06M;LR2_2_4;2;1;60;02;06;6.6667;66.6667;98.4615;92.3077;95.961525;62.4513;94.4363;79.2912;1.7258;1.2821;0.4438;0;0.2795
60R_60V_02F_06M;LR2_2_5;2;1;60;02;06;13.3333;100;100;29.8507;89.638525;16.7724;91.7243;63.7485;2.3669;1.8409;0.526;1.9881;15.0166
60R_60V_02F_06M;LR2_2_1;2;1;60;02;06;13.3333;100;98.5075;28.3582;83.750012;10.6213;86.054;65.2731;2.4326;1.7094;0.7232;2.5166;14.9792
60R_60V_02F_06M;LR2_2_2;2;1;60;02;06;10;100;98.1481;50;82.19135;55.9026;81.1949;71.0688;2.3997;1.7094;0.6903;0.7984;3.7427
60R_60V_02F_06M;LR2_2_3;2;1;60;02;06;11.6667;100;100;25;82.655657;4.8126;85.8134;60.9724;2.1696;1.5122;0.6575;0.0215;2.0582
60R_60V_02F_06M;LR2_2_4;2;1;60;02;06;8.3333;83.3333;100;71.7949;91.02564;28.2331;89.5976;63.2717;1.8935;1.3412;0.5523;0;0
60R_60V_02F_06M;LR2_2_5;2;1;60;02;06;11.6667;100;100;96.25;98.715357;61.5172;91.9558;72.5221;2.3011;1.6437;0.6575;1.5154;17.5638
60R_60V_02F_06M;LR2_2_1;2;1;60;02;06;13.3333;100;98.75;37.3134;88.151775;25.1191;89.0241;66.2668;1.7751;1.3149;0.4602;2.1221;22.4311
60R_60V_02F_06M;LR2_2_2;2;1;60;02;06;11.6667;100;100;27.5;75.582014;20.1633;83.3349;61.2179;2.2682;1.5122;0.7561;0.3156;4.3963
60R_60V_02F_06M;LR2_2_3;2;1;60;02;06;10;100;98.4615;38.4615;86.410233;21.8497;85.1933;70.5974;2.7942;1.8409;0.9533;1.7608;2.8925
60R_60V_02F_06M;LR2_2_4;2;1;60;02;06;8.3333;100;100;69.2308;91.41026;20.8146;99.8083;64.6764;1.3478;0.9862;0.3616;0;0
60R_60V_02F_06M;LR2_2_5;2;1;60;02;06;13.3333;100;100;95.5224;98.472487;27.5613;87.1854;64.0418;2.4655;1.7751;0.6903;2.003;12.8949
60R_60V_02F_06M;LR2_2_1;2;1;60;02;06;13.3333;100;100;56.25;87.09845;7.6414;91.4292;66.0944;2.1368;1.5779;0.5588;4.3912;12
60R_60V_02F_06M;LR2_2_2;2;1;60;02;06;11.6667;100;98.75;73.75;90.334443;28.3077;82.7538;61.0523;2.2682;1.5779;0.6903;1.2296;4.422
60R_60V_02F_06M;LR2_2_3;2;1;60;02;06;10;83.3333;98.7179;72.3077;93.098267;24.2391;87.1554;69.7224;2.4458;1.7357;0.7101;0.9223;3.4829
60R_60V_02F_06M;LR2_2_4;2;1;60;02;06;6.6667;66.6667;100;96.9231;98.58975;61.6426;95.9613;78.4613;2.1203;1.3807;0.7396;0;0
60R_60V_02F_06M;LR2_2_5;2;1;60;02;06;13.3333;100;100;80.597;95.356813;35.2959;81.7207;62.8111;2.9257;2.0381;0.8876;1.5742;14.4798
60R_60V_02F_06M;LR2_2_1;2;1;60;02;06;13.3333;100;100;80;92.383138;39.2903;87.9365;66.3069;2.334;1.7094;0.6246;2.4181;16.9488
60R_60V_02F_06M;LR2_2_2;2;1;60;02;06;11.6667;100;98.1481;61.194;84.658143;14.6489;82.8529;61.2552;2.1696;1.5779;0.5917;1.3761;6.9022
60R_60V_02F_06M;LR2_2_3;2;1;60;02;06;10;100;100;89.2308;95.128217;27.0525;85.5081;70.8632;2.5641;1.8409;0.7232;1.2256;5.3551
60R_60V_02F_06M;LR2_2_4;2;1;60;02;06;10;83.3333;100;38.4615;84.294867;10.9191;86.8331;53.697;1.5779;1.1834;0.3945;0;1.0941
60R_60V_02F_06M;LR2_2_5;2;1;60;02;06;11.6667;100;98.75;95;96.681771;59.3329;93.0458;72.5797;2.2682;1.6437;0.6246;2.1149;11.3201
60R_60V_04F_05M;LR1_2_1;1;0;60;04;05;48.3333;100;78.8462;5.1282;38.762155;33.5618;98.9295;54.9476;30.2603;16.4859;13.7744;4.0605;28.7614
60R_60V_04F_05M;LR1_2_2;1;0;60;04;05;25;100;75;20;37.7094;27.0983;68.7322;53.3314;12.8993;8.1081;4.7912;1.9502;28.7999
60R_60V_04F_05M;LR1_2_3;1;1;60;04;05;45;100;97.2222;12.7907;43.877481;20.9312;93;63.0242;36.4331;20.1274;16.3057;0.7744;6.2254
60R_60V_04F_05M;LR1_2_4;1;1;60;04;05;30;100;94.8276;17.4419;59.522933;23.4624;78.3622;59.6492;19.7286;11.4823;8.2463;0.2673;1.1248
60R_60V_04F_05M;LR1_2_5;1;0;60;04;05;21.6667;100;76.3889;12.5;38.226277;37.524;97.002;56.8718;12.1242;7.2144;4.9098;1.2295;25.8721
60R_60V_04F_05M;LR1_2_1;1;0;60;04;05;48.3333;100;78.8462;5.1282;38.762155;33.5618;98.9295;54.9476;30.2603;16.4859;13.7744;4.0605;28.7614
60R_60V_04F_05M;LR1_2_2;1;0;60;04;05;25;100;75;20;37.7094;27.0983;68.7322;53.3314;12.8993;8.1081;4.7912;1.9502;28.7999
60R_60V_04F_05M;LR1_2_3;1;1;60;04;05;45;100;97.2222;12.7907;43.877481;20.9312;93;63.0242;36.4331;20.1274;16.3057;0.7744;6.2254
60R_60V_04F_05M;LR1_2_4;1;1;60;04;05;28.3333;100;97.6744;36.0465;59.729171;30.5752;77.7474;61.682;18.7891;11.0647;7.7244;0.0501;1.0269
60R_60V_04F_05M;LR1_2_5;1;0;60;04;05;21.6667;100;76.3889;12.5;38.226277;37.524;97.002;56.8718;12.1242;7.2144;4.9098;1.2295;25.8721
60R_60V_04F_05M;LR1_2_1;1;0;60;04;05;48.3333;100;78.8462;5.1282;38.762155;33.5618;98.9295;54.9476;30.2603;16.4859;13.7744;4.0605;28.7614
60R_60V_04F_05M;LR1_2_2;1;0;60;04;05;25;100;75;20;37.7094;27.0983;68.7322;53.3314;12.8993;8.1081;4.7912;1.9502;28.7999
60R_60V_04F_05M;LR1_2_3;1;1;60;04;05;45;100;97.2222;12.7907;43.877481;20.9312;93;63.0242;36.4331;20.1274;16.3057;0.7744;6.2254
60R_60V_04F_05M;LR1_2_4;1;1;60;04;05;30;100;93.0233;27.5862;56.456167;33.9228;76.2735;60.4175;21.9207;13.3612;8.5595;0.0552;1.1418
60R_60V_04F_05M;LR1_2_5;1;0;60;04;05;21.6667;100;76.3889;12.5;38.226277;37.524;97.002;56.8718;12.1242;7.2144;4.9098;1.2295;25.8721
60R_60V_04F_05M;LR1_2_1;1;0;60;04;05;48.3333;100;78.8462;5.1282;38.762155;33.5618;98.9295;54.9476;30.2603;16.4859;13.7744;4.0605;28.7614
60R_60V_04F_05M;LR1_2_2;1;0;60;04;05;25;100;75;20;37.7094;27.0983;68.7322;53.3314;12.8993;8.1081;4.7912;1.9502;28.7999
60R_60V_04F_05M;LR1_2_3;1;1;60;04;05;45;100;97.2222;12.7907;43.877481;20.9312;93;63.0242;36.4331;20.1274;16.3057;0.7744;6.2254
60R_60V_04F_05M;LR1_2_4;1;1;60;04;05;30;100;96.5517;20.6897;62.626472;42.7557;80.8351;59.9438;21.2944;12.3173;8.977;0.05;0.1991
60R_60V_04F_05M;LR1_2_5;1;0;60;04;05;21.6667;100;76.3889;12.5;38.226277;37.524;97.002;56.8718;12.1242;7.2144;4.9098;1.2295;25.8721
60R_60V_04F_05M;LR1_2_1;1;0;60;04;05;48.3333;100;78.8462;5.1282;38.762155;33.5618;98.9295;54.9476;30.2603;16.4859;13.7744;4.0605;28.7614
60R_60V_04F_05M;LR1_2_2;1;0;60;04;05;25;100;75;20;37.7094;27.0983;68.7322;53.3314;12.8993;8.1081;4.7912;1.9502;28.7999
60R_60V_04F_05M;LR1_2_3;1;1;60;04;05;45;100;97.2222;12.7907;43.877481;20.9312;93;63.0242;36.4331;20.1274;16.3057;0.7744;6.2254
60R_60V_04F_05M;LR1_2_4;1;1;60;04;05;31.6667;100;89.6552;17.4419;58.290195;42.382;74.1534;57.451;22.3382;12.5261;9.8121;0.5378;1.2248000000000001
60R_60V_04F_05M;LR1_2_5;1;0;60;04;05;21.6667;100;76.3889;12.5;38.226277;37.524;97.002;56.8718;12.1242;7.2144;4.9098;1.2295;25.8721
60R_60V_04F_05M;LR2_2_1;2;1;60;04;05;13.3333;100;100;47.7612;86.746387;11.215;97.7379;53.22;6.4742;3.8117;2.6626;4.1193;16.5038
60R_60V_04F_05M;LR2_2_2;2;1;60;04;05;15;100;96.2963;17.5;69.799933;15.0367;85.6536;56.5337;9.6647;5.7594;3.9053;0.7208;5.5592
60R_60V_04F_05M;LR2_2_3;2;1;60;04;05;11.6667;100;100;65.3846;87.4176;19.9692;88.2872;69.9034;8.4418;4.8126;3.6292;0.4364;2.9297
60R_60V_04F_05M;LR2_2_4;2;1;60;04;05;8.3333;100;98.7179;92.3077;95.12818;61.5996;95.4966;78.2506;6.3116;4.1815;2.1302;0.0272;0.0114
60R_60V_04F_05M;LR2_2_5;2;1;60;04;05;13.3333;100;100;85.0746;93.824625;36.7408;85.8351;70.9123;9.9408;6.3116;3.6292;1.9726;11.9226
60R_60V_04F_05M;LR2_2_1;2;1;60;04;05;13.3333;100;96.25;71.25;86.505662;22.7057;99.2562;53.542;6.6984;4.0919;2.6065;3.0597;16.5628
60R_60V_04F_05M;LR2_2_2;2;1;60;04;05;13.3333;100;100;61.1111;85.822788;14.1065;84.002;64.944;8.284;5.0493;3.2347;0.475;3.8245
60R_60V_04F_05M;LR2_2_3;2;1;60;04;05;11.6667;100;100;73.0769;94.029314;27.9609;86.5759;71.2259;9.1913;5.4438;3.7475;0.1627;1.5848
60R_60V_04F_05M;LR2_2_4;2;1;60;04;05;10;100;100;78.4615;91.495717;18.8639;98.4249;64.4695;5.6805;3.6292;2.0513;0;0
60R_60V_04F_05M;LR2_2_5;2;1;60;04;05;15;100;100;42.5926;90.122233;10.1105;89.4584;63.5413;9.9408;6.2327;3.7081;2.1667;12.3733
60R_60V_04F_05M;LR2_2_1;2;1;60;04;05;13.3333;100;95;40;80.8279;11.215;97.9473;53.6388;6.5022;4.2601;2.2422;5.0458;17.47
60R_60V_04F_05M;LR2_2_2;2;1;60;04;05;15;100;100;33.3333;77.298222;11.8631;79.9049;57.1514;9.2702;6.075;3.1953;0.276;6.018
60R_60V_04F_05M;LR2_2_3;2;1;60;04;05;11.6667;100;100;74.359;89.542129;26.5373;86.0142;71.4854;9.1519;5.6016;3.5503;0.9;2.6072
60R_60V_04F_05M;LR2_2_4;2;1;60;04;05;8.3333;100;100;85.8974;95.641;57.9822;98.2091;78.1971;6.3905;3.9448;2.4458;0;1.2134
60R_60V_04F_05M;LR2_2_5;2;1;60;04;05;13.3333;100;100;85.1852;94.21625;49.144;89.0402;70.5244;9.9014;5.8383;4.0631;2.7145;12.7483
60R_60V_04F_05M;LR2_2_1;2;1;60;04;05;13.3333;100;100;55;90.522725;22.9224;96.6724;52.5411;5.7175;3.8117;1.9058;3.8121;16.228
60R_60V_04F_05M;LR2_2_2;2;1;60;04;05;13.3333;100;97.5;50;82.982737;20.03;85.5479;64.3744;8.8757;5.6016;3.2742;1.3259;5.9883
60R_60V_04F_05M;LR2_2_3;2;1;60;04;05;11.6667;100;100;38.4615;86.153843;15.2852;92.1333;70.1653;8.7179;5.4438;3.2742;0.0885;3.9648
60R_60V_04F_05M;LR2_2_4;2;1;60;04;05;10;100;100;30.7692;86.068367;23.5909;98.1243;65.1091;5.9566;3.9448;2.0118;0.2936;5.6012
60R_60V_04F_05M;LR2_2_5;2;1;60;04;05;13.3333;100;100;77.5;94.0112;42.6347;87.3657;70.1769;9.5464;5.8383;3.7081;2.1958;12.5193
60R_60V_04F_05M;LR2_2_1;2;1;60;04;05;13.3333;100;98.1481;59.2593;84.4777;11.215;98.8672;51.7749;6.8386;4.3161;2.5224;4.9494;15.6172
60R_60V_04F_05M;LR2_2_2;2;1;60;04;05;13.3333;100;100;29.8507;75.40345;22.1736;81.8166;63.653;8.1657;5.2071;2.9586;0.4294;2.3763
60R_60V_04F_05M;LR2_2_3;2;1;60;04;05;11.6667;100;100;62.8205;90.897414;32.0781;88.4174;70.3159;8.5996;5.286;3.3136;1.5306;1.8798
60R_60V_04F_05M;LR2_2_4;2;1;60;04;05;10;100;95.3846;40.3846;80.3846;9.4517;94.2434;64.6348;6.075;3.787;2.288;0;0
60R_60V_04F_05M;LR2_2_5;2;1;60;04;05;13.3333;100;100;92.5;97.505787;45.7211;85.6813;70.5857;8.9152;5.6016;3.3136;0.2005;9.5718
60R_60V_04F_06M;LR1_2_1;1;1;60;04;06;53.3333;100;100;1.9231;42.960747;22.4653;91.9837;53.112;25.0362;14.8228;10.2133;3.1145;21.4557
60R_60V_04F_06M;LR1_2_2;1;0;60;04;06;25;100;75;20;37.7094;27.0983;68.414;53.2713;10.1351;6.7568;3.3784;1.5057;29.1275
60R_60V_04F_06M;LR1_2_3;1;1;60;04;06;45;100;97.2222;12.7907;43.877485;21.0637;93;62.8267;29.8301;17.4098;12.4204;1.2592;5.3443
60R_60V_04F_06M;LR1_2_4;1;1;60;04;06;30;100;91.3793;19.4444;57.7906;37.3977;78.1931;58.6192;18.1802;10.7864;7.3939;0.665;2.3054
60R_60V_04F_06M;LR1_2_5;1;0;60;04;06;21.6667;100;76.3889;12.5;38.226277;37.524;97.002;56.7884;9.4355;6.012;3.4235;0.768;26.5105
60R_60V_04F_06M;LR1_2_1;1;1;60;04;06;55;100;82.6923;5.7692;44.704736;23.0542;97.1844;53.2222;27.7477;16.269;11.4787;2.5733;23.8608
60R_60V_04F_06M;LR1_2_2;1;0;60;04;06;25;100;75;20;37.7094;27.0983;68.414;53.2713;10.1351;6.7568;3.3784;1.5057;29.1275
60R_60V_04F_06M;LR1_2_3;1;1;60;04;06;45;100;86.1111;6.8966;46.819378;27.0178;84.5975;61.7896;30.0425;18.6837;11.3588;1.1551;4.6456
60R_60V_04F_06M;LR1_2_4;1;1;60;04;06;28.3333;100;93.0556;32.7586;59.421706;45.3497;66.4749;58.6364;16.5275;10.0905;6.437;0.0553;0.5416
60R_60V_04F_06M;LR1_2_5;1;1;60;04;06;50;100;98.6111;1.3889;39.8747;19.2475;96.6022;45.9624;23.2966;13.0261;10.2705;0.839;14.5231
60R_60V_04F_06M;LR1_2_1;1;1;60;04;06;51.6667;100;100;4.6154;47.076094;28.0597;98.7885;54.4739;27.3861;16.0882;11.2979;1.9779;17.3267
60R_60V_04F_06M;LR1_2_2;1;0;60;04;06;25;100;75;20;37.7094;27.0983;68.414;53.2713;10.1351;6.7568;3.3784;1.5057;29.1275
60R_60V_04F_06M;LR1_2_3;1;1;60;04;06;45;100;97.2222;12.7907;43.877485;21.0637;93;62.8267;29.8301;17.4098;12.4204;1.2592;5.3443
60R_60V_04F_06M;LR1_2_4;1;1;60;04;06;30;100;82.7586;29.1667;59.98445;18.7505;73.0678;57.8535;15.9186;9.3946;6.524;0.5154;1.6821
60R_60V_04F_06M;LR1_2_5;1;0;60;04;06;21.6667;100;76.3889;12.5;38.226277;37.524;97.002;56.7884;9.4355;6.012;3.4235;0.768;26.5105
60R_60V_04F_06M;LR1_2_1;1;1;60;04;06;51.6667;100;83.3333;7.6923;45.037229;22.4328;97.8785;53.3479;25.94;15.0036;10.9364;3.6031;19.0984
60R_60V_04F_06M;LR1_2_2;1;0;60;04;06;25;100;75;20;37.7094;27.0983;68.414;53.2713;10.1351;6.7568;3.3784;1.5057;29.1275
60R_60V_04F_06M;LR1_2_3;1;1;60;04;06;45;100;97.2222;12.7907;43.877485;21.0637;93;62.8267;29.8301;17.4098;12.4204;1.2592;5.3443
60R_60V_04F_06M;LR1_2_4;1;1;60;04;06;30;100;91.3793;29.0698;58.560233;32.8977;80.5532;57.5502;14.6138;9.0466;5.5672;0.047;1.1294
60R_60V_04F_06M;LR1_2_5;1;0;60;04;06;21.6667;100;76.3889;12.5;38.226277;37.524;97.002;56.7884;9.4355;6.012;3.4235;0.768;26.5105
60R_60V_04F_06M;LR1_2_1;1;1;60;04;06;53.3333;100;73.8462;1.2821;43.894237;23.0076;98.0683;52.9332;28.0188;15.5459;12.4729;2.5785;19.709
60R_60V_04F_06M;LR1_2_2;1;0;60;04;06;25;100;75;20;37.7094;27.0983;68.414;53.2713;10.1351;6.7568;3.3784;1.5057;29.1275
60R_60V_04F_06M;LR1_2_3;1;1;60;04;06;45;100;97.2222;12.7907;43.877485;21.0637;93;62.8267;29.8301;17.4098;12.4204;1.2592;5.3443
60R_60V_04F_06M;LR1_2_4;1;1;60;04;06;28.3333;100;95.8333;29.0698;61.726047;49.7912;74.4478;61.2551;17.3974;10.4384;6.9589;0.5819;0.9787
60R_60V_04F_06M;LR1_2_5;1;1;60;04;06;50;100;89.6552;5.5556;43.175993;16.0992;94.0772;46.9164;21.8771;13.0261;8.851;0.7212;15.9071
60R_60V_04F_06M;LR2_2_1;2;1;60;04;06;11.6667;100;100;83.5821;94.658857;40.5692;97.3002;59.0015;5.4185;3.3632;2.0553;5.177;13.3019
60R_60V_04F_06M;LR2_2_2;2;1;60;04;06;15;100;100;11.25;69.8466;11.2398;81.7219;56.0042;6.8705;4.0105;2.86;0.8825;4.5405
60R_60V_04F_06M;LR2_2_3;2;1;60;04;06;11.6667;100;100;25.641;86.080571;17.0734;91.0525;69.5977;6.8047;4.405;2.3997;0.2904;1.1081
60R_60V_04F_06M;LR2_2_4;2;1;60;04;06;10;100;100;25;81.9017;13.3495;98.0114;65.611;4.9967;3.3531;1.6437;0.0224;0.2986
60R_60V_04F_06M;LR2_2_5;2;1;60;04;06;13.3333;100;100;85.0746;93.824625;39.1306;85.7609;69.6002;7.7252;4.9967;2.7285;1.4299;11.7283
60R_60V_04F_06M;LR2_2_1;2;1;60;04;06;11.6667;100;98.5075;77.5;91.149214;34.9044;97.7346;59.8953;5.6054;3.5034;2.102;4.56;17.3363
60R_60V_04F_06M;LR2_2_2;2;1;60;04;06;15;100;100;11.25;72.110667;12.0742;81.0414;56.0221;7.3636;4.2735;3.0901;0.4525;4.5348
60R_60V_04F_06M;LR2_2_3;2;1;60;04;06;11.6667;100;100;78.8462;92.582429;21.5945;86.9609;70.0163;7.002;4.4707;2.5312;0.662;4.4436
60R_60V_04F_06M;LR2_2_4;2;1;60;04;06;8.3333;100;100;73.0769;89.43588;64.6493;93.3428;77.8312;4.931;3.1558;1.7751;0;0.0351
60R_60V_04F_06M;LR2_2_5;2;1;60;04;06;13.3333;100;100;91.0448;96.346137;45.5026;90.4193;70.2679;8.3169;5.3254;2.9915;2.7882;10.5496
60R_60V_04F_06M;LR2_2_1;2;1;60;04;06;15;100;97.0149;19.403;76.207311;6.2738;97.7531;46.9425;5.0916;3.2231;1.8685;2.9149;13.2678
60R_60V_04F_06M;LR2_2_2;2;1;60;04;06;13.3333;100;100;30;78.531663;21.2757;84.929;63.5938;7.6266;4.4707;3.1558;1.6034;6.2624
60R_60V_04F_06M;LR2_2_3;2;1;60;04;06;11.6667;100;100;65.3846;91.758229;23.2438;88.3093;70.3454;7.2321;4.3393;2.8928;0.4115;0.7077
60R_60V_04F_06M;LR2_2_4;2;1;60;04;06;10;100;100;34.6154;87.2436;9.4694;95.6501;64.798;4.2078;2.7613;1.4464;0;0.0066
60R_60V_04F_06M;LR2_2_5;2;1;60;04;06;13.3333;100;100;85.1852;94.21625;49.1034;88.8919;69.8439;8.0868;4.8652;3.2216;2.5211;12.3577
60R_60V_04F_06M;LR2_2_1;2;1;60;04;06;13.3333;100;100;20.8955;82.595625;6.5482;97.3725;52.1798;5.0916;3.2698;1.8217;5.4062;10.5871
60R_60V_04F_06M;LR2_2_2;2;1;60;04;06;13.3333;100;100;48.75;79.801775;26.5751;83.1128;63.9292;6.7719;4.4707;2.3011;1.2203;5.5508
60R_60V_04F_06M;LR2_2_3;2;1;60;04;06;13.3333;100;100;38.4615;81.426275;12.1554;86.7247;62.2051;6.8376;4.2078;2.6298;0.532;4.3573
60R_60V_04F_06M;LR2_2_4;2;1;60;04;06;10;100;96.1538;79.4872;88.012817;21.9164;98.2556;64.2907;4.4379;2.9586;1.4793;0.0171;0.0171
60R_60V_04F_06M;LR2_2_5;2;1;60;04;06;15;100;100;34.3284;88.730733;10.0138;85.3491;62.4392;8.0868;5.0625;3.0243;0.7439;9.6319
60R_60V_04F_06M;LR2_2_1;2;1;60;04;06;13.3333;100;100;24.0741;83.834825;6.2738;98.2413;52.414;5.185;3.2231;1.9619;3.268;12.4211
60R_60V_04F_06M;LR2_2_2;2;1;60;04;06;13.3333;100;100;55.5556;84.82225;17.0552;83.4655;63.8429;7.265;4.2078;3.0572;1.0937;4.2601
60R_60V_04F_06M;LR2_2_3;2;1;60;04;06;13.3333;100;100;11.5385;80.9295;8.0245;84.7479;61.3107;7.6266;4.668;2.9586;0.2275;2.7141
60R_60V_04F_06M;LR2_2_4;2;1;60;04;06;8.3333;100;98.0769;84.6154;91.46152;64.0256;98.6596;78.3265;4.7337;3.0901;1.6437;0;0
60R_60V_04F_06M;LR2_2_5;2;1;60;04;06;13.3333;100;100;92.5;97.505787;45.4588;85.4189;69.9841;7.8238;4.7995;3.0243;0.4088;9.0437
06R_06V_02F_03M;lr101;1;1;06;02;03;100;100;76.4706;13.4615;36.0329;43.2435;74.1739;56.5587;10.1449;7.2464;2.8986;0.4106;11.0742
06R_06V_02F_03M;lr102;1;1;06;02;03;50;66.6667;76.3158;41.6667;62.134533;80.0565;92.8826;87.829;10.8696;8.6957;2.1739;3.996;5.5814
06R_06V_02F_03M;lr103;1;1;06;02;03;66.6667;100;100;34.6154;58.65385;39.6304;90.4304;66.0326;5.0725;4.3478;0.7246;0;0
06R_06V_02F_03M;lr104;1;1;06;02;03;50;33.3333;73.0769;36.3636;55.646833;38.2739;82.6087;62.5116;4.3478;4.3478;0;0;2.594
06R_06V_02F_03M;lr105;1;1;06;02;03;100;100;50;20.5882;35.70625;31.387;60.6522;47.8333;5.0725;4.3478;0.7246;0;3.9122
06R_06V_02F_03M;lr101;1;1;06;02;03;100;100;76.4706;20.5882;35.184483;43.2435;74.1739;56.5587;10.1449;7.2464;2.8986;0.4106;11.0742
06R_06V_02F_03M;lr102;1;1;06;02;03;50;66.6667;76.3158;41.6667;62.134533;80.0565;92.8826;87.829;10.8696;8.6957;2.1739;3.996;5.5814
06R_06V_02F_03M;lr103;1;1;06;02;03;66.6667;100;100;28.125;59.915875;39.6304;90.4304;66.0326;5.0725;4.3478;0.7246;0;0
06R_06V_02F_03M;lr104;1;1;06;02;03;50;33.3333;69.697;46.1538;54.450267;38.2739;82.6087;62.5116;4.3478;4.3478;0;0;2.594
06R_06V_02F_03M;lr105;1;1;06;02;03;100;100;50;20.5882;35.70625;31.387;60.6522;47.8333;5.0725;4.3478;0.7246;0;3.9122
06R_06V_02F_03M;lr101;1;1;06;02;03;100;100;60.4651;15.3846;34.119033;43.2435;74.1739;56.5587;10.1449;7.2464;2.8986;0.4106;11.0742
06R_06V_02F_03M;lr102;1;1;06;02;03;50;66.6667;76.3158;41.6667;57.383067;80.0565;92.8826;87.829;10.8696;8.6957;2.1739;3.996;5.5814
06R_06V_02F_03M;lr103;1;1;06;02;03;66.6667;100;81.25;23.6842;55.0291;39.6304;90.4304;66.0326;5.0725;4.3478;0.7246;0;0
06R_06V_02F_03M;lr104;1;1;06;02;03;50;33.3333;69.697;30;52.424267;38.2739;82.6087;62.5116;4.3478;4.3478;0;0;2.594
06R_06V_02F_03M;lr105;1;1;06;02;03;100;100;50;20.5882;35.70625;31.387;60.6522;47.8333;5.0725;4.3478;0.7246;0;3.9122
06R_06V_02F_03M;lr101;1;1;06;02;03;100;100;60.4651;20.5882;33.211417;43.2435;74.1739;56.5587;10.1449;7.2464;2.8986;0.4106;11.0742
06R_06V_02F_03M;lr102;1;1;06;02;03;50;66.6667;68.4211;34.4828;54.4402;80.0565;92.8826;87.829;10.8696;8.6957;2.1739;3.996;5.5814
06R_06V_02F_03M;lr103;1;1;06;02;03;66.6667;100;81.25;34.6154;56.850975;39.6304;90.4304;66.0326;5.0725;4.3478;0.7246;0;0
06R_06V_02F_03M;lr104;1;1;06;02;03;50;33.3333;73.0769;30;57.5913;38.2739;82.6087;62.5116;4.3478;4.3478;0;0;2.594
06R_06V_02F_03M;lr105;1;1;06;02;03;100;100;50;20.5882;35.70625;31.387;60.6522;47.8333;5.0725;4.3478;0.7246;0;3.9122
06R_06V_02F_03M;lr101;1;1;06;02;03;100;100;60.4651;15.3846;35.247617;43.2435;74.1739;56.5587;10.1449;7.2464;2.8986;0.4106;11.0742
06R_06V_02F_03M;lr102;1;1;06;02;03;50;66.6667;76.3158;52.6316;65.7895;80.0565;92.8826;87.829;10.8696;8.6957;2.1739;3.996;5.5814
06R_06V_02F_03M;lr103;1;1;06;02;03;66.6667;100;100;23.6842;58.2648;39.6304;90.4304;66.0326;5.0725;4.3478;0.7246;0;0
06R_06V_02F_03M;lr104;1;1;06;02;03;50;33.3333;69.697;36.3636;51.186867;38.2739;82.6087;62.5116;4.3478;4.3478;0;0;2.594
06R_06V_02F_03M;lr105;1;1;06;02;03;100;100;50;20.5882;35.70625;31.387;60.6522;47.8333;5.0725;4.3478;0.7246;0;3.9122
06R_06V_02F_03M;lr201;2;1;06;02;03;33.3333;66.6667;88.4615;36.5385;62.5;16.267;63.072;39.6695;0.75;0.5;0.25;0.0476;25.8459
06R_06V_02F_03M;lr202;2;1;06;02;03;16.6667;66.6667;73.6842;73.6842;73.6842;54.589;54.589;54.589;0.75;0.5;0.25;0;12.3083
06R_06V_02F_03M;lr203;2;1;06;02;03;16.6667;66.6667;87.5;87.5;87.5;68.632;68.632;68.632;1.75;1.5;0.25;0.5362;0.5362
06R_06V_02F_03M;lr204;2;1;06;02;03;33.3333;100;78.125;23.6842;50.9046;12.963;48.154;30.5585;0.8333;0.6667;0.1667;0;1.512
06R_06V_02F_03M;lr205;2;1;06;02;03;16.6667;66.6667;100;100;100;54.049;54.049;54.049;1.75;1.5;0.25;0;0.4255
06R_06V_02F_03M;lr201;2;1;06;02;03;33.3333;66.6667;88.4615;55.8824;72.17195;16.267;63.072;39.6695;0.75;0.5;0.25;0.0476;23.3836
06R_06V_02F_03M;lr202;2;1;06;02;03;16.6667;66.6667;90.625;90.625;90.625;54.589;54.589;54.589;0.75;0.5;0.25;0;0.6815
06R_06V_02F_03M;lr203;2;1;06;02;03;16.6667;66.6667;87.5;87.5;87.5;68.632;68.632;68.632;1.75;1.5;0.25;0.5362;0.5362
06R_06V_02F_03M;lr204;2;1;06;02;03;33.3333;100;65.7895;23.6842;44.73685;12.963;48.154;30.5585;0.8333;0.6667;0.1667;0;1.512
06R_06V_02F_03M;lr205;2;1;06;02;03;16.6667;66.6667;100;100;100;54.049;54.049;54.049;1.75;1.5;0.25;0;0.0759
06R_06V_02F_03M;lr201;2;1;06;02;03;33.3333;66.6667;88.4615;36.5385;62.5;16.267;63.072;39.6695;0.75;0.5;0.25;0.0476;25.8459
06R_06V_02F_03M;lr202;2;1;06;02;03;16.6667;66.6667;73.6842;73.6842;73.6842;54.589;54.589;54.589;0.75;0.5;0.25;0;12.3083
06R_06V_02F_03M;lr203;2;1;06;02;03;16.6667;66.6667;87.5;87.5;87.5;68.632;68.632;68.632;1.75;1.5;0.25;0.5362;0.5362
06R_06V_02F_03M;lr204;2;1;06;02;03;33.3333;100;96.1538;28.125;62.1394;12.963;48.154;30.5585;0.8333;0.6667;0.1667;0;1.512
06R_06V_02F_03M;lr205;2;1;06;02;03;16.6667;66.6667;88.4615;88.4615;88.4615;54.049;54.049;54.049;1.75;1.5;0.25;0;0.0444
06R_06V_02F_03M;lr201;2;1;06;02;03;33.3333;66.6667;88.4615;36.5385;62.5;16.267;63.072;39.6695;0.75;0.5;0.25;0.0476;25.8459
06R_06V_02F_03M;lr202;2;1;06;02;03;16.6667;66.6667;90.625;90.625;90.625;54.589;54.589;54.589;0.75;0.5;0.25;0;0.6815
06R_06V_02F_03M;lr203;2;1;06;02;03;16.6667;66.6667;87.5;87.5;87.5;68.632;68.632;68.632;1.75;1.5;0.25;3.8612;1.3988
06R_06V_02F_03M;lr204;2;1;06;02;03;33.3333;100;78.125;28.125;53.125;12.963;48.154;30.5585;0.8333;0.6667;0.1667;0;1.512
06R_06V_02F_03M;lr205;2;1;06;02;03;16.6667;66.6667;88.4615;88.4615;88.4615;54.049;54.049;54.049;2.25;1.5;0.75;0;0.4366
06R_06V_02F_03M;lr201;2;1;06;02;03;33.3333;66.6667;88.4615;55.8824;72.17195;16.267;63.072;39.6695;0.75;0.5;0.25;0.0476;23.3836
06R_06V_02F_03M;lr202;2;1;06;02;03;16.6667;66.6667;76.3158;76.3158;76.3158;54.589;54.589;54.589;0.75;0.5;0.25;0;0.6815
06R_06V_02F_03M;lr203;2;1;06;02;03;16.6667;66.6667;87.5;87.5;87.5;68.632;68.632;68.632;1.75;1.5;0.25;0.5362;0.5362
06R_06V_02F_03M;lr204;2;1;06;02;03;33.3333;100;96.1538;23.6842;59.919;12.963;48.154;30.5585;0.8333;0.6667;0.1667;0;1.512
06R_06V_02F_03M;lr205;2;1;06;02;03;16.6667;66.6667;88.4615;88.4615;88.4615;54.049;54.049;54.049;1.75;1.5;0.25;0;0.0759
06R_06V_02F_04M;lr101;1;1;06;02;04;100;100;76.4706;13.4615;36.135517;41.7957;73.1826;55.6703;7.0652;5.4348;1.6304;0.4099;11.1661
06R_06V_02F_04M;lr102;1;1;06;02;04;50;75;76.3158;41.6667;62.134533;79.8696;92.8826;87.7667;7.971;5.7971;2.1739;3.996;5.5827
06R_06V_02F_04M;lr103;1;1;06;02;04;66.6667;75;100;34.6154;58.65385;39.6304;88.5348;65.1402;5.0725;4.3478;0.7246;0;0
06R_06V_02F_04M;lr104;1;1;06;02;04;50;25;88.4615;36.3636;57.4417;38.2739;82.6087;62.5116;4.3478;4.3478;0;0;2.594
06R_06V_02F_04M;lr105;1;1;06;02;04;100;75;50;20.5882;35.70625;31.387;60.6522;47.4558;5.0725;4.3478;0.7246;0;3.9122
06R_06V_02F_04M;lr101;1;1;06;02;04;100;100;60.4651;15.3846;35.452833;41.7957;73.1826;55.6703;7.0652;5.4348;1.6304;0.4099;11.1661
06R_06V_02F_04M;lr102;1;1;06;02;04;50;75;76.3158;41.6667;62.134533;79.8696;92.8826;87.7667;7.971;5.7971;2.1739;3.996;5.5827
06R_06V_02F_04M;lr103;1;1;06;02;04;66.6667;75;100;28.125;59.915875;39.6304;88.5348;65.1402;5.0725;4.3478;0.7246;0;0
06R_06V_02F_04M;lr104;1;1;06;02;04;50;25;69.697;46.1538;54.450267;38.2739;82.6087;62.5116;4.3478;4.3478;0;0;2.594
06R_06V_02F_04M;lr105;1;1;06;02;04;100;75;50;20.5882;35.70625;31.387;60.6522;47.4558;5.0725;4.3478;0.7246;0;3.9122
06R_06V_02F_04M;lr101;1;1;06;02;04;100;100;58.8235;18.6047;33.732333;41.7957;73.1826;55.6703;7.0652;5.4348;1.6304;0.4099;11.1661
06R_06V_02F_04M;lr102;1;1;06;02;04;50;75;76.3158;41.6667;57.383067;79.8696;92.8826;87.7667;7.971;5.7971;2.1739;3.996;5.5827
06R_06V_02F_04M;lr103;1;1;06;02;04;66.6667;75;81.25;23.6842;55.0291;39.6304;88.5348;65.1402;5.0725;4.3478;0.7246;0;0
06R_06V_02F_04M;lr104;1;1;06;02;04;50;25;69.697;30;52.424267;38.2739;82.6087;62.5116;4.3478;4.3478;0;0;2.594
06R_06V_02F_04M;lr105;1;1;06;02;04;100;75;50;20.5882;35.70625;31.387;60.6522;47.4558;5.0725;4.3478;0.7246;0;3.9122
06R_06V_02F_04M;lr101;1;1;06;02;04;100;100;60.4651;13.4615;35.519917;41.7957;73.1826;55.6703;7.0652;5.4348;1.6304;0.4099;11.1661
06R_06V_02F_04M;lr102;1;1;06;02;04;50;75;68.4211;34.4828;54.4402;79.8696;92.8826;87.7667;7.971;5.7971;2.1739;3.996;5.5827
06R_06V_02F_04M;lr103;1;1;06;02;04;66.6667;75;81.25;34.6154;56.850975;39.6304;88.5348;65.1402;5.0725;4.3478;0.7246;0;0
06R_06V_02F_04M;lr104;1;1;06;02;04;50;25;73.0769;30;57.5913;38.2739;82.6087;62.5116;4.3478;4.3478;0;0;2.594
06R_06V_02F_04M;lr105;1;1;06;02;04;100;75;50;20.5882;35.70625;31.387;60.6522;47.4558;5.0725;4.3478;0.7246;0;3.9122
06R_06V_02F_04M;lr101;1;1;06;02;04;100;100;60.4651;13.4615;35.519917;41.7957;73.1826;55.6703;7.0652;5.4348;1.6304;0.4099;11.1661
06R_06V_02F_04M;lr102;1;1;06;02;04;50;75;76.3158;52.6316;65.7895;79.8696;92.8826;87.7667;7.971;5.7971;2.1739;3.996;5.5827
06R_06V_02F_04M;lr103;1;1;06;02;04;66.6667;75;100;23.6842;58.2648;39.6304;88.5348;65.1402;5.0725;4.3478;0.7246;0;0
06R_06V_02F_04M;lr104;1;1;06;02;04;50;25;69.697;36.3636;51.186867;38.2739;82.6087;62.5116;4.3478;4.3478;0;0;2.594
06R_06V_02F_04M;lr105;1;1;06;02;04;100;75;50;20.5882;35.70625;31.387;60.6522;47.4558;5.0725;4.3478;0.7246;0;3.9122
06R_06V_02F_04M;lr201;2;1;06;02;04;33.3333;50;88.4615;36.5385;62.5;16.267;63.072;39.6695;0.75;0.5;0.25;0.0476;25.8459
06R_06V_02F_04M;lr202;2;1;06;02;04;16.6667;50;87.5;87.5;87.5;54.589;54.589;54.589;0.75;0.5;0.25;0;0
06R_06V_02F_04M;lr203;2;1;06;02;04;16.6667;50;87.5;87.5;87.5;68.632;68.632;68.632;1.75;1.5;0.25;0.5362;0.5362
06R_06V_02F_04M;lr204;2;1;06;02;04;33.3333;75;78.125;23.6842;50.9046;12.963;48.103;30.533;0.8333;0.6667;0.1667;0;1.512
06R_06V_02F_04M;lr205;2;1;06;02;04;16.6667;75;88.4615;88.4615;88.4615;54.045;54.045;54.045;1.3333;1;0.3333;0;0.2498
06R_06V_02F_04M;lr201;2;1;06;02;04;33.3333;50;88.4615;55.8824;72.17195;16.267;63.072;39.6695;0.75;0.5;0.25;0.0476;23.3836
06R_06V_02F_04M;lr202;2;1;06;02;04;16.6667;50;90.625;90.625;90.625;54.589;54.589;54.589;0.75;0.5;0.25;0;0.6815
06R_06V_02F_04M;lr203;2;1;06;02;04;16.6667;50;87.5;87.5;87.5;68.632;68.632;68.632;1.75;1.5;0.25;0.5362;0.5362
06R_06V_02F_04M;lr204;2;1;06;02;04;33.3333;75;65.7895;23.6842;44.73685;12.963;48.103;30.533;0.8333;0.6667;0.1667;0;1.512
06R_06V_02F_04M;lr205;2;1;06;02;04;16.6667;50;82.6923;82.6923;82.6923;54.045;54.045;54.045;1.75;1.5;0.25;0;0.6217
06R_06V_02F_04M;lr201;2;1;06;02;04;33.3333;50;88.4615;36.5385;62.5;16.267;63.072;39.6695;0.75;0.5;0.25;0.0476;25.8459
06R_06V_02F_04M;lr202;2;1;06;02;04;16.6667;50;73.6842;73.6842;73.6842;54.589;54.589;54.589;0.75;0.5;0.25;0;12.3083
06R_06V_02F_04M;lr203;2;1;06;02;04;16.6667;50;87.5;87.5;87.5;68.632;68.632;68.632;1.75;1.5;0.25;0.5362;0.5362
06R_06V_02F_04M;lr204;2;1;06;02;04;33.3333;75;78.125;28.125;53.125;12.963;48.103;30.533;0.8333;0.6667;0.1667;0;1.512
06R_06V_02F_04M;lr205;2;1;06;02;04;16.6667;50;88.4615;88.4615;88.4615;54.045;54.045;54.045;2.25;1.5;0.75;0;0.6476
06R_06V_02F_04M;lr201;2;1;06;02;04;33.3333;50;88.4615;36.5385;62.5;16.267;63.072;39.6695;0.75;0.5;0.25;0.0476;25.8459
06R_06V_02F_04M;lr202;2;1;06;02;04;16.6667;50;90.625;90.625;90.625;54.589;54.589;54.589;0.75;0.5;0.25;0;0.6815
06R_06V_02F_04M;lr203;2;1;06;02;04;16.6667;50;87.5;87.5;87.5;68.632;68.632;68.632;1.75;1.5;0.25;4.3507;1.3988
06R_06V_02F_04M;lr204;2;1;06;02;04;33.3333;75;65.7895;28.125;46.95725;12.963;48.103;30.533;0.8333;0.6667;0.1667;0;1.512
06R_06V_02F_04M;lr205;2;1;06;02;04;16.6667;50;88.4615;88.4615;88.4615;54.045;54.045;54.045;1.75;1.5;0.25;0;0.3904
06R_06V_02F_04M;lr201;2;1;06;02;04;33.3333;50;88.4615;55.8824;72.17195;16.267;63.072;39.6695;0.75;0.5;0.25;0.0476;23.3836
06R_06V_02F_04M;lr202;2;1;06;02;04;16.6667;50;73.6842;73.6842;73.6842;54.589;54.589;54.589;0.75;0.5;0.25;0;12.3083
06R_06V_02F_04M;lr203;2;1;06;02;04;16.6667;50;87.5;87.5;87.5;68.632;68.632;68.632;1.75;1.5;0.25;0.5362;0.5362
06R_06V_02F_04M;lr204;2;1;06;02;04;33.3333;75;65.7895;23.6842;44.73685;12.963;48.103;30.533;0.8333;0.6667;0.1667;0;1.512
06R_06V_02F_04M;lr205;2;1;06;02;04;16.6667;75;88.4615;88.4615;88.4615;54.045;54.045;54.045;1.3333;1;0.3333;0;0.705
06R_06V_04F_03M;lr101;1;1;06;04;03;83.3333;100;60.4651;20.5882;37.65178;46.5265;99.4612;61.1543;12.2449;10.8844;1.3605;0;12.8074
06R_06V_04F_03M;lr102;1;1;06;04;03;66.6667;100;95.8333;5.2632;43.667775;63.9658;87.594;77.3793;20.6553;15.6695;4.9858;0;4.4524
06R_06V_04F_03M;lr103;1;1;06;04;03;100;100;73.0769;15.625;41.95345;55.3958;78.2167;65.8097;27.7778;19.4444;8.3333;0;0.3707
06R_06V_04F_03M;lr104;1;1;06;04;03;66.6667;100;73.0769;21.2121;47.94725;34.4929;86.2321;58.8884;12.5;9.5238;2.9762;0;0
06R_06V_04F_03M;lr105;1;1;06;04;03;100;100;50;13.4615;37.702983;37.1565;75;62.6457;26.087;17.3913;8.6957;0;2.7186
06R_06V_04F_03M;lr101;1;1;06;04;03;83.3333;100;60.4651;20.5882;37.65178;46.5265;99.4612;61.1543;12.2449;10.8844;1.3605;0;12.8074
06R_06V_04F_03M;lr102;1;1;06;04;03;66.6667;100;79.3103;4.1667;43.237675;63.9658;87.594;77.3793;20.6553;15.6695;4.9858;0;4.4524
06R_06V_04F_03M;lr103;1;1;06;04;03;100;100;59.375;19.2308;38.4489;55.3958;78.2167;65.8097;27.7778;19.4444;8.3333;0;0.3707
06R_06V_04F_03M;lr104;1;1;06;04;03;66.6667;100;60.6061;17.5;43.276525;34.4929;86.2321;58.8884;12.5;9.5238;2.9762;0;0
06R_06V_04F_03M;lr105;1;1;06;04;03;100;100;55.8824;13.4615;37.80955;37.1565;75;62.6457;26.087;17.3913;8.6957;0;2.7186
06R_06V_04F_03M;lr101;1;1;06;04;03;83.3333;100;60.4651;20.5882;37.65178;46.5265;99.4612;61.1543;12.2449;10.8844;1.3605;0;12.8074
06R_06V_04F_03M;lr102;1;1;06;04;03;66.6667;100;68.4211;5.2632;36.129425;63.9658;87.594;77.3793;20.6553;15.6695;4.9858;0;4.8868
06R_06V_04F_03M;lr103;1;1;06;04;03;100;100;73.0769;15.625;39.884867;55.3958;78.2167;65.8097;27.7778;19.4444;8.3333;0;0.3707
06R_06V_04F_03M;lr104;1;1;06;04;03;66.6667;100;50;21.2121;41.553025;34.4929;86.2321;58.8884;12.5;9.5238;2.9762;0;0
06R_06V_04F_03M;lr105;1;1;06;04;03;100;100;60.4651;20.5882;36.578333;37.1565;75;62.6457;26.087;17.3913;8.6957;0;2.7186
06R_06V_04F_03M;lr101;1;1;06;04;03;83.3333;100;60.4651;20.5882;37.65178;46.5265;99.4612;61.1543;12.2449;10.8844;1.3605;0;12.8074
06R_06V_04F_03M;lr102;1;1;06;04;03;66.6667;100;76.3158;4.1667;34.617;63.9658;87.594;77.3793;20.6553;15.6695;4.9858;0;4.8868
06R_06V_04F_03M;lr103;1;1;06;04;03;100;100;59.375;15.625;38.1073;55.3958;78.2167;65.8097;27.7778;19.4444;8.3333;0;0.3707
06R_06V_04F_03M;lr104;1;1;06;04;03;66.6667;100;73.0769;17.5;49.67075;34.4929;86.2321;58.8884;12.5;9.5238;2.9762;0;0
06R_06V_04F_03M;lr105;1;1;06;04;03;100;100;50;16.2791;36.898;37.1565;75;62.6457;26.087;17.3913;8.6957;0;2.7186
06R_06V_04F_03M;lr101;1;1;06;04;03;83.3333;100;60.4651;20.5882;37.65178;46.5265;99.4612;61.1543;12.2449;10.8844;1.3605;0;12.8074
06R_06V_04F_03M;lr102;1;1;06;04;03;66.6667;100;76.3158;3.4483;36.772175;63.9658;87.594;77.3793;20.6553;15.6695;4.9858;0;4.8868
06R_06V_04F_03M;lr103;1;1;06;04;03;100;100;59.375;18.4211;38.60705;55.3958;78.2167;65.8097;27.7778;19.4444;8.3333;0;0.3707
06R_06V_04F_03M;lr104;1;1;06;04;03;66.6667;100;73.0769;21.2121;50.4662;34.4929;86.2321;58.8884;12.5;9.5238;2.9762;0;0
06R_06V_04F_03M;lr105;1;1;06;04;03;100;100;55.8824;13.4615;37.541217;37.1565;75;62.6457;26.087;17.3913;8.6957;0;2.7186
06R_06V_04F_03M;lr201;2;1;06;04;03;33.3333;100;88.4615;36.5385;62.5;23.293;70.367;46.83;3.1667;2.6667;0.5;17.3228;23.5252
06R_06V_04F_03M;lr202;2;1;06;04;03;33.3333;100;92.1053;46.1538;69.12955;11.03;49.374;30.202;2.5;1.3333;1.1667;0;0
06R_06V_04F_03M;lr203;2;1;06;04;03;33.3333;66.6667;87.5;59.0909;73.29545;20.141;59.615;39.878;5.75;5;0.75;6.1965;0.0126
06R_06V_04F_03M;lr204;2;1;06;04;03;33.3333;66.6667;59.375;42.1053;50.74015;28.982;47.456;38.219;3.5;3.5;0;0;0
06R_06V_04F_03M;lr205;2;1;06;04;03;16.6667;66.6667;100;100;100;60.407;60.407;60.407;2.75;2.5;0.25;0;0
06R_06V_04F_03M;lr201;2;1;06;04;03;33.3333;100;88.4615;55.8824;72.17195;23.293;70.367;46.83;3.1667;2.6667;0.5;17.3228;23.5252
06R_06V_04F_03M;lr202;2;1;06;04;03;33.3333;100;92.1053;46.1538;69.12955;11.03;49.374;30.202;2.5;1.3333;1.1667;0;0
06R_06V_04F_03M;lr203;2;1;06;04;03;33.3333;66.6667;87.5;59.0909;73.29545;20.141;59.615;39.878;5.75;5;0.75;6.1965;0.0126
06R_06V_04F_03M;lr204;2;1;06;04;03;33.3333;66.6667;73.0769;50;61.53845;28.982;47.456;38.219;3.5;3.5;0;0;0
06R_06V_04F_03M;lr205;2;1;06;04;03;16.6667;66.6667;82.6923;82.6923;82.6923;60.407;60.407;60.407;2.75;2.5;0.25;0;0
06R_06V_04F_03M;lr201;2;1;06;04;03;33.3333;100;88.4615;44.186;66.32375;23.293;70.367;46.83;3.1667;2.6667;0.5;17.3228;23.5252
06R_06V_04F_03M;lr202;2;1;06;04;03;33.3333;100;92.1053;46.1538;69.12955;11.03;49.374;30.202;2.5;1.3333;1.1667;0;0
06R_06V_04F_03M;lr203;2;1;06;04;03;33.3333;66.6667;87.5;59.0909;73.29545;20.141;59.615;39.878;5.75;5;0.75;6.1965;0.0126
06R_06V_04F_03M;lr204;2;1;06;04;03;33.3333;66.6667;73.0769;42.1053;57.5911;28.982;47.456;38.219;3.5;3.5;0;0;0
06R_06V_04F_03M;lr205;2;1;06;04;03;16.6667;66.6667;100;100;100;60.407;60.407;60.407;2.75;2.5;0.25;0;0
06R_06V_04F_03M;lr201;2;1;06;04;03;33.3333;100;88.4615;55.8824;72.17195;23.293;70.367;46.83;3.1667;2.6667;0.5;17.3228;23.5252
06R_06V_04F_03M;lr202;2;1;06;04;03;33.3333;100;92.1053;46.1538;69.12955;11.03;49.374;30.202;2.5;1.3333;1.1667;0;0
06R_06V_04F_03M;lr203;2;1;06;04;03;33.3333;66.6667;87.5;59.0909;73.29545;20.141;59.615;39.878;5.75;5;0.75;6.1965;0.0126
06R_06V_04F_03M;lr204;2;1;06;04;03;33.3333;66.6667;73.0769;50;61.53845;28.982;47.456;38.219;3.5;3.5;0;0;0
06R_06V_04F_03M;lr205;2;1;06;04;03;16.6667;66.6667;82.6923;82.6923;82.6923;60.407;60.407;60.407;2.75;2.5;0.25;0;0
06R_06V_04F_03M;lr201;2;1;06;04;03;33.3333;100;88.4615;55.8824;72.17195;23.293;70.367;46.83;3.1667;2.6667;0.5;17.3228;23.5252
06R_06V_04F_03M;lr202;2;1;06;04;03;33.3333;100;92.1053;31.5789;61.8421;11.03;49.374;30.202;2.5;1.3333;1.1667;0;0
06R_06V_04F_03M;lr203;2;1;06;04;03;33.3333;66.6667;87.5;59.0909;73.29545;20.141;59.615;39.878;5.75;5;0.75;6.1965;0.0126
06R_06V_04F_03M;lr204;2;1;06;04;03;33.3333;66.6667;61.5385;59.375;60.45675;28.982;47.456;38.219;3.5;3.5;0;0;0
06R_06V_04F_03M;lr205;2;1;06;04;03;16.6667;66.6667;82.6923;82.6923;82.6923;60.407;60.407;60.407;2.75;2.5;0.25;0;0
06R_06V_04F_04M;lr101;1;1;06;04;04;83.3333;100;85.2941;18.6047;45.77292;46.2857;98.9224;60.1339;9.6939;8.1633;1.5306;0;12.8882
06R_06V_04F_04M;lr102;1;1;06;04;04;66.6667;100;60.4167;5.2632;32.116825;51.5385;86.265;73.9402;13.8889;11.7521;2.1368;0;0.4791
06R_06V_04F_04M;lr103;1;1;06;04;04;100;100;73.0769;15.625;41.131083;52.4333;83.5375;67.6646;20.3125;14.5833;5.7292;0;4.3186
06R_06V_04F_04M;lr104;1;1;06;04;04;66.6667;100;73.0769;21.2121;47.94725;34.4536;85.2214;58.6259;12.0536;7.1429;4.9107;0;0
06R_06V_04F_04M;lr105;1;1;06;04;04;100;100;50;13.4615;37.702983;37.1565;73.9913;62.1;18.4783;13.0435;5.4348;0;2.7186
06R_06V_04F_04M;lr101;1;1;06;04;04;83.3333;100;85.2941;16.2791;41.0944;46.2857;98.9224;60.1339;9.6939;8.1633;1.5306;0;12.8882
06R_06V_04F_04M;lr102;1;1;06;04;04;66.6667;100;68.4211;5.2632;36.814725;51.5385;86.265;73.9402;13.8889;11.7521;2.1368;0;0.4791
06R_06V_04F_04M;lr103;1;1;06;04;04;100;100;73.0769;15.625;40.289733;52.4333;83.5375;67.6646;20.3125;14.5833;5.7292;0;4.3186
06R_06V_04F_04M;lr104;1;1;06;04;04;66.6667;100;60.6061;17.5;43.276525;34.4536;85.2214;58.6259;12.0536;7.1429;4.9107;0;0
06R_06V_04F_04M;lr105;1;1;06;04;04;100;100;55.8824;13.4615;37.80955;37.1565;73.9913;62.1;18.4783;13.0435;5.4348;0;2.7186
06R_06V_04F_04M;lr101;1;1;06;04;04;83.3333;100;85.2941;16.2791;45.89604;46.2857;98.9224;60.1339;9.6939;8.1633;1.5306;0;12.8882
06R_06V_04F_04M;lr102;1;1;06;04;04;66.6667;100;76.3158;3.4483;39.650475;51.5385;86.265;73.9402;13.8889;11.7521;2.1368;0;0.4791
06R_06V_04F_04M;lr103;1;1;06;04;04;100;100;73.0769;13.1579;42.117917;52.4333;83.5375;67.6646;20.3125;14.5833;5.7292;0;4.3186
06R_06V_04F_04M;lr104;1;1;06;04;04;66.6667;100;50;21.2121;41.553025;34.4536;85.2214;58.6259;12.0536;7.1429;4.9107;0;0
06R_06V_04F_04M;lr105;1;1;06;04;04;100;100;60.4651;20.5882;36.578333;37.1565;73.9913;62.1;18.4783;13.0435;5.4348;0;2.7186
06R_06V_04F_04M;lr101;1;1;06;04;04;83.3333;100;76.4706;16.2791;40.48354;46.2857;98.9224;60.1339;9.6939;8.1633;1.5306;0;12.8882
06R_06V_04F_04M;lr102;1;1;06;04;04;66.6667;100;76.3158;4.1667;36.951775;51.5385;86.265;73.9402;13.8889;11.7521;2.1368;0;0.4791
06R_06V_04F_04M;lr103;1;1;06;04;04;100;100;50;19.2308;37.6202;52.4333;83.5375;67.6646;20.3125;14.5833;5.7292;0;4.3186
06R_06V_04F_04M;lr104;1;1;06;04;04;66.6667;100;73.0769;17.5;49.67075;34.4536;85.2214;58.6259;12.0536;7.1429;4.9107;0;0
06R_06V_04F_04M;lr105;1;1;06;04;04;100;100;50;16.2791;36.898;37.1565;73.9913;62.1;18.4783;13.0435;5.4348;0;2.7186
06R_06V_04F_04M;lr101;1;1;06;04;04;83.3333;100;85.2941;20.5882;42.59074;46.2857;98.9224;60.1339;9.6939;8.1633;1.5306;0;12.8882
06R_06V_04F_04M;lr102;1;1;06;04;04;66.6667;100;68.4211;5.2632;36.129425;51.5385;86.265;73.9402;13.8889;11.7521;2.1368;0;0.4791
06R_06V_04F_04M;lr103;1;1;06;04;04;100;100;73.0769;13.1579;41.29555;52.4333;83.5375;67.6646;20.3125;14.5833;5.7292;0;4.3186
06R_06V_04F_04M;lr104;1;1;06;04;04;66.6667;100;57.5758;17.5;43.14395;34.4536;85.2214;58.6259;12.0536;7.1429;4.9107;0;0
06R_06V_04F_04M;lr105;1;1;06;04;04;100;100;55.8824;13.4615;37.541217;37.1565;73.9913;62.1;18.4783;13.0435;5.4348;0;2.7186
06R_06V_04F_04M;lr201;2;1;06;04;04;33.3333;100;88.4615;36.5385;62.5;23.293;70.305;46.799;2.375;2;0.375;17.5308;23.5388
06R_06V_04F_04M;lr202;2;1;06;04;04;33.3333;75;92.1053;46.1538;69.12955;11.03;49.374;30.202;2.5;1.3333;1.1667;0;0
06R_06V_04F_04M;lr203;2;1;06;04;04;16.6667;50;87.5;87.5;87.5;72.528;72.528;72.528;5.25;4.5;0.75;0.0207;0.0207
06R_06V_04F_04M;lr204;2;1;06;04;04;33.3333;50;59.375;42.1053;50.74015;28.982;47.117;38.0495;3.5;3.5;0;0;0
06R_06V_04F_04M;lr205;2;1;06;04;04;16.6667;50;100;100;100;59.981;59.981;59.981;2.75;2.5;0.25;0;0
06R_06V_04F_04M;lr201;2;1;06;04;04;33.3333;100;88.4615;55.8824;72.17195;23.293;70.305;46.799;2.375;2;0.375;17.5308;23.5388
06R_06V_04F_04M;lr202;2;1;06;04;04;33.3333;75;92.1053;37.5;64.80265;11.03;49.374;30.202;2.5;1.3333;1.1667;0;0
06R_06V_04F_04M;lr203;2;1;06;04;04;16.6667;50;87.5;87.5;87.5;72.528;72.528;72.528;5.25;4.5;0.75;0.0207;0.0207
06R_06V_04F_04M;lr204;2;1;06;04;04;33.3333;50;73.0769;50;61.53845;28.982;47.117;38.0495;3.5;3.5;0;0;0
06R_06V_04F_04M;lr205;2;1;06;04;04;16.6667;50;82.6923;82.6923;82.6923;59.981;59.981;59.981;2.75;2.5;0.25;0;0
06R_06V_04F_04M;lr201;2;1;06;04;04;33.3333;100;88.4615;44.186;66.32375;23.293;70.305;46.799;2.375;2;0.375;17.5308;23.5388
06R_06V_04F_04M;lr202;2;1;06;04;04;33.3333;75;92.1053;46.1538;69.12955;11.03;49.374;30.202;2.5;1.3333;1.1667;0;0
06R_06V_04F_04M;lr203;2;1;06;04;04;16.6667;50;87.5;87.5;87.5;72.528;72.528;72.528;5.25;4.5;0.75;0.0207;0.0207
06R_06V_04F_04M;lr204;2;1;06;04;04;33.3333;50;73.0769;42.1053;57.5911;28.982;47.117;38.0495;3.5;3.5;0;0;0
06R_06V_04F_04M;lr205;2;1;06;04;04;16.6667;50;100;100;100;59.981;59.981;59.981;2.75;2.5;0.25;0;0
06R_06V_04F_04M;lr201;2;1;06;04;04;33.3333;100;88.4615;55.8824;72.17195;23.293;70.305;46.799;2.375;2;0.375;17.5308;23.5388
06R_06V_04F_04M;lr202;2;1;06;04;04;33.3333;75;92.1053;46.1538;69.12955;11.03;49.374;30.202;2.5;1.3333;1.1667;0;0
06R_06V_04F_04M;lr203;2;1;06;04;04;16.6667;50;87.5;87.5;87.5;72.528;72.528;72.528;5.25;4.5;0.75;0.4784;0.8162
06R_06V_04F_04M;lr204;2;1;06;04;04;33.3333;50;73.0769;50;61.53845;28.982;47.117;38.0495;3.5;3.5;0;0;0
06R_06V_04F_04M;lr205;2;1;06;04;04;16.6667;50;82.6923;82.6923;82.6923;59.981;59.981;59.981;2.75;2.5;0.25;0;0
06R_06V_04F_04M;lr201;2;1;06;04;04;33.3333;100;88.4615;55.8824;72.17195;23.293;70.305;46.799;2.375;2;0.375;17.5308;23.5388
06R_06V_04F_04M;lr202;2;1;06;04;04;33.3333;75;92.1053;31.5789;61.8421;11.03;49.374;30.202;2.5;1.3333;1.1667;0;0
06R_06V_04F_04M;lr203;2;1;06;04;04;16.6667;50;87.5;87.5;87.5;72.528;72.528;72.528;5.25;4.5;0.75;0.0207;0.0207
06R_06V_04F_04M;lr204;2;1;06;04;04;33.3333;50;61.5385;59.375;60.45675;28.982;47.117;38.0495;3.5;3.5;0;0;0
06R_06V_04F_04M;lr205;2;1;06;04;04;16.6667;50;82.6923;82.6923;82.6923;59.981;59.981;59.981;2.75;2.5;0.25;0;0
08R_08V_02F_03M;lr101;1;1;08;02;03;100;100;55.8824;16.2791;34.618687;43.7565;66.2609;55.3288;10.8696;7.2464;3.6232;8.0273;17.702
08R_08V_02F_03M;lr102;1;1;08;02;03;62.5;100;68.4211;36.2069;51.45192;38.0564;87.2256;65.3925;10.0251;6.2657;3.7594;0.3359;3.9761
08R_08V_02F_03M;lr103;1;1;08;02;03;50;100;92.1053;50;78.555175;72.613;90.4826;83.6185;7.971;5.7971;2.1739;0;0.4817
08R_08V_02F_03M;lr104;1;1;08;02;03;50;100;81.8182;36.3636;57.40095;60.0509;77.24;69.5855;6.0606;4.8485;1.2121;0;1.051
08R_08V_02F_03M;lr105;1;1;08;02;03;75;100;76.4706;13.4615;40.370583;33.3128;95.786;59.6674;9.6022;8.2305;1.3717;0;0
08R_08V_02F_03M;lr101;1;1;08;02;03;100;100;60.4651;16.2791;34.3819;43.7565;66.2609;55.3288;10.8696;7.2464;3.6232;8.0273;17.702
08R_08V_02F_03M;lr102;1;1;08;02;03;62.5;100;60.4167;32.7586;49.17954;38.0564;87.2256;65.3925;10.0251;6.2657;3.7594;0.3359;3.9761
08R_08V_02F_03M;lr103;1;1;08;02;03;50;100;92.1053;68.75;80.35805;72.613;90.4826;83.6185;7.971;5.7971;2.1739;0;0.4817
08R_08V_02F_03M;lr104;1;1;08;02;03;50;100;81.8182;30;56.829825;60.0509;77.24;69.5855;6.0606;4.8485;1.2121;0;1.051
08R_08V_02F_03M;lr105;1;1;08;02;03;75;100;60.4651;13.4615;41.605717;33.3128;95.786;59.6674;9.6022;8.2305;1.3717;0;0
08R_08V_02F_03M;lr101;1;1;08;02;03;100;100;60.4651;17.3077;34.781438;43.7565;66.2609;55.3288;10.8696;7.2464;3.6232;8.0273;17.702
08R_08V_02F_03M;lr102;1;1;08;02;03;62.5;100;76.3158;34.4828;50.09454;38.0564;87.2256;65.3925;10.0251;6.2657;3.7594;0.3359;3.9761
08R_08V_02F_03M;lr103;1;1;08;02;03;50;100;92.1053;50;78.555175;72.613;90.4826;83.6185;7.971;5.7971;2.1739;0;0.4817
08R_08V_02F_03M;lr104;1;1;08;02;03;50;100;73.0769;35;55.432675;60.0509;77.24;69.5855;6.0606;4.8485;1.2121;0;1.051
08R_08V_02F_03M;lr105;1;1;08;02;03;75;100;50;20.5882;38.381717;33.3128;95.786;59.6674;9.6022;8.2305;1.3717;0;0
08R_08V_02F_03M;lr101;1;1;08;02;03;100;100;76.4706;15.3846;35.6782;43.7565;66.2609;55.3288;10.8696;7.2464;3.6232;8.0273;17.702
08R_08V_02F_03M;lr102;1;1;08;02;03;62.5;100;68.4211;32.7586;46.45722;38.0564;87.2256;65.3925;10.0251;6.2657;3.7594;0.3359;3.9761
08R_08V_02F_03M;lr103;1;1;08;02;03;50;100;92.1053;68.75;80.35805;72.613;90.4826;83.6185;7.971;5.7971;2.1739;0;0.4817
08R_08V_02F_03M;lr104;1;1;08;02;03;50;100;67.5;30;49.375;60.0509;77.24;69.5855;6.0606;4.8485;1.2121;0;1.051
08R_08V_02F_03M;lr105;1;1;08;02;03;75;100;76.4706;13.4615;42.122667;33.3128;95.786;59.6674;9.6022;8.2305;1.3717;0;0
08R_08V_02F_03M;lr101;1;1;08;02;03;100;100;76.4706;17.3077;36.3974;43.7565;66.2609;55.3288;10.8696;7.2464;3.6232;8.0273;17.702
08R_08V_02F_03M;lr102;1;1;08;02;03;62.5;100;76.3158;36.2069;49.91304;38.0564;87.2256;65.3925;10.0251;6.2657;3.7594;0.3359;3.9761
08R_08V_02F_03M;lr103;1;1;08;02;03;50;100;92.1053;59.375;77.444975;72.613;90.4826;83.6185;7.971;5.7971;2.1739;0;0.4817
08R_08V_02F_03M;lr104;1;1;08;02;03;50;100;81.8182;30;53.2911;60.0509;77.24;69.5855;6.0606;4.8485;1.2121;0;1.051
08R_08V_02F_03M;lr105;1;1;08;02;03;75;100;50;20.5882;35.505017;33.3128;95.786;59.6674;9.6022;8.2305;1.3717;0;0
08R_08V_02F_03M;lr201;2;1;08;02;03;25;100;90.3846;86.5385;88.46155;27.166;65.886;46.526;0.8333;0.6667;0.1667;0;15.1489
08R_08V_02F_03M;lr202;2;1;08;02;03;25;100;94.7368;43.4783;69.10755;20.918;50.835;35.8765;1.1667;1;0.1667;0.6147;0
08R_08V_02F_03M;lr203;2;1;08;02;03;12.5;66.6667;88.2353;88.2353;88.2353;72.854;72.854;72.854;2.25;2;0.25;0.7192;0.8126
08R_08V_02F_03M;lr204;2;1;08;02;03;25;100;71.0526;37.5;54.2763;18.447;52.396;35.4215;1;0.6667;0.3333;0;0
08R_08V_02F_03M;lr205;2;1;08;02;03;12.5;66.6667;88.4615;88.4615;88.4615;73.645;73.645;73.645;1.75;1.5;0.25;0;0
08R_08V_02F_03M;lr201;2;1;08;02;03;25;100;90.3846;86.5385;88.46155;27.166;65.886;46.526;0.8333;0.6667;0.1667;0;15.1489
08R_08V_02F_03M;lr202;2;1;08;02;03;25;100;94.7368;66.6667;80.70175;20.918;50.835;35.8765;1.1667;1;0.1667;0.6147;0
08R_08V_02F_03M;lr203;2;1;08;02;03;12.5;66.6667;100;100;100;72.854;72.854;72.854;2.25;2;0.25;0;0
08R_08V_02F_03M;lr204;2;1;08;02;03;25;100;71.0526;31.5789;51.31575;18.447;52.396;35.4215;1;0.6667;0.3333;0;0
08R_08V_02F_03M;lr205;2;1;08;02;03;12.5;66.6667;88.4615;88.4615;88.4615;73.645;73.645;73.645;1.75;1.5;0.25;0;0
08R_08V_02F_03M;lr201;2;1;08;02;03;25;100;90.3846;86.5385;88.46155;27.166;65.886;46.526;0.8333;0.6667;0.1667;0;15.1489
08R_08V_02F_03M;lr202;2;1;08;02;03;25;100;94.7368;43.4783;69.10755;20.918;50.835;35.8765;1.1667;1;0.1667;0.6147;0
08R_08V_02F_03M;lr203;2;1;08;02;03;12.5;66.6667;88.2353;88.2353;88.2353;72.854;72.854;72.854;2.25;2;0.25;0;0
08R_08V_02F_03M;lr204;2;1;08;02;03;25;100;84.375;37.5;60.9375;18.447;52.396;35.4215;1;0.6667;0.3333;0;0
08R_08V_02F_03M;lr205;2;1;08;02;03;25;66.6667;84.6154;46.5116;65.5635;12.429;61.18;36.8045;1.75;1.5;0.25;0;0
08R_08V_02F_03M;lr201;2;1;08;02;03;25;100;90.3846;86.5385;88.46155;27.166;65.886;46.526;0.8333;0.6667;0.1667;0;15.1489
08R_08V_02F_03M;lr202;2;1;08;02;03;25;100;78.2609;52.6316;65.44625;20.918;50.835;35.8765;1.1667;1;0.1667;0.6147;0
08R_08V_02F_03M;lr203;2;1;08;02;03;12.5;66.6667;100;100;100;72.854;72.854;72.854;2.25;2;0.25;0;0
08R_08V_02F_03M;lr204;2;1;08;02;03;25;100;71.0526;37.5;54.2763;18.447;52.396;35.4215;1;0.6667;0.3333;0;0
08R_08V_02F_03M;lr205;2;1;08;02;03;12.5;66.6667;88.4615;88.4615;88.4615;73.645;73.645;73.645;1.75;1.5;0.25;0;0
08R_08V_02F_03M;lr201;2;1;08;02;03;25;100;90.3846;86.5385;88.46155;27.166;65.886;46.526;0.8333;0.6667;0.1667;0;15.1489
08R_08V_02F_03M;lr202;2;1;08;02;03;25;100;78.2609;66.6667;72.4638;20.918;50.835;35.8765;1.1667;1;0.1667;0.6147;0
08R_08V_02F_03M;lr203;2;1;08;02;03;12.5;66.6667;88.2353;88.2353;88.2353;72.854;72.854;72.854;2.25;2;0.25;0.7192;0.8126
08R_08V_02F_03M;lr204;2;1;08;02;03;25;100;84.375;46.1538;65.2644;18.447;52.396;35.4215;1;0.6667;0.3333;0;0
08R_08V_02F_03M;lr205;2;1;08;02;03;12.5;66.6667;88.4615;88.4615;88.4615;73.645;73.645;73.645;1.75;1.5;0.25;0;0
08R_08V_02F_04M;lr101;1;1;08;02;04;100;100;60.4651;20.5882;34.322688;43.7565;64.9609;54.906;7.0652;5.4348;1.6304;8.0273;17.7249
08R_08V_02F_04M;lr102;1;1;08;02;04;62.5;100;68.4211;36.2069;51.45192;38.0564;85.7669;65.012;6.5789;4.6992;1.8797;0.3359;4.038
08R_08V_02F_04M;lr103;1;1;08;02;04;50;75;92.1053;50;78.555175;72.613;87.987;82.7848;7.971;5.7971;2.1739;0;0.4954
08R_08V_02F_04M;lr104;1;1;08;02;04;50;75;67.5;30;52.2305;60.0509;76.0291;69.2827;6.0606;4.8485;1.2121;0;1.0678
08R_08V_02F_04M;lr105;1;1;08;02;04;75;100;76.4706;13.4615;40.370583;33.3128;95.786;58.9005;7.2016;6.1728;1.0288;0;0
08R_08V_02F_04M;lr101;1;1;08;02;04;100;100;58.8235;16.2791;34.618662;43.7565;64.9609;54.906;7.0652;5.4348;1.6304;8.0273;17.7249
08R_08V_02F_04M;lr102;1;1;08;02;04;62.5;100;60.4167;32.7586;49.17954;38.0564;85.7669;65.012;6.5789;4.6992;1.8797;0.3359;4.038
08R_08V_02F_04M;lr103;1;1;08;02;04;50;75;92.1053;68.75;80.35805;72.613;87.987;82.7848;7.971;5.7971;2.1739;0;0.4954
08R_08V_02F_04M;lr104;1;1;08;02;04;50;75;81.8182;30;56.829825;60.0509;76.0291;69.2827;6.0606;4.8485;1.2121;0;1.0678
08R_08V_02F_04M;lr105;1;1;08;02;04;75;100;60.4651;13.4615;41.605717;33.3128;95.786;58.9005;7.2016;6.1728;1.0288;0;0
08R_08V_02F_04M;lr101;1;1;08;02;04;100;100;76.4706;18.6047;35.84395;43.7565;64.9609;54.906;7.0652;5.4348;1.6304;8.0273;17.7249
08R_08V_02F_04M;lr102;1;1;08;02;04;62.5;100;76.3158;34.4828;50.09454;38.0564;85.7669;65.012;6.5789;4.6992;1.8797;0.3359;4.038
08R_08V_02F_04M;lr103;1;1;08;02;04;50;75;92.1053;50;78.555175;72.613;87.987;82.7848;7.971;5.7971;2.1739;0;0.4954
08R_08V_02F_04M;lr104;1;1;08;02;04;50;75;73.0769;35;55.432675;60.0509;76.0291;69.2827;6.0606;4.8485;1.2121;0;1.0678
08R_08V_02F_04M;lr105;1;1;08;02;04;75;100;50;20.5882;38.381717;33.3128;95.786;58.9005;7.2016;6.1728;1.0288;0;0
08R_08V_02F_04M;lr101;1;1;08;02;04;100;100;60.4651;20.5882;34.938288;43.7565;64.9609;54.906;7.0652;5.4348;1.6304;8.0273;17.7249
08R_08V_02F_04M;lr102;1;1;08;02;04;62.5;100;68.4211;32.7586;46.45722;38.0564;85.7669;65.012;6.5789;4.6992;1.8797;0.3359;4.038
08R_08V_02F_04M;lr103;1;1;08;02;04;50;75;92.1053;68.75;80.35805;72.613;87.987;82.7848;7.971;5.7971;2.1739;0;0.4954
08R_08V_02F_04M;lr104;1;1;08;02;04;50;75;67.5;30;49.375;60.0509;76.0291;69.2827;6.0606;4.8485;1.2121;0;1.0678
08R_08V_02F_04M;lr105;1;1;08;02;04;75;100;58.8235;13.4615;36.8388;33.3128;95.786;58.9005;7.2016;6.1728;1.0288;0;0
08R_08V_02F_04M;lr101;1;1;08;02;04;100;100;76.4706;13.4615;36.113262;43.7565;64.9609;54.906;7.0652;5.4348;1.6304;8.0273;17.7249
08R_08V_02F_04M;lr102;1;1;08;02;04;62.5;100;76.3158;36.2069;49.91304;38.0564;85.7669;65.012;6.5789;4.6992;1.8797;0.3359;4.038
08R_08V_02F_04M;lr103;1;1;08;02;04;50;75;92.1053;59.375;77.444975;72.613;87.987;82.7848;7.971;5.7971;2.1739;0;0.4954
08R_08V_02F_04M;lr104;1;1;08;02;04;50;75;81.8182;30;53.2911;60.0509;76.0291;69.2827;6.0606;4.8485;1.2121;0;1.0678
08R_08V_02F_04M;lr105;1;1;08;02;04;75;100;60.4651;13.4615;38.172583;33.3128;95.786;58.9005;7.2016;6.1728;1.0288;0;0
08R_08V_02F_04M;lr201;2;1;08;02;04;25;75;90.3846;86.5385;88.46155;27.097;65.886;46.4915;0.8333;0.6667;0.1667;0;15.1489
08R_08V_02F_04M;lr202;2;1;08;02;04;25;75;94.7368;66.6667;80.70175;20.918;50.602;35.76;1.1667;1;0.1667;0;0
08R_08V_02F_04M;lr203;2;1;08;02;04;12.5;50;88.2353;88.2353;88.2353;72.491;72.491;72.491;2.25;2;0.25;0.8925;0.8167
08R_08V_02F_04M;lr204;2;1;08;02;04;25;100;71.0526;37.5;54.2763;18.447;52.127;35.287;0.75;0.5;0.25;0;0
08R_08V_02F_04M;lr205;2;1;08;02;04;12.5;50;88.4615;88.4615;88.4615;72.988;72.988;72.988;1.75;1.5;0.25;0;0
08R_08V_02F_04M;lr201;2;1;08;02;04;25;75;90.3846;86.5385;88.46155;27.097;65.886;46.4915;0.8333;0.6667;0.1667;0;15.1489
08R_08V_02F_04M;lr202;2;1;08;02;04;25;75;78.2609;66.6667;72.4638;20.918;50.602;35.76;1.1667;1;0.1667;0;0
08R_08V_02F_04M;lr203;2;1;08;02;04;12.5;50;100;100;100;72.491;72.491;72.491;2.25;2;0.25;0;0
08R_08V_02F_04M;lr204;2;1;08;02;04;25;100;71.0526;31.5789;51.31575;18.447;52.127;35.287;0.75;0.5;0.25;0;0
08R_08V_02F_04M;lr205;2;1;08;02;04;12.5;50;88.4615;88.4615;88.4615;72.988;72.988;72.988;1.75;1.5;0.25;0;0
08R_08V_02F_04M;lr201;2;1;08;02;04;25;75;90.3846;86.5385;88.46155;27.097;65.886;46.4915;0.8333;0.6667;0.1667;0;15.1489
08R_08V_02F_04M;lr202;2;1;08;02;04;25;75;94.7368;43.4783;69.10755;20.918;50.602;35.76;1.1667;1;0.1667;0;0
08R_08V_02F_04M;lr203;2;1;08;02;04;12.5;50;100;100;100;72.491;72.491;72.491;2.25;2;0.25;0.8925;0.8167
08R_08V_02F_04M;lr204;2;1;08;02;04;25;100;84.375;37.5;60.9375;18.447;52.127;35.287;0.75;0.5;0.25;0;0
08R_08V_02F_04M;lr205;2;1;08;02;04;25;50;84.6154;46.5116;65.5635;12.429;60.523;36.476;1.75;1.5;0.25;0;0
08R_08V_02F_04M;lr201;2;1;08;02;04;25;75;90.3846;86.5385;88.46155;27.097;65.886;46.4915;0.8333;0.6667;0.1667;0;15.1489
08R_08V_02F_04M;lr202;2;1;08;02;04;25;75;78.2609;52.6316;65.44625;20.918;50.602;35.76;1.1667;1;0.1667;0;0
08R_08V_02F_04M;lr203;2;1;08;02;04;12.5;50;100;100;100;72.491;72.491;72.491;2.25;2;0.25;0.8925;0.8167
08R_08V_02F_04M;lr204;2;1;08;02;04;25;100;71.0526;37.5;54.2763;18.447;52.127;35.287;0.75;0.5;0.25;0;0
08R_08V_02F_04M;lr205;2;1;08;02;04;12.5;50;88.4615;88.4615;88.4615;72.988;72.988;72.988;1.75;1.5;0.25;0;0
08R_08V_02F_04M;lr201;2;1;08;02;04;25;75;90.3846;86.5385;88.46155;27.097;65.886;46.4915;0.8333;0.6667;0.1667;0;15.1489
08R_08V_02F_04M;lr202;2;1;08;02;04;25;75;94.7368;52.6316;73.6842;20.918;50.602;35.76;1.1667;1;0.1667;0;0
08R_08V_02F_04M;lr203;2;1;08;02;04;12.5;50;88.2353;88.2353;88.2353;72.491;72.491;72.491;2.25;2;0.25;0.8925;0.8167
08R_08V_02F_04M;lr204;2;1;08;02;04;25;100;84.375;46.1538;65.2644;18.447;52.127;35.287;0.75;0.5;0.25;0;0
08R_08V_02F_04M;lr205;2;1;08;02;04;12.5;50;88.4615;88.4615;88.4615;72.988;72.988;72.988;1.75;1.5;0.25;0;0
08R_08V_04F_03M;lr101;1;1;08;04;03;100;100;76.4706;16.2791;35.5539;48.9783;77.9652;63.3989;36.2319;21.7391;14.4928;1.732;12.5056
08R_08V_04F_03M;lr102;1;1;08;04;03;62.5;100;68.4211;13.1579;45.2851;53.972;99.4615;72.0573;23.31;16.317;6.993;0;3.9644
08R_08V_04F_03M;lr103;1;1;08;04;03;87.5;100;73.0769;19.2308;42.654714;55.0957;84.7696;68.2652;34.7826;20.2899;14.4928;0;0.2089
08R_08V_04F_03M;lr104;1;1;08;04;03;87.5;100;60.6061;6.0606;39.0318;39.5492;64.0407;53.1114;28.2486;19.209;9.0395;0;0.0873
08R_08V_04F_03M;lr105;1;1;08;04;03;75;100;76.4706;16.2791;38.527733;54.076;96.1065;67.6882;27.8834;20.2788;7.6046;0;0.1212
08R_08V_04F_03M;lr101;1;1;08;04;03;100;100;60.4651;20.5882;34.322688;48.9783;77.9652;63.3989;36.2319;21.7391;14.4928;1.732;12.5056
08R_08V_04F_03M;lr102;1;1;08;04;03;62.5;100;76.3158;13.1579;46.33244;53.972;99.4615;72.0573;23.31;16.317;6.993;0;3.9644
08R_08V_04F_03M;lr103;1;1;08;04;03;87.5;100;73.0769;15.625;42.2101;55.0957;84.7696;68.2652;34.7826;20.2899;14.4928;0;0.2089
08R_08V_04F_03M;lr104;1;1;08;04;03;87.5;100;57.5758;5;38.985171;39.5492;64.0407;53.1114;28.2486;19.209;9.0395;0;0.0873
08R_08V_04F_03M;lr105;1;1;08;04;03;75;100;58.8235;13.4615;40.627067;54.076;96.1065;67.6882;27.8834;20.2788;7.6046;0;0.1212
08R_08V_04F_03M;lr101;1;1;08;04;03;100;100;60.4651;13.4615;36.421063;48.9783;77.9652;63.3989;36.2319;21.7391;14.4928;1.732;12.5056
08R_08V_04F_03M;lr102;1;1;08;04;03;62.5;100;60.4167;13.1579;38.83848;53.972;99.4615;72.0573;23.31;16.317;6.993;0;3.9644
08R_08V_04F_03M;lr103;1;1;08;04;03;87.5;100;73.0769;13.1579;45.458;55.0957;84.7696;68.2652;34.7826;20.2899;14.4928;0;0.2089
08R_08V_04F_03M;lr104;1;1;08;04;03;87.5;100;73.0769;6.0606;41.374457;39.5492;64.0407;53.1114;28.2486;19.209;9.0395;0;0.0873
08R_08V_04F_03M;lr105;1;1;08;04;03;75;100;50;13.4615;36.9256;54.076;96.1065;67.6882;27.8834;20.2788;7.6046;0;0.1212
08R_08V_04F_03M;lr101;1;1;08;04;03;100;100;76.4706;16.2791;36.4773;48.9783;77.9652;63.3989;36.2319;21.7391;14.4928;1.732;12.5056
08R_08V_04F_03M;lr102;1;1;08;04;03;62.5;100;79.3103;13.1579;45.73502;53.972;99.4615;72.0573;23.31;16.317;6.993;0;4.3927
08R_08V_04F_03M;lr103;1;1;08;04;03;87.5;100;73.0769;15.625;43.912671;55.0957;84.7696;68.2652;34.7826;20.2899;14.4928;0;0.2089
08R_08V_04F_03M;lr104;1;1;08;04;03;87.5;100;76.9231;6.0606;42.423414;39.5492;64.0407;53.1114;28.2486;19.209;9.0395;0;0.0873
08R_08V_04F_03M;lr105;1;1;08;04;03;75;100;50;13.4615;34.719717;54.076;96.1065;67.6882;27.8834;20.2788;7.6046;0;0.1212
08R_08V_04F_03M;lr101;1;1;08;04;03;100;100;76.4706;13.4615;36.882762;48.9783;77.9652;63.3989;36.2319;21.7391;14.4928;1.732;12.5056
08R_08V_04F_03M;lr102;1;1;08;04;03;62.5;100;95.8333;13.1579;45.59134;53.972;99.4615;72.0573;23.31;16.317;6.993;0;4.3927
08R_08V_04F_03M;lr103;1;1;08;04;03;87.5;100;73.0769;19.2308;44.0645;55.0957;84.7696;68.2652;34.7826;20.2899;14.4928;0;0.2089
08R_08V_04F_03M;lr104;1;1;08;04;03;87.5;100;73.0769;6.0606;42.306857;39.5492;64.0407;53.1114;28.2486;19.209;9.0395;0;0.0873
08R_08V_04F_03M;lr105;1;1;08;04;03;75;100;50;13.4615;37.193933;54.076;96.1065;67.6882;27.8834;20.2788;7.6046;0;0.1212
08R_08V_04F_03M;lr201;2;1;08;04;03;25;100;90.3846;86.5385;88.46155;35.13;79.167;57.1485;4;3.3333;0.6667;0;10.9654
08R_08V_04F_03M;lr202;2;1;08;04;03;25;100;94.7368;34.7826;64.7597;10.927;77.663;44.295;4.3333;3.3333;1;0;0
08R_08V_04F_03M;lr203;2;1;08;04;03;25;100;85.2941;28.5714;56.93275;18.757;74.185;46.471;4;3.3333;0.6667;1.4828;0.6612
08R_08V_04F_03M;lr204;2;1;08;04;03;12.5;100;92.1053;92.1053;92.1053;88.862;88.862;88.862;4;2.3333;1.6667;0;0
08R_08V_04F_03M;lr205;2;1;08;04;03;25;100;95.3488;88.4615;91.90515;42.827;50.936;46.8815;5.3333;3.3333;2;0;1.3213
08R_08V_04F_03M;lr201;2;1;08;04;03;25;100;90.3846;86.5385;88.46155;35.13;79.167;57.1485;4;3.3333;0.6667;0;10.9654
08R_08V_04F_03M;lr202;2;1;08;04;03;25;100;94.7368;34.7826;64.7597;10.927;77.663;44.295;4.3333;3.3333;1;0;0
08R_08V_04F_03M;lr203;2;1;08;04;03;25;100;85.2941;28.5714;56.93275;18.757;74.185;46.471;4;3.3333;0.6667;0.2622;0.2622
08R_08V_04F_03M;lr204;2;1;08;04;03;25;100;100;65.7895;82.89475;39.867;47.938;43.9025;3.5;2.3333;1.1667;0;0
08R_08V_04F_03M;lr205;2;1;08;04;03;25;100;95.3488;88.4615;91.90515;42.827;50.936;46.8815;5.3333;3.3333;2;0;1.3213
08R_08V_04F_03M;lr201;2;1;08;04;03;25;100;90.3846;86.5385;88.46155;35.13;79.167;57.1485;4;3.3333;0.6667;0;10.9654
08R_08V_04F_03M;lr202;2;1;08;04;03;25;100;78.2609;34.7826;56.52175;10.927;77.663;44.295;4.3333;3.3333;1;0;0
08R_08V_04F_03M;lr203;2;1;08;04;03;25;100;85.2941;28.5714;56.93275;18.757;74.185;46.471;4;3.3333;0.6667;0.2622;0.2622
08R_08V_04F_03M;lr204;2;1;08;04;03;25;100;100;78.125;89.0625;39.867;48.5;44.1835;3.3333;2.3333;1;0;0
08R_08V_04F_03M;lr205;2;1;08;04;03;25;100;95.3488;88.4615;91.90515;42.827;50.936;46.8815;5.3333;3.3333;2;0;1.3213
08R_08V_04F_03M;lr201;2;1;08;04;03;25;100;90.3846;86.5385;88.46155;35.13;79.167;57.1485;4;3.3333;0.6667;0;10.9654
08R_08V_04F_03M;lr202;2;1;08;04;03;25;100;94.7368;53.3333;74.03505;10.927;77.663;44.295;4.3333;3.3333;1;0;0
08R_08V_04F_03M;lr203;2;1;08;04;03;25;100;85.2941;36.3636;60.82885;18.757;74.185;46.471;4;3.3333;0.6667;0.2622;0.2622
08R_08V_04F_03M;lr204;2;1;08;04;03;25;100;100;96.1538;98.0769;39.867;47.938;43.9025;3.5;2.3333;1.1667;0;0
08R_08V_04F_03M;lr205;2;1;08;04;03;25;100;95.3488;88.4615;91.90515;42.827;50.936;46.8815;5.3333;3.3333;2;0;1.3213
08R_08V_04F_03M;lr201;2;1;08;04;03;25;100;90.3846;86.5385;88.46155;35.13;79.167;57.1485;4;3.3333;0.6667;0;10.9654
08R_08V_04F_03M;lr202;2;1;08;04;03;25;100;78.2609;34.7826;56.52175;10.927;77.663;44.295;4.3333;3.3333;1;0;0
08R_08V_04F_03M;lr203;2;1;08;04;03;25;100;85.2941;28.5714;56.93275;18.757;74.185;46.471;4;3.3333;0.6667;1.4828;0.6612
08R_08V_04F_03M;lr204;2;1;08;04;03;12.5;100;92.1053;92.1053;92.1053;88.862;88.862;88.862;4;2.3333;1.6667;0;0
08R_08V_04F_03M;lr205;2;1;08;04;03;25;100;96.1538;88.4615;92.30765;36.709;57.613;47.161;3.3333;2.3333;1;0;0
08R_08V_04F_04M;lr101;1;1;08;04;04;100;100;50;20.5882;33.618313;48.6957;77.5913;61.6864;24.4565;16.3043;8.1522;7.1444;11.7361
08R_08V_04F_04M;lr102;1;1;08;04;04;62.5;100;68.4211;10.4167;45.09228;53.381100000000004;90.4231;70.149;16.6084;12.2378;4.3706;0;2.8251
08R_08V_04F_04M;lr103;1;1;08;04;04;87.5;100;73.0769;13.1579;46.368929;55.0957;83.1826;67.482;25.5435;15.2174;10.3261;0;0.1135
08R_08V_04F_04M;lr104;1;1;08;04;04;87.5;100;76.9231;6.0606;43.571429;38.1627;64.8271;52.9075;19.0678;14.4068;4.661;0;0.0432
08R_08V_04F_04M;lr105;1;1;08;04;04;75;100;58.8235;16.2791;37.3084;52.7262;96.1065;66.7681;19.962;15.2091;4.7529;0;0
08R_08V_04F_04M;lr101;1;1;08;04;04;100;100;76.4706;15.3846;36.83245;48.6957;77.5913;61.6864;24.4565;16.3043;8.1522;7.1444;11.7361
08R_08V_04F_04M;lr102;1;1;08;04;04;62.5;100;95.8333;8.6207;49.8601;53.381100000000004;90.4231;70.149;16.6084;12.2378;4.3706;0;3.2549
08R_08V_04F_04M;lr103;1;1;08;04;04;87.5;100;73.0769;15.625;44.595871;55.0957;83.2652;67.482;25.5435;15.2174;10.3261;0;0.0925
08R_08V_04F_04M;lr104;1;1;08;04;04;87.5;100;60.6061;7.6923;39.393114;38.1627;64.8271;52.9075;19.0678;14.4068;4.661;0;0.0432
08R_08V_04F_04M;lr105;1;1;08;04;04;75;100;58.8235;16.2791;39.459033;52.7262;96.1065;66.7681;19.962;15.2091;4.7529;0;0
08R_08V_04F_04M;lr101;1;1;08;04;04;100;100;76.4706;13.4615;36.113262;48.6957;77.5913;61.6864;24.4565;16.3043;8.1522;7.1444;11.7361
08R_08V_04F_04M;lr102;1;1;08;04;04;62.5;100;95.8333;10.4167;48.85436;53.381100000000004;90.4231;70.149;16.6084;12.2378;4.3706;0;3.2549
08R_08V_04F_04M;lr103;1;1;08;04;04;87.5;100;73.0769;13.1579;47.540129;55.0957;83.1826;67.482;25.5435;15.2174;10.3261;0;0.1135
08R_08V_04F_04M;lr104;1;1;08;04;04;87.5;100;57.5758;6.0606;37.417586;38.1627;64.8271;52.9075;19.0678;14.4068;4.661;0;0.0432
08R_08V_04F_04M;lr105;1;1;08;04;04;75;100;58.8235;13.4615;37.040033;52.7262;96.1065;66.7681;19.962;15.2091;4.7529;0;0
08R_08V_04F_04M;lr101;1;1;08;04;04;100;100;76.4706;15.3846;36.83245;48.6957;77.5913;61.6864;24.4565;16.3043;8.1522;7.1444;11.7361
08R_08V_04F_04M;lr102;1;1;08;04;04;62.5;100;79.3103;13.1579;44.37008;53.381100000000004;90.4231;70.149;16.6084;12.2378;4.3706;0;3.2549
08R_08V_04F_04M;lr103;1;1;08;04;04;87.5;100;73.0769;18.4211;42.638457;55.0957;83.2652;67.482;25.5435;15.2174;10.3261;0;0.0925
08R_08V_04F_04M;lr104;1;1;08;04;04;87.5;100;57.5758;6.0606;38.606386;38.1627;64.8271;52.9075;19.0678;14.4068;4.661;0;0.0432
08R_08V_04F_04M;lr105;1;1;08;04;04;75;100;58.8235;13.4615;37.040033;52.7262;96.1065;66.7681;19.962;15.2091;4.7529;0;0
08R_08V_04F_04M;lr101;1;1;08;04;04;100;100;76.4706;13.4615;36.113263;48.6957;77.5913;61.6864;24.4565;16.3043;8.1522;7.1444;11.7361
08R_08V_04F_04M;lr102;1;1;08;04;04;62.5;100;79.3103;8.6207;53.902;53.381100000000004;90.4231;70.149;16.6084;12.2378;4.3706;0;3.2549
08R_08V_04F_04M;lr103;1;1;08;04;04;87.5;100;73.0769;15.625;47.751586;55.0957;83.1826;67.482;25.5435;15.2174;10.3261;0;0.1135
08R_08V_04F_04M;lr104;1;1;08;04;04;87.5;100;60.6061;5;39.9409;38.1627;64.8271;52.9075;19.0678;14.4068;4.661;0;0.0432
08R_08V_04F_04M;lr105;1;1;08;04;04;75;100;58.8235;20.5882;38.898683;52.7262;96.1065;66.7681;19.962;15.2091;4.7529;0;0
08R_08V_04F_04M;lr201;2;1;08;04;04;25;100;90.3846;86.5385;88.46155;34.465;79.167;56.816;3.125;2.5;0.625;0;10.9654
08R_08V_04F_04M;lr202;2;1;08;04;04;25;75;94.7368;34.7826;64.7597;10.927;77.142;44.0345;4.3333;3.3333;1;0;0
08R_08V_04F_04M;lr203;2;1;08;04;04;25;75;85.2941;28.5714;56.93275;18.712;74.185;46.4485;4;3.3333;0.6667;1.8103;0.6612
08R_08V_04F_04M;lr204;2;1;08;04;04;12.5;100;92.1053;92.1053;92.1053;88.299;88.299;88.299;3;1.75;1.25;0;0
08R_08V_04F_04M;lr205;2;1;08;04;04;25;100;95.3488;88.4615;91.90515;42.658;50.568;46.613;4;2.5;1.5;0;1.3309
08R_08V_04F_04M;lr201;2;1;08;04;04;25;100;90.3846;86.5385;88.46155;34.465;79.167;56.816;3.125;2.5;0.625;0;10.9654
08R_08V_04F_04M;lr202;2;1;08;04;04;25;75;94.7368;34.7826;64.7597;10.927;77.142;44.0345;4.3333;3.3333;1;0;0
08R_08V_04F_04M;lr203;2;1;08;04;04;25;75;85.2941;28.5714;56.93275;18.712;74.185;46.4485;4;3.3333;0.6667;0.2622;0.2622
08R_08V_04F_04M;lr204;2;1;08;04;04;25;100;100;65.7895;82.89475;39.598;47.826;43.712;2.75;1.75;1;0;0
08R_08V_04F_04M;lr205;2;1;08;04;04;25;75;96.1538;88.4615;92.30765;36.948;56.079;46.5135;4;2.6667;1.3333;0;0
08R_08V_04F_04M;lr201;2;1;08;04;04;25;100;90.3846;86.5385;88.46155;34.465;79.167;56.816;3.125;2.5;0.625;0;10.9654
08R_08V_04F_04M;lr202;2;1;08;04;04;25;75;78.2609;34.7826;56.52175;10.927;77.142;44.0345;4.3333;3.3333;1;0;0
08R_08V_04F_04M;lr203;2;1;08;04;04;25;75;85.2941;28.5714;56.93275;18.712;74.185;46.4485;4;3.3333;0.6667;0.2622;0.2622
08R_08V_04F_04M;lr204;2;1;08;04;04;25;100;100;78.125;89.0625;39.598;48.474;44.036;2.75;1.75;1;0;0
08R_08V_04F_04M;lr205;2;1;08;04;04;25;100;95.3488;88.4615;91.90515;42.658;50.568;46.613;4;2.5;1.5;0;1.3309
08R_08V_04F_04M;lr201;2;1;08;04;04;25;100;90.3846;86.5385;88.46155;34.465;79.167;56.816;3.125;2.5;0.625;0;10.9654
08R_08V_04F_04M;lr202;2;1;08;04;04;25;75;94.7368;53.3333;74.03505;10.927;77.142;44.0345;4.3333;3.3333;1;0;0
08R_08V_04F_04M;lr203;2;1;08;04;04;25;75;85.2941;36.3636;60.82885;18.712;74.185;46.4485;4;3.3333;0.6667;0.2622;0.2622
08R_08V_04F_04M;lr204;2;1;08;04;04;12.5;100;92.1053;92.1053;92.1053;88.299;88.299;88.299;3;1.75;1.25;0;0
08R_08V_04F_04M;lr205;2;1;08;04;04;25;100;95.3488;88.4615;91.90515;42.658;50.568;46.613;4;2.5;1.5;0;1.3309
08R_08V_04F_04M;lr201;2;1;08;04;04;25;100;90.3846;86.5385;88.46155;34.465;79.167;56.816;3.125;2.5;0.625;0;10.9654
08R_08V_04F_04M;lr202;2;1;08;04;04;25;75;78.2609;34.7826;56.52175;10.927;77.142;44.0345;4.3333;3.3333;1;0;0
08R_08V_04F_04M;lr203;2;1;08;04;04;25;75;85.2941;28.5714;56.93275;18.712;74.185;46.4485;4;3.3333;0.6667;1.8103;0.6612
08R_08V_04F_04M;lr204;2;1;08;04;04;12.5;100;92.1053;92.1053;92.1053;88.299;88.299;88.299;3;1.75;1.25;0;0
08R_08V_04F_04M;lr205;2;1;08;04;04;25;75;96.1538;88.4615;92.30765;36.337;57.361;46.849;3.3333;2.3333;1;0;0
10R_10V_02F_03M;lr101;1;1;10;02;03;90;100;60.4651;18.6047;34.498456;41.0609;88.313;57.7077;11.5942;8.6957;2.8986;0.6107;12.9287
10R_10V_02F_03M;lr102;1;1;10;02;03;60;100;76.3158;39.6552;51.799783;34.0827;87.594;64.2444;11.2782;8.7719;2.5063;0.4184;2.937
10R_10V_02F_03M;lr103;1;1;10;02;03;60;100;100;53.125;70.873417;34.1255;94.4545;74.6306;10.8225;7.215;3.6075;0;0
10R_10V_02F_03M;lr104;1;1;10;02;03;60;100;73.0769;21.2121;47.6185;54.6913;77.5696;64.6652;7.971;5.7971;2.1739;0;0.2544
10R_10V_02F_03M;lr105;1;1;10;02;03;80;100;76.4706;3.8462;35.6062;51.642;70.2222;62.0936;16.4609;10.9739;5.487;0.8464;2.4695
10R_10V_02F_03M;lr101;1;1;10;02;03;90;100;76.4706;20.5882;35.882211;41.0609;88.313;57.7077;11.5942;8.6957;2.8986;0.6107;12.9287
10R_10V_02F_03M;lr102;1;1;10;02;03;60;100;60.5263;36.2069;49.2728;34.0827;87.594;64.2444;11.2782;8.7719;2.5063;0.4184;2.937
10R_10V_02F_03M;lr103;1;1;10;02;03;60;100;100;43.75;67.792683;34.1255;94.4545;74.6306;10.8225;7.215;3.6075;0;0
10R_10V_02F_03M;lr104;1;1;10;02;03;60;100;76.9231;17.5;49.358967;54.6913;77.5696;64.6652;7.971;5.7971;2.1739;0;0.2544
10R_10V_02F_03M;lr105;1;1;10;02;03;80;100;52.9412;3.8462;33.306588;51.642;70.2222;62.0936;16.4609;10.9739;5.487;0.8464;2.4695
10R_10V_02F_03M;lr101;1;1;10;02;03;90;100;60.4651;16.2791;35.363978;41.0609;88.313;57.7077;11.5942;8.6957;2.8986;0.6107;12.9287
10R_10V_02F_03M;lr102;1;1;10;02;03;60;100;68.4211;27.5862;44.102283;34.0827;87.594;64.2444;11.2782;8.7719;2.5063;0.4184;2.937
10R_10V_02F_03M;lr103;1;1;10;02;03;60;100;100;42.1053;67.995117;34.1255;94.4545;74.6306;10.8225;7.215;3.6075;0;0
10R_10V_02F_03M;lr104;1;1;10;02;03;60;100;73.0769;21.2121;49.889267;54.413;77.5696;64.5246;9.4203;5.7971;3.6232;0;0
10R_10V_02F_03M;lr105;1;1;10;02;03;80;100;60.4651;3.8462;33.809725;51.642;70.2222;62.0936;16.4609;10.9739;5.487;0.8464;2.4695
10R_10V_02F_03M;lr101;1;1;10;02;03;90;100;76.4706;16.2791;34.908856;41.0609;88.313;57.7077;11.5942;8.6957;2.8986;0.6107;12.9287
10R_10V_02F_03M;lr102;1;1;10;02;03;60;100;60.5263;27.5862;46.645;34.0827;87.594;64.2444;11.2782;8.7719;2.5063;0.4184;2.937
10R_10V_02F_03M;lr103;1;1;10;02;03;60;100;81.25;50;63.5227;34.1255;94.4545;74.6306;10.8225;7.215;3.6075;0;0
10R_10V_02F_03M;lr104;1;1;10;02;03;60;100;76.9231;17.5;52.275633;54.6913;77.5696;64.6652;7.971;5.7971;2.1739;0;0.2544
10R_10V_02F_03M;lr105;1;1;10;02;03;80;100;60.4651;4.6512;32.516375;51.642;70.2222;62.0936;16.4609;10.9739;5.487;0.8464;2.4695
10R_10V_02F_03M;lr101;1;1;10;02;03;90;100;60.4651;16.2791;36.1453;41.0609;88.313;57.7077;11.5942;8.6957;2.8986;0.6107;12.9287
10R_10V_02F_03M;lr102;1;1;10;02;03;60;100;76.3158;27.5862;52.587483;34.0827;87.594;64.2444;11.2782;8.7719;2.5063;0.4184;2.937
10R_10V_02F_03M;lr103;1;1;10;02;03;60;100;100;36.8421;64.680333;34.1255;94.4545;74.6306;10.8225;7.215;3.6075;0;0
10R_10V_02F_03M;lr104;1;1;10;02;03;60;100;73.0769;26.9231;46.75505;54.413;78.1652;64.587;9.4203;5.7971;3.6232;0;0
10R_10V_02F_03M;lr105;1;1;10;02;03;80;100;60.4651;3.8462;33.91035;51.642;70.2222;62.0936;16.4609;10.9739;5.487;0.8464;2.4695
10R_10V_02F_03M;lr201;2;1;10;02;03;30;100;100;36.5385;78.846167;10.839;72.609;33.777;2.1667;1.6667;0.5;3.226;7.2423
10R_10V_02F_03M;lr202;2;1;10;02;03;20;66.6667;91.3043;66.6667;78.9855;32.706;58.26;45.483;2.25;2;0.25;0;0
10R_10V_02F_03M;lr203;2;1;10;02;03;10;66.6667;84.4828;84.4828;84.4828;86.799;86.799;86.799;2;1.5;0.5;0;0
10R_10V_02F_03M;lr204;2;1;10;02;03;20;33.3333;97.3684;59.375;78.3717;17.451;57.646;37.5485;3;2;1;0;0
10R_10V_02F_03M;lr205;2;1;10;02;03;20;66.6667;95.3488;88.4615;91.90515;21.61;65.535;43.5725;1.75;1.5;0.25;0;2.8107
10R_10V_02F_03M;lr201;2;1;10;02;03;30;100;100;55.8824;85.294133;10.839;72.609;33.777;2.1667;1.6667;0.5;3.226;7.2423
10R_10V_02F_03M;lr202;2;1;10;02;03;20;66.6667;91.3043;66.6667;78.9855;32.706;58.26;45.483;2.25;2;0.25;0;0
10R_10V_02F_03M;lr203;2;1;10;02;03;20;66.6667;100;63.7931;81.89655;23.055;63.589;43.322;2.25;2;0.25;0;0.4655
10R_10V_02F_03M;lr204;2;1;10;02;03;20;33.3333;89.4737;59.375;74.42435;17.451;58.027;37.739;3;2;1;0;0
10R_10V_02F_03M;lr205;2;1;10;02;03;20;66.6667;95.3488;88.4615;91.90515;21.61;66.404;44.007;1.75;1.5;0.25;0;0
10R_10V_02F_03M;lr201;2;1;10;02;03;30;100;100;55.8824;79.5249;10.839;72.609;33.777;2.1667;1.6667;0.5;3.0561;7.2423
10R_10V_02F_03M;lr202;2;1;10;02;03;20;66.6667;89.1304;43.4783;66.30435;32.706;58.558;45.632;2.25;2;0.25;0;0
10R_10V_02F_03M;lr203;2;1;10;02;03;20;66.6667;89.4737;63.7931;76.6334;22.995;64.413;43.704;2.75;2.5;0.25;0;0
10R_10V_02F_03M;lr204;2;1;10;02;03;20;33.3333;89.4737;59.375;74.42435;17.451;57.149;37.3;3;2;1;0;0
10R_10V_02F_03M;lr205;2;1;10;02;03;20;66.6667;88.4615;78.8462;83.65385;21.61;67.27;44.44;2.25;2;0.25;0;2.7382
10R_10V_02F_03M;lr201;2;1;10;02;03;30;100;100;36.5385;73.076933;10.839;72.609;33.777;2.1667;1.6667;0.5;3.0561;7.2423
10R_10V_02F_03M;lr202;2;1;10;02;03;20;66.6667;91.3043;66.6667;78.9855;32.706;58.26;45.483;2.25;2;0.25;0;0
10R_10V_02F_03M;lr203;2;1;10;02;03;20;66.6667;95.8333;63.7931;79.8132;26.241;60.403;43.322;2;2;0;0.197;2.36
10R_10V_02F_03M;lr204;2;1;10;02;03;20;33.3333;97.3684;59.375;78.3717;17.451;57.646;37.5485;3;2;1;0;0
10R_10V_02F_03M;lr205;2;1;10;02;03;20;66.6667;94.1176;88.4615;91.28955;22.083;65.535;43.809;1.75;1.5;0.25;0;2.8107
10R_10V_02F_03M;lr201;2;1;10;02;03;30;100;100;55.8824;85.294133;10.839;72.609;33.777;2.1667;1.6667;0.5;3.226;7.2423
10R_10V_02F_03M;lr202;2;1;10;02;03;20;66.6667;91.3043;43.4783;67.3913;32.706;58.26;45.483;2.25;2;0.25;0;0
10R_10V_02F_03M;lr203;2;1;10;02;03;20;66.6667;89.5833;77.0833;83.3333;22.995;64.072;43.5335;2.5;2;0.5;0;0.462
10R_10V_02F_03M;lr204;2;1;10;02;03;20;33.3333;89.4737;59.375;74.42435;17.451;57.149;37.3;3;2;1;0;0
10R_10V_02F_03M;lr205;2;1;10;02;03;20;66.6667;88.4615;74.4186;81.44005;22.083;65.535;43.809;1.75;1.5;0.25;0;2.8107
10R_10V_02F_04M;lr101;1;1;10;02;04;90;100;76.4706;15.3846;36.471511;41.5652;88.313;57.3604;7.6087;6.5217;1.087;0.6294;13.1669
10R_10V_02F_04M;lr102;1;1;10;02;04;60;100;68.4211;34.4828;49.698183;33.8271;87.5789;64.0545;7.9887;6.5789;1.4098;0.4184;2.9371
10R_10V_02F_04M;lr103;1;1;10;02;04;60;75;81.25;50;63.4025;34.1255;93.4892;73.7677;10.8225;7.215;3.6075;0;0
10R_10V_02F_04M;lr104;1;1;10;02;04;60;75;73.0769;21.2121;44.035533;54.6913;77.5696;64.6652;7.971;5.7971;2.1739;0;0.2544
10R_10V_02F_04M;lr105;1;1;10;02;04;80;100;76.4706;3.8462;35.6062;51.642;70.2222;61.1358;11.3169;8.2305;3.0864;0.3624;1.455
10R_10V_02F_04M;lr101;1;1;10;02;04;90;100;76.4706;13.4615;37.542233;41.5652;88.313;57.3604;8.6957;6.5217;2.1739;0.4954;13.1669
10R_10V_02F_04M;lr102;1;1;10;02;04;60;100;60.5263;27.5862;47.1838;33.8271;87.5789;64.0545;7.9887;6.5789;1.4098;0.4184;2.9371
10R_10V_02F_04M;lr103;1;1;10;02;04;60;75;81.25;53.125;63.282317;34.1255;93.4892;73.7677;10.8225;7.215;3.6075;0;0
10R_10V_02F_04M;lr104;1;1;10;02;04;60;75;73.0769;17.5;46.381117;54.6913;77.5696;64.6652;7.971;5.7971;2.1739;0;0.2544
10R_10V_02F_04M;lr105;1;1;10;02;04;80;100;50;4.6512;30.713988;51.642;70.2222;61.1358;11.3169;8.2305;3.0864;0.3624;1.455
10R_10V_02F_04M;lr101;1;1;10;02;04;90;100;76.4706;16.2791;37.523822;41.5652;88.313;57.3604;8.6957;6.5217;2.1739;0.4954;13.1669
10R_10V_02F_04M;lr102;1;1;10;02;04;60;100;60.5263;34.4828;46.4276;33.8271;87.5789;64.0545;7.9887;6.5789;1.4098;0.4184;2.9371
10R_10V_02F_04M;lr103;1;1;10;02;04;60;75;100;36.8421;65.85695;34.1255;93.4892;73.7677;10.8225;7.215;3.6075;0;0
10R_10V_02F_04M;lr104;1;1;10;02;04;60;75;73.0769;26.9231;46.4423;54.6913;77.5696;64.6652;7.971;5.7971;2.1739;0;0.2544
10R_10V_02F_04M;lr105;1;1;10;02;04;80;100;60.4651;3.8462;33.809725;51.642;70.2222;61.1358;11.3169;8.2305;3.0864;0.3624;1.455
10R_10V_02F_04M;lr101;1;1;10;02;04;90;100;76.4706;16.2791;35.745444;41.5652;88.313;57.3604;8.6957;6.5217;2.1739;0.4954;13.1669
10R_10V_02F_04M;lr102;1;1;10;02;04;60;100;76.3158;36.2069;50.00065;33.8271;87.5789;64.0545;7.9887;6.5789;1.4098;0.4184;2.9371
10R_10V_02F_04M;lr103;1;1;10;02;04;60;75;81.25;53.8462;67.48905;34.1255;93.4892;73.7677;10.8225;7.215;3.6075;0;0
10R_10V_02F_04M;lr104;1;1;10;02;04;60;75;73.0769;26.9231;46.578283;54.6913;78.1652;64.7275;7.971;5.7971;2.1739;0;0.2544
10R_10V_02F_04M;lr105;1;1;10;02;04;80;100;76.4706;4.6512;35.68315;51.642;70.2222;61.1358;11.3169;8.2305;3.0864;0.3624;1.455
10R_10V_02F_04M;lr101;1;1;10;02;04;90;100;76.4706;20.5882;35.677022;41.5652;88.313;57.3604;8.6957;6.5217;2.1739;0.4954;13.1669
10R_10V_02F_04M;lr102;1;1;10;02;04;60;100;60.5263;27.5862;45.085333;33.8271;87.5789;64.0545;7.9887;6.5789;1.4098;0.4184;2.9371
10R_10V_02F_04M;lr103;1;1;10;02;04;60;75;73.6842;53.125;63.307633;34.1255;93.4892;73.7677;10.8225;7.215;3.6075;0;0
10R_10V_02F_04M;lr104;1;1;10;02;04;60;75;73.0769;26.9231;46.891033;54.6913;77.5696;64.6652;7.971;5.7971;2.1739;0;0.2544
10R_10V_02F_04M;lr105;1;1;10;02;04;80;100;60.4651;3.8462;33.91035;51.642;70.2222;61.1358;11.3169;8.2305;3.0864;0.3624;1.455
10R_10V_02F_04M;lr201;2;1;10;02;04;30;100;100;36.5385;78.846167;10.839;72.609;33.777;1.625;1.25;0.375;4.6606;7.2693
10R_10V_02F_04M;lr202;2;1;10;02;04;20;50;91.3043;66.6667;78.9855;32.646;58.097;45.3715;2.25;2;0.25;0;0
10R_10V_02F_04M;lr203;2;1;10;02;04;10;50;84.4828;84.4828;84.4828;86.436;86.436;86.436;2;1.5;0.5;0;0
10R_10V_02F_04M;lr204;2;1;10;02;04;20;50;97.3684;59.375;78.3717;17.24;57.646;37.443;1.25;1;0.25;0;0
10R_10V_02F_04M;lr205;2;1;10;02;04;20;50;95.3488;88.4615;91.90515;20.986;65.53;43.258;1.75;1.5;0.25;0;2.8109
10R_10V_02F_04M;lr201;2;1;10;02;04;30;100;100;55.8824;85.294133;10.839;72.609;33.777;1.625;1.25;0.375;4.6606;7.2693
10R_10V_02F_04M;lr202;2;1;10;02;04;20;50;89.1304;66.6667;77.89855;32.646;58.395;45.5205;2.25;2;0.25;0;0
10R_10V_02F_04M;lr203;2;1;10;02;04;20;50;89.4737;77.0833;83.2785;22.805;63.755;43.28;2.75;2.5;0.25;0;0
10R_10V_02F_04M;lr204;2;1;10;02;04;20;50;89.4737;50;69.73685;17.24;58.198;37.719;1.25;1;0.25;0;0
10R_10V_02F_04M;lr205;2;1;10;02;04;20;50;95.3488;88.4615;91.90515;20.986;66.399;43.6925;1.75;1.5;0.25;0;0
10R_10V_02F_04M;lr201;2;1;10;02;04;30;100;100;55.8824;79.5249;10.839;72.609;33.777;1.625;1.25;0.375;4.5545;7.2693
10R_10V_02F_04M;lr202;2;1;10;02;04;20;50;89.1304;43.4783;66.30435;32.646;58.395;45.5205;2.25;2;0.25;0;0
10R_10V_02F_04M;lr203;2;1;10;02;04;20;50;89.4737;63.7931;76.6334;22.805;63.927;43.366;2.75;2.5;0.25;0;0
10R_10V_02F_04M;lr204;2;1;10;02;04;20;50;97.3684;73.0769;85.22265;17.24;57.646;37.443;1.25;1;0.25;0;0
10R_10V_02F_04M;lr205;2;1;10;02;04;20;50;88.4615;78.8462;83.65385;20.986;67.265;44.1255;2.25;2;0.25;0;2.7384
10R_10V_02F_04M;lr201;2;1;10;02;04;30;100;100;36.5385;73.076933;10.839;72.609;33.777;1.625;1.25;0.375;4.5545;7.2693
10R_10V_02F_04M;lr202;2;1;10;02;04;20;50;91.3043;66.6667;78.9855;32.646;58.097;45.3715;2.25;2;0.25;0;0
10R_10V_02F_04M;lr203;2;1;10;02;04;10;50;87.931;87.931;87.931;86.347;86.347;86.347;3;2;1;0;0
10R_10V_02F_04M;lr204;2;1;10;02;04;20;50;89.4737;50;69.73685;17.24;58.595;37.9175;1.25;1;0.25;0;0
10R_10V_02F_04M;lr205;2;1;10;02;04;20;50;94.1176;88.4615;91.28955;21.342;65.53;43.436;1.75;1.5;0.25;0;2.8109
10R_10V_02F_04M;lr201;2;1;10;02;04;30;100;100;55.8824;85.294133;10.839;72.609;33.777;1.625;1.25;0.375;4.6606;7.2693
10R_10V_02F_04M;lr202;2;1;10;02;04;20;50;91.3043;43.4783;67.3913;32.646;58.097;45.3715;2.25;2;0.25;0;0
10R_10V_02F_04M;lr203;2;1;10;02;04;20;75;89.5833;77.0833;83.3333;22.805;64.072;43.4385;1.6667;1.3333;0.3333;0;0.462
10R_10V_02F_04M;lr204;2;1;10;02;04;20;50;97.3684;59.375;78.3717;17.24;57.646;37.443;1.25;1;0.25;0;0
10R_10V_02F_04M;lr205;2;1;10;02;04;20;50;88.4615;74.4186;81.44005;21.342;65.53;43.436;1.75;1.5;0.25;0;2.8109
10R_10V_04F_03M;lr101;1;1;10;04;03;100;100;76.4706;8.8235;32.61995;43.4286;74.7879;58.1545;37.518;23.088;14.43;3.194;11.0164
10R_10V_04F_03M;lr102;1;1;10;04;03;60;100;60.5263;13.1579;44.779083;34.1196;87.5362;69.7615;26.57;18.1159;8.4541;0;0.4987
10R_10V_04F_03M;lr103;1;1;10;04;03;80;100;75;21.875;49.1033;60.2579;98.0794;73.5342;43.6508;26.455;17.1958;0;0.8637
10R_10V_04F_03M;lr104;1;1;10;04;03;70;100;73.0769;22.5;44.186643;50.8957;98.0348;76.546;36.2319;23.1884;13.0435;0;0.3269
10R_10V_04F_03M;lr105;1;1;10;04;03;100;100;60.4651;4.6512;32.87067;45.1128;71.9398;59.9992;48.8722;31.3283;17.5439;0.6295;3.6575
10R_10V_04F_03M;lr101;1;1;10;04;03;100;100;58.8235;8.8235;31.6279;43.4286;74.7879;58.1545;37.518;23.088;14.43;3.194;11.0164
10R_10V_04F_03M;lr102;1;1;10;04;03;60;100;68.4211;13.1579;42.056767;34.1196;87.5362;69.7615;26.57;18.1159;8.4541;0;0.4987
10R_10V_04F_03M;lr103;1;1;10;04;03;80;100;75;18.4211;53.174037;60.1627;97.9206;73.6825;46.2963;26.455;19.8413;0.0418;1.0037
10R_10V_04F_03M;lr104;1;1;10;04;03;70;100;57.5758;25;41.016486;50.8957;98.0348;76.546;36.2319;23.1884;13.0435;0;0.3269
10R_10V_04F_03M;lr105;1;1;10;04;03;100;100;55.8824;5.8824;31.75314;45.1128;71.9398;59.909;51.3784;31.3283;20.0501;0.5466;3.6491
10R_10V_04F_03M;lr101;1;1;10;04;03;100;100;55.8824;6.9767;32.24349;43.4286;74.7879;58.1545;37.518;23.088;14.43;3.194;11.0164
10R_10V_04F_03M;lr102;1;1;10;04;03;60;100;55.2632;13.1579;40.941367;34.1196;87.5362;69.7615;26.57;18.1159;8.4541;0;0.4987
10R_10V_04F_03M;lr103;1;1;10;04;03;80;100;73.0769;18.4211;49.854512;60.1627;97.9206;73.6825;46.2963;26.455;19.8413;0.0418;1.0037
10R_10V_04F_03M;lr104;1;1;10;04;03;70;100;73.0769;27.2727;48.213443;50.8957;98.0348;76.546;36.2319;23.1884;13.0435;0;0.3269
10R_10V_04F_03M;lr105;1;1;10;04;03;100;100;50;5.8824;31.23461;45.1128;71.9398;59.8857;51.3784;31.3283;20.0501;0.1362;4.0246
10R_10V_04F_03M;lr101;1;1;10;04;03;100;100;60.4651;8.8235;32.12983;43.4286;74.7879;58.1545;37.518;23.088;14.43;3.194;11.0164
10R_10V_04F_03M;lr102;1;1;10;04;03;60;100;76.3158;10.4167;46.51835;34.1196;87.5362;69.7615;26.57;18.1159;8.4541;0;0.4987
10R_10V_04F_03M;lr103;1;1;10;04;03;80;100;92.3077;21.875;52.149225;60.1627;97.9206;73.6825;46.2963;26.455;19.8413;0.0418;1.0037
10R_10V_04F_03M;lr104;1;1;10;04;03;70;100;73.0769;27.2727;44.186629;50.8957;98.0348;76.546;36.2319;23.1884;13.0435;0;0.3269
10R_10V_04F_03M;lr105;1;1;10;04;03;100;100;76.4706;3.8462;33.86747;45.1128;71.9398;59.8857;51.3784;31.3283;20.0501;0.1362;4.0246
10R_10V_04F_03M;lr101;1;1;10;04;03;100;100;76.4706;8.8235;32.99169;43.4286;74.7879;58.1545;37.518;23.088;14.43;3.194;11.0164
10R_10V_04F_03M;lr102;1;1;10;04;03;60;100;55.2632;10.4167;39.107583;34.1196;87.5362;69.7615;26.57;18.1159;8.4541;0;0.4987
10R_10V_04F_03M;lr103;1;1;10;04;03;80;100;92.3077;18.4211;53.083888;60.1627;97.9206;73.6825;46.2963;26.455;19.8413;0.0418;1.0037
10R_10V_04F_03M;lr104;1;1;10;04;03;70;100;60.6061;22.5;43.971029;50.8957;98.0348;76.546;36.2319;23.1884;13.0435;0;0.3269
10R_10V_04F_03M;lr105;1;1;10;04;03;100;100;55.8824;4.6512;32.10118;45.1128;71.9398;59.8857;51.3784;31.3283;20.0501;0.1362;4.0246
10R_10V_04F_03M;lr201;2;1;10;04;03;30;100;90.3846;82.6923;85.897433;31.788;54.609;45.3197;6;4.6667;1.3333;4.2893;17.9225
10R_10V_04F_03M;lr202;2;1;10;04;03;30;100;96.6667;34.7826;74.5182;15.764;82.709;42.0443;6.8333;4.6667;2.1667;0;0
10R_10V_04F_03M;lr203;2;1;10;04;03;20;100;97.3684;86.2069;91.78765;25.236;73.307;49.2715;4.8333;3.6667;1.1667;0;1.2345
10R_10V_04F_03M;lr204;2;1;10;04;03;20;66.6667;93.75;59.375;76.5625;29.364;67.509;48.4365;4;4;0;0;0
10R_10V_04F_03M;lr205;2;1;10;04;03;20;100;91.1765;84.6154;87.89595;39.711;66.362;53.0365;3.5;2.3333;1.1667;0;0
10R_10V_04F_03M;lr201;2;1;10;04;03;30;100;100;84.6154;91.666667;31.788;54.609;45.3197;6;4.6667;1.3333;4.2893;17.9225
10R_10V_04F_03M;lr202;2;1;10;04;03;30;100;92.1053;34.7826;63.310467;15.847;82.709;41.9427;6.5;4.6667;1.8333;0;0.1746
10R_10V_04F_03M;lr203;2;1;10;04;03;20;100;93.75;77.0833;85.41665;25.236;72.867;49.0515;4.3333;3.3333;1;0;0
10R_10V_04F_03M;lr204;2;1;10;04;03;20;66.6667;96.875;59.375;78.125;42.142;54.465;48.3035;4.75;4;0.75;0;0
10R_10V_04F_03M;lr205;2;1;10;04;03;20;66.6667;100;94.1176;97.0588;40.721;65.376;53.0485;5.75;4.5;1.25;0;0
10R_10V_04F_03M;lr201;2;1;10;04;03;30;100;90.3846;82.6923;85.897433;31.788;54.44;45.1163;6.3333;4.6667;1.6667;4.3026;18.0426
10R_10V_04F_03M;lr202;2;1;10;04;03;30;100;96.6667;89.1304;92.367133;27.753;55.56;41.8713;6.5;4.6667;1.8333;0;0
10R_10V_04F_03M;lr203;2;1;10;04;03;20;100;97.3684;93.75;95.5592;25.236;74.237;49.7365;4.3333;3.3333;1;0;0
10R_10V_04F_03M;lr204;2;1;10;04;03;20;66.6667;84.6154;59.375;71.9952;42.142;54.653;48.3975;4.75;4;0.75;0;0
10R_10V_04F_03M;lr205;2;1;10;04;03;20;66.6667;96.1538;78.8462;87.5;36.07;68.806;52.438;4.5;4.5;0;0;2.6771
10R_10V_04F_03M;lr201;2;1;10;04;03;30;100;90.3846;82.6923;85.897433;31.788;54.44;45.274;6;4.6667;1.3333;4.3026;17.937
10R_10V_04F_03M;lr202;2;1;10;04;03;30;100;96.6667;89.1304;92.367133;27.842;55.56;41.381;6.1667;4.3333;1.8333;0;0
10R_10V_04F_03M;lr203;2;1;10;04;03;20;100;93.75;77.0833;85.41665;24.995;74.928;49.9615;4.6667;3.3333;1.3333;0;0
10R_10V_04F_03M;lr204;2;1;10;04;03;20;66.6667;81.5789;59.375;70.47695;42.142;54.405;48.2735;4.75;4;0.75;0;0
10R_10V_04F_03M;lr205;2;1;10;04;03;20;100;96.1538;95.3488;95.7513;36.224;68.395;52.3095;3.3333;3;0.3333;0;2.6932
10R_10V_04F_03M;lr201;2;1;10;04;03;30;100;90.3846;82.6923;85.897433;31.788;54.609;45.3197;6;4.6667;1.3333;4.2893;17.9225
10R_10V_04F_03M;lr202;2;1;10;04;03;30;100;100;34.7826;70.366133;15.764;82.859;41.9597;6.1667;4.6667;1.5;0;0
10R_10V_04F_03M;lr203;2;1;10;04;03;20;100;100;77.0833;88.54165;25.765;74.656;50.2105;4.8333;3.6667;1.1667;0;1.2122
10R_10V_04F_03M;lr204;2;1;10;04;03;20;66.6667;84.6154;50;67.3077;42.142;54.405;48.2735;4.75;4;0.75;0;0
10R_10V_04F_03M;lr205;2;1;10;04;03;20;66.6667;97.0588;92.3077;94.68325;47.186;58.535;52.8605;4.5;4;0.5;0.756;0.756
10R_10V_04F_04M;lr101;1;1;10;04;04;100;100;60.4651;8.8235;32.57734;43.4286;74.7879;57.7667;25.974;17.316;8.658;0.4114;11.5399
10R_10V_04F_04M;lr102;1;1;10;04;04;60;100;68.4211;10.4167;41.2407;34.1196;86.4094;69.1564;19.4746;13.587;5.8877;0;0.5041
10R_10V_04F_04M;lr103;1;1;10;04;04;80;100;73.0769;23.6842;52.269425;56.4405;97.9206;71.6374;30.754;18.8492;11.9048;0;0.4495
10R_10V_04F_04M;lr104;1;1;10;04;04;70;100;73.0769;22.5;44.850971;50.3;98.0348;75.6708;24.4565;17.3913;7.0652;0;0.0353
10R_10V_04F_04M;lr105;1;1;10;04;04;100;100;76.4706;3.8462;34.52332;43.2293;71.4586;57.0391;37.594;23.4962;14.0977;0.682;1.583
10R_10V_04F_04M;lr101;1;1;10;04;04;100;100;60.4651;6.9767;32.80462;43.4286;74.7879;57.7667;25.974;17.316;8.658;0.4114;11.5399
10R_10V_04F_04M;lr102;1;1;10;04;04;60;100;76.3158;10.4167;47.895267;34.1196;86.4094;69.1564;19.4746;13.587;5.8877;0;0.5041
10R_10V_04F_04M;lr103;1;1;10;04;04;80;100;92.3077;34.6154;58.293275;56.4405;97.9206;71.6374;30.754;18.8492;11.9048;0;0.4495
10R_10V_04F_04M;lr104;1;1;10;04;04;70;100;73.0769;22.5;45.556114;50.3;98.0348;75.6708;24.4565;17.3913;7.0652;0;0.0353
10R_10V_04F_04M;lr105;1;1;10;04;04;100;100;76.4706;3.8462;32.86831;43.2293;71.4586;57.0391;37.594;23.4962;14.0977;0.682;1.583
10R_10V_04F_04M;lr101;1;1;10;04;04;100;100;76.4706;6.9767;32.58681;43.4286;74.7879;57.7667;25.974;17.316;8.658;0.4114;11.5399
10R_10V_04F_04M;lr102;1;1;10;04;04;60;100;60.4167;8.6207;42.100883;34.1196;86.4094;69.1564;19.4746;13.587;5.8877;0;0.5041
10R_10V_04F_04M;lr103;1;1;10;04;04;80;100;75;28.125;55.679088;56.4405;97.9206;71.6374;30.754;18.8492;11.9048;0;0.4495
10R_10V_04F_04M;lr104;1;1;10;04;04;70;100;50;27.2727;40.299686;50.3;98.0348;75.6708;24.4565;17.3913;7.0652;0;0.0353
10R_10V_04F_04M;lr105;1;1;10;04;04;100;100;55.8824;3.8462;33.27555;43.2293;71.4586;57.0391;37.594;23.4962;14.0977;0.682;1.583
10R_10V_04F_04M;lr101;1;1;10;04;04;100;100;76.4706;6.9767;32.79279;43.4286;74.7879;57.7667;25.974;17.316;8.658;0.4114;11.5399
10R_10V_04F_04M;lr102;1;1;10;04;04;60;100;76.3158;8.6207;46.219017;34.1196;86.4094;69.1564;19.4746;13.587;5.8877;0;0.5041
10R_10V_04F_04M;lr103;1;1;10;04;04;80;100;73.0769;23.6842;53.564638;56.4405;97.9206;71.6374;30.754;18.8492;11.9048;0;0.4495
10R_10V_04F_04M;lr104;1;1;10;04;04;70;100;60.6061;30;41.849814;50.3;98.0348;75.6708;24.4565;17.3913;7.0652;0;0.0353
10R_10V_04F_04M;lr105;1;1;10;04;04;100;100;60.4651;4.6512;32.84936;43.2293;71.4586;57.0391;37.594;23.4962;14.0977;0.682;1.583
10R_10V_04F_04M;lr101;1;1;10;04;04;100;100;76.4706;8.8235;32.99167;43.4286;74.7879;57.7667;25.974;17.316;8.658;0.4114;11.5399
10R_10V_04F_04M;lr102;1;1;10;04;04;60;100;68.4211;8.6207;44.325367;34.1196;86.4094;69.1564;19.4746;13.587;5.8877;0;0.5041
10R_10V_04F_04M;lr103;1;1;10;04;04;80;100;73.0769;34.6154;53.09495;56.4405;97.9206;71.6374;30.754;18.8492;11.9048;0;0.4495
10R_10V_04F_04M;lr104;1;1;10;04;04;70;100;73.0769;22.5;47.426729;50.3;98.0348;75.6708;24.4565;17.3913;7.0652;0;0.0353
10R_10V_04F_04M;lr105;1;1;10;04;04;100;100;58.8235;3.8462;32.21719;43.2293;71.4586;57.0391;37.594;23.4962;14.0977;0.682;1.583
10R_10V_04F_04M;lr201;2;1;10;04;04;30;100;90.3846;82.6923;85.897433;31.788;54.609;45.3197;5;3.5;1.5;6.082;18.0269
10R_10V_04F_04M;lr202;2;1;10;04;04;30;100;89.1304;53.3333;68.5024;15.787;81.763;41.6317;4.5;3.25;1.25;0;0
10R_10V_04F_04M;lr203;2;1;10;04;04;20;75;93.75;77.0833;85.41665;25.046;72.504;48.775;4.3333;3.3333;1;0;0
10R_10V_04F_04M;lr204;2;1;10;04;04;20;100;78.9474;59.375;69.1612;28.991;66.983;47.987;2.625;2;0.625;0;0
10R_10V_04F_04M;lr205;2;1;10;04;04;20;50;100;91.1765;95.58825;37.531;66.877;52.204;4.75;3.5;1.25;0;1.2496
10R_10V_04F_04M;lr201;2;1;10;04;04;30;100;100;84.6154;91.666667;31.788;54.609;45.3197;5;3.5;1.5;6.082;18.0269
10R_10V_04F_04M;lr202;2;1;10;04;04;30;100;96.6667;53.3333;79.710133;15.704;80.999;41.449;4.875;3.5;1.375;0;0
10R_10V_04F_04M;lr203;2;1;10;04;04;20;75;93.75;77.0833;85.41665;25.046;72.504;48.775;4.3333;3.3333;1;0;0
10R_10V_04F_04M;lr204;2;1;10;04;04;20;75;96.875;59.375;78.125;41.3;54.465;47.8825;3.3333;2.6667;0.6667;0;0
10R_10V_04F_04M;lr205;2;1;10;04;04;20;50;100;59.6154;79.8077;37.531;66.877;52.204;4.75;3.5;1.25;0;1.2496
10R_10V_04F_04M;lr201;2;1;10;04;04;30;100;90.3846;82.6923;85.897433;31.788;54.44;45.1163;5.25;3.5;1.75;6.1009;18.1473
10R_10V_04F_04M;lr202;2;1;10;04;04;30;100;96.6667;34.7826;73.526567;15.787;80.999;41.3823;4.375;3.5;0.875;0;0.1752
10R_10V_04F_04M;lr203;2;1;10;04;04;20;75;97.3684;93.75;95.5592;25.046;74.234;49.64;4.5;3.3333;1.1667;0;0
10R_10V_04F_04M;lr204;2;1;10;04;04;20;75;84.6154;59.375;71.9952;41.3;54.653;47.9765;3.3333;2.6667;0.6667;0;0
10R_10V_04F_04M;lr205;2;1;10;04;04;20;75;96.1538;94.1176;95.1357;34.926;68.806;51.866;3.3333;3;0.3333;0;2.6771
10R_10V_04F_04M;lr201;2;1;10;04;04;30;100;90.3846;82.6923;85.897433;31.788;54.44;45.274;5;3.5;1.5;6.1009;18.0417
10R_10V_04F_04M;lr202;2;1;10;04;04;30;100;89.1304;53.3333;72.9265;15.787;81.124;41.389;4.75;3.5;1.25;0;0
10R_10V_04F_04M;lr203;2;1;10;04;04;20;100;97.3684;93.75;95.5592;25.72;72.401;49.0605;3.75;2.5;1.25;0;0
10R_10V_04F_04M;lr204;2;1;10;04;04;20;75;81.5789;59.375;70.47695;41.3;54.405;47.8525;3.3333;2.6667;0.6667;0;0
10R_10V_04F_04M;lr205;2;1;10;04;04;20;50;92.3077;76.9231;84.6154;46.44;57.78;52.11;5.25;4;1.25;0;0
10R_10V_04F_04M;lr201;2;1;10;04;04;30;100;90.3846;82.6923;85.897433;31.788;54.609;45.3197;5;3.5;1.5;6.082;18.0269
10R_10V_04F_04M;lr202;2;1;10;04;04;30;100;89.1304;34.7826;62.318833;15.787;80.999;41.3823;4.375;3.5;0.875;0;0.1752
10R_10V_04F_04M;lr203;2;1;10;04;04;20;75;93.75;63.7931;78.77155;25.046;73.874;49.46;4.3333;3.3333;1;0;0
10R_10V_04F_04M;lr204;2;1;10;04;04;20;75;84.6154;50;67.3077;41.3;54.405;47.8525;3.3333;2.6667;0.6667;0;0
10R_10V_04F_04M;lr205;2;1;10;04;04;20;75;96.1538;78.8462;87.5;34.843;68.395;51.619;3.3333;3;0.3333;0;2.6932
12R_12V_02F_03M;lr101;1;1;12;02;03;91.6667;100;76.4706;20.5882;37.544118;26.2702;89.4879;52.934;19.4892;13.4409;6.0484;0.397;8.9757
12R_12V_02F_03M;lr102;1;1;12;02;03;66.6667;100;73.8095;4.7619;41.689925;49.4517;85.2973;67.8041;12.87;9.009;3.861;0.5427;9.9399
12R_12V_02F_03M;lr103;1;1;12;02;03;58.3333;100;100;18.4211;40.585843;47.1174;86.6609;70.7416;12.3188;8.6957;3.6232;0;0
12R_12V_02F_03M;lr104;1;1;12;02;03;58.3333;100;90.9091;9.0909;46.153843;41.4494;96.0075;65.9807;12.4844;8.7391;3.7453;0;0.9758
12R_12V_02F_03M;lr105;1;1;12;02;03;66.6667;100;87.5;18.9655;43.548675;51.0638;90.1574;70.0181;17.7305;11.3475;6.383;0;2.5319
12R_12V_02F_03M;lr101;1;1;12;02;03;91.6667;100;76.4706;13.4615;37.761527;26.2702;89.4879;52.934;19.4892;13.4409;6.0484;0.397;8.9757
12R_12V_02F_03M;lr102;1;1;12;02;03;66.6667;100;61.9048;3.2258;40.709575;49.4517;85.2973;67.8041;12.87;9.009;3.861;0.5427;9.9399
12R_12V_02F_03M;lr103;1;1;12;02;03;58.3333;100;100;12.069;36.891257;47.1174;86.6609;70.7416;12.3188;8.6957;3.6232;0;0
12R_12V_02F_03M;lr104;1;1;12;02;03;58.3333;100;84.8485;11.5385;43.228443;41.4494;96.0075;65.9807;12.4844;8.7391;3.7453;0;0.9758
12R_12V_02F_03M;lr105;1;1;12;02;03;66.6667;100;72.4138;27.5862;39.838563;51.0638;90.1574;70.0181;17.7305;11.3475;6.383;0;2.5319
12R_12V_02F_03M;lr101;1;1;12;02;03;91.6667;100;76.4706;15.3846;38.340509;26.2702;89.4879;52.934;19.4892;13.4409;6.0484;0.397;8.9757
12R_12V_02F_03M;lr102;1;1;12;02;03;66.6667;100;74.1935;3.8462;44.357425;49.4517;91.1042;67.8041;12.87;9.009;3.861;0.2126;10.6072
12R_12V_02F_03M;lr103;1;1;12;02;03;58.3333;100;82.7586;14.5833;36.353786;47.1174;86.6609;70.7416;12.3188;8.6957;3.6232;0;0
12R_12V_02F_03M;lr104;1;1;12;02;03;58.3333;100;90.9091;7.5;51.078086;41.4494;96.0075;65.9807;12.4844;8.7391;3.7453;0;0.9758
12R_12V_02F_03M;lr105;1;1;12;02;03;66.6667;100;72.4138;22.9167;43.404537;51.0638;90.1574;70.0181;17.7305;11.3475;6.383;0;2.5319
12R_12V_02F_03M;lr101;1;1;12;02;03;91.6667;100;60.4651;20.5882;36.786455;26.2702;89.4879;52.934;19.4892;13.4409;6.0484;0.397;8.9757
12R_12V_02F_03M;lr102;1;1;12;02;03;66.6667;100;69.0476;3.2258;42.8361;49.4517;91.1042;67.8041;12.87;9.009;3.861;0.684;10.6072
12R_12V_02F_03M;lr103;1;1;12;02;03;58.3333;100;100;14.5833;40.169914;47.1174;86.6609;70.7416;12.3188;8.6957;3.6232;0;0
12R_12V_02F_03M;lr104;1;1;12;02;03;58.3333;100;84.8485;11.5385;44.137529;41.4494;96.0075;65.9807;12.4844;8.7391;3.7453;0;0.9758
12R_12V_02F_03M;lr105;1;1;12;02;03;66.6667;100;87.5;25.8621;43.232013;51.0638;90.1574;70.0181;17.7305;11.3475;6.383;0;2.5319
12R_12V_02F_03M;lr101;1;1;12;02;03;91.6667;100;55.8824;20.5882;35.723164;26.2702;89.4879;52.934;19.4892;13.4409;6.0484;0.397;8.9757
12R_12V_02F_03M;lr102;1;1;12;02;03;66.6667;100;59.6154;3.2258;41.564013;49.4517;91.1042;67.8041;12.87;9.009;3.861;0.684;10.6072
12R_12V_02F_03M;lr103;1;1;12;02;03;58.3333;100;82.7586;14.5833;38.816843;47.1174;86.6609;70.7416;12.3188;8.6957;3.6232;0;0
12R_12V_02F_03M;lr104;1;1;12;02;03;58.3333;100;75;9.0909;44.7902;41.4494;96.0075;65.9807;12.4844;8.7391;3.7453;0;0.9758
12R_12V_02F_03M;lr105;1;1;12;02;03;66.6667;100;72.4138;18.9655;40.0985;51.0638;90.1574;70.0181;17.7305;11.3475;6.383;0;2.5319
12R_12V_02F_03M;lr201;2;1;12;02;03;16.6667;100;98.0769;96.1538;97.11535;68.274;72.884;70.579;2;1.3333;0.6667;10.04;12.1143
12R_12V_02F_03M;lr202;2;1;12;02;03;16.6667;100;93.4783;34.7826;64.13045;23.515;74.93;49.2225;1.1667;1;0.1667;0;0
12R_12V_02F_03M;lr203;2;1;12;02;03;16.6667;66.6667;92.1053;77.0833;84.5943;22.457;76.514;49.4855;2.5;2;0.5;0;6.0723
12R_12V_02F_03M;lr204;2;1;12;02;03;16.6667;66.6667;97.3684;88.4615;92.91495;37.872;55.001;46.4365;1.75;1;0.75;0;0
12R_12V_02F_03M;lr205;2;1;12;02;03;16.6667;66.6667;98.2759;83.3333;90.8046;46.842;60.253;53.5475;2.5;2;0.5;0;3.9324
12R_12V_02F_03M;lr201;2;1;12;02;03;16.6667;100;98.0769;96.1538;97.11535;68.274;72.884;70.579;2;1.3333;0.6667;10.04;12.1143
12R_12V_02F_03M;lr202;2;1;12;02;03;16.6667;100;94.7368;34.7826;64.7597;23.515;74.519;49.017;1.1667;1;0.1667;0;0.3019
12R_12V_02F_03M;lr203;2;1;12;02;03;16.6667;66.6667;100;65.7895;82.89475;16.402;83.41;49.906;2;2;0;0;0
12R_12V_02F_03M;lr204;2;1;12;02;03;16.6667;66.6667;97.3684;68.75;83.0592;38.254;55.001;46.6275;1.75;1;0.75;0;0
12R_12V_02F_03M;lr205;2;1;12;02;03;16.6667;100;91.3793;68.9655;80.1724;35.22;70.174;52.697;1.3333;1;0.3333;0;5.23
12R_12V_02F_03M;lr201;2;1;12;02;03;16.6667;100;98.0769;96.1538;97.11535;68.274;72.884;70.579;2;1.3333;0.6667;10.04;12.1143
12R_12V_02F_03M;lr202;2;1;12;02;03;16.6667;100;94.7368;53.3333;74.03505;23.515;74.519;49.017;1.1667;1;0.1667;0;0.3019
12R_12V_02F_03M;lr203;2;1;12;02;03;16.6667;66.6667;100;97.3684;98.6842;22.457;75.695;49.076;2.5;2;0.5;0;4.1438
12R_12V_02F_03M;lr204;2;1;12;02;03;16.6667;100;100;59.375;79.6875;15.639;76.165;45.902;1.1667;1;0.1667;0;0
12R_12V_02F_03M;lr205;2;1;12;02;03;16.6667;100;98.2759;68.9655;83.6207;35.22;69.131;52.1755;1.3333;1;0.3333;0;5.23
12R_12V_02F_03M;lr201;2;1;12;02;03;16.6667;100;98.0769;96.1538;97.11535;68.274;72.884;70.579;2;1.3333;0.6667;10.04;12.1143
12R_12V_02F_03M;lr202;2;1;12;02;03;16.6667;100;86.9565;42.1053;64.5309;23.515;75.68;49.5975;1.1667;1;0.1667;0;0
12R_12V_02F_03M;lr203;2;1;12;02;03;16.6667;66.6667;100;97.3684;98.6842;22.457;74.468;48.4625;2;1.5;0.5;0;3.8518
12R_12V_02F_03M;lr204;2;1;12;02;03;16.6667;100;100;92.1053;96.05265;20.745;71.037;45.891;1.8333;1.3333;0.5;0;0
12R_12V_02F_03M;lr205;2;1;12;02;03;16.6667;100;91.3793;83.3333;87.3563;35.22;69.769;52.4945;1.3333;1;0.3333;0;5.23
12R_12V_02F_03M;lr201;2;1;12;02;03;16.6667;100;98.0769;96.1538;97.11535;68.274;72.884;70.579;2;1.3333;0.6667;10.04;12.1143
12R_12V_02F_03M;lr202;2;1;12;02;03;16.6667;100;94.7368;53.3333;74.03505;23.515;75.731;49.623;1.1667;1;0.1667;0.0343;0.3314
12R_12V_02F_03M;lr203;2;1;12;02;03;16.6667;66.6667;100;97.3684;98.6842;22.457;74.81;48.6335;2;1.5;0.5;0;3.8518
12R_12V_02F_03M;lr204;2;1;12;02;03;16.6667;100;100;59.375;79.6875;15.639;76.165;45.902;1.1667;1;0.1667;0;0
12R_12V_02F_03M;lr205;2;1;12;02;03;16.6667;100;98.2759;91.6667;94.9713;34.938;69.879;52.4085;1.3333;1;0.3333;0;5.2722
12R_12V_02F_04M;lr101;1;1;12;02;04;91.6667;100;60.4651;18.6047;37.186818;26.2702;89.4153;52.7031;15.625;10.0806;5.5444;0.2948;9.7286
12R_12V_02F_04M;lr102;1;1;12;02;04;66.6667;100;73.8095;4.7619;41.689925;48.5444;85.2973;67.4575;9.6525;6.7568;2.8958;0.5428;9.9746
12R_12V_02F_04M;lr103;1;1;12;02;04;58.3333;75;82.7586;15.5172;38.287514;46.4609;86.6609;69.9665;12.3188;8.6957;3.6232;0;0
12R_12V_02F_04M;lr104;1;1;12;02;04;58.3333;75;75;9.0909;43.3916;41.4494;93.8652;65.4452;12.4844;8.7391;3.7453;0;0.9022
12R_12V_02F_04M;lr105;1;1;12;02;04;66.6667;100;87.5;18.9655;42.473438;48.9319;90.1574;69.2495;12.234;8.5106;3.7234;0;2.2783
12R_12V_02F_04M;lr101;1;1;12;02;04;91.6667;100;60.4651;18.6047;37.346082;26.2702;89.4153;52.7031;15.625;10.0806;5.5444;0.2948;9.7286
12R_12V_02F_04M;lr102;1;1;12;02;04;66.6667;100;88.4615;4.7619;45.793825;48.5444;91.1042;67.4575;9.6525;6.7568;2.8958;0.2126;10.6426
12R_12V_02F_04M;lr103;1;1;12;02;04;58.3333;75;100;18.4211;40.237443;46.4609;86.6609;69.9665;12.3188;8.6957;3.6232;0;0
12R_12V_02F_04M;lr104;1;1;12;02;04;58.3333;75;90.9091;11.5385;46.6725;41.4494;93.8652;65.4452;12.4844;8.7391;3.7453;0;0.9022
12R_12V_02F_04M;lr105;1;1;12;02;04;66.6667;100;87.5;18.9655;42.473438;48.9319;90.1574;69.2495;12.234;8.5106;3.7234;0;2.2783
12R_12V_02F_04M;lr101;1;1;12;02;04;91.6667;100;76.4706;20.5882;37.018909;26.2702;89.4153;52.7031;15.625;10.0806;5.5444;0.2948;9.7286
12R_12V_02F_04M;lr102;1;1;12;02;04;66.6667;100;74.1935;3.8462;42.385613;48.5444;91.1042;67.4575;9.6525;6.7568;2.8958;0.2126;10.6426
12R_12V_02F_04M;lr103;1;1;12;02;04;58.3333;75;82.7586;14.5833;40.237414;46.4609;86.6609;69.9665;12.3188;8.6957;3.6232;0;0
12R_12V_02F_04M;lr104;1;1;12;02;04;58.3333;75;90.9091;9.0909;48.164329;41.4494;93.8652;65.4452;12.4844;8.7391;3.7453;0;0.9022
12R_12V_02F_04M;lr105;1;1;12;02;04;66.6667;100;87.5;18.9655;42.473438;48.9319;90.1574;69.2495;12.234;8.5106;3.7234;0;2.2783
12R_12V_02F_04M;lr101;1;1;12;02;04;91.6667;100;60.4651;15.3846;36.997391;26.2702;89.4153;52.7031;15.625;10.0806;5.5444;0.2948;9.7286
12R_12V_02F_04M;lr102;1;1;12;02;04;66.6667;100;61.9048;3.8462;40.630188;48.5444;85.2973;67.4575;9.6525;6.7568;2.8958;0.5428;9.9746
12R_12V_02F_04M;lr103;1;1;12;02;04;58.3333;75;100;14.5833;37.261243;46.4609;86.6609;69.9665;12.3188;8.6957;3.6232;0;0
12R_12V_02F_04M;lr104;1;1;12;02;04;58.3333;75;84.8485;9.0909;47.634029;41.4494;93.8652;65.4452;12.4844;8.7391;3.7453;0;0.9022
12R_12V_02F_04M;lr105;1;1;12;02;04;66.6667;100;87.5;18.9655;42.473438;48.9319;90.1574;69.2495;12.234;8.5106;3.7234;0;2.2783
12R_12V_02F_04M;lr101;1;1;12;02;04;91.6667;100;60.4651;16.2791;35.439036;26.2702;89.4153;52.7031;15.625;10.0806;5.5444;0.2948;9.7286
12R_12V_02F_04M;lr102;1;1;12;02;04;66.6667;100;73.8095;3.2258;41.8727;48.5444;85.2973;67.4575;9.6525;6.7568;2.8958;0.5428;9.9746
12R_12V_02F_04M;lr103;1;1;12;02;04;58.3333;75;100;14.5833;39.262471;46.4609;86.6609;69.9665;12.3188;8.6957;3.6232;0;0
12R_12V_02F_04M;lr104;1;1;12;02;04;58.3333;75;90.9091;7.5;45.134043;41.4494;93.8652;65.4452;12.4844;8.7391;3.7453;0;0.9022
12R_12V_02F_04M;lr105;1;1;12;02;04;66.6667;100;87.5;18.9655;42.473438;48.9319;90.1574;69.2495;12.234;8.5106;3.7234;0;2.2783
12R_12V_02F_04M;lr201;2;1;12;02;04;16.6667;75;98.0769;96.1538;97.11535;68.234;72.884;70.559;2;1.3333;0.6667;10.1046;12.1778
12R_12V_02F_04M;lr202;2;1;12;02;04;16.6667;75;93.4783;34.7826;64.13045;23.435;74.774;49.1045;1.1667;1;0.1667;0;0
12R_12V_02F_04M;lr203;2;1;12;02;04;16.6667;50;100;77.0833;88.54165;22.457;77.232;49.8445;2.5;2;0.5;0;6.0517
12R_12V_02F_04M;lr204;2;1;12;02;04;16.6667;75;97.3684;90.625;93.9967;40.904;50.274;45.589;1.1667;1;0.1667;0;0
12R_12V_02F_04M;lr205;2;1;12;02;04;16.6667;75;94.8276;91.3793;93.10345;43.582;60.792;52.187;1.1667;1;0.1667;0;3.03
12R_12V_02F_04M;lr201;2;1;12;02;04;16.6667;75;98.0769;96.1538;97.11535;68.234;72.884;70.559;2;1.3333;0.6667;10.1046;12.1778
12R_12V_02F_04M;lr202;2;1;12;02;04;16.6667;75;94.7368;34.7826;64.7597;23.435;74.575;49.005;1.1667;1;0.1667;0;0.3017
12R_12V_02F_04M;lr203;2;1;12;02;04;16.6667;50;100;65.7895;82.89475;16.402;82.832;49.617;2;2;0;0;0
12R_12V_02F_04M;lr204;2;1;12;02;04;16.6667;75;97.3684;68.75;83.0592;38.254;54.889;46.5715;1.1667;0.6667;0.5;0;0
12R_12V_02F_04M;lr205;2;1;12;02;04;16.6667;75;98.2759;68.9655;83.6207;34.11;68.733;51.4215;1;1;0;0;5.4002
12R_12V_02F_04M;lr201;2;1;12;02;04;16.6667;75;98.0769;96.1538;97.11535;68.234;72.884;70.559;2;1.3333;0.6667;10.1046;12.1778
12R_12V_02F_04M;lr202;2;1;12;02;04;16.6667;75;94.7368;53.3333;74.03505;23.435;74.519;48.977;1.1667;1;0.1667;0;0.3019
12R_12V_02F_04M;lr203;2;1;12;02;04;16.6667;75;100;97.3684;98.6842;19.261;81.018;50.1395;1.5;1.3333;0.1667;0;4.4909
12R_12V_02F_04M;lr204;2;1;12;02;04;16.6667;75;100;59.375;79.6875;15.639;76.019;45.829;1.1667;1;0.1667;0;0
12R_12V_02F_04M;lr205;2;1;12;02;04;16.6667;75;98.2759;83.3333;90.8046;34.129;68.437;51.283;1;1;0;0;5.3972
12R_12V_02F_04M;lr201;2;1;12;02;04;16.6667;75;98.0769;96.1538;97.11535;68.234;72.884;70.559;2;1.3333;0.6667;10.1046;12.1778
12R_12V_02F_04M;lr202;2;1;12;02;04;16.6667;75;86.9565;42.1053;64.5309;23.435;75.68;49.5575;1.1667;1;0.1667;0;0
12R_12V_02F_04M;lr203;2;1;12;02;04;16.6667;50;100;77.0833;88.54165;22.457;77.425;49.941;2.75;2;0.75;0;6.0462
12R_12V_02F_04M;lr204;2;1;12;02;04;16.6667;75;100;92.1053;96.05265;20.633;70.891;45.762;1.8333;1.3333;0.5;0;0
12R_12V_02F_04M;lr205;2;1;12;02;04;16.6667;75;100;91.3793;95.68965;45.478;60.026;52.752;1.5;1;0.5;0;0
12R_12V_02F_04M;lr201;2;1;12;02;04;16.6667;75;98.0769;96.1538;97.11535;68.234;72.884;70.559;2;1.3333;0.6667;10.1046;12.1778
12R_12V_02F_04M;lr202;2;1;12;02;04;16.6667;75;92.1053;53.3333;72.7193;23.435;75.787;49.611;1.1667;1;0.1667;0.0343;0.3312
12R_12V_02F_04M;lr203;2;1;12;02;04;16.6667;50;100;97.3684;98.6842;22.457;74.361;48.409;2;1.5;0.5;0;3.8518
12R_12V_02F_04M;lr204;2;1;12;02;04;16.6667;100;97.3684;56.25;76.8092;32.861;61.357;47.109;1.25;0.75;0.5;0;0
12R_12V_02F_04M;lr205;2;1;12;02;04;16.6667;75;100;91.3793;95.68965;40.407;65.105;52.756;1.3333;1;0.3333;0;8.2071
12R_12V_04F_03M;lr101;1;1;12;04;03;91.6667;100;76.4706;16.2791;36.704682;24.3097;83.5261;56.0326;56.592;33.5821;23.01;2.495;4.1738
12R_12V_04F_03M;lr102;1;1;12;04;03;83.3333;100;73.8095;4.7619;36.61053;37.3498;87.6046;62.4319;53.2319;32.9531;20.2788;0.0128;4.5369
12R_12V_04F_03M;lr103;1;1;12;04;03;66.6667;100;82.7586;15.5172;47.372188;60.0391;97.7217;79.2462;43.4783;27.5362;15.942;0;0.2531
12R_12V_04F_03M;lr104;1;1;12;04;03;75;100;73.0769;5;38.3016;31.3143;99.8929;59.3504;42.8571;25;17.8571;0;0.3458
12R_12V_04F_03M;lr105;1;1;12;04;03;91.6667;100;54.1667;3.4483;32.413191;43.0996;78.5817;62.5889;55.7769;33.2005;22.5764;0.6298;1.7288
12R_12V_04F_03M;lr101;1;1;12;04;03;91.6667;100;60.4651;20.5882;36.424845;24.3097;83.5261;56.0163;56.592;33.5821;23.01;2.3529;4.6745
12R_12V_04F_03M;lr102;1;1;12;04;03;83.3333;100;59.6154;3.8462;33.73332;42.1521;85.5513;63.0722;50.6971;32.9531;17.744;0.4452;4.8868
12R_12V_04F_03M;lr103;1;1;12;04;03;66.6667;100;82.7586;18.75;46.679788;60.0391;97.7217;79.1364;43.4783;27.5362;15.942;0;0.2531
12R_12V_04F_03M;lr104;1;1;12;04;03;75;100;57.5758;5;37.503878;31.3143;99.8929;59.3504;42.8571;25;17.8571;0;0.3458
12R_12V_04F_03M;lr105;1;1;12;04;03;91.6667;100;50;3.4483;31.507464;43.0996;78.5817;62.5889;55.7769;33.2005;22.5764;0.6298;1.7288
12R_12V_04F_03M;lr101;1;1;12;04;03;91.6667;100;76.4706;15.3846;37.780882;24.3097;83.5261;56.0163;56.592;33.5821;23.01;2.3529;4.6745
12R_12V_04F_03M;lr102;1;1;12;04;03;83.3333;100;55.7692;4.7619;35.02717;37.3498;85.5513;63.0882;54.4994;32.9531;21.5463;0.3057;6.4674
12R_12V_04F_03M;lr103;1;1;12;04;03;66.6667;100;100;15.5172;48.449763;60.0391;97.7217;79.1364;43.4783;27.5362;15.942;0;0.2531
12R_12V_04F_03M;lr104;1;1;12;04;03;75;100;96.1538;5;41.495078;31.3143;99.8929;59.296;42.8571;25;17.8571;0;0
12R_12V_04F_03M;lr105;1;1;12;04;03;91.6667;100;60.4167;5.2632;30.527845;43.0996;78.5817;62.5889;55.7769;33.2005;22.5764;0.6298;1.7288
12R_12V_04F_03M;lr101;1;1;12;04;03;91.6667;100;60.4651;16.2791;35.923345;24.3097;83.5261;56.0326;56.592;33.5821;23.01;2.495;4.1738
12R_12V_04F_03M;lr102;1;1;12;04;03;83.3333;100;61.9048;3.8462;36.91186;38.749;85.9506;62.7487;54.4994;32.9531;21.5463;0.7968;6.1535
12R_12V_04F_03M;lr103;1;1;12;04;03;66.6667;100;100;18.75;50.241025;60.0391;97.7217;79.2386;43.4783;27.5362;15.942;0;0.1057
12R_12V_04F_03M;lr104;1;1;12;04;03;75;100;76.9231;6.0606;35.7634;31.7964;86.6214;59.4774;40.4762;25;15.4762;0;0.3616
12R_12V_04F_03M;lr105;1;1;12;04;03;91.6667;100;68.4211;4.1667;32.992364;43.0996;78.5817;62.5889;55.7769;33.2005;22.5764;0.6298;1.7288
12R_12V_04F_03M;lr101;1;1;12;04;03;91.6667;100;60.4651;18.6047;36.907;24.3097;83.5261;56.0163;56.592;33.5821;23.01;2.3529;4.6745
12R_12V_04F_03M;lr102;1;1;12;04;03;83.3333;100;61.9048;3.8462;34.19858;42.1521;85.5513;63.0722;50.6971;32.9531;17.744;0.4452;4.8868
12R_12V_04F_03M;lr103;1;1;12;04;03;66.6667;100;100;18.75;45.469887;60.8565;98.213;79.3386;44.9275;27.5362;17.3913;0.0625;0
12R_12V_04F_03M;lr104;1;1;12;04;03;75;100;62.5;7.6923;36.464;31.3143;86.3357;59.1516;45.2381;25;20.2381;0;0.0237
12R_12V_04F_03M;lr105;1;1;12;04;03;91.6667;100;52.6316;4.1667;32.440682;43.0996;78.5817;62.5889;55.7769;33.2005;22.5764;0.6298;1.7288
12R_12V_04F_03M;lr201;2;1;12;04;03;25;100;86.5385;50;73.717967;16.455;73.083;52.4917;7.5;4.6667;2.8333;7.0802;7.9192
12R_12V_04F_03M;lr202;2;1;12;04;03;16.6667;100;93.4783;81.5789;87.5286;41.323;80.024;60.6735;5.1667;3.3333;1.8333;0;0
12R_12V_04F_03M;lr203;2;1;12;04;03;16.6667;100;100;31.5789;65.78945;26.93;96.634;61.782;5;3.6667;1.3333;1.3944;1.3944
12R_12V_04F_03M;lr204;2;1;12;04;03;16.6667;100;100;90.625;95.3125;49.317;71.701;60.509;3.8333;3;0.8333;0;0
12R_12V_04F_03M;lr205;2;1;12;04;03;16.6667;100;98.2759;95.8333;97.0546;56.464;67.798;62.131;5;2.6667;2.3333;0.1785;0.1785
12R_12V_04F_03M;lr201;2;1;12;04;03;25;100;86.5385;50;73.717967;16.455;73.083;52.4917;7.5;4.6667;2.8333;7.0802;7.9192
12R_12V_04F_03M;lr202;2;1;12;04;03;16.6667;100;86.9565;67.3913;77.1739;41.323;81.294;61.3085;5.1667;3.3333;1.8333;0;0
12R_12V_04F_03M;lr203;2;1;12;04;03;16.6667;100;100;97.3684;98.6842;42.96;80.554;61.757;5.1667;3.6667;1.5;0;2.0135
12R_12V_04F_03M;lr204;2;1;12;04;03;16.6667;66.6667;100;96.875;98.4375;55.684;61.819;58.7515;5.5;5;0.5;0;0
12R_12V_04F_03M;lr205;2;1;12;04;03;16.6667;66.6667;96.5517;95.8333;96.1925;58.51;65.733;62.1215;6.5;4.5;2;0;0
12R_12V_04F_03M;lr201;2;1;12;04;03;25;100;86.5385;50;73.717967;16.455;73.083;52.4917;7.5;4.6667;2.8333;7.0802;7.9192
12R_12V_04F_03M;lr202;2;1;12;04;03;16.6667;100;93.4783;67.3913;80.4348;36.097;87.168;61.6325;5.1667;4;1.1667;0;0
12R_12V_04F_03M;lr203;2;1;12;04;03;16.6667;100;97.9167;86.2069;92.0618;34.543;85.982;60.2625;6.1667;3.6667;2.5;0;2.5041
12R_12V_04F_03M;lr204;2;1;12;04;03;16.6667;100;100;96.875;98.4375;46.469;75.073;60.771;2.8333;2.6667;0.1667;0;0
12R_12V_04F_03M;lr205;2;1;12;04;03;16.6667;100;98.2759;98.2759;98.2759;55.072;68.848;61.96;4.8333;3;1.8333;0;0
12R_12V_04F_03M;lr201;2;1;12;04;03;25;100;86.5385;50;73.717967;16.455;73.083;52.4917;7.5;4.6667;2.8333;7.0802;7.9192
12R_12V_04F_03M;lr202;2;1;12;04;03;16.6667;100;93.4783;81.5789;87.5286;36.097;89.5;62.7985;5.1667;4;1.1667;0;0
12R_12V_04F_03M;lr203;2;1;12;04;03;16.6667;66.6667;100;97.9167;98.95835;39.301;83.835;61.568;7.5;5.5;2;0;2.201
12R_12V_04F_03M;lr204;2;1;12;04;03;16.6667;66.6667;100;84.375;92.1875;45.463;75.358;60.4105;5.75;4.5;1.25;0;0
12R_12V_04F_03M;lr205;2;1;12;04;03;16.6667;100;98.2759;91.3793;94.8276;52.37;69.834;61.102;5.3333;3.6667;1.6667;0;0
12R_12V_04F_03M;lr201;2;1;12;04;03;25;100;86.5385;50;73.717967;16.672;73.027;52.5453;6.5;4.6667;1.8333;7.0844;7.9205
12R_12V_04F_03M;lr202;2;1;12;04;03;16.6667;100;86.9565;67.3913;77.1739;41.323;81.675;61.499;5.5;3.3333;2.1667;0;0
12R_12V_04F_03M;lr203;2;1;12;04;03;16.6667;100;100;96.5517;98.27585;34.25;88.408;61.329;5.6667;3.6667;2;0.1069;0.2596
12R_12V_04F_03M;lr204;2;1;12;04;03;16.6667;100;92.1053;89.4737;90.7895;54.625;64.613;59.619;3.5;3.3333;0.1667;0;0
12R_12V_04F_03M;lr205;2;1;12;04;03;16.6667;100;83.3333;79.3103;81.3218;57.968;65.733;61.8505;4.6667;3;1.6667;0;0.1044
12R_12V_04F_04M;lr101;1;1;12;04;04;91.6667;100;60.4651;18.6047;36.312927;24.3097;83.5261;55.018;41.5112;25.1866;16.3246;0.6289;5.0242000000000004
12R_12V_04F_04M;lr102;1;1;12;04;04;83.3333;100;59.6154;3.2258;35.95917;37.749;84.6198;60.9654;38.9734;24.7148;14.2586;0.2015;4.4556
12R_12V_04F_04M;lr103;1;1;12;04;04;66.6667;100;100;15.5172;45.065787;59.9348;95.5304;78.2495;30.4348;20.6522;9.7826;0;0.0981
12R_12V_04F_04M;lr104;1;1;12;04;04;75;100;73.0769;7.5;36.465933;31.1786;85.6679;58.9107;30.3571;18.75;11.6071;0;0.0237
12R_12V_04F_04M;lr105;1;1;12;04;04;91.6667;100;76.3158;18.4211;35.659345;42.9323;84.494;62.138;43.8247;24.9004;18.9243;0.1205;3.0353
12R_12V_04F_04M;lr101;1;1;12;04;04;91.6667;100;76.4706;16.2791;37.006018;24.3097;83.5261;55.0611;41.5112;25.1866;16.3246;0.1643;5.0687
12R_12V_04F_04M;lr102;1;1;12;04;04;83.3333;100;69.0476;3.8462;36.53226;37.749;84.6198;60.9981;38.9734;24.7148;14.2586;0.2015;4.4605
12R_12V_04F_04M;lr103;1;1;12;04;04;66.6667;100;100;23.6842;50.082712;59.5565;95.1217;78.1652;30.4348;20.6522;9.7826;0;0.2468
12R_12V_04F_04M;lr104;1;1;12;04;04;75;100;75.7576;6.0606;39.591422;31.1786;85.6679;58.9028;30.3571;18.75;11.6071;0;0.0237
12R_12V_04F_04M;lr105;1;1;12;04;04;91.6667;100;68.4211;13.7931;36.748964;43.0956;84.494;62.1145;43.8247;24.9004;18.9243;0.153;3.0353
12R_12V_04F_04M;lr101;1;1;12;04;04;91.6667;100;76.4706;20.5882;36.1235;24.3097;83.5261;55.0173;41.5112;25.1866;16.3246;2.4524;4.9249
12R_12V_04F_04M;lr102;1;1;12;04;04;83.3333;100;61.9048;3.2258;36.03303;36.6882;84.6426;61.0673;39.924;24.7148;15.2091;0.5971;4.6618
12R_12V_04F_04M;lr103;1;1;12;04;04;66.6667;100;100;18.75;46.743612;59.5565;94.2522;78.2076;30.4348;20.6522;9.7826;0;0.2651
12R_12V_04F_04M;lr104;1;1;12;04;04;75;100;73.0769;5;37.123144;31.1786;85.6679;58.9107;30.3571;18.75;11.6071;0;0.0237
12R_12V_04F_04M;lr105;1;1;12;04;04;91.6667;100;60.4167;12.069;34.882509;43.0956;84.494;62.1145;43.8247;24.9004;18.9243;0.153;3.0353
12R_12V_04F_04M;lr101;1;1;12;04;04;91.6667;100;60.4651;13.4615;37.593627;24.3097;83.5261;55.0112;41.5112;25.1866;16.3246;0.3898;4.8924
12R_12V_04F_04M;lr102;1;1;12;04;04;83.3333;100;69.0476;3.2258;37.82316;37.749;84.6198;60.9981;38.9734;24.7148;14.2586;0.2015;4.4605
12R_12V_04F_04M;lr103;1;1;12;04;04;66.6667;100;82.7586;18.75;43.541575;59.9348;94.9043;78.1902;31.5217;20.6522;10.8696;0;0.1164
12R_12V_04F_04M;lr104;1;1;12;04;04;75;100;76.9231;6.0606;40.303033;31.45;85.6071;58.9262;30.3571;18.75;11.6071;0.1653;0
12R_12V_04F_04M;lr105;1;1;12;04;04;91.6667;100;76.3158;12.069;36.310709;43.0956;84.494;62.1145;43.8247;24.9004;18.9243;0.153;3.0353
12R_12V_04F_04M;lr101;1;1;12;04;04;91.6667;100;50;20.5882;35.107555;24.3097;83.5261;55.0112;41.5112;25.1866;16.3246;0.3898;4.8924
12R_12V_04F_04M;lr102;1;1;12;04;04;83.3333;100;59.6154;3.8462;35.53527;36.6882;84.6426;61.0673;39.924;24.7148;15.2091;0.5971;4.6618
12R_12V_04F_04M;lr103;1;1;12;04;04;66.6667;100;100;15.5172;50.007075;59.9348;95.5304;78.2495;30.4348;20.6522;9.7826;0;0.0981
12R_12V_04F_04M;lr104;1;1;12;04;04;75;100;62.5;7.6923;37.583533;31.45;85.6071;58.9262;30.3571;18.75;11.6071;0.1653;0
12R_12V_04F_04M;lr105;1;1;12;04;04;91.6667;100;76.3158;12.069;35.858709;43.0956;84.494;62.1145;43.8247;24.9004;18.9243;0.153;3.0353
12R_12V_04F_04M;lr201;2;1;12;04;04;25;100;86.5385;50;73.717967;16.455;73.083;52.4623;5.875;3.5;2.375;7.1585;8.0294
12R_12V_04F_04M;lr202;2;1;12;04;04;16.6667;100;86.9565;67.3913;77.1739;41.172;81.025;61.0985;4.125;2.5;1.625;0;0
12R_12V_04F_04M;lr203;2;1;12;04;04;16.6667;100;100;81.25;90.625;35.709;87.308;61.5085;4.75;3.75;1;0;0.2383
12R_12V_04F_04M;lr204;2;1;12;04;04;16.6667;100;100;96.875;98.4375;57.309;62.753;60.031;3.75;2.5;1.25;0;0
12R_12V_04F_04M;lr205;2;1;12;04;04;16.6667;100;98.2759;98.2759;98.2759;54.941;67.553;61.247;4.125;2.5;1.625;0.2393;0.4387
12R_12V_04F_04M;lr201;2;1;12;04;04;25;100;86.5385;32.6923;67.948733;16.455;73.083;52.4623;5.875;3.5;2.375;7.1585;8.0294
12R_12V_04F_04M;lr202;2;1;12;04;04;16.6667;100;86.9565;67.3913;77.1739;41.172;81.025;61.0985;4.125;2.5;1.625;0;0
12R_12V_04F_04M;lr203;2;1;12;04;04;16.6667;100;97.3684;86.2069;91.78765;28.314;92.749;60.5315;3;2.75;0.25;0;3.1634
12R_12V_04F_04M;lr204;2;1;12;04;04;16.6667;75;100;96.875;98.4375;55.654;61.484;58.569;4;3.3333;0.6667;0;0
12R_12V_04F_04M;lr205;2;1;12;04;04;16.6667;100;98.2759;95.8333;97.0546;56.498;66.092;61.295;3.25;2;1.25;0;0.077
12R_12V_04F_04M;lr201;2;1;12;04;04;25;100;86.5385;50;73.717967;16.455;73.083;52.4623;5.875;3.5;2.375;7.1585;8.0294
12R_12V_04F_04M;lr202;2;1;12;04;04;16.6667;100;86.9565;81.5789;84.2677;41.172;81.384;61.278;4.375;2.5;1.875;0;0
12R_12V_04F_04M;lr203;2;1;12;04;04;16.6667;75;97.9167;86.2069;92.0618;34.528;85.36;59.944;6.1667;3.6667;2.5;0;2.5052
12R_12V_04F_04M;lr204;2;1;12;04;04;16.6667;100;100;96.875;98.4375;45.837;75.073;60.455;2.375;2;0.375;0;0
12R_12V_04F_04M;lr205;2;1;12;04;04;16.6667;100;95.8333;70.6897;83.2615;53.255;69.667;61.461;3.875;3;0.875;0;2.644
12R_12V_04F_04M;lr201;2;1;12;04;04;25;100;86.5385;50;73.717967;16.455;73.083;52.4623;5.875;3.5;2.375;7.1585;8.0294
12R_12V_04F_04M;lr202;2;1;12;04;04;16.6667;100;86.9565;67.3913;77.1739;41.172;81.384;61.278;4.375;2.5;1.875;0;0
12R_12V_04F_04M;lr203;2;1;12;04;04;16.6667;75;100;97.9167;98.95835;39.301;83.687;61.494;4.5;3.6667;0.8333;0;2.3211
12R_12V_04F_04M;lr204;2;1;12;04;04;16.6667;75;100;84.375;92.1875;45.463;74.518;59.9905;4.1667;3;1.1667;0;0
12R_12V_04F_04M;lr205;2;1;12;04;04;16.6667;75;89.6552;89.5833;89.61925;58.758;63.441;61.0995;5.1667;3.6667;1.5;0;0
12R_12V_04F_04M;lr201;2;1;12;04;04;25;100;86.5385;39.5349;70.2296;16.455;73.083;52.4623;5.875;3.5;2.375;7.1585;8.0294
12R_12V_04F_04M;lr202;2;1;12;04;04;16.6667;100;93.4783;67.3913;80.4348;41.172;79.755;60.4635;4.125;2.5;1.625;0;0
12R_12V_04F_04M;lr203;2;1;12;04;04;16.6667;75;100;96.5517;98.27585;34.25;87.959;61.1045;5.6667;3.6667;2;0.1359;0.2893
12R_12V_04F_04M;lr204;2;1;12;04;04;16.6667;100;92.1053;89.4737;90.7895;53.975;64.613;59.294;2.875;2.5;0.375;0;0
12R_12V_04F_04M;lr205;2;1;12;04;04;16.6667;75;98.2759;91.3793;94.8276;52.106;70.432;61.269;4.6667;3.6667;1;0;0
40R_40V_02F_05M;LR1_2_1;1;1;40;02;05;50;100;92.3077;15.3846;50.173085;30.1246;96.4117;72.151;10.5678;6.9401;3.6278;4.5335;26.3383
40R_40V_02F_05M;LR1_2_2;1;1;40;02;05;40;100;100;12.8205;60.576931;15.2194;99.1669;38.7159;3.7618;2.6646;1.0972;0.2148;14.3178
40R_40V_02F_05M;LR1_2_3;1;1;40;02;05;35;100;93.0233;13.9535;55.872443;41.5304;98.3807;70.2554;6.8643;4.6802;2.1841;0;8.3618
40R_40V_02F_05M;LR1_2_4;1;1;40;02;05;25;100;87.5;6.9767;63.27763;16.5237;79.6713;57.6177;3.556;2.5862;0.9698;0.0079;1.7858
40R_40V_02F_05M;LR1_2_5;1;1;40;02;05;32.5;100;100;16.6667;58.858023;40.6183;95.5174;71.017;6.4669;4.4164;2.0505;1.452;8.3245
40R_40V_02F_05M;LR1_2_1;1;1;40;02;05;50;100;92.3077;6.1538;50.237185;30.164;96.0552;70.8901;10.4101;6.6246;3.7855;2.8471;23.5493
40R_40V_02F_05M;LR1_2_2;1;1;40;02;05;37.5;100;93.8462;12.8205;52.632487;23.1293;99.21;41.7707;4.3103;2.9781;1.3323;1.2762;13.6494
40R_40V_02F_05M;LR1_2_3;1;1;40;02;05;35;100;93.0233;6.9767;59.28355;29.2746;94.83;68.3594;6.8643;4.9922;1.8721;0.045;4.7435
40R_40V_02F_05M;LR1_2_4;1;1;40;02;05;27.5;100;98.2759;9.3023;58.853682;29.7823;66.9106;51.5055;3.2328;2.5862;0.6466;0;4.7494
40R_40V_02F_05M;LR1_2_5;1;1;40;02;05;32.5;100;100;9.3023;54.873669;28.1293;95.5174;73.2952;6.1514;4.1009;2.0505;0.5372;7.9791
40R_40V_02F_05M;LR1_2_1;1;1;40;02;05;50;100;92.3077;12.8205;50.75641;39.6924;93.8991;71.3618;10.5678;6.6246;3.9432;1.8686;22.7518
40R_40V_02F_05M;LR1_2_2;1;1;40;02;05;37.5;100;91.0256;15.3846;57.957273;15.2022;98.4365;41.6561;3.9185;2.6646;1.2539;2.2749;12.9053
40R_40V_02F_05M;LR1_2_3;1;1;40;02;05;32.5;100;93.0233;20.6897;60.283315;54.1685;98.3807;71.8012;6.5523;4.3682;2.1841;1.5361;8.1095
40R_40V_02F_05M;LR1_2_4;1;1;40;02;05;27.5;100;100;6.9767;60.620545;16.5237;66.8179;52.1817;3.556;2.8017;0.7543;0.0236;2.7973
40R_40V_02F_05M;LR1_2_5;1;1;40;02;05;32.5;100;84.7222;22.2222;55.567469;37.9369;96.1404;72.3722;5.6782;4.1009;1.5773;1.6984;9.6271
40R_40V_02F_05M;LR1_2_1;1;1;40;02;05;47.5;100;92.3077;17.9487;48.852905;39.6924;96.0552;73.6432;11.041;6.9401;4.1009;3.293;21.5889
40R_40V_02F_05M;LR1_2_2;1;1;40;02;05;40;100;96.1538;6.1538;55.560881;16.1348;92.7798;38.353;3.605;2.5078;1.0972;0.7314;7.5866
40R_40V_02F_05M;LR1_2_3;1;1;40;02;05;35;100;93.0233;10.4651;50.16865;38.1778;95.78;70.1849;7.6443;5.3042;2.3401;1.0396;2.9018
40R_40V_02F_05M;LR1_2_4;1;1;40;02;05;25;100;98.2759;29.0698;65.68509;29.7823;68.4849;54.735;3.125;2.3707;0.7543;0;2.3301
40R_40V_02F_05M;LR1_2_5;1;1;40;02;05;35;100;84.7222;18.6047;49.749329;28.1293;96.183;67.5535;6.1514;4.4164;1.735;1.5027;10.5539
40R_40V_02F_05M;LR1_2_1;1;1;40;02;05;47.5;100;92.3077;15.3846;50.384621;45.511;96.2256;74.6227;10.7256;6.9401;3.7855;2.8876;22.7119
40R_40V_02F_05M;LR1_2_2;1;1;40;02;05;42.5;100;96.1538;15.3846;54.193059;15.2194;98.8127;36.0716;4.0752;2.8213;1.2539;0.9928;12.3759
40R_40V_02F_05M;LR1_2_3;1;1;40;02;05;37.5;100;96.5517;15.5172;55.484573;22.4228;98.3807;65.048;7.4883;4.9922;2.4961;0.5141;4.9394
40R_40V_02F_05M;LR1_2_4;1;1;40;02;05;25;100;87.2093;19.4444;60.11126;40.0873;65.7931;56.8879;3.4483;2.5862;0.8621;0;4.4582
40R_40V_02F_05M;LR1_2_5;1;1;40;02;05;35;100;100;1.1628;52.57435;25.735;95.5174;66.0985;6.6246;4.7319;1.8927;2.1183;8.2252
40R_40V_02F_05M;LR2_2_1;2;1;40;02;05;15;80;98.5075;20.8955;77.559083;20.5964;91.0391;54.7908;2.071;1.4793;0.5917;4.6094;14.0437
40R_40V_02F_05M;LR2_2_2;2;1;40;02;05;10;100;100;80;93.75;60.5578;80.3649;69.9855;2.0513;1.4201;0.6312;0;11.1717
40R_40V_02F_05M;LR2_2_3;2;1;40;02;05;10;80;100;86.1111;94.93055;20.516;83.7878;65.5901;1.8245;1.3807;0.4438;0.0556;3.7584
40R_40V_02F_05M;LR2_2_4;2;1;40;02;05;7.5;60;98.4615;92.3077;95.897433;48.2951;82.0639;66.2995;1.5779;1.1834;0.3945;0;0
40R_40V_02F_05M;LR2_2_5;2;1;40;02;05;12.5;100;100;27.5;82;8.1696;93.0789;64.1597;1.9724;1.499;0.4734;0.5223;13.0227
40R_40V_02F_05M;LR2_2_1;2;1;40;02;05;15;80;97.5;44.7761;81.915417;23.3578;90.1168;57.6566;2.6627;1.8738;0.789;0.9427;16.265
40R_40V_02F_05M;LR2_2_2;2;1;40;02;05;10;80;100;85.0746;94.717725;54.0963;82.4331;71.1861;1.5779;1.2821;0.2959;3.1223;15.0522
40R_40V_02F_05M;LR2_2_3;2;1;40;02;05;10;100;100;27.0833;78.50695;5.2801;88.3101;63.5914;1.8146;1.2623;0.5523;0.2129;1.9528
40R_40V_02F_05M;LR2_2_4;2;1;40;02;05;10;80;100;30.7692;78.71795;7.0458;88.4698;50.1585;1.0848;0.789;0.2959;0;0
40R_40V_02F_05M;LR2_2_5;2;1;40;02;05;12.5;80;100;55.5556;91.11112;18.9282;88.5022;66.1311;2.3669;1.6765;0.6903;0.7646;21.9595
40R_40V_02F_05M;LR2_2_1;2;1;40;02;05;15;100;100;57.4074;89.580333;15.2919;90.2493;56.6886;2.1696;1.6568;0.5128;2.85;12.3544
40R_40V_02F_05M;LR2_2_2;2;1;40;02;05;10;80;98.75;92.5926;96.09125;56.3897;83.7842;70.5035;2.3176;1.7751;0.5424;0.3451;11.8863
40R_40V_02F_05M;LR2_2_3;2;1;40;02;05;10;80;98.6111;84.7222;91.458325;19.1034;89.3598;65.3558;2.3176;1.6765;0.641;1.1211;0.9088
40R_40V_02F_05M;LR2_2_4;2;1;40;02;05;10;80;100;24.359;75.83335;19.1333;87.1495;49.1606;0.9369;0.789;0.1479;0;0
40R_40V_02F_05M;LR2_2_5;2;1;40;02;05;12.5;100;100;77.7778;94.41004;19.2544;89.731;63.0936;1.9724;1.3412;0.6312;3.4195;7.8032
40R_40V_02F_05M;LR2_2_1;2;1;40;02;05;15;100;98.5075;25.9259;83.621367;9.112;90.1665;55.7339;1.8146;1.4201;0.3945;1.5123;14.0741
40R_40V_02F_05M;LR2_2_2;2;1;40;02;05;10;80;98.75;85.1852;94.612525;55.5625;82.7546;70.5314;1.7751;1.4793;0.2959;2.5011;6.9856
40R_40V_02F_05M;LR2_2_3;2;1;40;02;05;10;80;94.4444;53.3333;81.7361;17.0418;89.8276;64.0943;1.9724;1.5779;0.3945;1.0408;1.6664
40R_40V_02F_05M;LR2_2_4;2;1;40;02;05;7.5;60;100;98.4615;99.487167;27.4442;89.3574;65.8964;1.3149;1.0519;0.263;0.278;0
40R_40V_02F_05M;LR2_2_5;2;1;40;02;05;12.5;80;100;19.403;83.3806;9.4836;88.7578;63.2085;2.7613;1.7751;0.9862;3.2905;8.9824
40R_40V_02F_05M;LR2_2_1;2;1;40;02;05;15;100;97.0149;24.0741;78.956383;22.0706;92.6343;57.2681;2.2091;1.7357;0.4734;1.4598;11.546
40R_40V_02F_05M;LR2_2_2;2;1;40;02;05;10;80;97.5;75;89.57555;54.2623;83.8241;71.2051;2.1203;1.6765;0.4438;1.4934;6.5047
40R_40V_02F_05M;LR2_2_3;2;1;40;02;05;10;80;100;44.4444;83.333325;15.1219;86.0252;64.8061;2.1696;1.4793;0.6903;0.592;2.8844
40R_40V_02F_05M;LR2_2_4;2;1;40;02;05;7.5;100;92.3077;89.2308;91.282067;31.069;85.2663;66.9915;0.8284;0.7101;0.1183;0;0
40R_40V_02F_05M;LR2_2_5;2;1;40;02;05;10;100;100;93.75;96.5625;70.1365;89.6178;77.2434;1.9724;1.499;0.4734;2.627;9.0642
40R_40V_02F_06M;LR1_2_1;1;1;40;02;06;47.5;100;79.4872;12.8205;52.152495;42.418;93.8991;73.794;7.755;5.5205;2.2345;3.6068;21.3797
40R_40V_02F_06M;LR1_2_2;1;1;40;02;06;37.5;100;91.0256;6.1538;59.09402;14.9271;98.1058;40.4015;3.7226;2.4817;1.2409;2.3526;11.9541
40R_40V_02F_06M;LR1_2_3;1;1;40;02;06;35;100;93.0233;15.1163;55.412757;22.4228;99.7207;67.0023;4.9402;3.6401;1.3001;0.4725;8.8308
40R_40V_02F_06M;LR1_2_4;1;1;40;02;06;25;100;90.2778;15.5172;60.33214;33.1638;68.1336;56.9454;3.2328;2.1552;1.0776;0.4257;4.3718
40R_40V_02F_06M;LR1_2_5;1;1;40;02;06;32.5;100;97.2222;23.2558;53.453931;21.9795;95.8864;71.0393;4.469;3.4175;1.0515;0.6669;12.8765
40R_40V_02F_06M;LR1_2_1;1;1;40;02;06;50;100;95.3846;7.6923;50.03205;30.0899;96.612;69.7674;8.938;5.7834;3.1546;3.0747;21.7655
40R_40V_02F_06M;LR1_2_2;1;1;40;02;06;37.5;100;98.0769;5.1282;58.316233;18.6677;99.1936;40.5317;3.2001;2.3511;0.849;1.1863;12.2572
40R_40V_02F_06M;LR1_2_3;1;1;40;02;06;32.5;100;93.0233;15.1163;56.3868;41.5304;98.3807;72.3251;5.2002;3.6401;1.5601;0.3743;9.9095
40R_40V_02F_06M;LR1_2_4;1;1;40;02;06;27.5;100;100;11.1111;61.543045;20.5474;67.0614;51.4171;3.0532;2.1552;0.898;0.1103;4.3541
40R_40V_02F_06M;LR1_2_5;1;1;40;02;06;32.5;100;100;13.9535;64.220715;42.8991;96.183;70.8293;5.5205;3.9432;1.5773;0.4514;9.8347
40R_40V_02F_06M;LR1_2_1;1;1;40;02;06;50;100;95.3846;5.1282;46.141025;30.0899;96.0552;70.043;9.0694;6.0463;3.0231;4.092;23.378
40R_40V_02F_06M;LR1_2_2;1;1;40;02;06;37.5;100;100;10.2564;54.504267;17.7476;95.8966;40.697;3.9185;2.4817;1.4368;2.6637;10.0532
40R_40V_02F_06M;LR1_2_3;1;1;40;02;06;35;100;93.0233;10.4651;57.091071;34.2995;98.3807;67.6745;5.5902;3.9002;1.6901;0.7001;6.9613
40R_40V_02F_06M;LR1_2_4;1;1;40;02;06;22.5;100;95.3488;32.5581;67.407567;55.9731;70.7392;62.9344;3.4124;2.5144;0.898;0.2192;3.8241
40R_40V_02F_06M;LR1_2_5;1;1;40;02;06;32.5;100;84.7222;23.2558;51.1801;40.3391;96.183;70.9156;4.469;3.1546;1.3144;2.0147;10.8581
40R_40V_02F_06M;LR1_2_1;1;1;40;02;06;50;100;92.3077;7.6923;48.391025;30.164;96.0552;70.0925;8.938;5.7834;3.1546;2.4594;22.1927
40R_40V_02F_06M;LR1_2_2;1;1;40;02;06;40;100;90.3846;6.1538;55.3766;14.3699;99.9569;37.937;3.2654;2.2205;1.0449;1.3469;12.8613
40R_40V_02F_06M;LR1_2_3;1;1;40;02;06;32.5;100;96.5517;10.4651;56.819623;48.5211;98.3807;71.4713;4.9402;3.6401;1.3001;0.0198;8.6411
40R_40V_02F_06M;LR1_2_4;1;1;40;02;06;27.5;100;98.2759;9.3023;60.398;20.5474;67.0593;50.8621;2.7838;2.1552;0.6286;0.2163;0.8162
40R_40V_02F_06M;LR1_2_5;1;1;40;02;06;32.5;100;84.7222;22.093;58.037323;40.3391;95.8864;72.4842;4.8633;3.4175;1.4458;1.111;11.3727
40R_40V_02F_06M;LR1_2_1;1;1;40;02;06;50;100;92.3077;6.1538;47.551275;30.164;96.4117;70.2897;8.6751;5.7834;2.8917;6.2034;26.2279
40R_40V_02F_06M;LR1_2_2;1;1;40;02;06;40;100;91.0256;6.1538;56.899037;14.9655;97.431;38.1268;3.9185;2.6123;1.3062;1.6205;7.46
40R_40V_02F_06M;LR1_2_3;1;1;40;02;06;35;100;98.8372;8.3333;57.62895;29.7941;99.4275;67.3696;5.7202;4.1602;1.5601;0.0192;4.9139
40R_40V_02F_06M;LR1_2_4;1;1;40;02;06;25;100;98.2759;37.5;69.34298;29.7823;67.7511;55.9537;2.3348;1.9756;0.3592;0;6.6067
40R_40V_02F_06M;LR1_2_5;1;1;40;02;06;35;100;100;9.3023;51.755793;30.2476;95.8864;67.1017;5.3891;3.6803;1.7087;0.2142;8.3952
40R_40V_02F_06M;LR2_2_1;2;1;40;02;06;12.5;83.3333;100;88.75;95.41044;33.1452;89.1755;65.8564;1.9724;1.3412;0.6312;1.7983;11.2793
40R_40V_02F_06M;LR2_2_2;2;1;40;02;06;10;100;100;83.75;90.51305;62.0927;78.299;71.2592;1.5122;1.1177;0.3945;3.0277;10.4478
40R_40V_02F_06M;LR2_2_3;2;1;40;02;06;10;83.3333;100;86.6667;95.06945;19.987;86.1116;65.6085;1.6568;1.1834;0.4734;0.0845;3.5771
40R_40V_02F_06M;LR2_2_4;2;1;40;02;06;7.5;83.3333;96.9231;84.6154;91.282067;46.2821;83.3164;66.1045;0.7495;0.6312;0.1183;0.5547;0
40R_40V_02F_06M;LR2_2_5;2;1;40;02;06;12.5;100;100;27.5;82;8.1696;93.0071;64.1108;1.5779;1.2492;0.3287;0.5318;13.0724
40R_40V_02F_06M;LR2_2_1;2;1;40;02;06;12.5;100;98.75;71.6418;91.48134;53.6828;91.2592;68.5515;1.6765;1.2492;0.4274;5.0053;16.5505
40R_40V_02F_06M;LR2_2_2;2;1;40;02;06;10;100;98.75;88.75;95.787025;54.568;82.0576;70.7581;1.3807;0.9862;0.3945;1.1326;2.7553
40R_40V_02F_06M;LR2_2_3;2;1;40;02;06;10;83.3333;100;27.0833;78.50695;10.5325;88.0438;64.4469;1.7357;1.2623;0.4734;0;14.3977
40R_40V_02F_06M;LR2_2_4;2;1;40;02;06;7.5;83.3333;100;98.4615;99.487167;39.3314;85.172;67.3093;0.9073;0.7101;0.1972;0;0
40R_40V_02F_06M;LR2_2_5;2;1;40;02;06;12.5;100;100;63.75;90.5;16.897;89.7231;65.6637;1.808;1.1834;0.6246;0.5675;11.5379
40R_40V_02F_06M;LR2_2_1;2;1;40;02;06;17.5;100;100;14.8148;70.999657;6.8276;86.1479;49.0507;1.6765;1.1834;0.4931;0.7214;13.3297
40R_40V_02F_06M;LR2_2_2;2;1;40;02;06;10;100;100;86.5672;95.0793;58.7479;84.7456;71.5141;1.3807;1.0519;0.3287;1.0613;7.8559
40R_40V_02F_06M;LR2_2_3;2;1;40;02;06;7.5;100;100;95.8333;98.148133;75.7925;85.5093;81.5357;1.4793;1.1177;0.3616;0.2592;0.3019
40R_40V_02F_06M;LR2_2_4;2;1;40;02;06;10;83.3333;96.1538;82.0513;87.72435;16.6335;86.7783;49.8351;1.0256;0.789;0.2367;0;0
40R_40V_02F_06M;LR2_2_5;2;1;40;02;06;12.5;100;100;40.2985;85.3097;12.2174;89.7732;62.9475;1.6108;1.1834;0.4274;2.7061;10.2451
40R_40V_02F_06M;LR2_2_1;2;1;40;02;06;15;100;100;59.7015;85.76815;23.0718;86.342;56.0313;1.9395;1.2492;0.6903;3.8394;14.4777
40R_40V_02F_06M;LR2_2_2;2;1;40;02;06;12.5;83.3333;100;19.403;80.23508;7.7759;78.8067;55.8697;2.0907;1.3412;0.7495;1.8547;7.0858
40R_40V_02F_06M;LR2_2_3;2;1;40;02;06;10;83.3333;97.9167;63.3333;88.576375;15.3262;89.3436;65.2809;1.7751;1.2623;0.5128;0.9295;2.5999
40R_40V_02F_06M;LR2_2_4;2;1;40;02;06;7.5;50;100;98.4615;99.487167;27.3515;93.0959;63.3465;1.5122;1.1834;0.3287;0;0.7924
40R_40V_02F_06M;LR2_2_5;2;1;40;02;06;12.5;83.3333;100;19.403;83.3806;9.4836;88.6213;63.1777;2.0513;1.4201;0.6312;2.7678;8.324
40R_40V_02F_06M;LR2_2_1;2;1;40;02;06;15;83.3333;100;59.7015;87.088633;13.7389;85.8205;55.9299;2.1696;1.499;0.6706;1.9234;12.4923
40R_40V_02F_06M;LR2_2_2;2;1;40;02;06;10;83.3333;100;86.25;95.011575;52.2722;80.6414;70.648;1.5779;1.1045;0.4734;0.2707;11.4258
40R_40V_02F_06M;LR2_2_3;2;1;40;02;06;10;83.3333;100;45;84.479175;14.344;88.0004;64.6508;1.4596;1.1834;0.2761;0.1428;1.0045
40R_40V_02F_06M;LR2_2_4;2;1;40;02;06;10;66.6667;100;38.4615;79.42305;7.0458;95.729;50.4813;1.0848;0.8876;0.1972;0;0
40R_40V_02F_06M;LR2_2_5;2;1;40;02;06;10;100;100;93.75;96.5625;70.1365;89.6178;77.2434;1.5779;1.2492;0.3287;3.1109;9.1389
40R_40V_04F_05M;LR1_2_1;1;0;40;04;05;52.5;100;91.0256;11.5385;36.825395;50.2713;99.765;78.4217;28.3912;16.7192;11.6719;2.7546;34.7364
40R_40V_04F_05M;LR1_2_2;1;1;40;04;05;57.5;100;96.1538;7.6923;45.719057;23.0788;83.4087;56.6516;24.8357;14.7175;10.1183;1.8007;11.7473
40R_40V_04F_05M;LR1_2_3;1;1;40;04;05;55;100;100;10.4651;42.718782;28.5023;99.8159;69.6149;34.0094;19.3448;14.6646;1.0158;9.1374
40R_40V_04F_05M;LR1_2_4;1;1;40;04;05;32.5;100;96.5517;20.9302;59.589677;28.1479;97.1058;61.8257;14.562;8.8737;5.6883;1.4332;4.5956
40R_40V_04F_05M;LR1_2_5;1;1;40;04;05;52.5;100;89.6552;12.5;38.935343;34.3596;96.9464;71.6139;33.4385;19.2429;14.1956;3.0643;14.4357
40R_40V_04F_05M;LR1_2_1;1;0;40;04;05;52.5;100;91.0256;11.5385;36.825395;50.2713;99.765;78.4217;28.3912;16.7192;11.6719;2.7546;34.7364
40R_40V_04F_05M;LR1_2_2;1;1;40;04;05;57.5;100;96.1538;7.6923;45.719057;23.0788;83.4087;56.6516;24.8357;14.7175;10.1183;1.8007;11.7473
40R_40V_04F_05M;LR1_2_3;1;1;40;04;05;55;100;100;10.4651;42.718782;28.5023;99.8159;69.6149;34.0094;19.3448;14.6646;1.0158;9.1374
40R_40V_04F_05M;LR1_2_4;1;1;40;04;05;30;100;87.931;15.1163;57.855883;49.9568;97.4005;66.9658;15.3584;9.3288;6.0296;1.7713;2.5384
40R_40V_04F_05M;LR1_2_5;1;1;40;04;05;52.5;100;82.7586;15.1163;40.334148;33.4921;96.4984;69.0073;31.7035;18.2965;13.4069;2.7424;11.0887
40R_40V_04F_05M;LR1_2_1;1;0;40;04;05;52.5;100;91.0256;11.5385;36.825395;50.2713;99.765;78.4217;28.3912;16.7192;11.6719;2.7546;34.7364
40R_40V_04F_05M;LR1_2_2;1;1;40;04;05;57.5;100;96.1538;7.6923;45.719057;23.0788;83.4087;56.6516;24.8357;14.7175;10.1183;1.8007;11.7473
40R_40V_04F_05M;LR1_2_3;1;1;40;04;05;55;100;100;10.4651;42.718782;28.5023;99.8159;69.6149;34.0094;19.3448;14.6646;1.0158;9.1374
40R_40V_04F_05M;LR1_2_4;1;1;40;04;05;32.5;100;98.2759;20.8333;55.284992;25.5711;97.9829;61.5863;14.7895;9.5563;5.2332;0.2312;4.4515
40R_40V_04F_05M;LR1_2_5;1;1;40;04;05;52.5;100;81.9444;18.6047;40.405976;33.6625;97.8155;70.8544;32.1767;18.9274;13.2492;1.629;12.8736
40R_40V_04F_05M;LR1_2_1;1;0;40;04;05;52.5;100;91.0256;11.5385;36.825395;50.2713;99.765;78.4217;28.3912;16.7192;11.6719;2.7546;34.7364
40R_40V_04F_05M;LR1_2_2;1;1;40;04;05;57.5;100;78.8462;20;42.770348;24.0946;82.908;56.2824;25.887;14.4547;11.4323;1.3604;13.101
40R_40V_04F_05M;LR1_2_3;1;1;40;04;05;52.5;100;86.0465;9.3023;42.058343;29.5226;99.727;70.353;32.2933;18.7207;13.5725;1.8647;6.4672
40R_40V_04F_05M;LR1_2_4;1;1;40;04;05;32.5;100;93.0556;34.4828;56.555746;43.1615;98.8055;62.7971;16.496;10.2389;6.2571;1.3563;4.3334
40R_40V_04F_05M;LR1_2_5;1;1;40;04;05;52.5;100;89.6552;12.5;38.935343;34.3596;96.9464;71.6139;33.4385;19.2429;14.1956;3.0643;14.4357
40R_40V_04F_05M;LR1_2_1;1;0;40;04;05;52.5;100;91.0256;11.5385;36.825395;50.2713;99.765;78.4217;28.3912;16.7192;11.6719;2.7546;34.7364
40R_40V_04F_05M;LR1_2_2;1;1;40;04;05;52.5;100;94.2308;20;48.785114;33.7254;86.774;60.3536;26.0184;14.4547;11.5637;2.388;13.8256
40R_40V_04F_05M;LR1_2_3;1;1;40;04;05;55;100;100;10.4651;42.718782;28.5023;99.8159;69.6149;34.0094;19.3448;14.6646;1.0158;9.1374
40R_40V_04F_05M;LR1_2_4;1;1;40;04;05;32.5;100;72.2222;20.8333;47.124462;39.1445;98.6121;63.1534;18.2025;10.694;7.5085;0.985;1.0757
40R_40V_04F_05M;LR1_2_5;1;1;40;04;05;50;100;91.6667;9.7222;39.203745;33.7823;96.9464;72.3947;30.2839;17.9811;12.3028;1.8217;11.4014
40R_40V_04F_05M;LR2_2_1;2;1;40;04;05;17.5;100;98.5075;18.5185;75.094871;10.5073;93.0789;55.6105;6.8245;4.1815;2.643;2.7362;8.8127
40R_40V_04F_05M;LR2_2_2;2;1;40;04;05;15;100;90.7407;37.037;78.604067;12.454;81.6892;54.9637;5.286;3.3136;1.9724;1.8898;8.5938
40R_40V_04F_05M;LR2_2_3;2;1;40;04;05;12.5;100;100;18.0556;76.61112;10.9231;93.8892;61.0798;5.3649;3.3136;2.0513;0.0179;4.3438
40R_40V_04F_05M;LR2_2_4;2;1;40;04;05;7.5;80;98.4615;96.1538;97.692267;68.0308;96.9582;82.4005;4.2899;2.86;1.43;0;0
40R_40V_04F_05M;LR2_2_5;2;1;40;04;05;12.5;100;100;92.5373;96.31344;57.7456;93.3708;72.1443;6.785;4.3393;2.4458;4.3286;7.037
40R_40V_04F_05M;LR2_2_1;2;1;40;04;05;17.5;100;98.5075;59.7015;85.372929;13.7897;89.8655;55.6495;7.1006;4.3393;2.7613;2.5759;9.3255
40R_40V_04F_05M;LR2_2_2;2;1;40;04;05;12.5;100;98.1481;50;80.62962;24.146;80.2241;65.6921;6.0355;3.7081;2.3274;0.6358;2.6361
40R_40V_04F_05M;LR2_2_3;2;1;40;04;05;12.5;100;100;27.0833;81.02776;11.7688;91.2986;62.1508;5.6805;3.3136;2.3669;0.1352;5.0208
40R_40V_04F_05M;LR2_2_4;2;1;40;04;05;10;100;90.7692;75.3846;82.8846;20.7057;90.8765;61.7401;3.5897;2.6824;0.9073;0;0
40R_40V_04F_05M;LR2_2_5;2;1;40;04;05;12.5;100;100;83.5821;93.71642;34.7917;87.0675;69.7374;5.9566;3.8659;2.0907;1.8129;9.4189
40R_40V_04F_05M;LR2_2_1;2;1;40;04;05;17.5;100;97.0149;46.2687;80.442629;10.6051;92.9034;56.5319;6.7061;4.1026;2.6036;4.5585;12.3342
40R_40V_04F_05M;LR2_2_2;2;1;40;04;05;12.5;100;94.4444;80.597;86.1762;40.9187;81.7412;65.1539;5.7199;3.5503;2.1696;2.2508;6.0215
40R_40V_04F_05M;LR2_2_3;2;1;40;04;05;10;100;100;89.5833;96.875;53.6627;86.5286;76.4917;4.5759;2.998;1.5779;1.069;3.1538
40R_40V_04F_05M;LR2_2_4;2;1;40;04;05;7.5;100;100;80;91.410267;70.3034;99.2162;81.5744;3.9842;2.6824;1.3018;0;0
40R_40V_04F_05M;LR2_2_5;2;1;40;04;05;12.5;100;100;87.5;95.4515;47.2824;89.903;72.4174;5.6805;3.7081;1.9724;0.0029;10.1943
40R_40V_04F_05M;LR2_2_1;2;1;40;04;05;17.5;100;100;25.9259;78.746343;22.0043;88.8469;56.2806;6.3511;4.2604;2.0907;4.268;11.474
40R_40V_04F_05M;LR2_2_2;2;1;40;04;05;12.5;100;100;50;77.5;30.4647;83.686;65.1353;6.3905;3.7081;2.6824;0.7647;1.8893
40R_40V_04F_05M;LR2_2_3;2;1;40;04;05;12.5;100;100;63.3333;90.30554;17.1609;85.8387;62.5756;5.286;3.4714;1.8146;0.4909;1.6406
40R_40V_04F_05M;LR2_2_4;2;1;40;04;05;10;100;98.7179;50;82.467925;12.4694;91.8181;59.6425;3.6292;2.3669;1.2623;0;0.3595
40R_40V_04F_05M;LR2_2_5;2;1;40;04;05;12.5;100;98.75;92.5;94.56344;46.6714;86.7625;72.8926;5.9566;3.5503;2.4063;2.4407;10.2535
40R_40V_04F_05M;LR2_2_1;2;1;40;04;05;17.5;100;100;11.9403;78.5288;9.9945;93.1822;55.5678;6.3116;4.2604;2.0513;4.0266;7.2377
40R_40V_04F_05M;LR2_2_2;2;1;40;04;05;12.5;100;94.4444;77.5;88.88888;35.5684;80.5499;65.454;4.6548;2.8402;1.8146;3.0887;12.0601
40R_40V_04F_05M;LR2_2_3;2;1;40;04;05;12.5;100;98.6111;73.6111;86.44444;10.6529;86.5329;62.2476;5.1677;3.4714;1.6963;1.5569;0.7551
40R_40V_04F_05M;LR2_2_4;2;1;40;04;05;10;100;98.7179;38.4615;79.967925;12.8477;93.6217;61.8212;3.8264;2.5247;1.3018;0.3996;0
40R_40V_04F_05M;LR2_2_5;2;1;40;04;05;12.5;100;100;83.75;94.50748;50.3692;87.9594;73.981;6.7456;4.1815;2.5641;0.8088;8.7195
40R_40V_04F_06M;LR1_2_1;1;1;40;04;06;62.5;100;91.0256;7.6923;39.8359;43.0221;98.7918;72.1625;30.3628;17.8759;12.4869;2.5901;23.4021
40R_40V_04F_06M;LR1_2_2;1;1;40;04;06;52.5;100;94.2308;19.2308;48.449324;25.4415;82.7832;59.201;19.0539;12.0456;7.0083;1.8721;11.2146
40R_40V_04F_06M;LR1_2_3;1;1;40;04;06;50;100;70.9302;10.4651;42.191915;32.1669;99.805;67.3064;24.181;14.0406;10.1404;0.7106;4.9648
40R_40V_04F_06M;LR1_2_4;1;1;40;04;06;30;100;97.2222;25.5814;62.376658;39.5188;97.2958;64.3426;13.1779;7.9636;5.2143;0.1543;1.168
40R_40V_04F_06M;LR1_2_5;1;1;40;04;06;50;100;82.7586;16.6667;42.091365;21.888;95.7271;70.0413;24.8423;14.7213;10.1209;2.104;12.4411
40R_40V_04F_06M;LR1_2_1;1;1;40;04;06;62.5;100;91.0256;7.6923;39.8359;43.0221;98.7918;72.1625;30.3628;17.8759;12.4869;2.5901;23.4021
40R_40V_04F_06M;LR1_2_2;1;1;40;04;06;55;100;80;5.1282;43.921909;23.0223;82.8896;57.4254;20.0394;11.8265;8.2129;1.6238;10.7495
40R_40V_04F_06M;LR1_2_3;1;1;40;04;06;47.5;100;91.8605;11.1111;42.541753;29.5242;99.6443;71.1918;24.701;15.0806;9.6204;0.9916;4.6914
40R_40V_04F_06M;LR1_2_4;1;1;40;04;06;32.5;100;89.6552;10.4651;54.236146;38.1308;98.7167;61.7729;13.9363;8.3428;5.5935;0.0293;2.4934
40R_40V_04F_06M;LR1_2_5;1;1;40;04;06;47.5;100;76.7442;16.6667;42.371;45.4968;94.3912;74.8021;23.0021;13.9327;9.0694;1.3878;14.5101
40R_40V_04F_06M;LR1_2_1;1;1;40;04;06;62.5;100;91.0256;7.6923;39.8359;43.0221;98.7918;72.1625;30.3628;17.8759;12.4869;2.5901;23.4021
40R_40V_04F_06M;LR1_2_2;1;1;40;04;06;52.5;100;94.2308;19.2308;49.163619;40.2102;83.6202;59.7815;21.463;12.9216;8.5414;2.9529;10.8645
40R_40V_04F_06M;LR1_2_3;1;1;40;04;06;45;100;87.2093;12.5;46.525539;26.6287;99.8159;74.698;24.831;14.8206;10.0104;0.5694;5.0777
40R_40V_04F_06M;LR1_2_4;1;1;40;04;06;30;100;96.5116;19.7674;61.458508;47.1536;98.8055;67.0496;12.5142;7.774;4.7402;0.9054;3.2111
40R_40V_04F_06M;LR1_2_5;1;1;40;04;06;47.5;100;81.9444;15.1163;43.094826;45.5331;94.8533;74.6195;25.368;14.9842;10.3838;2.0879;13.8944
40R_40V_04F_06M;LR1_2_1;1;1;40;04;06;62.5;100;91.0256;7.6923;39.8359;43.0221;98.7918;72.1625;30.3628;17.8759;12.4869;2.5901;23.4021
40R_40V_04F_06M;LR1_2_2;1;1;40;04;06;52.5;100;84.6154;23.0769;46.855929;37.3745;83.0644;60.0146;21.3535;12.9216;8.4319;1.3618;12.684
40R_40V_04F_06M;LR1_2_3;1;1;40;04;06;47.5;100;96.5517;10.4651;42.234863;31.4805;98.791;72.4335;25.351;15.6006;9.7504;0.6851;3.6164
40R_40V_04F_06M;LR1_2_4;1;1;40;04;06;32.5;100;96.5116;18.6047;55.992246;32.6394;96.6883;62.1164;14.0311;8.1532;5.8779;0.1062;2.0361
40R_40V_04F_06M;LR1_2_5;1;1;40;04;06;50;100;76.7442;9.3023;40.253265;33.5836;95.7271;69.7879;26.6824;15.7729;10.9096;2.0058;9.3137
40R_40V_04F_06M;LR1_2_1;1;1;40;04;06;62.5;100;91.0256;7.6923;39.8359;43.0221;98.7918;72.1625;30.3628;17.8759;12.4869;2.5901;23.4021
40R_40V_04F_06M;LR1_2_2;1;1;40;04;06;50;100;90.3846;23.0769;49.32052;39.3259;85.5322;62.057;20.6965;12.2646;8.4319;2.9147;11.5172
40R_40V_04F_06M;LR1_2_3;1;1;40;04;06;47.5;100;91.3793;19.7674;48.993437;33.9563;99.8159;70.6394;23.2709;13.5205;9.7504;0.6965;6.1687
40R_40V_04F_06M;LR1_2_4;1;1;40;04;06;30;100;97.2222;30.5556;58.1142;49.1661;97.9932;66.5877;13.3675;8.722;4.6454;1.3202;1.8575
40R_40V_04F_06M;LR1_2_5;1;1;40;04;06;50;100;81.9444;15.1163;40.38476;33.1372;94.6672;70.8035;27.2082;15.2471;11.9611;3.188;11.9568
40R_40V_04F_06M;LR2_2_1;2;1;40;04;06;15;100;100;81.25;94.6362;50.5578;91.5724;66.8476;5.9829;3.9448;2.0381;2.667;13.6992
40R_40V_04F_06M;LR2_2_2;2;1;40;04;06;15;100;100;23.75;79.791667;12.9172;80.4493;53.943600000000004;5.1282;3.3531;1.7751;1.1562;4.6524
40R_40V_04F_06M;LR2_2_3;2;1;40;04;06;12.5;100;100;31.6667;83.83334;4.9984;87.9045;62.4892;4.5694;2.7613;1.808;2.4807;4.228
40R_40V_04F_06M;LR2_2_4;2;1;40;04;06;7.5;100;100;93.8462;96.9231;69.129;96.6753;82.0576;3.5832;2.3669;1.2163;0;0
40R_40V_04F_06M;LR2_2_5;2;1;40;04;06;12.5;100;100;92.5373;96.31344;57.3041;93.3164;72.026;5.7199;3.616;2.1039;4.3294;7.096
40R_40V_04F_06M;LR2_2_1;2;1;40;04;06;17.5;100;98.75;11.9403;75.0693;9.7164;88.1803;56.5532;5.5884;3.4845;2.1039;2.1917;10.7231
40R_40V_04F_06M;LR2_2_2;2;1;40;04;06;12.5;100;96.25;59.7015;84.2612;19.7724;82.7988;64.5425;4.2078;2.6956;1.5122;1.6764;8.2086
40R_40V_04F_06M;LR2_2_3;2;1;40;04;06;12.5;100;100;50;86.69446;19.2746;91.7393;61.1359;4.2078;2.9586;1.2492;0;0.6801
40R_40V_04F_06M;LR2_2_4;2;1;40;04;06;10;100;100;83.0769;93.365375;36.5594;93.2024;61.686;3.1229;2.1696;0.9533;0;0
40R_40V_04F_06M;LR2_2_5;2;1;40;04;06;12.5;100;100;83.5821;93.71642;34.6781;86.9905;69.6593;5.0296;3.2216;1.808;1.8743;9.1708
40R_40V_04F_06M;LR2_2_1;2;1;40;04;06;15;100;97.0149;59.7015;81.318417;45.0935;88.4513;66.9581;6.5417;4.142;2.3997;1.5993;13.4514
40R_40V_04F_06M;LR2_2_2;2;1;40;04;06;12.5;100;100;37.5;79.21076;23.4316;80.7838;64.677;4.7666;3.0901;1.6765;1.0906;9.9416
40R_40V_04F_06M;LR2_2_3;2;1;40;04;06;10;100;100;88.3333;95;67.7381;84.4513;77.8067;4.3721;2.7613;1.6108;0.4216;0.8545
40R_40V_04F_06M;LR2_2_4;2;1;40;04;06;10;100;98.7179;15.3846;76.6987;6.9909;94.0331;58.9967;3.4517;2.2354;1.2163;0;0
40R_40V_04F_06M;LR2_2_5;2;1;40;04;06;12.5;100;100;72.5;91.25;49.6414;94.0118;72.8131;4.7995;3.0243;1.7751;2.4481;12.2613
40R_40V_04F_06M;LR2_2_1;2;1;40;04;06;15;100;100;59.7015;90.587683;29.159;93.8047;63.122;5.5884;3.5503;2.0381;4.054;9.0846
40R_40V_04F_06M;LR2_2_2;2;1;40;04;06;12.5;100;98.75;49.2537;86.75372;30.0548;81.2181;66.3094;4.5365;2.8928;1.6437;3.7188;8.7918
40R_40V_04F_06M;LR2_2_3;2;1;40;04;06;12.5;100;100;44.4444;82.66666;11.5775;88.4158;62.2912;4.0434;2.6956;1.3478;0.172;5.7601
40R_40V_04F_06M;LR2_2_4;2;1;40;04;06;7.5;83.3333;98.7179;78.4615;89.829033;63.2923;95.5653;79.8326;3.3925;2.3669;1.0256;0;0
40R_40V_04F_06M;LR2_2_5;2;1;40;04;06;15;100;100;30;87.291667;12.6726;87.3022;60.6908;5.8843;3.4845;2.3997;0.8544;4.854
40R_40V_04F_06M;LR2_2_1;2;1;40;04;06;17.5;100;100;16.25;76.606443;9.8347;91.6911;55.6672;5.95;3.6818;2.2682;3.4616;12.5366
40R_40V_04F_06M;LR2_2_2;2;1;40;04;06;12.5;83.3333;98.5075;37.5;76.20896;29.0809;83.4264;66.6712;6.2327;4.0237;2.2091;0.6271;7.7741
40R_40V_04F_06M;LR2_2_3;2;1;40;04;06;12.5;100;96.6667;43.3333;82.99998;19.3953;86.5744;61.4308;4.0105;2.6298;1.3807;2.1213;1.243
40R_40V_04F_06M;LR2_2_4;2;1;40;04;06;10;100;98.4615;43.5897;84.070475;11.2868;92.0694;60.1239;2.9586;2.1696;0.789;0.2966;0
40R_40V_04F_06M;LR2_2_5;2;1;40;04;06;15;100;100;40.2985;87.4347;18.2367;89.2848;61.0957;5.3912;3.5503;1.8409;0.5608;10.8417
60R_60V_02F_05M;LR1_2_1;1;1;60;02;05;48.3333;100;97.4359;1.2821;51.843507;34.1784;98.6605;63.0666;13.8482;9.0546;4.7936;3.628;20.6268
60R_60V_02F_05M;LR1_2_2;1;1;60;02;05;36.6667;100;100;6.1538;61.311182;20.8244;97.458;56.3968;9.0513;5.8888;3.1625;0.6048;11.3673
60R_60V_02F_05M;LR1_2_3;1;1;60;02;05;33.3333;100;94.8276;26.3889;54.729635;28.9454;84.0202;59.5565;9.3713;5.9312;3.4401;0.9864;6.9353
60R_60V_02F_05M;LR1_2_4;1;1;60;02;05;20;100;98.2759;29.1667;74.360033;87.2603;99.5315;95.137;6.4669;4.7319;1.735;0;0.4091
60R_60V_02F_05M;LR1_2_5;1;1;60;02;05;38.3333;100;96.5517;11.1111;52.968852;43.8044;94.9416;69.52;12.776;7.8864;4.8896;1.2328;10.0586
60R_60V_02F_05M;LR1_2_1;1;1;60;02;05;43.3333;100;96.1538;20;55.064096;36.1571;98.494;66.1775;12.2503;7.723;4.5273;1.5063;21.1528
60R_60V_02F_05M;LR1_2_2;1;1;60;02;05;36.6667;100;100;15.3846;56.136368;35.8288;97.8201;56.2925;7.8517;5.0164;2.8353;0.66;15.7492
60R_60V_02F_05M;LR1_2_3;1;1;60;02;05;35;100;91.6667;19.7674;57.44941;15.618;82.6062;56.1111;9.134;5.694;3.4401;1.0838;6.4734
60R_60V_02F_05M;LR1_2_4;1;1;60;02;05;21.6667;100;98.6111;36.2069;68.104308;44.5205;98.7319;85.4898;6.4669;4.7319;1.735;0;0.1918
60R_60V_02F_05M;LR1_2_5;1;1;60;02;05;36.6667;100;94.8276;9.3023;53.699486;28.4006;93.7098;71.8685;11.9874;7.571;4.4164;2.5595;11.914
60R_60V_02F_05M;LR1_2_1;1;1;60;02;05;46.6667;100;95.3846;1.2821;51.231682;27.0772;98.2969;63.751;12.2503;7.723;4.5273;2.1407;22.4048
60R_60V_02F_05M;LR1_2_2;1;1;60;02;05;35;100;98.0769;25;63.663005;35.7841;86.9782;57.7259;7.8517;5.4526;2.3991;0.9057;12.4142
60R_60V_02F_05M;LR1_2_3;1;1;60;02;05;35;100;96.5116;10.4651;56.516324;21.3286;83.0047;54.5249;9.134;5.9312;3.2028;0.6402;3.2434
60R_60V_02F_05M;LR1_2_4;1;1;60;02;05;23.3333;100;100;16.6667;62.024743;24.2539;97.9101;82.0862;7.2555;5.3628;1.8927;0.0877;0.867
60R_60V_02F_05M;LR1_2_5;1;1;60;02;05;38.3333;100;87.931;8.1395;49.784543;25.3423;91.3754;69.3793;11.1987;7.2555;3.9432;0.026;11.9371
60R_60V_02F_05M;LR1_2_1;1;1;60;02;05;43.3333;100;96.9231;21.7949;53.915185;35.9494;97.3782;65.9996;13.1824;8.2557;4.9268;2.6691;20.2365
60R_60V_02F_05M;LR1_2_2;1;1;60;02;05;35;100;100;30.7692;62.960929;37.9804;97.8201;58.6106;8.3969;5.6707;2.7263;0.6454;11.0192
60R_60V_02F_05M;LR1_2_3;1;1;60;02;05;33.3333;100;96.5517;19.7674;57.5309;29.2942;79.1459;57.6971;8.4223;5.694;2.7284;1.1139;8.221
60R_60V_02F_05M;LR1_2_4;1;1;60;02;05;23.3333;100;97.2222;37.2093;67.609807;30.4653;99.4069;79.7413;6.9401;5.0473;1.8927;0.5485;1.1062
60R_60V_02F_05M;LR1_2_5;1;1;60;02;05;36.6667;100;87.5;19.7674;55.895155;27.6562;94.4732;72.5738;11.041;7.2555;3.7855;0.7781;10.1829
60R_60V_02F_05M;LR1_2_1;1;1;60;02;05;45;100;96.9231;4.6154;54.890793;35.3023;98.253;65.8333;11.4514;7.1904;4.261;1.1415;21.7547
60R_60V_02F_05M;LR1_2_2;1;1;60;02;05;35;100;100;15.3846;64.536014;31.7481;97.8201;57.526;6.5431;4.5802;1.9629;0.2728;16.2401
60R_60V_02F_05M;LR1_2_3;1;1;60;02;05;33.3333;100;100;12.5;53.85998;21.3286;84.0629;57.4218;8.4223;5.4567;2.9656;0.8599;4.3464
60R_60V_02F_05M;LR1_2_4;1;1;60;02;05;23.3333;100;89.5349;13.7931;64.448571;27.1877;97.9621;80.5052;6.3091;4.4164;1.8927;0.7364;0.9482
60R_60V_02F_05M;LR1_2_5;1;1;60;02;05;35;100;86.2069;26.7442;54.099733;43.0678;93.8612;73.8806;12.1451;7.8864;4.2587;0.5028;10.7205
60R_60V_02F_05M;LR2_2_1;2;1;60;02;05;13.3333;100;100;14.8148;83.404413;14.632;92.3381;65.5878;2.9586;2.0513;0.9073;1.4936;14.9668
60R_60V_02F_05M;LR2_2_2;2;1;60;02;05;13.3333;100;100;13.75;74.729475;14.9369;84.5207;54.4875;2.8797;2.0513;0.8284;1.0732;4.3716
60R_60V_02F_05M;LR2_2_3;2;1;60;02;05;10;80;98.4615;65.3846;90.235017;19.1183;85.1819;70.2911;3.5503;2.3669;1.1834;0.2267;2.9446
60R_60V_02F_05M;LR2_2_4;2;1;60;02;05;8.3333;100;98.4615;64.6154;89.33332;10.697;92.3538;64.1362;1.5385;1.2623;0.2761;0;0.3482
60R_60V_02F_05M;LR2_2_5;2;1;60;02;05;11.6667;100;100;91.25;97.678571;57.2899;84.4059;73.1542;2.7613;2.2091;0.5523;2.5671;14.978
60R_60V_02F_05M;LR2_2_1;2;1;60;02;05;13.3333;100;98.75;41.25;88.0299;15.0852;86.1538;65.4026;3.7081;2.6036;1.1045;3.6612;14.6056
60R_60V_02F_05M;LR2_2_2;2;1;60;02;05;11.6667;100;100;42.5;84.550571;29.3006;83.3081;61.9871;2.6036;1.8146;0.789;2.4017;7.3521
60R_60V_02F_05M;LR2_2_3;2;1;60;02;05;10;100;100;92.3077;96.645283;17.856;88.5795;70.3799;3.0375;1.9724;1.0651;0.0904;0.4029
60R_60V_02F_05M;LR2_2_4;2;1;60;02;05;8.3333;80;100;65.3846;86.23076;19.0114;95.897;62.5064;1.9724;1.3807;0.5917;0;0.7594
60R_60V_02F_05M;LR2_2_5;2;1;60;02;05;13.3333;100;100;48.75;90.629675;16.7606;90.9503;62.3326;2.998;2.0513;0.9467;3.2804;13.8206
60R_60V_02F_05M;LR2_2_1;2;1;60;02;05;13.3333;100;97.5;11.1111;83.121625;7.1586;89.8339;65.7429;3.1558;2.2091;0.9467;3.1196;12.2653
60R_60V_02F_05M;LR2_2_2;2;1;60;02;05;13.3333;100;100;37.3134;80.010537;11.5452;82.0817;53.9487;2.8008;1.9724;0.8284;0.9979;3.7219
60R_60V_02F_05M;LR2_2_3;2;1;60;02;05;10;100;100;75.3846;92.884617;23.9018;85.172;69.7316;3.0769;2.1302;0.9467;0.5192;0.8022
60R_60V_02F_05M;LR2_2_4;2;1;60;02;05;6.6667;80;100;75.641;90.641;59.0178;95.0718;78.2464;1.9724;1.4793;0.4931;0.2401;0
60R_60V_02F_05M;LR2_2_5;2;1;60;02;05;11.6667;100;98.75;91.25;96.2966;58.703;93.1404;72.517;3.3136;2.4458;0.8679;2.3343;13.1292
60R_60V_02F_05M;LR2_2_1;2;1;60;02;05;11.6667;100;100;71.25;94.752129;57.9546;89.725;74.0364;2.6036;1.8935;0.7101;2.6046;20.4619
60R_60V_02F_05M;LR2_2_2;2;1;60;02;05;11.6667;100;100;8.9552;81.932786;12.0331;86.5329;60.7248;2.6824;1.8146;0.8679;2.2057;4.7071
60R_60V_02F_05M;LR2_2_3;2;1;60;02;05;10;100;100;79.4872;92.52135;22.3278;84.3479;69.721;2.643;1.9724;0.6706;0.5142;0.8536
60R_60V_02F_05M;LR2_2_4;2;1;60;02;05;8.3333;100;100;90.7692;95.53844;30.2071;88.0722;64.1277;1.6174;1.1045;0.5128;0;0.6432
60R_60V_02F_05M;LR2_2_5;2;1;60;02;05;11.6667;100;100;85.0746;96.761729;57.9574;87.725;72.5263;2.8402;2.1302;0.7101;2.4895;14.6864
60R_60V_02F_05M;LR2_2_1;2;1;60;02;05;13.3333;100;100;14.8148;87.538;8.8939;87.0663;64.6295;2.3669;1.6568;0.7101;1.5492;16.1267
60R_60V_02F_05M;LR2_2_2;2;1;60;02;05;11.6667;100;100;75;91.941586;15.3254;86.211;58.9363;1.9724;1.499;0.4734;0.9109;2.7466
60R_60V_02F_05M;LR2_2_3;2;1;60;02;05;11.6667;100;100;16.6667;83.076929;5.0998;85.6852;62.0703;3.1953;2.288;0.9073;0.309;1.7177
60R_60V_02F_05M;LR2_2_4;2;1;60;02;05;6.6667;100;100;84.6154;96.15385;66.8465;99.7759;80.7898;1.5385;1.1834;0.355;0;0.3188
60R_60V_02F_05M;LR2_2_5;2;1;60;02;05;13.3333;100;100;55.2239;90.258875;8.0742;88.5511;64.6956;2.8797;1.9724;0.9073;4.5943;12.9495
60R_60V_02F_06M;LR1_2_1;1;1;60;02;06;43.3333;100;87.1795;13.4615;52.988165;31.8375;97.3968;63.0437;9.6538;6.4359;3.2179;3.2071;18.4061
60R_60V_02F_06M;LR1_2_2;1;1;60;02;06;35;100;97.4359;10.2564;57.66789;24.6957;96.3479;58.1815;6.5431;4.3621;2.181;0.7629;12.7522
60R_60V_02F_06M;LR1_2_3;1;1;60;02;06;30;100;87.931;26.3889;58.885089;36.0819;81.1673;62.7245;6.8209;4.5473;2.2736;0.1565;5.2937
60R_60V_02F_06M;LR1_2_4;1;1;60;02;06;20;100;100;34.7222;65.071358;79.388;99.2114;92.4401;5.3891;3.9432;1.4458;0.0527;0.9857
60R_60V_02F_06M;LR1_2_5;1;1;60;02;06;35;100;86.0465;26.7442;58.955724;43.0521;93.7129;73.3507;9.7266;6.3091;3.4175;2.1317;11.6733
60R_60V_02F_06M;LR1_2_1;1;1;60;02;06;43.3333;100;96.1538;7.6923;53.471396;27.2064;97.2383;64.1974;9.4319;6.2139;3.2179;2.5499;20.1189
60R_60V_02F_06M;LR1_2_2;1;1;60;02;06;33.3333;100;100;25;60.85256;38.3937;97.1145;60.9874;6.5431;4.3621;2.181;1.142;14.3756
60R_60V_02F_06M;LR1_2_3;1;1;60;02;06;31.6667;100;97.6744;15.2778;57.421142;28.4733;83.7402;59.3083;7.0186;4.745;2.2736;0.6606;6.0802
60R_60V_02F_06M;LR1_2_4;1;1;60;02;06;20;100;98.2759;29.0698;62.647117;81.0773;98.6672;91.6171;5.7834;4.2061;1.5773;0;0.4468
60R_60V_02F_06M;LR1_2_5;1;1;60;02;06;36.6667;100;84.7222;29.0698;56.273882;40.2603;93.8959;71.8765;10.5152;6.572;3.9432;1.1676;11.3832
60R_60V_02F_06M;LR1_2_1;1;1;60;02;06;43.3333;100;96.9231;4.6154;50.78895;27.0772;98.5553;63.1951;9.4319;6.2139;3.2179;2.3019;17.8648
60R_60V_02F_06M;LR1_2_2;1;1;60;02;06;35;100;98.0769;19.2308;59.786329;31.7481;92.2552;58.4433;6.7248;4.5438;2.181;1.8548;12.117
60R_60V_02F_06M;LR1_2_3;1;1;60;02;06;33.3333;100;91.3793;24.4186;56.48344;19.9976;79.1459;57.3795;7.1174;4.745;2.3725;0.2535;3.4424
60R_60V_02F_06M;LR1_2_4;1;1;60;02;06;21.6667;100;98.2759;24.4186;67.977154;64.541;98.1656;86.6856;5.7834;3.9432;1.8402;0;0.9511
60R_60V_02F_06M;LR1_2_5;1;1;60;02;06;35;100;93.1034;22.4138;55.037695;49.8612;96.6514;75.137;8.6751;5.7834;2.8917;0.4729;10.4743
60R_60V_02F_06M;LR1_2_1;1;1;60;02;06;41.6667;100;96.9231;15.3846;57.010256;26.0759;98.3169;65.9842;9.3209;5.992;3.3289;1.9929;18.353
60R_60V_02F_06M;LR1_2_2;1;1;60;02;06;36.6667;100;92.3077;6.1538;58.554786;20.6205;97.3664;55.1623;7.6336;5.0891;2.5445;0.9298;9.5137
60R_60V_02F_06M;LR1_2_3;1;1;60;02;06;31.6667;100;98.2759;24.4186;60.718821;34.2123;83.7106;60.7523;6.5243;4.3495;2.1748;0.5358;6.8806
60R_60V_02F_06M;LR1_2_4;1;1;60;02;06;21.6667;100;91.6667;29.1667;63.680192;50.6136;99.1057;84.5387;6.572;4.469;2.103;0.0056;0.3545
60R_60V_02F_06M;LR1_2_5;1;1;60;02;06;36.6667;100;76.7442;15.1163;54.14475;40.1593;96.6356;72.1698;9.7266;6.0463;3.6803;3.4263;12.0147
60R_60V_02F_06M;LR1_2_1;1;1;60;02;06;41.6667;100;96.9231;20.5128;57.933336;34.3728;94.8628;66.3432;11.3182;7.1016;4.2166;2.7806;19.0471
60R_60V_02F_06M;LR1_2_2;1;1;60;02;06;36.6667;100;94.2308;10.7692;61.247091;31.7481;97.8375;55.5335;7.1792;4.9073;2.2719;0.5936;9.6461
60R_60V_02F_06M;LR1_2_3;1;1;60;02;06;33.3333;100;100;19.4444;53.754935;29.7983;83.6904;57.7888;7.5129;4.9427;2.5702;0.898;4.3319
60R_60V_02F_06M;LR1_2_4;1;1;60;02;06;20;100;97.6744;26.7442;70.813183;79.5631;99.653;91.6828;5.3891;3.9432;1.4458;1.3163;0.3297
60R_60V_02F_06M;LR1_2_5;1;1;60;02;06;36.6667;100;95.8333;25;53.514341;38.8659;92.3722;71.6273;9.2008;6.0463;3.1546;0.1268;12.7488
60R_60V_02F_06M;LR2_2_1;2;1;60;02;06;11.6667;100;100;76.1194;91.415243;37.8797;88.9128;74.1476;2.6298;1.9724;0.6575;1.2102;16.4426
60R_60V_02F_06M;LR2_2_2;2;1;60;02;06;11.6667;100;100;12.5;78.664014;18.8805;83.0391;62.1971;2.597;1.8409;0.7561;2.356;3.1539
60R_60V_02F_06M;LR2_2_3;2;1;60;02;06;11.6667;83.3333;100;53.8462;86.446886;15.9381;87.787;60.8118;2.8402;1.9724;0.8679;1.2723;4.7155
60R_60V_02F_06M;LR2_2_4;2;1;60;02;06;10;66.6667;98.7179;21.5385;80.94015;8.5791;87.8552;52.9316;2.1696;1.5779;0.5917;0;0
60R_60V_02F_06M;LR2_2_5;2;1;60;02;06;13.3333;100;100;40.2985;88.757;21.7467;86.0576;64.0553;2.597;1.8409;0.7561;0.7517;17.7156
60R_60V_02F_06M;LR2_2_1;2;1;60;02;06;13.3333;100;100;35.8209;85.907175;29.415;87.8832;65.8671;2.2354;1.5779;0.6575;3.2066;15.985900000000001
60R_60V_02F_06M;LR2_2_2;2;1;60;02;06;13.3333;100;100;5.9701;68.333062;10.6994;85.2564;54.3457;2.6298;1.8409;0.789;0.2687;5.2515
60R_60V_02F_06M;LR2_2_3;2;1;60;02;06;10;100;100;69.2308;92.606833;22.759;85.1491;70.5752;2.4326;1.6437;0.789;2.9065;4.7143
60R_60V_02F_06M;LR2_2_4;2;1;60;02;06;6.6667;100;100;96.9231;98.108975;37.0067;98.3609;79.8781;1.7751;1.1834;0.5917;0;0
60R_60V_02F_06M;LR2_2_5;2;1;60;02;06;13.3333;100;100;48.75;91.723425;24.2832;90.9503;63.1097;2.4326;1.7094;0.7232;2.4726;19.39
60R_60V_02F_06M;LR2_2_1;2;1;60;02;06;11.6667;100;100;85.0746;95.346386;60.398;85.8856;73.7112;2.3997;1.5779;0.8218;4.1256;17.7806
60R_60V_02F_06M;LR2_2_2;2;1;60;02;06;11.6667;100;97.5;24.0741;82.311657;14.1791;80.7365;62.0876;2.3011;1.5779;0.7232;1.2977;5.6624
60R_60V_02F_06M;LR2_2_3;2;1;60;02;06;10;100;100;36.5385;87.73505;4.2174;87.6351;65.56;2.0381;1.5779;0.4602;2.316;2.0047
60R_60V_02F_06M;LR2_2_4;2;1;60;02;06;6.6667;83.3333;100;75.641;90.641;66.5574;94.8556;78.4181;1.6174;1.1834;0.4339;0.2181;0
60R_60V_02F_06M;LR2_2_5;2;1;60;02;06;11.6667;100;98.75;91.25;96.2966;58.703;93.1195;72.3802;2.86;2.0381;0.8218;2.6052;11.7257
60R_60V_02F_06M;LR2_2_1;2;1;60;02;06;13.3333;100;100;50;82.915975;25.2927;88.2178;66.0894;2.2025;1.5779;0.6246;4.3483;15.4891
60R_60V_02F_06M;LR2_2_2;2;1;60;02;06;11.6667;100;100;8.9552;81.932786;10.9223;86.5329;60.6208;2.2025;1.5122;0.6903;0.9235;5.2382
60R_60V_02F_06M;LR2_2_3;2;1;60;02;06;10;100;100;67.6923;91.068367;17.3712;88.5834;70.1143;2.2682;1.5779;0.6903;3.6487;5.6504
60R_60V_02F_06M;LR2_2_4;2;1;60;02;06;8.3333;100;98.0769;23.0769;79.71792;4.9314;87.6864;61.91;1.6108;1.0519;0.5588;0.2954;0
60R_60V_02F_06M;LR2_2_5;2;1;60;02;06;11.6667;100;100;85.0746;96.761729;61.1112;87.7164;72.9235;2.4655;1.7751;0.6903;2.2456;14.371
60R_60V_02F_06M;LR2_2_1;2;1;60;02;06;13.3333;83.3333;98.5075;10;82.319212;8.8939;89.4;65.3106;2.643;1.8935;0.7495;3.6652;14.4213
60R_60V_02F_06M;LR2_2_2;2;1;60;02;06;11.6667;100;100;7.4074;81.565886;13.3266;82.3057;62.3093;1.8409;1.4464;0.3945;0.8692;8.7346
60R_60V_02F_06M;LR2_2_3;2;1;60;02;06;11.6667;100;98.4615;48.7179;81.868129;14.4726;89.2394;60.637;2.7285;1.9066;0.8218;0.6155;6.3171
60R_60V_02F_06M;LR2_2_4;2;1;60;02;06;8.3333;100;98.4615;66.1538;90.23076;20.8071;96.6915;64.7199;1.4135;1.0519;0.3616;0;0
60R_60V_02F_06M;LR2_2_5;2;1;60;02;06;13.3333;100;100;55.2239;90.258875;8.1006;88.5026;64.6758;2.3997;1.6437;0.7561;4.6297;12.9791
60R_60V_04F_05M;LR1_2_1;1;0;60;04;05;48.3333;100;78.8462;5.1282;38.762155;33.5618;98.9295;54.9476;30.2603;16.4859;13.7744;4.0605;28.7614
60R_60V_04F_05M;LR1_2_2;1;0;60;04;05;25;100;75;20;37.7094;27.0983;68.7322;53.3314;12.8993;8.1081;4.7912;1.9502;28.7999
60R_60V_04F_05M;LR1_2_3;1;1;60;04;05;45;100;97.2222;12.7907;43.877481;20.9312;93;63.0242;36.4331;20.1274;16.3057;0.7744;6.2254
60R_60V_04F_05M;LR1_2_4;1;1;60;04;05;30;100;98.2759;17.4419;65.405128;44.1294;72.3163;58.6295;22.547;12.7349;9.8121;0.4231;0.4794
60R_60V_04F_05M;LR1_2_5;1;0;60;04;05;21.6667;100;76.3889;12.5;38.226277;37.524;97.002;56.8718;12.1242;7.2144;4.9098;1.2295;25.8721
60R_60V_04F_05M;LR1_2_1;1;0;60;04;05;48.3333;100;78.8462;5.1282;38.762155;33.5618;98.9295;54.9476;30.2603;16.4859;13.7744;4.0605;28.7614
60R_60V_04F_05M;LR1_2_2;1;0;60;04;05;25;100;75;20;37.7094;27.0983;68.7322;53.3314;12.8993;8.1081;4.7912;1.9502;28.7999
60R_60V_04F_05M;LR1_2_3;1;1;60;04;05;45;100;97.2222;12.7907;43.877481;20.9312;93;63.0242;36.4331;20.1274;16.3057;0.7744;6.2254
60R_60V_04F_05M;LR1_2_4;1;1;60;04;05;30;100;96.5517;29.1667;59.921717;35.7432;70.2787;59.2455;18.5804;11.2735;7.3069;0.0894;0.7161
60R_60V_04F_05M;LR1_2_5;1;0;60;04;05;21.6667;100;76.3889;12.5;38.226277;37.524;97.002;56.8718;12.1242;7.2144;4.9098;1.2295;25.8721
60R_60V_04F_05M;LR1_2_1;1;0;60;04;05;48.3333;100;78.8462;5.1282;38.762155;33.5618;98.9295;54.9476;30.2603;16.4859;13.7744;4.0605;28.7614
60R_60V_04F_05M;LR1_2_2;1;0;60;04;05;25;100;75;20;37.7094;27.0983;68.7322;53.3314;12.8993;8.1081;4.7912;1.9502;28.7999
60R_60V_04F_05M;LR1_2_3;1;1;60;04;05;45;100;97.2222;12.7907;43.877481;20.9312;93;63.0242;36.4331;20.1274;16.3057;0.7744;6.2254
60R_60V_04F_05M;LR1_2_4;1;1;60;04;05;30;100;100;25.8621;58.439456;23.4624;74.2516;59.67;19.4154;11.4823;7.9332;0.1567;0.9658
60R_60V_04F_05M;LR1_2_5;1;0;60;04;05;21.6667;100;76.3889;12.5;38.226277;37.524;97.002;56.8718;12.1242;7.2144;4.9098;1.2295;25.8721
60R_60V_04F_05M;LR1_2_1;1;0;60;04;05;48.3333;100;78.8462;5.1282;38.762155;33.5618;98.9295;54.9476;30.2603;16.4859;13.7744;4.0605;28.7614
60R_60V_04F_05M;LR1_2_2;1;0;60;04;05;25;100;75;20;37.7094;27.0983;68.7322;53.3314;12.8993;8.1081;4.7912;1.9502;28.7999
60R_60V_04F_05M;LR1_2_3;1;1;60;04;05;45;100;97.2222;12.7907;43.877481;20.9312;93;63.0242;36.4331;20.1274;16.3057;0.7744;6.2254
60R_60V_04F_05M;LR1_2_4;1;1;60;04;05;30;100;93.1034;12.069;61.835133;35.5887;78.5668;60.7879;21.8163;12.7349;9.0814;3e-4;1.2863
60R_60V_04F_05M;LR1_2_5;1;0;60;04;05;21.6667;100;76.3889;12.5;38.226277;37.524;97.002;56.8718;12.1242;7.2144;4.9098;1.2295;25.8721
60R_60V_04F_05M;LR1_2_1;1;0;60;04;05;48.3333;100;78.8462;5.1282;38.762155;33.5618;98.9295;54.9476;30.2603;16.4859;13.7744;4.0605;28.7614
60R_60V_04F_05M;LR1_2_2;1;0;60;04;05;25;100;75;20;37.7094;27.0983;68.7322;53.3314;12.8993;8.1081;4.7912;1.9502;28.7999
60R_60V_04F_05M;LR1_2_3;1;1;60;04;05;45;100;97.2222;12.7907;43.877481;20.9312;93;63.0242;36.4331;20.1274;16.3057;0.7744;6.2254
60R_60V_04F_05M;LR1_2_4;1;1;60;04;05;28.3333;100;100;27.5862;64.636241;37.3695;88.0678;60.8283;20.4593;11.8998;8.5595;0.0742;2.3806
60R_60V_04F_05M;LR1_2_5;1;0;60;04;05;21.6667;100;76.3889;12.5;38.226277;37.524;97.002;56.8718;12.1242;7.2144;4.9098;1.2295;25.8721
60R_60V_04F_05M;LR2_2_1;2;1;60;04;05;13.3333;100;98.5075;50.7463;87.05035;26.4103;97.3195;53.5609;6.0818;3.8677;2.2141;4.0095;16.2603
60R_60V_04F_05M;LR2_2_2;2;1;60;04;05;15;100;100;7.5;68.199578;9.7523;80.9483;56.7998;8.8363;5.4438;3.3925;0.153;2.7214
60R_60V_04F_05M;LR2_2_3;2;1;60;04;05;11.6667;100;100;92.3077;97.527471;14.6907;87.3404;69.6964;8.9152;5.4438;3.4714;0.2748;1.595
60R_60V_04F_05M;LR2_2_4;2;1;60;04;05;8.3333;100;100;86.1538;95.23076;56.0174;98.8055;77.818;5.0888;3.2347;1.854;0;0.0097
60R_60V_04F_05M;LR2_2_5;2;1;60;04;05;13.3333;100;100;74.6269;91.86335;37.4892;89.3617;68.7669;9.2308;5.8383;3.3925;0.3539;6.2865
60R_60V_04F_05M;LR2_2_1;2;1;60;04;05;13.3333;100;100;59.2593;85.800425;11.9061;98.5502;52.9727;6.8105;4.148;2.6626;5.4321;15.7874
60R_60V_04F_05M;LR2_2_2;2;1;60;04;05;13.3333;100;100;37.037;84.5036;29.6821;84.2387;64.7396;9.0335;5.2071;3.8264;0.3537;7.267
60R_60V_04F_05M;LR2_2_3;2;1;60;04;05;11.6667;100;100;76.9231;90.824171;29.2966;89.5795;70.519;7.7318;4.6548;3.0769;0.3296;3.7423
60R_60V_04F_05M;LR2_2_4;2;1;60;04;05;10;100;100;55.3846;86.85895;20.2963;99.2722;66.0722;5.9961;3.787;2.2091;0;0
60R_60V_04F_05M;LR2_2_5;2;1;60;04;05;13.3333;100;100;92.5;97.469687;48.359;88.1365;70.7004;10.572;5.9172;4.6548;2.1815;9.4394
60R_60V_04F_05M;LR2_2_1;2;1;60;04;05;15;100;100;24.0741;82.497544;12.6037;97.7035;47.0376;6.4742;4.148;2.3262;1.5438;18.827
60R_60V_04F_05M;LR2_2_2;2;1;60;04;05;13.3333;100;98.1481;16.4179;76.697137;26.7247;84.1822;64.0499;9.3097;5.7594;3.5503;0.0429;10.1659
60R_60V_04F_05M;LR2_2_3;2;1;60;04;05;11.6667;100;98.7179;61.5385;90.1282;18.3566;85.5609;69.6308;7.6923;4.6548;3.0375;0.5352;4.0951
60R_60V_04F_05M;LR2_2_4;2;1;60;04;05;8.3333;100;100;83.3333;95.89742;63.9905;91.3957;78.3078;5.6016;3.787;1.8146;0;0.1171
60R_60V_04F_05M;LR2_2_5;2;1;60;04;05;13.3333;100;100;98.1481;99.612262;52.8497;87.5657;71.2557;11.5976;6.785;4.8126;1.1988;7.9229
60R_60V_04F_05M;LR2_2_1;2;1;60;04;05;13.3333;100;100;52.5;84.411888;5.4305;98.296;52.6399;5.8296;3.7556;2.074;6.6877;16.0942
60R_60V_04F_05M;LR2_2_2;2;1;60;04;05;13.3333;100;100;71.6418;87.33235;23.9203;82.4753;64.2125;9.3491;5.9172;3.432;0.7126;6.4245
60R_60V_04F_05M;LR2_2_3;2;1;60;04;05;11.6667;100;100;48.7179;87.857129;18.8824;92.9377;67.9142;8.4813;5.0493;3.432;0.5876;2.6041
60R_60V_04F_05M;LR2_2_4;2;1;60;04;05;10;100;100;51.2821;86.452983;13.4955;95.2627;65.2092;6.0355;3.6292;2.4063;0;0.5236
60R_60V_04F_05M;LR2_2_5;2;1;60;04;05;15;100;100;86.5672;95.394333;32.2963;87.469;63.5683;9.5069;5.8383;3.6686;1.5197;14.4279
60R_60V_04F_05M;LR2_2_1;2;1;60;04;05;13.3333;100;97.5;83.5821;92.183275;30.4647;97.3503;52.9215;5.7455;3.7556;1.9899;1.8836;20.1931
60R_60V_04F_05M;LR2_2_2;2;1;60;04;05;15;100;100;7.5;71.771311;8.2379;85.0181;56.762;9.073;5.6805;3.3925;1.118;3.5291
60R_60V_04F_05M;LR2_2_3;2;1;60;04;05;11.6667;100;100;46.1538;85.3846;20.6181;85.9661;70.7222;9.2308;5.6016;3.6292;0.6683;2.5318
60R_60V_04F_05M;LR2_2_4;2;1;60;04;05;8.3333;100;100;87.6923;93.9487;58.3128;98.6671;76.1392;5.3254;3.1558;2.1696;0.0175;0
60R_60V_04F_05M;LR2_2_5;2;1;60;04;05;13.3333;100;100;90;97.938437;46.2824;89.0501;70.5023;10.3353;6.4694;3.8659;1.2533;9.9781
60R_60V_04F_06M;LR1_2_1;1;1;60;04;06;55;100;92.3077;6.1538;45.784767;22.5022;96.4338;52.6094;26.8438;15.7267;11.1171;2.428;21.4853
60R_60V_04F_06M;LR1_2_2;1;0;60;04;06;25;100;75;20;37.7094;27.0983;68.414;53.2713;10.1351;6.7568;3.3784;1.5057;29.1275
60R_60V_04F_06M;LR1_2_3;1;1;60;04;06;45;100;97.2222;12.7907;43.877485;21.0637;93;62.8267;29.8301;17.4098;12.4204;1.2592;5.3443
60R_60V_04F_06M;LR1_2_4;1;1;60;04;06;31.6667;100;97.2222;23.2558;56.545947;28.5324;71.9843;55.7874;19.2241;11.4823;7.7418;0.1244;1.6693
60R_60V_04F_06M;LR1_2_5;1;1;60;04;06;48.3333;100;81.3953;13.9535;42.577083;16.0992;95.6834;48.1825;21.7936;13.0261;8.7675;1.837;14.5624
60R_60V_04F_06M;LR1_2_1;1;1;60;04;06;53.3333;100;86.5385;1.5385;43.301288;28.0076;98.4187;54.4575;27.4765;16.269;11.2075;2.0068;22.8051
60R_60V_04F_06M;LR1_2_2;1;0;60;04;06;25;100;75;20;37.7094;27.0983;68.414;53.2713;10.1351;6.7568;3.3784;1.5057;29.1275
60R_60V_04F_06M;LR1_2_3;1;1;60;04;06;45;100;97.2222;12.7907;43.877485;21.0637;93;62.8267;29.8301;17.4098;12.4204;1.2592;5.3443
60R_60V_04F_06M;LR1_2_4;1;1;60;04;06;28.3333;100;97.2222;13.7931;61.641059;27.6086;94.2213;59.3927;15.8316;9.5685;6.263;0.4234;1.2392
60R_60V_04F_06M;LR1_2_5;1;0;60;04;06;21.6667;100;76.3889;12.5;38.226277;37.524;97.002;56.7884;9.4355;6.012;3.4235;0.768;26.5105
60R_60V_04F_06M;LR1_2_1;1;1;60;04;06;51.6667;100;92.3077;8.9744;47.278748;32.2451;95.9458;56.5325;28.3803;16.4497;11.9306;3.4286;20.123
60R_60V_04F_06M;LR1_2_2;1;0;60;04;06;25;100;75;20;37.7094;27.0983;68.414;53.2713;10.1351;6.7568;3.3784;1.5057;29.1275
60R_60V_04F_06M;LR1_2_3;1;1;60;04;06;45;100;97.2222;12.7907;43.877485;21.0637;93;62.8267;29.8301;17.4098;12.4204;1.2592;5.3443
60R_60V_04F_06M;LR1_2_4;1;1;60;04;06;30;100;94.4444;20.8333;61.942667;23.4624;71.9739;58.6873;15.4836;9.3946;6.0891;0.2291;0.5284
60R_60V_04F_06M;LR1_2_5;1;0;60;04;06;21.6667;100;76.3889;12.5;38.226277;37.524;97.002;56.7884;9.4355;6.012;3.4235;0.768;26.5105
60R_60V_04F_06M;LR1_2_1;1;1;60;04;06;50;100;100;7.6923;44.927343;27.9881;98.9187;56.1418;26.5727;15.0036;11.5691;3.5923;19.5349
60R_60V_04F_06M;LR1_2_2;1;0;60;04;06;25;100;75;20;37.7094;27.0983;68.414;53.2713;10.1351;6.7568;3.3784;1.5057;29.1275
60R_60V_04F_06M;LR1_2_3;1;1;60;04;06;45;100;97.2222;12.7907;43.877485;21.0637;93;62.8267;29.8301;17.4098;12.4204;1.2592;5.3443
60R_60V_04F_06M;LR1_2_4;1;1;60;04;06;28.3333;100;95.8333;29.1667;64.7594;46.6618;69.1211;61.3038;15.6576;9.9165;5.7411;0.5145;3.5411
60R_60V_04F_06M;LR1_2_5;1;0;60;04;06;21.6667;100;76.3889;12.5;38.226277;37.524;97.002;56.7884;9.4355;6.012;3.4235;0.768;26.5105
60R_60V_04F_06M;LR1_2_1;1;1;60;04;06;56.6667;100;92.3077;1.9231;40.671188;21.8666;91.9935;51.3436;28.9226;16.8113;12.1114;6.164;21.3809
60R_60V_04F_06M;LR1_2_2;1;0;60;04;06;25;100;75;20;37.7094;27.0983;68.414;53.2713;10.1351;6.7568;3.3784;1.5057;29.1275
60R_60V_04F_06M;LR1_2_3;1;1;60;04;06;45;100;97.2222;12.7907;43.877485;21.0637;93;62.8267;29.8301;17.4098;12.4204;1.2592;5.3443
60R_60V_04F_06M;LR1_2_4;1;1;60;04;06;28.3333;100;86.0465;27.7778;60.438588;51.7578;75.6942;61.0459;16.7015;10.7864;5.9151;0.0726;0.2281
60R_60V_04F_06M;LR1_2_5;1;0;60;04;06;21.6667;100;76.3889;12.5;38.226277;37.524;97.002;56.7884;9.4355;6.012;3.4235;0.768;26.5105
60R_60V_04F_06M;LR2_2_1;2;1;60;04;06;11.6667;100;98.75;85;94.187114;26.0905;96.6735;59.2719;5.255;3.3632;1.8918;2.1919;14.1497
60R_60V_04F_06M;LR2_2_2;2;1;60;04;06;13.3333;100;100;5.9701;75.882563;17.5767;83.6331;62.7596;7.7909;4.8652;2.9257;0.6283;5.7523
60R_60V_04F_06M;LR2_2_3;2;1;60;04;06;13.3333;100;98.4615;29.2308;83.8141;14.7396;87.7266;62.1893;7.8567;4.668;3.1887;1.2665;1.8663
60R_60V_04F_06M;LR2_2_4;2;1;60;04;06;8.3333;100;100;84.6154;96.35896;55.757;99.2765;77.4849;4.9638;3.2216;1.7423;0.2912;0
60R_60V_04F_06M;LR2_2_5;2;1;60;04;06;13.3333;100;100;86.25;95.408113;47.3586;92.7408;69.7993;8.021;4.7995;3.2216;1.7643;10.3863
60R_60V_04F_06M;LR2_2_1;2;1;60;04;06;13.3333;100;100;57.4074;88.752425;6.4162;97.4179;51.8738;5.0682;3.3632;1.705;3.2302;12.9643
60R_60V_04F_06M;LR2_2_2;2;1;60;04;06;13.3333;100;100;30;77.614275;21.2911;81.6268;61.485;7.5608;4.668;2.8928;0.7791;4.346
60R_60V_04F_06M;LR2_2_3;2;1;60;04;06;11.6667;100;100;60.2564;90.805857;22.5073;85.7562;69.9889;6.3116;3.9448;2.3669;0.7545;2.9944
60R_60V_04F_06M;LR2_2_4;2;1;60;04;06;8.3333;100;96.9231;90.7692;94.10256;64.8095;99.6959;77.8957;4.4707;3.0243;1.4464;0;0
60R_60V_04F_06M;LR2_2_5;2;1;60;04;06;13.3333;100;100;86.25;94.864125;47.4107;89.4848;71.1216;8.1854;4.8652;3.3202;3.1869;11.1342
60R_60V_04F_06M;LR2_2_1;2;1;60;04;06;13.3333;100;100;25.9259;80.824687;6.5482;96.6735;51.8586;5.1616;3.1764;1.9852;4.3167;11.4633
60R_60V_04F_06M;LR2_2_2;2;1;60;04;06;15;100;98.75;24.0741;75.857289;7.1144;84.7365;57.7435;8.1197;5.194;2.9257;0.93;5.2738
60R_60V_04F_06M;LR2_2_3;2;1;60;04;06;11.6667;100;100;67.3077;89.652014;21.8911;85.8039;70.5003;7.4622;4.405;3.0572;0.5778;5.095
60R_60V_04F_06M;LR2_2_4;2;1;60;04;06;10;100;100;53.8462;79.957267;14.7499;98.3538;64.8126;5.0625;3.1558;1.9066;0.0795;0
60R_60V_04F_06M;LR2_2_5;2;1;60;04;06;15;100;98.75;27.5;87.288556;7.7968;92.5582;62.7251;8.5141;5.3254;3.1887;2.5258;10.8639
60R_60V_04F_06M;LR2_2_1;2;1;60;04;06;13.3333;100;100;50;86.8237;28.7825;97.7365;53.2539;5.582;3.2698;2.3122;3.0367;16.3898
60R_60V_04F_06M;LR2_2_2;2;1;60;04;06;13.3333;100;97.5;57.5;81.772475;27.0615;84.5657;63.5476;6.5089;4.142;2.3669;1.8329;4.1535
60R_60V_04F_06M;LR2_2_3;2;1;60;04;06;11.6667;100;100;78.8462;94.450557;18.0781;93.3085;70.2551;7.5937;4.668;2.9257;0.1277;0.3382
60R_60V_04F_06M;LR2_2_4;2;1;60;04;06;10;100;100;51.2821;84.743583;11.2099;92.1373;65.8571;5.0625;3.0901;1.9724;0;1.6739
60R_60V_04F_06M;LR2_2_5;2;1;60;04;06;15;100;98.75;73.1343;92.027367;19.774;92.2142;63.3353;8.1525;4.9967;3.1558;2.6653;11.6704
60R_60V_04F_06M;LR2_2_1;2;1;60;04;06;13.3333;100;98.75;37.037;82.280088;10.4832;94.4591;52.979;4.9748;3.2231;1.7517;3.6779;12.9646
60R_60V_04F_06M;LR2_2_2;2;1;60;04;06;15;100;100;17.9104;69.7927;9.632;83.1373;56.5089;7.9553;4.9967;2.9586;0.4862;3.245
60R_60V_04F_06M;LR2_2_3;2;1;60;04;06;11.6667;100;100;52.3077;89.487171;25.3365;85.1807;69.8761;7.1992;4.4707;2.7285;0.3804;1.5822
60R_60V_04F_06M;LR2_2_4;2;1;60;04;06;8.3333;100;98.4615;90.7692;93.61538;65.0237;98.7085;78.8628;4.9967;2.8928;2.1039;0;1.3106
60R_60V_04F_06M;LR2_2_5;2;1;60;04;06;13.3333;100;100;90;97.938437;44.8489;88.873;69.8206;8.4155;5.3912;3.0243;1.5495;9.1364
