name;group;type;alpha;seed;value;feasible;total_time_elapsed;full_name;n;iteration_to_best;time_to_best;iteration;percentage_infeasible_sol;mean_LP_impr_percentage
lr101;06R_06V_02F_03M;t1;0.05;24;780.51;TRUE;95.5;lr101_t1_06R_06V_02F_03M;6;89;0.44;60000;0;15.72
lr101;06R_06V_02F_04M;t1;0.05;24;768.25;TRUE;97.14;lr101_t1_06R_06V_02F_04M;6;65;0.43;60000;0;18
lr102;06R_06V_02F_03M;t1;0.05;24;606.02;TRUE;94.44;lr102_t1_06R_06V_02F_03M;6;3;0.32;60000;0;9.46
lr102;06R_06V_02F_04M;t1;0.05;24;605.59;TRUE;95.29;lr102_t1_06R_06V_02F_04M;6;3;0.29;60000;0;9.53
lr103;06R_06V_02F_03M;t1;0.05;24;607.5;TRUE;96.32;lr103_t1_06R_06V_02F_03M;6;12;0.34;60000;0;16.22
lr103;06R_06V_02F_04M;t1;0.05;24;599.29;TRUE;98.78;lr103_t1_06R_06V_02F_04M;6;12;0.33;60000;0;17.19
lr104;06R_06V_02F_03M;t1;0.05;24;431.33;TRUE;88.65;lr104_t1_06R_06V_02F_03M;6;21;0.32;60000;0;19.74
lr104;06R_06V_02F_04M;t1;0.05;24;431.33;TRUE;90.31;lr104_t1_06R_06V_02F_04M;6;21;0.32;60000;0;18.09
lr105;06R_06V_02F_03M;t1;0.05;24;660.1;TRUE;46.54;lr105_t1_06R_06V_02F_03M;6;1;0;60000;50.09;29.44
lr105;06R_06V_02F_04M;t1;0.05;24;654.89;TRUE;46.96;lr105_t1_06R_06V_02F_04M;6;1;0;60000;50.09;29.6
lr201;06R_06V_02F_03M;t2;0.05;24;793.39;TRUE;79.92;lr201_t2_06R_06V_02F_03M;6;102;0.41;60000;0;28.48
lr201;06R_06V_02F_04M;t2;0.05;24;793.39;TRUE;82.27;lr201_t2_06R_06V_02F_04M;6;102;0.46;60000;0;28.48
lr202;06R_06V_02F_03M;t2;0.05;24;545.89;TRUE;92.41;lr202_t2_06R_06V_02F_03M;6;14;0.34;60000;0;32.05
lr202;06R_06V_02F_04M;t2;0.05;24;545.89;TRUE;93.69;lr202_t2_06R_06V_02F_04M;6;14;0.34;60000;0;32.21
lr203;06R_06V_02F_03M;t2;0.05;24;686.32;TRUE;97.85;lr203_t2_06R_06V_02F_03M;6;52;0.4;60000;0;35.3
lr203;06R_06V_02F_04M;t2;0.05;24;686.32;TRUE;99.77;lr203_t2_06R_06V_02F_04M;6;52;0.4;60000;0;35.6
lr204;06R_06V_02F_03M;t2;0.05;24;611.17;TRUE;110.04;lr204_t2_06R_06V_02F_03M;6;461;1.18;60000;0;24.99
lr204;06R_06V_02F_04M;t2;0.05;24;610.66;TRUE;113.81;lr204_t2_06R_06V_02F_04M;6;461;1.19;60000;0;25.07
lr205;06R_06V_02F_03M;t2;0.05;24;540.49;TRUE;102.96;lr205_t2_06R_06V_02F_03M;6;50;0.41;60000;0;29.54
lr205;06R_06V_02F_04M;t2;0.05;24;540.45;TRUE;105.19;lr205_t2_06R_06V_02F_04M;6;50;0.35;60000;0;29.63
lr101;06R_06V_04F_03M;t1;0.05;24;749.14;TRUE;83.14;lr101_t1_06R_06V_04F_03M;6;1;0;60000;9.91;10.66
lr101;06R_06V_04F_04M;t1;0.05;24;736.64;TRUE;93.03;lr101_t1_06R_06V_04F_04M;6;15;0.34;60000;0;12.7
lr102;06R_06V_04F_03M;t1;0.05;24;724.27;TRUE;95.02;lr102_t1_06R_06V_04F_03M;6;168;0.57;60000;10.26;9.69
lr102;06R_06V_04F_04M;t1;0.05;24;692.08;TRUE;98.4;lr102_t1_06R_06V_04F_04M;6;180;0.63;60000;8.54;10.52
lr103;06R_06V_04F_03M;t1;0.05;24;947.66;TRUE;110.82;lr103_t1_06R_06V_04F_03M;6;164;0.64;60000;0;12.25
lr103;06R_06V_04F_04M;t1;0.05;24;974.37;TRUE;111.68;lr103_t1_06R_06V_04F_04M;6;6;0.32;60000;0;14.35
lr104;06R_06V_04F_03M;t1;0.05;24;659.55;TRUE;44.52;lr104_t1_06R_06V_04F_03M;6;6;0.28;60000;60.67;17.1
lr104;06R_06V_04F_04M;t1;0.05;24;656.61;TRUE;46.3;lr104_t1_06R_06V_04F_04M;6;6;0.29;60000;59.47;17.72
lr105;06R_06V_04F_03M;t1;0.05;24;864.51;TRUE;52.33;lr105_t1_06R_06V_04F_03M;6;5;0.3;60000;50.09;19.3
lr105;06R_06V_04F_04M;t1;0.05;24;856.98;TRUE;51.82;lr105_t1_06R_06V_04F_04M;6;5;0.29;60000;50.09;19.44
lr201;06R_06V_04F_03M;t2;0.05;24;936.6;TRUE;98.2;lr201_t2_06R_06V_04F_03M;6;48;0.36;60000;0;18.64
lr201;06R_06V_04F_04M;t2;0.05;24;935.98;TRUE;99.81;lr201_t2_06R_06V_04F_04M;6;48;0.37;60000;0;18.67
lr202;06R_06V_04F_03M;t2;0.05;24;604.04;TRUE;110.12;lr202_t2_06R_06V_04F_03M;6;1433;2.99;60000;0;36.69
lr202;06R_06V_04F_04M;t2;0.05;24;604.04;TRUE;113.31;lr202_t2_06R_06V_04F_04M;6;1129;2.5;60000;0;39.92
lr203;06R_06V_04F_03M;t2;0.05;24;797.56;TRUE;109.1;lr203_t2_06R_06V_04F_03M;6;734;1.63;60000;0;37.15
lr203;06R_06V_04F_04M;t2;0.05;24;725.28;TRUE;113.17;lr203_t2_06R_06V_04F_04M;6;98;0.5;60000;0;31.32
lr204;06R_06V_04F_03M;t2;0.05;24;764.38;TRUE;122.77;lr204_t2_06R_06V_04F_03M;6;4790;10.19;60000;0;17.12
lr204;06R_06V_04F_04M;t2;0.05;24;760.99;TRUE;125.9;lr204_t2_06R_06V_04F_04M;6;4790;10.35;60000;0;17.03
lr205;06R_06V_04F_03M;t2;0.05;24;604.07;TRUE;112.9;lr205_t2_06R_06V_04F_03M;6;1012;2.2;60000;0;24.7
lr205;06R_06V_04F_04M;t2;0.05;24;599.81;TRUE;116.98;lr205_t2_06R_06V_04F_04M;6;1012;2.36;60000;0;24.93
lr101;08R_08V_02F_03M;t1;0.05;24;1018.05;TRUE;106.93;lr101_t1_08R_08V_02F_03M;8;7;0.33;60000;0;22.58
lr101;08R_08V_02F_04M;t1;0.05;24;1010.27;TRUE;109.64;lr101_t1_08R_08V_02F_04M;8;43;0.4;60000;0;23.82
lr102;08R_08V_02F_03M;t1;0.05;24;869.72;TRUE;113.59;lr102_t1_08R_08V_02F_03M;8;3;0.29;60000;0;11.02
lr102;08R_08V_02F_04M;t1;0.05;24;864.66;TRUE;115.75;lr102_t1_08R_08V_02F_04M;8;3;0.29;60000;0;11.19
lr103;08R_08V_02F_03M;t1;0.05;24;769.29;TRUE;118.57;lr103_t1_08R_08V_02F_03M;8;436;1.19;60000;0;10.34
lr103;08R_08V_02F_04M;t1;0.05;24;761.62;TRUE;121.18;lr103_t1_08R_08V_02F_04M;8;436;1.23;60000;0;10.87
lr104;08R_08V_02F_03M;t1;0.05;24;765.44;TRUE;117.66;lr104_t1_08R_08V_02F_03M;8;170;0.64;60000;0;10.54
lr104;08R_08V_02F_04M;t1;0.05;24;762.11;TRUE;119.16;lr104_t1_08R_08V_02F_04M;8;171;0.66;60000;0;9.58
lr105;08R_08V_02F_03M;t1;0.05;24;869.95;TRUE;114.4;lr105_t1_08R_08V_02F_03M;8;11;0.33;60000;0;16.86
lr105;08R_08V_02F_04M;t1;0.05;24;858.77;TRUE;115.05;lr105_t1_08R_08V_02F_04M;8;2;0.29;60000;0;17.08
lr201;08R_08V_02F_03M;t2;0.05;24;930.52;TRUE;103.83;lr201_t2_08R_08V_02F_03M;8;210;0.71;60000;0;23.21
lr201;08R_08V_02F_04M;t2;0.05;24;929.83;TRUE;105.15;lr201_t2_08R_08V_02F_04M;8;210;0.72;60000;0;23.25
lr202;08R_08V_02F_03M;t2;0.05;24;717.53;TRUE;121.96;lr202_t2_08R_08V_02F_03M;8;895;2.2;60000;0;33.12
lr202;08R_08V_02F_04M;t2;0.05;24;715.2;TRUE;126.99;lr202_t2_08R_08V_02F_04M;8;397;1.17;60000;0;33.37
lr203;08R_08V_02F_03M;t2;0.05;24;728.54;TRUE;128.9;lr203_t2_08R_08V_02F_03M;8;2183;5.05;60000;0;22.3
lr203;08R_08V_02F_04M;t2;0.05;24;724.91;TRUE;132.79;lr203_t2_08R_08V_02F_04M;8;20486;45.7;60000;0;22.51
lr204;08R_08V_02F_03M;t2;0.05;24;708.43;TRUE;125.87;lr204_t2_08R_08V_02F_03M;8;10463;22.33;60000;0;15.68
lr204;08R_08V_02F_04M;t2;0.05;24;705.74;TRUE;128.19;lr204_t2_08R_08V_02F_04M;8;10463;22.73;60000;0;15.83
lr205;08R_08V_02F_03M;t2;0.05;24;736.45;TRUE;124.99;lr205_t2_08R_08V_02F_03M;8;4443;9.67;60000;0;27.62
lr205;08R_08V_02F_04M;t2;0.05;24;729.52;TRUE;130.12;lr205_t2_08R_08V_02F_04M;8;17543;38.44;60000;0;27.81
lr101;08R_08V_04F_03M;t1;0.05;24;1166.54;TRUE;44.37;lr101_t1_08R_08V_04F_03M;8;259;0.51;60000;69.34;14.25
lr101;08R_08V_04F_04M;t1;0.05;24;1135.03;TRUE;110.8;lr101_t1_08R_08V_04F_04M;8;207;0.7;60000;9.95;16.57
lr102;08R_08V_04F_03M;t1;0.05;24;1030.42;TRUE;24.58;lr102_t1_08R_08V_04F_03M;8;3016;1.59;60000;87.53;11.38
lr102;08R_08V_04F_04M;t1;0.05;24;1003.13;TRUE;114.34;lr102_t1_08R_08V_04F_04M;8;2;0.29;60000;9.52;9.74
lr103;08R_08V_04F_03M;t1;0.05;24;1099.07;TRUE;59.07;lr103_t1_08R_08V_04F_03M;8;771;1.06;60000;66.26;12.13
lr103;08R_08V_04F_04M;t1;0.05;24;1086.46;TRUE;73.97;lr103_t1_08R_08V_04F_04M;8;3271;4.27;60000;55.64;13.13
lr104;08R_08V_04F_03M;t1;0.05;24;1096.75;TRUE;56.8;lr104_t1_08R_08V_04F_03M;8;2211;2.43;60000;67.32;14.3
lr104;08R_08V_04F_04M;t1;0.05;24;1092.54;TRUE;74.55;lr104_t1_08R_08V_04F_04M;8;4959;6.46;60000;54.7;12.64
lr105;08R_08V_04F_03M;t1;0.05;24;1068.12;TRUE;116.15;lr105_t1_08R_08V_04F_03M;8;33;0.38;60000;4.3;11.91
lr105;08R_08V_04F_04M;t1;0.05;24;1053.6;TRUE;115.17;lr105_t1_08R_08V_04F_04M;8;6;0.33;60000;7.72;11.46
lr201;08R_08V_04F_03M;t2;0.05;24;1142.97;TRUE;121.22;lr201_t2_08R_08V_04F_03M;8;24;0.37;60000;4.3;20.32
lr201;08R_08V_04F_04M;t2;0.05;24;1136.32;TRUE;126.15;lr201_t2_08R_08V_04F_04M;8;24;0.33;60000;4.31;20.5
lr202;08R_08V_04F_03M;t2;0.05;24;885.9;TRUE;154.95;lr202_t2_08R_08V_04F_03M;8;3075;8.31;60000;0;27.88
lr202;08R_08V_04F_04M;t2;0.05;24;880.69;TRUE;159.1;lr202_t2_08R_08V_04F_04M;8;3075;8.55;60000;0;28.23
lr203;08R_08V_04F_03M;t2;0.05;24;929.42;TRUE;153.45;lr203_t2_08R_08V_04F_03M;8;597;1.91;60000;0;16.16
lr203;08R_08V_04F_04M;t2;0.05;24;928.97;TRUE;158.67;lr203_t2_08R_08V_04F_04M;8;597;1.9;60000;0;16.76
lr204;08R_08V_04F_03M;t2;0.05;24;888.62;TRUE;159.89;lr204_t2_08R_08V_04F_03M;8;19396;52.23;60000;0;8.36
lr204;08R_08V_04F_04M;t2;0.05;24;882.99;TRUE;165.91;lr204_t2_08R_08V_04F_04M;8;19396;53.79;60000;0;8.6
lr205;08R_08V_04F_03M;t2;0.05;24;948.1;TRUE;153.48;lr205_t2_08R_08V_04F_03M;8;5242;13.7;60000;0;19.48
lr205;08R_08V_04F_04M;t2;0.05;24;939.61;TRUE;160.07;lr205_t2_08R_08V_04F_04M;8;13670;36.7;60000;0;19.62
lr101;10R_10V_02F_03M;t1;0.05;24;1194.55;TRUE;125.4;lr101_t1_10R_10V_02F_03M;10;266;0.87;60000;0;21.15
lr101;10R_10V_02F_04M;t1;0.05;24;1187.36;TRUE;128.48;lr101_t1_10R_10V_02F_04M;10;10;0.34;60000;0;22.37
lr102;10R_10V_02F_03M;t1;0.05;24;1025.34;TRUE;52.18;lr102_t1_10R_10V_02F_03M;10;211;0.48;60000;66.59;10.76
lr102;10R_10V_02F_04M;t1;0.05;24;1022.31;TRUE;95.92;lr102_t1_10R_10V_02F_04M;10;318;0.85;60000;32.5;10.7
lr103;10R_10V_02F_03M;t1;0.05;24;1034.38;TRUE;63.72;lr103_t1_10R_10V_02F_03M;10;46;0.34;60000;63.5;12.62
lr103;10R_10V_02F_04M;t1;0.05;24;1022.42;TRUE;127.45;lr103_t1_10R_10V_02F_04M;10;139;0.62;60000;16.16;11.87
lr104;10R_10V_02F_03M;t1;0.05;24;890.44;TRUE;81.6;lr104_t1_10R_10V_02F_03M;10;12380;16.95;60000;46.96;9.44
lr104;10R_10V_02F_04M;t1;0.05;24;892.38;TRUE;83.49;lr104_t1_10R_10V_02F_04M;10;759;1.41;60000;46.94;9.32
lr105;10R_10V_02F_03M;t1;0.05;24;1207.1;TRUE;74.13;lr105_t1_10R_10V_02F_03M;10;6;0.3;60000;49.9;19.14
lr105;10R_10V_02F_04M;t1;0.05;24;1188.48;TRUE;137.22;lr105_t1_10R_10V_02F_04M;10;6;0.33;60000;0;20.11
lr201;10R_10V_02F_03M;t2;0.05;24;1013.31;TRUE;124.48;lr201_t2_10R_10V_02F_03M;10;17;0.34;60000;6.61;26.9
lr201;10R_10V_02F_04M;t2;0.05;24;1013.31;TRUE;128.15;lr201_t2_10R_10V_02F_04M;10;17;0.36;60000;6.61;26.9
lr202;10R_10V_02F_03M;t2;0.05;24;909.66;TRUE;149.31;lr202_t2_10R_10V_02F_03M;10;4075;10.37;60000;0;31.21
lr202;10R_10V_02F_04M;t2;0.05;24;907.43;TRUE;156.25;lr202_t2_10R_10V_02F_04M;10;4075;11.16;60000;0;32.35
lr203;10R_10V_02F_03M;t2;0.05;24;875.82;TRUE;182.09;lr203_t2_10R_10V_02F_03M;10;56673;171.92;60000;0;17.82
lr203;10R_10V_02F_04M;t2;0.05;24;873.15;TRUE;189.06;lr203_t2_10R_10V_02F_04M;10;32850;103.81;60000;0;17.9
lr204;10R_10V_02F_03M;t2;0.05;24;746;TRUE;165.13;lr204_t2_10R_10V_02F_03M;10;1489;4.47;60000;0;9.05
lr204;10R_10V_02F_04M;t2;0.05;24;762.2;TRUE;172.71;lr204_t2_10R_10V_02F_04M;10;33462;96.35;60000;0;9.32
lr205;10R_10V_02F_03M;t2;0.05;24;879.87;TRUE;158.02;lr205_t2_10R_10V_02F_03M;10;59661;157.17;60000;0;26.18
lr205;10R_10V_02F_04M;t2;0.05;24;875.01;TRUE;166.77;lr205_t2_10R_10V_02F_04M;10;28370;79.02;60000;0;26.2
lr101;10R_10V_04F_03M;t1;0.05;24;1343.37;TRUE;88.7;lr101_t1_10R_10V_04F_03M;10;4397;6.86;60000;42.7;18.9
lr101;10R_10V_04F_04M;t1;0.05;24;1334.41;TRUE;145.74;lr101_t1_10R_10V_04F_04M;10;695;2.03;60000;0;20.5
lr102;10R_10V_04F_03M;t1;0.05;24;1154.93;TRUE;29.09;lr102_t1_10R_10V_04F_03M;10;52789;25.7;60000;88.03;7.51
lr102;10R_10V_04F_04M;t1;0.05;24;1145.23;TRUE;96.62;lr102_t1_10R_10V_04F_04M;10;9851;16.04;60000;39.86;9.11
lr103;10R_10V_04F_03M;t1;0.05;24;1485.44;TRUE;21.73;lr103_t1_10R_10V_04F_03M;10;9115;3.6;60000;97.48;12.37
lr103;10R_10V_04F_04M;t1;0.05;24;1444.21;TRUE;79.32;lr103_t1_10R_10V_04F_04M;10;1882;2.8;60000;66.98;12.16
lr104;10R_10V_04F_03M;t1;0.05;24;1232.39;TRUE;71.05;lr104_t1_10R_10V_04F_03M;10;2240;2.81;60000;65.62;7.49
lr104;10R_10V_04F_04M;t1;0.05;24;1218.3;TRUE;83.61;lr104_t1_10R_10V_04F_04M;10;9043;12.72;60000;58.82;8.72
lr105;10R_10V_04F_03M;t1;0.05;24;1592.96;TRUE;15.37;lr105_t1_10R_10V_04F_03M;10;40792;10.61;60000;97.28;16.6
lr105;10R_10V_04F_04M;t1;0.05;24;1517.24;TRUE;49.65;lr105_t1_10R_10V_04F_04M;10;177;0.44;60000;76.62;17.68
lr201;10R_10V_04F_03M;t2;0.05;24;1361.55;TRUE;142.46;lr201_t2_10R_10V_04F_03M;10;49082;116.66;60000;12.38;22.39
lr201;10R_10V_04F_04M;t2;0.05;24;1361.55;TRUE;149.49;lr201_t2_10R_10V_04F_04M;10;49082;122.31;60000;12.38;22.83
lr202;10R_10V_04F_03M;t2;0.05;24;1258.95;TRUE;193.62;lr202_t2_10R_10V_04F_03M;10;54631;176.35;60000;0.43;27.65
lr202;10R_10V_04F_04M;t2;0.05;24;1243.47;TRUE;199.53;lr202_t2_10R_10V_04F_04M;10;32793;109.34;60000;0;30.47
lr203;10R_10V_04F_03M;t2;0.05;24;992.11;TRUE;225.44;lr203_t2_10R_10V_04F_03M;10;57213;214.88;60000;0;13.49
lr203;10R_10V_04F_04M;t2;0.05;24;984.1;TRUE;234.25;lr203_t2_10R_10V_04F_04M;10;51361;200.7;60000;0;13.6
lr204;10R_10V_04F_03M;t2;0.05;24;967.99;TRUE;226.07;lr204_t2_10R_10V_04F_03M;10;6208;24.15;60000;0;5.28
lr204;10R_10V_04F_04M;t2;0.05;24;958.91;TRUE;235.22;lr204_t2_10R_10V_04F_04M;10;6208;24.84;60000;0;5.51
lr205;10R_10V_04F_03M;t2;0.05;24;1048.58;TRUE;187.04;lr205_t2_10R_10V_04F_03M;10;10161;31.79;60000;0.01;23.1
lr205;10R_10V_04F_04M;t2;0.05;24;1033.21;TRUE;193.69;lr205_t2_10R_10V_04F_04M;10;34330;110.99;60000;0;23.2
lr101;12R_12V_02F_03M;t1;0.05;24;1444.04;TRUE;140.27;lr101_t1_12R_12V_02F_03M;12;54;0.43;60000;10.14;23.24
lr101;12R_12V_02F_04M;t1;0.05;24;1437.74;TRUE;143.2;lr101_t1_12R_12V_02F_04M;12;263;0.95;60000;10.14;23.36
lr102;12R_12V_02F_03M;t1;0.05;24;1404.9;TRUE;84.89;lr102_t1_12R_12V_02F_03M;12;333;0.82;60000;50.02;14.39
lr102;12R_12V_02F_04M;t1;0.05;24;1397.72;TRUE;89.2;lr102_t1_12R_12V_02F_04M;12;8843;13.56;60000;50.02;14.41
lr103;12R_12V_02F_03M;t1;0.05;24;1138.94;TRUE;118.76;lr103_t1_12R_12V_02F_03M;12;1142;2.52;60000;34.46;10.49
lr103;12R_12V_02F_04M;t1;0.05;24;1126.46;TRUE;133.31;lr103_t1_12R_12V_02F_04M;12;2041;4.93;60000;27.75;11.15
lr104;12R_12V_02F_03M;t1;0.05;24;1233.18;TRUE;91.9;lr104_t1_12R_12V_02F_03M;12;917;1.73;60000;54.48;5.49
lr104;12R_12V_02F_04M;t1;0.05;24;1223.17;TRUE;110.65;lr104_t1_12R_12V_02F_04M;12;2511;4.97;60000;45.82;5.95
lr105;12R_12V_02F_03M;t1;0.05;24;1316.34;TRUE;55.86;lr105_t1_12R_12V_02F_03M;12;4487;4.51;60000;71.07;14.25
lr105;12R_12V_02F_04M;t1;0.05;24;1301.89;TRUE;138.1;lr105_t1_12R_12V_02F_04M;12;1;0;60000;14.17;15.16
lr201;12R_12V_02F_03M;t2;0.05;24;1411.58;TRUE;157.61;lr201_t2_12R_12V_02F_03M;12;3437;9.42;60000;0;22.22
lr201;12R_12V_02F_04M;t2;0.05;24;1411.18;TRUE;164.8;lr201_t2_12R_12V_02F_04M;12;3437;9.77;60000;0;22.26
lr202;12R_12V_02F_03M;t2;0.05;24;992.05;TRUE;182.55;lr202_t2_12R_12V_02F_03M;12;36545;111.31;60000;0;26.13
lr202;12R_12V_02F_04M;t2;0.05;24;991.25;TRUE;191.93;lr202_t2_12R_12V_02F_04M;12;36545;117.08;60000;0;26.97
lr203;12R_12V_02F_03M;t2;0.05;24;1005.73;TRUE;214.48;lr203_t2_12R_12V_02F_03M;12;51685;184.69;60000;0;15.24
lr203;12R_12V_02F_04M;t2;0.05;24;997.26;TRUE;223.93;lr203_t2_12R_12V_02F_04M;12;58048;216.61;60000;0;15.31
lr204;12R_12V_02F_03M;t2;0.05;24;931.04;TRUE;201.1;lr204_t2_12R_12V_02F_03M;12;54645;183.14;60000;0;4.72
lr204;12R_12V_02F_04M;t2;0.05;24;933.18;TRUE;212.7;lr204_t2_12R_12V_02F_04M;12;1199;4.68;60000;0;4.76
lr205;12R_12V_02F_03M;t2;0.05;24;1039.04;TRUE;186.25;lr205_t2_12R_12V_02F_03M;12;17187;53.46;60000;4.94;24.61
lr205;12R_12V_02F_04M;t2;0.05;24;1041.64;TRUE;202.38;lr205_t2_12R_12V_02F_04M;12;12674;43.02;60000;0.02;24.75
lr101;12R_12V_04F_03M;t1;0.05;24;1651.84;TRUE;17.34;lr101_t1_12R_12V_04F_03M;12;6357;2.16;60000;99.85;15.76
lr101;12R_12V_04F_04M;t1;0.05;24;1621.73;TRUE;34.85;lr101_t1_12R_12V_04F_04M;12;59600;34.61;60000;94.44;15.61
lr102;12R_12V_04F_03M;t1;0.05;24;1659.22;TRUE;23.62;lr102_t1_12R_12V_04F_03M;12;35839;14.14;60000;98;17.26
lr102;12R_12V_04F_04M;t1;0.05;24;1605.45;TRUE;63.64;lr102_t1_12R_12V_04F_04M;12;6827;7.48;60000;77.59;17.62
lr103;12R_12V_04F_03M;t1;0.05;24;1460.79;TRUE;123.81;lr103_t1_12R_12V_04F_03M;12;43826;90.2;60000;48.81;8.33
lr103;12R_12V_04F_04M;t1;0.05;24;1438.56;TRUE;184;lr103_t1_12R_12V_04F_04M;12;17699;54.35;60000;16.65;8.78
lr104;12R_12V_04F_03M;t1;0.05;24;1495.63;TRUE;59.9;lr104_t1_12R_12V_04F_03M;12;22296;22.68;60000;83.05;6.75
lr104;12R_12V_04F_04M;t1;0.05;24;1484.35;TRUE;114.91;lr104_t1_12R_12V_04F_04M;12;40789;78.15;60000;57.94;4.88
lr105;12R_12V_04F_03M;t1;0.05;24;1728.08;TRUE;17.9;lr105_t1_12R_12V_04F_03M;12;31927;9.6;60000;99.02;15.22
lr105;12R_12V_04F_04M;t1;0.05;24;1714.98;TRUE;66.64;lr105_t1_12R_12V_04F_04M;12;58622;65.08;60000;74.54;14.55
lr201;12R_12V_04F_03M;t2;0.05;24;1574.75;TRUE;192.46;lr201_t2_12R_12V_04F_03M;12;45041;144.14;60000;3.7;18.66
lr201;12R_12V_04F_04M;t2;0.05;24;1573.87;TRUE;199.06;lr201_t2_12R_12V_04F_04M;12;29876;99.77;60000;4;19.95
lr202;12R_12V_04F_03M;t2;0.05;24;1226.17;TRUE;240.1;lr202_t2_12R_12V_04F_03M;12;33365;133.41;60000;0.01;21.08
lr202;12R_12V_04F_04M;t2;0.05;24;1225.56;TRUE;254.28;lr202_t2_12R_12V_04F_04M;12;3516;15.25;60000;0;22.19
lr203;12R_12V_04F_03M;t2;0.05;24;1240.66;TRUE;285.91;lr203_t2_12R_12V_04F_03M;12;50216;239.41;60000;0;10.4
lr203;12R_12V_04F_04M;t2;0.05;24;1237.88;TRUE;304.34;lr203_t2_12R_12V_04F_04M;12;5533;28.52;60000;0;10.57
lr204;12R_12V_04F_03M;t2;0.05;24;1193.71;TRUE;282.62;lr204_t2_12R_12V_04F_03M;12;39402;185.78;60000;0;2.07
lr204;12R_12V_04F_04M;t2;0.05;24;1187.39;TRUE;300.81;lr204_t2_12R_12V_04F_04M;12;39402;197.89;60000;0;2.17
lr205;12R_12V_04F_03M;t2;0.05;24;1246.8;TRUE;229.38;lr205_t2_12R_12V_04F_03M;12;25799;98.8;60000;6.69;21.71
lr205;12R_12V_04F_04M;t2;0.05;24;1239.2;TRUE;253.06;lr205_t2_12R_12V_04F_04M;12;36549;154.39;60000;0.05;22.15
LR1_2_1;40R_40V_02F_05M;t1;0.05;24;9134.75;TRUE;138.85;LR1_2_1_t1_40R_40V_02F_05M;40;54728;126.65;60000;99.61;5.75
LR1_2_1;40R_40V_02F_06M;t1;0.05;24;8875.58;TRUE;230.78;LR1_2_1_t1_40R_40V_02F_06M;40;18362;70.09;60000;95.92;5.94
LR1_2_2;40R_40V_02F_05M;t1;0.05;24;7810.59;TRUE;214.15;LR1_2_2_t1_40R_40V_02F_05M;40;35735;127.01;60000;98.66;4.73
LR1_2_2;40R_40V_02F_06M;t1;0.05;24;7765.41;TRUE;282.99;LR1_2_2_t1_40R_40V_02F_06M;40;36852;174.01;60000;95.25;4.66
LR1_2_3;40R_40V_02F_05M;t1;0.05;24;6236.27;TRUE;333.94;LR1_2_3_t1_40R_40V_02F_05M;40;58894;327.88;60000;94.12;4
LR1_2_3;40R_40V_02F_06M;t1;0.05;24;5893.52;TRUE;644.71;LR1_2_3_t1_40R_40V_02F_06M;40;51366;552.37;60000;59.28;4.13
LR1_2_4;40R_40V_02F_05M;t1;0.05;24;5347.16;TRUE;850.32;LR1_2_4_t1_40R_40V_02F_05M;40;11630;164.18;60000;57.45;5.33
LR1_2_4;40R_40V_02F_06M;t1;0.05;24;5204.28;TRUE;1194.54;LR1_2_4_t1_40R_40V_02F_06M;40;44246;882.19;60000;24.36;5.09
LR1_2_5;40R_40V_02F_05M;t1;0.05;24;5884.93;TRUE;778.63;LR1_2_5_t1_40R_40V_02F_05M;40;24905;325.06;60000;8.14;6.44
LR1_2_5;40R_40V_02F_06M;t1;0.05;24;5871.2;TRUE;849.75;LR1_2_5_t1_40R_40V_02F_06M;40;28169;400.25;60000;3.05;6.55
LR2_2_1;40R_40V_02F_05M;t2;0.05;24;8590.19;TRUE;980.94;LR2_2_1_t2_40R_40V_02F_05M;40;2517;41.69;60000;13.39;6.81
LR2_2_1;40R_40V_02F_06M;t2;0.05;24;8485.05;TRUE;1051.2;LR2_2_1_t2_40R_40V_02F_06M;40;46001;805.4;60000;13.3;7.03
LR2_2_2;40R_40V_02F_05M;t2;0.05;24;7189.19;TRUE;1275.26;LR2_2_2_t2_40R_40V_02F_05M;40;36307;771.81;60000;16.92;7.29
LR2_2_2;40R_40V_02F_06M;t2;0.05;24;6658.79;TRUE;1511.24;LR2_2_2_t2_40R_40V_02F_06M;40;25395;641.71;60000;0.33;7.48
LR2_2_3;40R_40V_02F_05M;t2;0.05;24;6519.98;TRUE;1968.33;LR2_2_3_t2_40R_40V_02F_05M;40;32090;1053.97;60000;0;3.2
LR2_2_3;40R_40V_02F_06M;t2;0.05;24;6528.23;TRUE;2110.51;LR2_2_3_t2_40R_40V_02F_06M;40;6691;235.82;60000;0;3.32
LR2_2_4;40R_40V_02F_05M;t2;0.05;24;5009.08;TRUE;3084.9;LR2_2_4_t2_40R_40V_02F_05M;40;54836;2820.57;60000;0;1.88
LR2_2_4;40R_40V_02F_06M;t2;0.05;24;5109.73;TRUE;3252.41;LR2_2_4_t2_40R_40V_02F_06M;40;33833;1835.4;60000;0;1.9
LR2_2_5;40R_40V_02F_05M;t2;0.05;24;7984.29;TRUE;1254.99;LR2_2_5_t2_40R_40V_02F_05M;40;36725;769.54;60000;0;8.78
LR2_2_5;40R_40V_02F_06M;t2;0.05;24;7982.95;TRUE;1356.16;LR2_2_5_t2_40R_40V_02F_06M;40;36725;832.63;60000;0;8.85
LR1_2_1;40R_40V_04F_05M;t1;0.05;24;NA;FALSE;106.57;LR1_2_1_t1_40R_40V_04F_05M;40;0;0;60000;100;0
LR1_2_1;40R_40V_04F_06M;t1;0.05;24;11437.75;TRUE;145.05;LR1_2_1_t1_40R_40V_04F_06M;40;1;0.02;60000;100;6.88
LR1_2_2;40R_40V_04F_05M;t1;0.05;24;9915.73;TRUE;138.16;LR1_2_2_t1_40R_40V_04F_05M;40;1;0.02;60000;100;5.19
LR1_2_2;40R_40V_04F_06M;t1;0.05;24;9537.34;TRUE;196.96;LR1_2_2_t1_40R_40V_04F_06M;40;5530;18.73;60000;99.94;5.86
LR1_2_3;40R_40V_04F_05M;t1;0.05;24;9817.1;TRUE;189.44;LR1_2_3_t1_40R_40V_04F_05M;40;1;0.02;60000;100;5.09
LR1_2_3;40R_40V_04F_06M;t1;0.05;24;8791.57;TRUE;285.4;LR1_2_3_t1_40R_40V_04F_06M;40;48126;229.39;60000;99.92;5.11
LR1_2_4;40R_40V_04F_05M;t1;0.05;24;7115.09;TRUE;576.52;LR1_2_4_t1_40R_40V_04F_05M;40;57496;553.13;60000;95.82;5.25
LR1_2_4;40R_40V_04F_06M;t1;0.05;24;7011.73;TRUE;823.85;LR1_2_4_t1_40R_40V_04F_06M;40;21901;299.54;60000;88.21;4.8
LR1_2_5;40R_40V_04F_05M;t1;0.05;24;9270.87;TRUE;241.1;LR1_2_5_t1_40R_40V_04F_05M;40;16877;67.49;60000;99.98;6.31
LR1_2_5;40R_40V_04F_06M;t1;0.05;24;8932.62;TRUE;353.09;LR1_2_5_t1_40R_40V_04F_06M;40;21447;126.34;60000;99.4;6.44
LR2_2_1;40R_40V_04F_05M;t2;0.05;24;9806.61;TRUE;891.87;LR2_2_1_t2_40R_40V_04F_05M;40;5797;86.76;60000;55.55;5.97
LR2_2_1;40R_40V_04F_06M;t2;0.05;24;9693.81;TRUE;952.3;LR2_2_1_t2_40R_40V_04F_06M;40;24663;395.21;60000;55.4;6.35
LR2_2_2;40R_40V_04F_05M;t2;0.05;24;8310.33;TRUE;1919.06;LR2_2_2_t2_40R_40V_04F_05M;40;27610;886.2;60000;3.79;5.08
LR2_2_2;40R_40V_04F_06M;t2;0.05;24;8197.91;TRUE;2029.79;LR2_2_2_t2_40R_40V_04F_06M;40;43845;1485.32;60000;0.05;5.49
LR2_2_3;40R_40V_04F_05M;t2;0.05;24;7832.52;TRUE;2464.38;LR2_2_3_t2_40R_40V_04F_05M;40;3419;141.3;60000;23.59;2.47
LR2_2_3;40R_40V_04F_06M;t2;0.05;24;7582.31;TRUE;2969.39;LR2_2_3_t2_40R_40V_04F_06M;40;3199;158.66;60000;1.57;2.67
LR2_2_4;40R_40V_04F_05M;t2;0.05;24;6147.3;TRUE;3600.05;LR2_2_4_t2_40R_40V_04F_05M;40;553;45.94;43983;0;1.31
LR2_2_4;40R_40V_04F_06M;t2;0.05;24;6197.34;TRUE;3600.09;LR2_2_4_t2_40R_40V_04F_06M;40;17737;1548.05;41324;0;1.35
LR2_2_5;40R_40V_04F_05M;t2;0.05;24;9033.14;TRUE;1768.06;LR2_2_5_t2_40R_40V_04F_05M;40;51879;1529.19;60000;0;6.54
LR2_2_5;40R_40V_04F_06M;t2;0.05;24;8919.29;TRUE;1819.16;LR2_2_5_t2_40R_40V_04F_06M;40;51879;1574.26;60000;0;6.73
LR1_2_1;60R_60V_02F_05M;t1;0.05;24;12901.35;TRUE;273.99;LR1_2_1_t1_60R_60V_02F_05M;60;9043;42.14;60000;99.99;5.89
LR1_2_1;60R_60V_02F_06M;t1;0.05;24;12555.82;TRUE;381.83;LR1_2_1_t1_60R_60V_02F_06M;60;42875;273.02;60000;99.82;5.71
LR1_2_2;60R_60V_02F_05M;t1;0.05;24;11249.33;TRUE;524.2;LR1_2_2_t1_60R_60V_02F_05M;60;9629;84.48;60000;95.29;5.49
LR1_2_2;60R_60V_02F_06M;t1;0.05;24;11024.69;TRUE;740.06;LR1_2_2_t1_60R_60V_02F_06M;60;34239;423.23;60000;86.73;5.59
LR1_2_3;60R_60V_02F_05M;t1;0.05;24;9893.34;TRUE;527.88;LR1_2_3_t1_60R_60V_02F_05M;60;18536;162.58;60000;99.79;3.92
LR1_2_3;60R_60V_02F_06M;t1;0.05;24;9408.97;TRUE;718.08;LR1_2_3_t1_60R_60V_02F_06M;60;27915;333.68;60000;98.26;3.9
LR1_2_4;60R_60V_02F_05M;t1;0.05;24;7073.04;TRUE;2042.17;LR1_2_4_t1_60R_60V_02F_05M;60;6229;211.38;60000;50.59;2.45
LR1_2_4;60R_60V_02F_06M;t1;0.05;24;7027.25;TRUE;2814.94;LR1_2_4_t1_60R_60V_02F_06M;60;41817;1964.79;60000;19.84;2.44
LR1_2_5;60R_60V_02F_05M;t1;0.05;24;9939.93;TRUE;976.03;LR1_2_5_t1_60R_60V_02F_05M;60;2941;47.53;60000;63.45;5.77
LR1_2_5;60R_60V_02F_06M;t1;0.05;24;10055.76;TRUE;1193.82;LR1_2_5_t1_60R_60V_02F_06M;60;17094;340.41;60000;50.02;6.03
LR2_2_1;60R_60V_02F_05M;t2;0.05;24;13207.84;TRUE;1911.76;LR2_2_1_t2_60R_60V_02F_05M;60;22119;706.82;60000;33.14;7.08
LR2_2_1;60R_60V_02F_06M;t2;0.05;24;13117.69;TRUE;2181.73;LR2_2_1_t2_60R_60V_02F_06M;60;20111;730.19;60000;23.08;7.23
LR2_2_2;60R_60V_02F_05M;t2;0.05;24;10869.66;TRUE;3373.47;LR2_2_2_t2_60R_60V_02F_05M;60;43940;2473.69;60000;0;5.94
LR2_2_2;60R_60V_02F_06M;t2;0.05;24;10698.64;TRUE;3585.74;LR2_2_2_t2_60R_60V_02F_06M;60;40542;2430.29;60000;0;6.04
LR2_2_3;60R_60V_02F_05M;t2;0.05;24;10847.58;TRUE;3600.03;LR2_2_3_t2_60R_60V_02F_05M;60;51131;3584.53;51354;5.2;3.95
LR2_2_3;60R_60V_02F_06M;t2;0.05;24;10544.52;TRUE;3600.05;LR2_2_3_t2_60R_60V_02F_06M;60;24229;1867.99;46680;0.03;4.12
LR2_2_4;60R_60V_02F_05M;t2;0.05;24;7837.33;TRUE;3600.09;LR2_2_4_t2_60R_60V_02F_05M;60;15327;1687.18;32668;0;1.33
LR2_2_4;60R_60V_02F_06M;t2;0.05;24;8040.13;TRUE;3600.08;LR2_2_4_t2_60R_60V_02F_06M;60;2364;276.59;30668;0;1.35
LR2_2_5;60R_60V_02F_05M;t2;0.05;24;12794.98;TRUE;2751.38;LR2_2_5_t2_60R_60V_02F_05M;60;37839;1738.95;60000;0;6.98
LR2_2_5;60R_60V_02F_06M;t2;0.05;24;12928.19;TRUE;2977.1;LR2_2_5_t2_60R_60V_02F_06M;60;37839;1880.86;60000;0;7.1
LR1_2_1;60R_60V_04F_05M;t1;0.05;24;NA;FALSE;292.01;LR1_2_1_t1_60R_60V_04F_05M;60;0;0;60000;100;0
LR1_2_1;60R_60V_04F_06M;t1;0.05;24;15670.17;TRUE;408.96;LR1_2_1_t1_60R_60V_04F_06M;60;23778;163.18;60000;100;9.22
LR1_2_2;60R_60V_04F_05M;t1;0.05;24;NA;FALSE;243.57;LR1_2_2_t1_60R_60V_04F_05M;60;0;0;60000;100;0
LR1_2_2;60R_60V_04F_06M;t1;0.05;24;NA;FALSE;336.03;LR1_2_2_t1_60R_60V_04F_06M;60;0;0;60000;100;0
LR1_2_3;60R_60V_04F_05M;t1;0.05;24;13357.98;TRUE;431.05;LR1_2_3_t1_60R_60V_04F_05M;60;1;0.05;60000;100;6.07
LR1_2_3;60R_60V_04F_06M;t1;0.05;24;13316.12;TRUE;543.1;LR1_2_3_t1_60R_60V_04F_06M;60;1;0.05;60000;100;6.08
LR1_2_4;60R_60V_04F_05M;t1;0.05;24;10285.91;TRUE;1072.66;LR1_2_4_t1_60R_60V_04F_05M;60;42382;759.02;60000;99.53;3.65
LR1_2_4;60R_60V_04F_06M;t1;0.05;24;10108.3;TRUE;1798.73;LR1_2_4_t1_60R_60V_04F_06M;60;18017;540.18;60000;95.58;3.35
LR1_2_5;60R_60V_04F_05M;t1;0.05;24;NA;FALSE;357.85;LR1_2_5_t1_60R_60V_04F_05M;60;0;0;60000;100;0
LR1_2_5;60R_60V_04F_06M;t1;0.05;24;NA;FALSE;522.23;LR1_2_5_t1_60R_60V_04F_06M;60;0;0;60000;100;0
LR2_2_1;60R_60V_04F_05M;t2;0.05;24;15191.13;TRUE;2107.55;LR2_2_1_t2_60R_60V_04F_05M;60;47791;1681.5;60000;62.42;5.85
LR2_2_1;60R_60V_04F_06M;t2;0.05;24;14736.22;TRUE;2858.85;LR2_2_1_t2_60R_60V_04F_06M;60;17161;817.4;60000;37.78;6.01
LR2_2_2;60R_60V_04F_05M;t2;0.05;24;12898.16;TRUE;3600.03;LR2_2_2_t2_60R_60V_04F_05M;60;25308;1696.8;53314;25.49;4.43
LR2_2_2;60R_60V_04F_06M;t2;0.05;24;12777.36;TRUE;3600.05;LR2_2_2_t2_60R_60V_04F_06M;60;22969;1631.86;50218;25.89;4.58
LR2_2_3;60R_60V_04F_05M;t2;0.05;24;12404.35;TRUE;3600.09;LR2_2_3_t2_60R_60V_04F_05M;60;29303;3115.37;33888;5.84;2.82
LR2_2_3;60R_60V_04F_06M;t2;0.05;24;12350.11;TRUE;3600;LR2_2_3_t2_60R_60V_04F_06M;60;24416;2806.8;31329;0.36;2.92
LR2_2_4;60R_60V_04F_05M;t2;0.05;24;9918.26;TRUE;3600.04;LR2_2_4_t2_60R_60V_04F_05M;60;630;105.87;21436;0;0.89
LR2_2_4;60R_60V_04F_06M;t2;0.05;24;9979.44;TRUE;3600.11;LR2_2_4_t2_60R_60V_04F_06M;60;2082;373;20071;0;0.89
LR2_2_5;60R_60V_04F_05M;t2;0.05;24;14381.02;TRUE;3600.06;LR2_2_5_t2_60R_60V_04F_05M;60;40845;2671.95;55145;0;4.54
LR2_2_5;60R_60V_04F_06M;t2;0.05;24;14114.93;TRUE;3600.01;LR2_2_5_t2_60R_60V_04F_06M;60;40845;2873.05;51228;0;4.86
lr101;06R_06V_02F_03M;t1;0.05;41;780.51;TRUE;95.86;lr101_t1_06R_06V_02F_03M;6;46;0.37;60000;0;15.72
lr101;06R_06V_02F_04M;t1;0.05;41;768.25;TRUE;96.54;lr101_t1_06R_06V_02F_04M;6;38;0.38;60000;0;18.01
lr102;06R_06V_02F_03M;t1;0.05;41;606.02;TRUE;94.33;lr102_t1_06R_06V_02F_03M;6;8;0.33;60000;0;9.47
lr102;06R_06V_02F_04M;t1;0.05;41;605.59;TRUE;95.07;lr102_t1_06R_06V_02F_04M;6;8;0.29;60000;0;9.54
lr103;06R_06V_02F_03M;t1;0.05;41;607.5;TRUE;97.61;lr103_t1_06R_06V_02F_03M;6;9;0.34;60000;0;16.23
lr103;06R_06V_02F_04M;t1;0.05;41;599.29;TRUE;99.01;lr103_t1_06R_06V_02F_04M;6;9;0.32;60000;0;17.2
lr104;06R_06V_02F_03M;t1;0.05;41;431.33;TRUE;88.62;lr104_t1_06R_06V_02F_03M;6;3;0.32;60000;0;19.72
lr104;06R_06V_02F_04M;t1;0.05;41;431.33;TRUE;91.57;lr104_t1_06R_06V_02F_04M;6;3;0.29;60000;0;18.06
lr105;06R_06V_02F_03M;t1;0.05;41;660.1;TRUE;46.42;lr105_t1_06R_06V_02F_03M;6;1;0;60000;50.25;29.44
lr105;06R_06V_02F_04M;t1;0.05;41;654.89;TRUE;46.43;lr105_t1_06R_06V_02F_04M;6;1;0;60000;50.25;29.6
lr201;06R_06V_02F_03M;t2;0.05;41;793.39;TRUE;79.82;lr201_t2_06R_06V_02F_03M;6;24;0.32;60000;0;28.49
lr201;06R_06V_02F_04M;t2;0.05;41;793.39;TRUE;81.42;lr201_t2_06R_06V_02F_04M;6;24;0.32;60000;0;28.49
lr202;06R_06V_02F_03M;t2;0.05;41;545.89;TRUE;92.46;lr202_t2_06R_06V_02F_03M;6;134;0.53;60000;0;32.07
lr202;06R_06V_02F_04M;t2;0.05;41;545.89;TRUE;93.42;lr202_t2_06R_06V_02F_04M;6;86;0.44;60000;0;32.23
lr203;06R_06V_02F_03M;t2;0.05;41;686.32;TRUE;96.91;lr203_t2_06R_06V_02F_03M;6;12;0.31;60000;0;35.25
lr203;06R_06V_02F_04M;t2;0.05;41;686.32;TRUE;98.47;lr203_t2_06R_06V_02F_04M;6;12;0.34;60000;0;35.55
lr204;06R_06V_02F_03M;t2;0.05;41;611.17;TRUE;112.16;lr204_t2_06R_06V_02F_03M;6;582;1.44;60000;0;24.99
lr204;06R_06V_02F_04M;t2;0.05;41;610.66;TRUE;112.32;lr204_t2_06R_06V_02F_04M;6;10358;19.73;60000;0;25.07
lr205;06R_06V_02F_03M;t2;0.05;41;540.49;TRUE;101.26;lr205_t2_06R_06V_02F_03M;6;138;0.56;60000;0;29.59
lr205;06R_06V_02F_04M;t2;0.05;41;540.45;TRUE;104.15;lr205_t2_06R_06V_02F_04M;6;204;0.66;60000;0;29.67
lr101;06R_06V_04F_03M;t1;0.05;41;749.14;TRUE;83.89;lr101_t1_06R_06V_04F_03M;6;1;0;60000;9.69;10.66
lr101;06R_06V_04F_04M;t1;0.05;41;736.64;TRUE;92.79;lr101_t1_06R_06V_04F_04M;6;11;0.33;60000;0;12.7
lr102;06R_06V_04F_03M;t1;0.05;41;724.27;TRUE;93.8;lr102_t1_06R_06V_04F_03M;6;84;0.45;60000;10.14;9.69
lr102;06R_06V_04F_04M;t1;0.05;41;692.08;TRUE;98.16;lr102_t1_06R_06V_04F_04M;6;49;0.4;60000;8.39;10.5
lr103;06R_06V_04F_03M;t1;0.05;41;947.66;TRUE;110.02;lr103_t1_06R_06V_04F_03M;6;115;0.53;60000;0;12.25
lr103;06R_06V_04F_04M;t1;0.05;41;974.37;TRUE;111.77;lr103_t1_06R_06V_04F_04M;6;8;0.3;60000;0;14.34
lr104;06R_06V_04F_03M;t1;0.05;41;659.55;TRUE;43.91;lr104_t1_06R_06V_04F_03M;6;9;0.3;60000;60.8;17.02
lr104;06R_06V_04F_04M;t1;0.05;41;656.61;TRUE;46.29;lr104_t1_06R_06V_04F_04M;6;9;0.29;60000;59.65;17.67
lr105;06R_06V_04F_03M;t1;0.05;41;864.51;TRUE;51.21;lr105_t1_06R_06V_04F_03M;6;18;0.33;60000;50.25;19.3
lr105;06R_06V_04F_04M;t1;0.05;41;856.98;TRUE;51.64;lr105_t1_06R_06V_04F_04M;6;18;0.32;60000;50.25;19.44
lr201;06R_06V_04F_03M;t2;0.05;41;936.6;TRUE;97.89;lr201_t2_06R_06V_04F_03M;6;75;0.41;60000;0;18.59
lr201;06R_06V_04F_04M;t2;0.05;41;935.98;TRUE;99.6;lr201_t2_06R_06V_04F_04M;6;75;0.46;60000;0;18.62
lr202;06R_06V_04F_03M;t2;0.05;41;604.04;TRUE;110.5;lr202_t2_06R_06V_04F_03M;6;403;1.07;60000;0;36.63
lr202;06R_06V_04F_04M;t2;0.05;41;604.04;TRUE;113.28;lr202_t2_06R_06V_04F_04M;6;403;1.14;60000;0;39.89
lr203;06R_06V_04F_03M;t2;0.05;41;797.56;TRUE;110.39;lr203_t2_06R_06V_04F_03M;6;2092;4.23;60000;0;37.09
lr203;06R_06V_04F_04M;t2;0.05;41;725.28;TRUE;111.96;lr203_t2_06R_06V_04F_04M;6;150;0.6;60000;0;31.25
lr204;06R_06V_04F_03M;t2;0.05;41;764.38;TRUE;122.77;lr204_t2_06R_06V_04F_03M;6;87;0.47;60000;0;17.09
lr204;06R_06V_04F_04M;t2;0.05;41;760.99;TRUE;127.2;lr204_t2_06R_06V_04F_04M;6;87;0.5;60000;0;17.01
lr205;06R_06V_04F_03M;t2;0.05;41;604.07;TRUE;113.99;lr205_t2_06R_06V_04F_03M;6;269;0.85;60000;0;24.77
lr205;06R_06V_04F_04M;t2;0.05;41;599.81;TRUE;116.47;lr205_t2_06R_06V_04F_04M;6;269;0.83;60000;0;24.99
lr101;08R_08V_02F_03M;t1;0.05;41;1018.05;TRUE;107.81;lr101_t1_08R_08V_02F_03M;8;8;0.33;60000;0;22.57
lr101;08R_08V_02F_04M;t1;0.05;41;1010.27;TRUE;109.85;lr101_t1_08R_08V_02F_04M;8;36;0.38;60000;0;23.82
lr102;08R_08V_02F_03M;t1;0.05;41;869.72;TRUE;113.76;lr102_t1_08R_08V_02F_03M;8;11;0.31;60000;0;11.02
lr102;08R_08V_02F_04M;t1;0.05;41;864.66;TRUE;115.95;lr102_t1_08R_08V_02F_04M;8;11;0.33;60000;0;11.19
lr103;08R_08V_02F_03M;t1;0.05;41;769.29;TRUE;119.73;lr103_t1_08R_08V_02F_03M;8;300;0.91;60000;0;10.3
lr103;08R_08V_02F_04M;t1;0.05;41;761.62;TRUE;122.91;lr103_t1_08R_08V_02F_04M;8;300;0.92;60000;0;10.83
lr104;08R_08V_02F_03M;t1;0.05;41;765.44;TRUE;116.34;lr104_t1_08R_08V_02F_03M;8;10;0.34;60000;0;10.59
lr104;08R_08V_02F_04M;t1;0.05;41;762.11;TRUE;120.35;lr104_t1_08R_08V_02F_04M;8;42;0.4;60000;0;9.63
lr105;08R_08V_02F_03M;t1;0.05;41;869.95;TRUE;113.55;lr105_t1_08R_08V_02F_03M;8;27;0.36;60000;0;16.86
lr105;08R_08V_02F_04M;t1;0.05;41;858.77;TRUE;115.38;lr105_t1_08R_08V_02F_04M;8;15;0.34;60000;0;17.09
lr201;08R_08V_02F_03M;t2;0.05;41;930.52;TRUE;103.05;lr201_t2_08R_08V_02F_03M;8;36;0.35;60000;0;23.27
lr201;08R_08V_02F_04M;t2;0.05;41;929.83;TRUE;105.55;lr201_t2_08R_08V_02F_04M;8;36;0.37;60000;0;23.31
lr202;08R_08V_02F_03M;t2;0.05;41;717.53;TRUE;122.74;lr202_t2_08R_08V_02F_03M;8;2507;5.53;60000;0;33.09
lr202;08R_08V_02F_04M;t2;0.05;41;715.2;TRUE;127.21;lr202_t2_08R_08V_02F_04M;8;3960;8.76;60000;0;33.34
lr203;08R_08V_02F_03M;t2;0.05;41;728.54;TRUE;127.3;lr203_t2_08R_08V_02F_03M;8;4351;9.42;60000;0;22.18
lr203;08R_08V_02F_04M;t2;0.05;41;724.91;TRUE;133.91;lr203_t2_08R_08V_02F_04M;8;4351;10.03;60000;0;22.39
lr204;08R_08V_02F_03M;t2;0.05;41;708.43;TRUE;124.49;lr204_t2_08R_08V_02F_03M;8;5668;12.08;60000;0;15.6
lr204;08R_08V_02F_04M;t2;0.05;41;705.74;TRUE;129.76;lr204_t2_08R_08V_02F_04M;8;5668;12.64;60000;0;15.75
lr205;08R_08V_02F_03M;t2;0.05;41;736.45;TRUE;126.14;lr205_t2_08R_08V_02F_03M;8;793;2.09;60000;0;27.6
lr205;08R_08V_02F_04M;t2;0.05;41;729.88;TRUE;130.26;lr205_t2_08R_08V_02F_04M;8;793;2.07;60000;0;27.82
lr101;08R_08V_04F_03M;t1;0.05;41;1166.54;TRUE;43.65;lr101_t1_08R_08V_04F_03M;8;801;0.89;60000;69.7;14.28
lr101;08R_08V_04F_04M;t1;0.05;41;1135.03;TRUE;110.16;lr101_t1_08R_08V_04F_04M;8;375;0.99;60000;10.06;16.59
lr102;08R_08V_04F_03M;t1;0.05;41;1030.42;TRUE;24.75;lr102_t1_08R_08V_04F_03M;8;1763;1.1;60000;87.66;11.43
lr102;08R_08V_04F_04M;t1;0.05;41;1003.13;TRUE;114.07;lr102_t1_08R_08V_04F_04M;8;4;0.3;60000;9.82;9.75
lr103;08R_08V_04F_03M;t1;0.05;41;1099.07;TRUE;57.83;lr103_t1_08R_08V_04F_03M;8;26;0.31;60000;66.39;12.11
lr103;08R_08V_04F_04M;t1;0.05;41;1086.46;TRUE;74.39;lr103_t1_08R_08V_04F_04M;8;639;1.17;60000;55.63;13.13
lr104;08R_08V_04F_03M;t1;0.05;41;1096.75;TRUE;57.36;lr104_t1_08R_08V_04F_03M;8;2933;3.09;60000;67.35;14.33
lr104;08R_08V_04F_04M;t1;0.05;41;1092.54;TRUE;75.74;lr104_t1_08R_08V_04F_04M;8;673;1.17;60000;54.71;12.63
lr105;08R_08V_04F_03M;t1;0.05;41;1068.12;TRUE;116.11;lr105_t1_08R_08V_04F_03M;8;35;0.36;60000;4.32;11.91
lr105;08R_08V_04F_04M;t1;0.05;41;1053.6;TRUE;115.32;lr105_t1_08R_08V_04F_04M;8;4;0.3;60000;7.67;11.46
lr201;08R_08V_04F_03M;t2;0.05;41;1142.97;TRUE;119.94;lr201_t2_08R_08V_04F_03M;8;36;0.39;60000;4.32;20.34
lr201;08R_08V_04F_04M;t2;0.05;41;1136.32;TRUE;125.79;lr201_t2_08R_08V_04F_04M;8;36;0.36;60000;4.35;20.53
lr202;08R_08V_04F_03M;t2;0.05;41;885.9;TRUE;154.85;lr202_t2_08R_08V_04F_03M;8;470;1.56;60000;0;27.92
lr202;08R_08V_04F_04M;t2;0.05;41;880.69;TRUE;160.35;lr202_t2_08R_08V_04F_04M;8;470;1.54;60000;0;28.24
lr203;08R_08V_04F_03M;t2;0.05;41;929.42;TRUE;153.32;lr203_t2_08R_08V_04F_03M;8;120;0.59;60000;0;16.23
lr203;08R_08V_04F_04M;t2;0.05;41;928.97;TRUE;159.16;lr203_t2_08R_08V_04F_04M;8;120;0.64;60000;0;16.84
lr204;08R_08V_04F_03M;t2;0.05;41;888.62;TRUE;158.92;lr204_t2_08R_08V_04F_03M;8;2936;8.15;60000;0;8.32
lr204;08R_08V_04F_04M;t2;0.05;41;882.99;TRUE;167.9;lr204_t2_08R_08V_04F_04M;8;2936;8.63;60000;0;8.55
lr205;08R_08V_04F_03M;t2;0.05;41;945.1;TRUE;152.54;lr205_t2_08R_08V_04F_03M;8;42477;108.08;60000;0;19.51
lr205;08R_08V_04F_04M;t2;0.05;41;939.09;TRUE;156.32;lr205_t2_08R_08V_04F_04M;8;42477;110.76;60000;0;19.65
lr101;10R_10V_02F_03M;t1;0.05;41;1194.55;TRUE;125.06;lr101_t1_10R_10V_02F_03M;10;107;0.5;60000;0;21.14
lr101;10R_10V_02F_04M;t1;0.05;41;1187.36;TRUE;129.37;lr101_t1_10R_10V_02F_04M;10;17;0.35;60000;0;22.35
lr102;10R_10V_02F_03M;t1;0.05;41;1025.34;TRUE;52.55;lr102_t1_10R_10V_02F_03M;10;39;0.37;60000;66.6;10.76
lr102;10R_10V_02F_04M;t1;0.05;41;1022.31;TRUE;96.13;lr102_t1_10R_10V_02F_04M;10;825;1.69;60000;32.25;10.71
lr103;10R_10V_02F_03M;t1;0.05;41;1034.38;TRUE;63.62;lr103_t1_10R_10V_02F_03M;10;26;0.35;60000;63.36;12.58
lr103;10R_10V_02F_04M;t1;0.05;41;1022.42;TRUE;127.1;lr103_t1_10R_10V_02F_04M;10;45;0.38;60000;15.86;11.84
lr104;10R_10V_02F_03M;t1;0.05;41;890.44;TRUE;80.04;lr104_t1_10R_10V_02F_03M;10;5838;8.01;60000;47.19;9.43
lr104;10R_10V_02F_04M;t1;0.05;41;892.38;TRUE;82.82;lr104_t1_10R_10V_02F_04M;10;40548;55.83;60000;47.02;9.28
lr105;10R_10V_02F_03M;t1;0.05;41;1207.1;TRUE;74.83;lr105_t1_10R_10V_02F_03M;10;2;0.32;60000;49.8;19.14
lr105;10R_10V_02F_04M;t1;0.05;41;1188.48;TRUE;137;lr105_t1_10R_10V_02F_04M;10;2;0.29;60000;0;20.11
lr201;10R_10V_02F_03M;t2;0.05;41;1013.31;TRUE;123.9;lr201_t2_10R_10V_02F_03M;10;103;0.51;60000;6.73;26.95
lr201;10R_10V_02F_04M;t2;0.05;41;1013.31;TRUE;127.96;lr201_t2_10R_10V_02F_04M;10;103;0.54;60000;6.73;26.95
lr202;10R_10V_02F_03M;t2;0.05;41;917.01;TRUE;148.3;lr202_t2_10R_10V_02F_03M;10;670;1.98;60000;0;31.25
lr202;10R_10V_02F_04M;t2;0.05;41;916.41;TRUE;156.55;lr202_t2_10R_10V_02F_04M;10;670;2.18;60000;0;32.38
lr203;10R_10V_02F_03M;t2;0.05;41;866.54;TRUE;181.51;lr203_t2_10R_10V_02F_03M;10;35378;107.3;60000;0;17.68
lr203;10R_10V_02F_04M;t2;0.05;41;860.51;TRUE;188.58;lr203_t2_10R_10V_02F_04M;10;35378;111.49;60000;0;17.76
lr204;10R_10V_02F_03M;t2;0.05;41;750.97;TRUE;164.38;lr204_t2_10R_10V_02F_03M;10;1369;4.12;60000;0;8.98
lr204;10R_10V_02F_04M;t2;0.05;41;748.86;TRUE;172.92;lr204_t2_10R_10V_02F_04M;10;1369;4.32;60000;0;9.24
lr205;10R_10V_02F_03M;t2;0.05;41;879.87;TRUE;158.1;lr205_t2_10R_10V_02F_03M;10;28701;75.74;60000;0;26.26
lr205;10R_10V_02F_04M;t2;0.05;41;879.82;TRUE;164.75;lr205_t2_10R_10V_02F_04M;10;28701;78.66;60000;0;26.3
lr101;10R_10V_04F_03M;t1;0.05;41;1343.37;TRUE;88.25;lr101_t1_10R_10V_04F_03M;10;8925;13.42;60000;42.83;18.91
lr101;10R_10V_04F_04M;t1;0.05;41;1334.41;TRUE;144.51;lr101_t1_10R_10V_04F_04M;10;2427;6.17;60000;0;20.5
lr102;10R_10V_04F_03M;t1;0.05;41;1155.25;TRUE;28.99;lr102_t1_10R_10V_04F_03M;10;420;0.51;60000;88.18;7.49
lr102;10R_10V_04F_04M;t1;0.05;41;1145.23;TRUE;94.12;lr102_t1_10R_10V_04F_04M;10;7002;11.34;60000;40.18;9.12
lr103;10R_10V_04F_03M;t1;0.05;41;1482.45;TRUE;21.96;lr103_t1_10R_10V_04F_03M;10;49966;18.34;60000;97.33;12.37
lr103;10R_10V_04F_04M;t1;0.05;41;1444.21;TRUE;80.22;lr103_t1_10R_10V_04F_04M;10;1462;2.32;60000;67.04;12.18
lr104;10R_10V_04F_03M;t1;0.05;41;1232.39;TRUE;71.27;lr104_t1_10R_10V_04F_03M;10;1912;2.65;60000;65.75;7.48
lr104;10R_10V_04F_04M;t1;0.05;41;1218.3;TRUE;83.56;lr104_t1_10R_10V_04F_04M;10;1400;2.25;60000;59.14;8.71
lr105;10R_10V_04F_03M;t1;0.05;41;1595.98;TRUE;15.45;lr105_t1_10R_10V_04F_03M;10;41498;10.71;60000;97.31;16.57
lr105;10R_10V_04F_04M;t1;0.05;41;1517.24;TRUE;49.91;lr105_t1_10R_10V_04F_04M;10;2460;2.41;60000;76.76;17.68
lr201;10R_10V_04F_03M;t2;0.05;41;1358.22;TRUE;142.83;lr201_t2_10R_10V_04F_03M;10;38953;92.6;60000;12.7;22.37
lr201;10R_10V_04F_04M;t2;0.05;41;1358.22;TRUE;149.15;lr201_t2_10R_10V_04F_04M;10;38953;96.55;60000;12.7;22.81
lr202;10R_10V_04F_03M;t2;0.05;41;1258.79;TRUE;191.42;lr202_t2_10R_10V_04F_03M;10;12085;38.94;60000;0.46;27.65
lr202;10R_10V_04F_04M;t2;0.05;41;1240.42;TRUE;200.46;lr202_t2_10R_10V_04F_04M;10;51144;170.96;60000;0;30.45
lr203;10R_10V_04F_03M;t2;0.05;41;991.67;TRUE;223.78;lr203_t2_10R_10V_04F_03M;10;57530;214.75;60000;0;13.47
lr203;10R_10V_04F_04M;t2;0.05;41;988.99;TRUE;232.64;lr203_t2_10R_10V_04F_04M;10;9253;36.47;60000;0;13.6
lr204;10R_10V_04F_03M;t2;0.05;41;967.95;TRUE;222.97;lr204_t2_10R_10V_04F_03M;10;57011;211.9;60000;0;5.24
lr204;10R_10V_04F_04M;t2;0.05;41;958.91;TRUE;235.5;lr204_t2_10R_10V_04F_04M;10;33335;131.17;60000;0;5.49
lr205;10R_10V_04F_03M;t2;0.05;41;1058.89;TRUE;184.65;lr205_t2_10R_10V_04F_03M;10;33291;102.73;60000;0.01;23.13
lr205;10R_10V_04F_04M;t2;0.05;41;1037.32;TRUE;191.23;lr205_t2_10R_10V_04F_04M;10;33322;106.3;60000;0;23.24
lr101;12R_12V_02F_03M;t1;0.05;41;1444.04;TRUE;140.61;lr101_t1_12R_12V_02F_03M;12;25;0.37;60000;9.93;23.24
lr101;12R_12V_02F_04M;t1;0.05;41;1437.74;TRUE;143.24;lr101_t1_12R_12V_02F_04M;12;961;2.68;60000;9.93;23.36
lr102;12R_12V_02F_03M;t1;0.05;41;1404.9;TRUE;84.39;lr102_t1_12R_12V_02F_03M;12;399;0.87;60000;49.96;14.4
lr102;12R_12V_02F_04M;t1;0.05;41;1397.72;TRUE;89.9;lr102_t1_12R_12V_02F_04M;12;4065;6.57;60000;49.96;14.4
lr103;12R_12V_02F_03M;t1;0.05;41;1138.94;TRUE;117.87;lr103_t1_12R_12V_02F_03M;12;257;0.81;60000;34.82;10.5
lr103;12R_12V_02F_04M;t1;0.05;41;1126.46;TRUE;133.99;lr103_t1_12R_12V_02F_04M;12;127;0.6;60000;28.05;11.14
lr104;12R_12V_02F_03M;t1;0.05;41;1233.18;TRUE;91.77;lr104_t1_12R_12V_02F_03M;12;992;1.91;60000;54;5.47
lr104;12R_12V_02F_04M;t1;0.05;41;1223.17;TRUE;109.76;lr104_t1_12R_12V_02F_04M;12;295;0.88;60000;46.1;5.97
lr105;12R_12V_02F_03M;t1;0.05;41;1316.34;TRUE;56.3;lr105_t1_12R_12V_02F_03M;12;1690;1.91;60000;71.45;14.25
lr105;12R_12V_02F_04M;t1;0.05;41;1301.89;TRUE;138.55;lr105_t1_12R_12V_02F_04M;12;1;0;60000;13.92;15.15
lr201;12R_12V_02F_03M;t2;0.05;41;1411.58;TRUE;156.47;lr201_t2_12R_12V_02F_03M;12;10832;28.34;60000;0;22.18
lr201;12R_12V_02F_04M;t2;0.05;41;1411.18;TRUE;164.36;lr201_t2_12R_12V_02F_04M;12;10832;30.07;60000;0;22.22
lr202;12R_12V_02F_03M;t2;0.05;41;988.58;TRUE;183.13;lr202_t2_12R_12V_02F_03M;12;34858;106.5;60000;0;26.08
lr202;12R_12V_02F_04M;t2;0.05;41;987.78;TRUE;194.73;lr202_t2_12R_12V_02F_04M;12;34858;113.25;60000;0;26.93
lr203;12R_12V_02F_03M;t2;0.05;41;982.33;TRUE;214.76;lr203_t2_12R_12V_02F_03M;12;58564;209.56;60000;0;15.25
lr203;12R_12V_02F_04M;t2;0.05;41;980.13;TRUE;226.3;lr203_t2_12R_12V_02F_04M;12;58564;220.84;60000;0;15.33
lr204;12R_12V_02F_03M;t2;0.05;41;922.25;TRUE;203.44;lr204_t2_12R_12V_02F_03M;12;39670;134.66;60000;0;4.65
lr204;12R_12V_02F_04M;t2;0.05;41;920.57;TRUE;214.47;lr204_t2_12R_12V_02F_04M;12;39670;141.88;60000;0;4.71
lr205;12R_12V_02F_03M;t2;0.05;41;1057.57;TRUE;186.11;lr205_t2_12R_12V_02F_03M;12;49525;153.6;60000;4.91;24.64
lr205;12R_12V_02F_04M;t2;0.05;41;1036.41;TRUE;202.17;lr205_t2_12R_12V_02F_04M;12;25521;86.25;60000;0.01;24.83
lr101;12R_12V_04F_03M;t1;0.05;41;1653.54;TRUE;17.66;lr101_t1_12R_12V_04F_03M;12;3193;1.21;60000;99.84;15.71
lr101;12R_12V_04F_04M;t1;0.05;41;1621.93;TRUE;34.68;lr101_t1_12R_12V_04F_04M;12;51585;29.92;60000;94.3;15.63
lr102;12R_12V_04F_03M;t1;0.05;41;1645.67;TRUE;24.25;lr102_t1_12R_12V_04F_03M;12;47566;19.3;60000;98;17.25
lr102;12R_12V_04F_04M;t1;0.05;41;1603.39;TRUE;63.22;lr102_t1_12R_12V_04F_04M;12;20119;21.38;60000;77.16;17.57
lr103;12R_12V_04F_03M;t1;0.05;41;1460.09;TRUE;124.02;lr103_t1_12R_12V_04F_03M;12;16336;33.72;60000;49.15;8.29
lr103;12R_12V_04F_04M;t1;0.05;41;1437.85;TRUE;184.29;lr103_t1_12R_12V_04F_04M;12;4336;13.62;60000;16.74;8.77
lr104;12R_12V_04F_03M;t1;0.05;41;1499.18;TRUE;60.12;lr104_t1_12R_12V_04F_03M;12;13809;14.37;60000;82.84;6.77
lr104;12R_12V_04F_04M;t1;0.05;41;1484.35;TRUE;114.87;lr104_t1_12R_12V_04F_04M;12;26337;50.64;60000;58.18;4.86
lr105;12R_12V_04F_03M;t1;0.05;41;1728.08;TRUE;17.62;lr105_t1_12R_12V_04F_03M;12;11204;3.56;60000;99.11;15.2
lr105;12R_12V_04F_04M;t1;0.05;41;1715.7;TRUE;65.61;lr105_t1_12R_12V_04F_04M;12;15561;17.23;60000;74.91;14.53
lr201;12R_12V_04F_03M;t2;0.05;41;1574.75;TRUE;190.75;lr201_t2_12R_12V_04F_03M;12;6012;19.5;60000;3.83;18.65
lr201;12R_12V_04F_04M;t2;0.05;41;1573.87;TRUE;201.48;lr201_t2_12R_12V_04F_04M;12;25053;84.51;60000;3.91;19.96
lr202;12R_12V_04F_03M;t2;0.05;41;1213.47;TRUE;239.34;lr202_t2_12R_12V_04F_03M;12;39919;159.36;60000;0.02;21.04
lr202;12R_12V_04F_04M;t2;0.05;41;1224.57;TRUE;252.15;lr202_t2_12R_12V_04F_04M;12;42511;178.99;60000;0;22.09
lr203;12R_12V_04F_03M;t2;0.05;41;1241.37;TRUE;285.64;lr203_t2_12R_12V_04F_03M;12;22665;108.06;60000;0;10.41
lr203;12R_12V_04F_04M;t2;0.05;41;1209.99;TRUE;305.54;lr203_t2_12R_12V_04F_04M;12;5804;29.78;60000;0;10.56
lr204;12R_12V_04F_03M;t2;0.05;41;1205.96;TRUE;283.07;lr204_t2_12R_12V_04F_03M;12;46011;217.37;60000;0;2.03
lr204;12R_12V_04F_04M;t2;0.05;41;1198.42;TRUE;299.6;lr204_t2_12R_12V_04F_04M;12;46011;229.9;60000;0;2.13
lr205;12R_12V_04F_03M;t2;0.05;41;1231.88;TRUE;228.4;lr205_t2_12R_12V_04F_03M;12;43050;163.78;60000;6.8;21.72
lr205;12R_12V_04F_04M;t2;0.05;41;1233.95;TRUE;252.74;lr205_t2_12R_12V_04F_04M;12;40485;170.8;60000;0.04;22.15
LR1_2_1;40R_40V_02F_05M;t1;0.05;41;9080.63;TRUE;139.37;LR1_2_1_t1_40R_40V_02F_05M;40;58889;136.82;60000;99.59;5.67
LR1_2_1;40R_40V_02F_06M;t1;0.05;41;8910.54;TRUE;227.46;LR1_2_1_t1_40R_40V_02F_06M;40;33732;128.11;60000;96.14;5.94
LR1_2_2;40R_40V_02F_05M;t1;0.05;41;7806.84;TRUE;213.28;LR1_2_2_t1_40R_40V_02F_05M;40;11913;42.12;60000;98.62;4.63
LR1_2_2;40R_40V_02F_06M;t1;0.05;41;7766.05;TRUE;284.6;LR1_2_2_t1_40R_40V_02F_06M;40;56167;266.95;60000;95.42;4.65
LR1_2_3;40R_40V_02F_05M;t1;0.05;41;6084.18;TRUE;334.09;LR1_2_3_t1_40R_40V_02F_05M;40;32574;181.07;60000;94.23;3.99
LR1_2_3;40R_40V_02F_06M;t1;0.05;41;6035.68;TRUE;642.38;LR1_2_3_t1_40R_40V_02F_06M;40;28475;305.03;60000;59.37;4.13
LR1_2_4;40R_40V_02F_05M;t1;0.05;41;5392.71;TRUE;847.84;LR1_2_4_t1_40R_40V_02F_05M;40;7136;100.78;60000;57.01;5.32
LR1_2_4;40R_40V_02F_06M;t1;0.05;41;5338.19;TRUE;1191.26;LR1_2_4_t1_40R_40V_02F_06M;40;54659;1084.98;60000;24.22;5.07
LR1_2_5;40R_40V_02F_05M;t1;0.05;41;5953.23;TRUE;773.62;LR1_2_5_t1_40R_40V_02F_05M;40;929;12.35;60000;8.1;6.43
LR1_2_5;40R_40V_02F_06M;t1;0.05;41;5844.31;TRUE;851;LR1_2_5_t1_40R_40V_02F_06M;40;49077;696.82;60000;2.98;6.55
LR2_2_1;40R_40V_02F_05M;t2;0.05;41;8546.29;TRUE;981.39;LR2_2_1_t2_40R_40V_02F_05M;40;49245;807.3;60000;13.15;6.81
LR2_2_1;40R_40V_02F_06M;t2;0.05;41;8707.85;TRUE;1054.61;LR2_2_1_t2_40R_40V_02F_06M;40;12273;216.94;60000;13.18;7.02
LR2_2_2;40R_40V_02F_05M;t2;0.05;41;7235.98;TRUE;1281.23;LR2_2_2_t2_40R_40V_02F_05M;40;58844;1256.6;60000;17.21;7.28
LR2_2_2;40R_40V_02F_06M;t2;0.05;41;7168.94;TRUE;1510.93;LR2_2_2_t2_40R_40V_02F_06M;40;13008;328.69;60000;0.29;7.51
LR2_2_3;40R_40V_02F_05M;t2;0.05;41;6520.38;TRUE;1972.69;LR2_2_3_t2_40R_40V_02F_05M;40;37819;1246.38;60000;0;3.18
LR2_2_3;40R_40V_02F_06M;t2;0.05;41;6555.49;TRUE;2115.16;LR2_2_3_t2_40R_40V_02F_06M;40;28109;991.66;60000;0;3.31
LR2_2_4;40R_40V_02F_05M;t2;0.05;41;4967.4;TRUE;3225.53;LR2_2_4_t2_40R_40V_02F_05M;40;39721;2135.04;60000;0;1.87
LR2_2_4;40R_40V_02F_06M;t2;0.05;41;5030.39;TRUE;3298.21;LR2_2_4_t2_40R_40V_02F_06M;40;13363;736.53;60000;0;1.9
LR2_2_5;40R_40V_02F_05M;t2;0.05;41;8143.73;TRUE;1260.55;LR2_2_5_t2_40R_40V_02F_05M;40;48485;1019.38;60000;0;8.77
LR2_2_5;40R_40V_02F_06M;t2;0.05;41;8141.55;TRUE;1367.16;LR2_2_5_t2_40R_40V_02F_06M;40;48485;1105.95;60000;0;8.83
LR1_2_1;40R_40V_04F_05M;t1;0.05;41;NA;FALSE;106.35;LR1_2_1_t1_40R_40V_04F_05M;40;0;0;60000;100;0
LR1_2_1;40R_40V_04F_06M;t1;0.05;41;11437.75;TRUE;145.91;LR1_2_1_t1_40R_40V_04F_06M;40;1;0.02;60000;100;6.88
LR1_2_2;40R_40V_04F_05M;t1;0.05;41;9624.57;TRUE;145.23;LR1_2_2_t1_40R_40V_04F_05M;40;38716;93.99;60000;100;5.8
LR1_2_2;40R_40V_04F_06M;t1;0.05;41;9389.08;TRUE;197.82;LR1_2_2_t1_40R_40V_04F_06M;40;20357;66.97;60000;99.94;5.8
LR1_2_3;40R_40V_04F_05M;t1;0.05;41;9817.1;TRUE;193.71;LR1_2_3_t1_40R_40V_04F_05M;40;1;0.02;60000;100;5.09
LR1_2_3;40R_40V_04F_06M;t1;0.05;41;8843.47;TRUE;278.56;LR1_2_3_t1_40R_40V_04F_06M;40;13704;63.65;60000;99.94;5.09
LR1_2_4;40R_40V_04F_05M;t1;0.05;41;7196.62;TRUE;577.49;LR1_2_4_t1_40R_40V_04F_05M;40;47116;453.29;60000;95.69;5.33
LR1_2_4;40R_40V_04F_06M;t1;0.05;41;7056.86;TRUE;828.56;LR1_2_4_t1_40R_40V_04F_06M;40;2492;34.37;60000;88.38;4.82
LR1_2_5;40R_40V_04F_05M;t1;0.05;41;9251.5;TRUE;238.67;LR1_2_5_t1_40R_40V_04F_05M;40;59236;235.68;60000;99.99;5.9
LR1_2_5;40R_40V_04F_06M;t1;0.05;41;8920.58;TRUE;349.29;LR1_2_5_t1_40R_40V_04F_06M;40;41667;241.85;60000;99.38;6.32
LR2_2_1;40R_40V_04F_05M;t2;0.05;41;10223.51;TRUE;893.42;LR2_2_1_t2_40R_40V_04F_05M;40;27547;411.93;60000;55.77;5.94
LR2_2_1;40R_40V_04F_06M;t2;0.05;41;9692.61;TRUE;961;LR2_2_1_t2_40R_40V_04F_06M;40;29883;480.31;60000;55.24;6.36
LR2_2_2;40R_40V_04F_05M;t2;0.05;41;8290.13;TRUE;1895.45;LR2_2_2_t2_40R_40V_04F_05M;40;39133;1238.74;60000;3.8;5.07
LR2_2_2;40R_40V_04F_06M;t2;0.05;41;8303.8;TRUE;2047.7;LR2_2_2_t2_40R_40V_04F_06M;40;5911;204.63;60000;0.07;5.5
LR2_2_3;40R_40V_04F_05M;t2;0.05;41;7799.27;TRUE;2460.23;LR2_2_3_t2_40R_40V_04F_05M;40;43469;1783.74;60000;23.45;2.47
LR2_2_3;40R_40V_04F_06M;t2;0.05;41;7809.46;TRUE;2968.34;LR2_2_3_t2_40R_40V_04F_06M;40;25428;1258.41;60000;1.73;2.67
LR2_2_4;40R_40V_04F_05M;t2;0.05;41;6156.57;TRUE;3600.03;LR2_2_4_t2_40R_40V_04F_05M;40;23430;1948.96;43328;0;1.29
LR2_2_4;40R_40V_04F_06M;t2;0.05;41;6213.16;TRUE;3600.01;LR2_2_4_t2_40R_40V_04F_06M;40;13499;1160.19;41884;0;1.33
LR2_2_5;40R_40V_04F_05M;t2;0.05;41;8963.23;TRUE;1722.14;LR2_2_5_t2_40R_40V_04F_05M;40;9408;271.39;60000;0;6.55
LR2_2_5;40R_40V_04F_06M;t2;0.05;41;8950.71;TRUE;1834.51;LR2_2_5_t2_40R_40V_04F_06M;40;9408;289.97;60000;0;6.74
LR1_2_1;60R_60V_02F_05M;t1;0.05;41;13041.96;TRUE;275.48;LR1_2_1_t1_60R_60V_02F_05M;60;33032;151.38;60000;99.99;6.46
LR1_2_1;60R_60V_02F_06M;t1;0.05;41;12773.86;TRUE;377.62;LR1_2_1_t1_60R_60V_02F_06M;60;58053;365.38;60000;99.82;6.01
LR1_2_2;60R_60V_02F_05M;t1;0.05;41;11144.26;TRUE;532.01;LR1_2_2_t1_60R_60V_02F_05M;60;59554;527.89;60000;95.16;5.53
LR1_2_2;60R_60V_02F_06M;t1;0.05;41;11171.65;TRUE;751.64;LR1_2_2_t1_60R_60V_02F_06M;60;28396;357.9;60000;86.5;5.55
LR1_2_3;60R_60V_02F_05M;t1;0.05;41;9551.47;TRUE;526.35;LR1_2_3_t1_60R_60V_02F_05M;60;47688;418.22;60000;99.78;3.84
LR1_2_3;60R_60V_02F_06M;t1;0.05;41;9616.79;TRUE;714.32;LR1_2_3_t1_60R_60V_02F_06M;60;37062;441.6;60000;98.24;3.93
LR1_2_4;60R_60V_02F_05M;t1;0.05;41;6956.18;TRUE;1999.46;LR1_2_4_t1_60R_60V_02F_05M;60;88;3.32;60000;51.02;2.46
LR1_2_4;60R_60V_02F_06M;t1;0.05;41;7071.92;TRUE;2758.07;LR1_2_4_t1_60R_60V_02F_06M;60;32312;1491.1;60000;19.71;2.44
LR1_2_5;60R_60V_02F_05M;t1;0.05;41;10001.03;TRUE;968.04;LR1_2_5_t1_60R_60V_02F_05M;60;1542;24.55;60000;63.4;5.76
LR1_2_5;60R_60V_02F_06M;t1;0.05;41;9986.64;TRUE;1196.3;LR1_2_5_t1_60R_60V_02F_06M;60;19633;390.04;60000;50.23;6.03
LR2_2_1;60R_60V_02F_05M;t2;0.05;41;12982.45;TRUE;1895.15;LR2_2_1_t2_60R_60V_02F_05M;60;28730;908.72;60000;32.88;7.06
LR2_2_1;60R_60V_02F_06M;t2;0.05;41;13237.38;TRUE;2185.61;LR2_2_1_t2_60R_60V_02F_06M;60;6983;256.22;60000;23.23;7.22
LR2_2_2;60R_60V_02F_05M;t2;0.05;41;10922.81;TRUE;3378.1;LR2_2_2_t2_60R_60V_02F_05M;60;23907;1347.3;60000;0;5.94
LR2_2_2;60R_60V_02F_06M;t2;0.05;41;10809.57;TRUE;3600.05;LR2_2_2_t2_60R_60V_02F_06M;60;37942;2284.23;59952;0;6.04
LR2_2_3;60R_60V_02F_05M;t2;0.05;41;10745.57;TRUE;3600.02;LR2_2_3_t2_60R_60V_02F_05M;60;2014;142.76;51020;5.43;3.94
LR2_2_3;60R_60V_02F_06M;t2;0.05;41;10819.56;TRUE;3600.04;LR2_2_3_t2_60R_60V_02F_06M;60;46073;3568.99;46475;0.07;4.11
LR2_2_4;60R_60V_02F_05M;t2;0.05;41;8080.22;TRUE;3600.08;LR2_2_4_t2_60R_60V_02F_05M;60;15230;1667.81;32869;0;1.32
LR2_2_4;60R_60V_02F_06M;t2;0.05;41;8019.69;TRUE;3600.1;LR2_2_4_t2_60R_60V_02F_06M;60;11566;1348.27;30808;0;1.36
LR2_2_5;60R_60V_02F_05M;t2;0.05;41;12879.86;TRUE;2790.44;LR2_2_5_t2_60R_60V_02F_05M;60;10894;511.68;60000;0;6.99
LR2_2_5;60R_60V_02F_06M;t2;0.05;41;12869.05;TRUE;2978.58;LR2_2_5_t2_60R_60V_02F_06M;60;10894;545.98;60000;0;7.1
LR1_2_1;60R_60V_04F_05M;t1;0.05;41;NA;FALSE;294.79;LR1_2_1_t1_60R_60V_04F_05M;60;0;0;60000;100;0
LR1_2_1;60R_60V_04F_06M;t1;0.05;41;16193.38;TRUE;398.68;LR1_2_1_t1_60R_60V_04F_06M;60;27034;180.39;60000;100;7.54
LR1_2_2;60R_60V_04F_05M;t1;0.05;41;NA;FALSE;242.8;LR1_2_2_t1_60R_60V_04F_05M;60;0;0;60000;100;0
LR1_2_2;60R_60V_04F_06M;t1;0.05;41;NA;FALSE;333.17;LR1_2_2_t1_60R_60V_04F_06M;60;0;0;60000;100;0
LR1_2_3;60R_60V_04F_05M;t1;0.05;41;13357.98;TRUE;428.56;LR1_2_3_t1_60R_60V_04F_05M;60;1;0.08;60000;100;6.07
LR1_2_3;60R_60V_04F_06M;t1;0.05;41;13096.3;TRUE;532.17;LR1_2_3_t1_60R_60V_04F_06M;60;3562;32.51;60000;100;5.98
LR1_2_4;60R_60V_04F_05M;t1;0.05;41;10045.53;TRUE;1072.59;LR1_2_4_t1_60R_60V_04F_05M;60;42796;766.53;60000;99.48;3.6
LR1_2_4;60R_60V_04F_06M;t1;0.05;41;9549.52;TRUE;1790.53;LR1_2_4_t1_60R_60V_04F_06M;60;56866;1696.2;60000;95.86;3.34
LR1_2_5;60R_60V_04F_05M;t1;0.05;41;NA;FALSE;355.94;LR1_2_5_t1_60R_60V_04F_05M;60;0;0;60000;100;0
LR1_2_5;60R_60V_04F_06M;t1;0.05;41;13761.14;TRUE;524.23;LR1_2_5_t1_60R_60V_04F_06M;60;38780;338.26;60000;100;8.68
LR2_2_1;60R_60V_04F_05M;t2;0.05;41;15283.04;TRUE;2069.64;LR2_2_1_t2_60R_60V_04F_05M;60;18500;639.16;60000;62.76;5.87
LR2_2_1;60R_60V_04F_06M;t2;0.05;41;14959.45;TRUE;2871.85;LR2_2_1_t2_60R_60V_04F_06M;60;36236;1740.38;60000;37.91;6
LR2_2_2;60R_60V_04F_05M;t2;0.05;41;13170.65;TRUE;3600.06;LR2_2_2_t2_60R_60V_04F_05M;60;48038;3310.4;52346;25.69;4.45
LR2_2_2;60R_60V_04F_06M;t2;0.05;41;12781.45;TRUE;3600.04;LR2_2_2_t2_60R_60V_04F_06M;60;20704;1472.17;50296;25.77;4.58
LR2_2_3;60R_60V_04F_05M;t2;0.05;41;12639.03;TRUE;3600.03;LR2_2_3_t2_60R_60V_04F_05M;60;31387;3307.72;34189;6.05;2.82
LR2_2_3;60R_60V_04F_06M;t2;0.05;41;12424.39;TRUE;3600.07;LR2_2_3_t2_60R_60V_04F_06M;60;16032;1845.43;31302;0.49;2.9
LR2_2_4;60R_60V_04F_05M;t2;0.05;41;9805.81;TRUE;3600.01;LR2_2_4_t2_60R_60V_04F_05M;60;5145;864.76;21417;0;0.9
LR2_2_4;60R_60V_04F_06M;t2;0.05;41;9865.1;TRUE;3600.02;LR2_2_4_t2_60R_60V_04F_06M;60;5351;971.02;19868;0;0.9
LR2_2_5;60R_60V_04F_05M;t2;0.05;41;14496.94;TRUE;3600;LR2_2_5_t2_60R_60V_04F_05M;60;14954;977.94;55239;0;4.55
LR2_2_5;60R_60V_04F_06M;t2;0.05;41;14250.32;TRUE;3600.05;LR2_2_5_t2_60R_60V_04F_06M;60;5362;378.09;51211;0;4.87
lr101;06R_06V_02F_03M;t1;0.05;58;780.51;TRUE;95.29;lr101_t1_06R_06V_02F_03M;6;39;0.35;60000;0;15.72
lr101;06R_06V_02F_04M;t1;0.05;58;768.25;TRUE;96.36;lr101_t1_06R_06V_02F_04M;6;244;0.74;60000;0;18
lr102;06R_06V_02F_03M;t1;0.05;58;606.02;TRUE;94.5;lr102_t1_06R_06V_02F_03M;6;2;0.28;60000;0;9.47
lr102;06R_06V_02F_04M;t1;0.05;58;605.59;TRUE;95.29;lr102_t1_06R_06V_02F_04M;6;2;0.28;60000;0;9.54
lr103;06R_06V_02F_03M;t1;0.05;58;607.5;TRUE;96.36;lr103_t1_06R_06V_02F_03M;6;38;0.34;60000;0;16.22
lr103;06R_06V_02F_04M;t1;0.05;58;599.29;TRUE;97.14;lr103_t1_06R_06V_02F_04M;6;38;0.36;60000;0;17.19
lr104;06R_06V_02F_03M;t1;0.05;58;431.33;TRUE;88.69;lr104_t1_06R_06V_02F_03M;6;6;0.29;60000;0;19.71
lr104;06R_06V_02F_04M;t1;0.05;58;431.33;TRUE;91.31;lr104_t1_06R_06V_02F_04M;6;6;0.32;60000;0;18.04
lr105;06R_06V_02F_03M;t1;0.05;58;660.1;TRUE;46.51;lr105_t1_06R_06V_02F_03M;6;1;0;60000;49.63;29.44
lr105;06R_06V_02F_04M;t1;0.05;58;654.89;TRUE;46.88;lr105_t1_06R_06V_02F_04M;6;1;0;60000;49.63;29.6
lr201;06R_06V_02F_03M;t2;0.05;58;793.39;TRUE;79.73;lr201_t2_06R_06V_02F_03M;6;37;0.35;60000;0;28.5
lr201;06R_06V_02F_04M;t2;0.05;58;793.39;TRUE;81.69;lr201_t2_06R_06V_02F_04M;6;37;0.38;60000;0;28.5
lr202;06R_06V_02F_03M;t2;0.05;58;545.89;TRUE;91.6;lr202_t2_06R_06V_02F_03M;6;86;0.4;60000;0;31.98
lr202;06R_06V_02F_04M;t2;0.05;58;545.89;TRUE;94.91;lr202_t2_06R_06V_02F_04M;6;86;0.47;60000;0;32.13
lr203;06R_06V_02F_03M;t2;0.05;58;686.32;TRUE;97.71;lr203_t2_06R_06V_02F_03M;6;21;0.31;60000;0;35.27
lr203;06R_06V_02F_04M;t2;0.05;58;686.32;TRUE;98.81;lr203_t2_06R_06V_02F_04M;6;21;0.32;60000;0;35.55
lr204;06R_06V_02F_03M;t2;0.05;58;611.17;TRUE;110.35;lr204_t2_06R_06V_02F_03M;6;4530;8.71;60000;0;24.96
lr204;06R_06V_02F_04M;t2;0.05;58;610.66;TRUE;113.63;lr204_t2_06R_06V_02F_04M;6;1064;2.34;60000;0;25.03
lr205;06R_06V_02F_03M;t2;0.05;58;540.49;TRUE;101.32;lr205_t2_06R_06V_02F_03M;6;103;0.49;60000;0;29.56
lr205;06R_06V_02F_04M;t2;0.05;58;540.45;TRUE;104.77;lr205_t2_06R_06V_02F_04M;6;96;0.48;60000;0;29.64
lr101;06R_06V_04F_03M;t1;0.05;58;749.14;TRUE;83.52;lr101_t1_06R_06V_04F_03M;6;1;0;60000;9.94;10.66
lr101;06R_06V_04F_04M;t1;0.05;58;736.64;TRUE;92.65;lr101_t1_06R_06V_04F_04M;6;18;0.31;60000;0;12.7
lr102;06R_06V_04F_03M;t1;0.05;58;724.27;TRUE;94.28;lr102_t1_06R_06V_04F_03M;6;388;0.89;60000;10.16;9.69
lr102;06R_06V_04F_04M;t1;0.05;58;692.08;TRUE;97.69;lr102_t1_06R_06V_04F_04M;6;24;0.35;60000;8.38;10.51
lr103;06R_06V_04F_03M;t1;0.05;58;947.66;TRUE;110.02;lr103_t1_06R_06V_04F_03M;6;97;0.45;60000;0;12.26
lr103;06R_06V_04F_04M;t1;0.05;58;974.37;TRUE;112.38;lr103_t1_06R_06V_04F_04M;6;4;0.29;60000;0;14.35
lr104;06R_06V_04F_03M;t1;0.05;58;659.55;TRUE;44.14;lr104_t1_06R_06V_04F_03M;6;2;0.29;60000;60.66;17.04
lr104;06R_06V_04F_04M;t1;0.05;58;656.61;TRUE;46.65;lr104_t1_06R_06V_04F_04M;6;2;0.29;60000;59.53;17.68
lr105;06R_06V_04F_03M;t1;0.05;58;864.51;TRUE;50.24;lr105_t1_06R_06V_04F_03M;6;4;0.32;60000;49.63;19.3
lr105;06R_06V_04F_04M;t1;0.05;58;856.98;TRUE;52.58;lr105_t1_06R_06V_04F_04M;6;4;0.29;60000;49.63;19.44
lr201;06R_06V_04F_03M;t2;0.05;58;936.6;TRUE;98.29;lr201_t2_06R_06V_04F_03M;6;58;0.42;60000;0;18.7
lr201;06R_06V_04F_04M;t2;0.05;58;935.98;TRUE;99.38;lr201_t2_06R_06V_04F_04M;6;58;0.43;60000;0;18.73
lr202;06R_06V_04F_03M;t2;0.05;58;604.04;TRUE;109.95;lr202_t2_06R_06V_04F_03M;6;303;0.87;60000;0;36.66
lr202;06R_06V_04F_04M;t2;0.05;58;604.04;TRUE;113.42;lr202_t2_06R_06V_04F_04M;6;579;1.39;60000;0;39.88
lr203;06R_06V_04F_03M;t2;0.05;58;797.56;TRUE;109.9;lr203_t2_06R_06V_04F_03M;6;57946;106.09;60000;0;37.11
lr203;06R_06V_04F_04M;t2;0.05;58;725.28;TRUE;110.7;lr203_t2_06R_06V_04F_04M;6;21;0.36;60000;0;31.26
lr204;06R_06V_04F_03M;t2;0.05;58;764.38;TRUE;122.46;lr204_t2_06R_06V_04F_03M;6;380;1.11;60000;0;17.05
lr204;06R_06V_04F_04M;t2;0.05;58;760.99;TRUE;127.59;lr204_t2_06R_06V_04F_04M;6;380;1.13;60000;0;16.97
lr205;06R_06V_04F_03M;t2;0.05;58;604.07;TRUE;113.54;lr205_t2_06R_06V_04F_03M;6;922;2.07;60000;0;24.76
lr205;06R_06V_04F_04M;t2;0.05;58;599.81;TRUE;115.75;lr205_t2_06R_06V_04F_04M;6;922;2.07;60000;0;24.99
lr101;08R_08V_02F_03M;t1;0.05;58;1018.05;TRUE;108.55;lr101_t1_08R_08V_02F_03M;8;62;0.44;60000;0;22.57
lr101;08R_08V_02F_04M;t1;0.05;58;1010.27;TRUE;108.68;lr101_t1_08R_08V_02F_04M;8;14;0.34;60000;0;23.82
lr102;08R_08V_02F_03M;t1;0.05;58;869.72;TRUE;113.47;lr102_t1_08R_08V_02F_03M;8;3;0.32;60000;0;11.02
lr102;08R_08V_02F_04M;t1;0.05;58;864.66;TRUE;115.31;lr102_t1_08R_08V_02F_04M;8;3;0.32;60000;0;11.19
lr103;08R_08V_02F_03M;t1;0.05;58;769.29;TRUE;119.28;lr103_t1_08R_08V_02F_03M;8;95;0.5;60000;0;10.32
lr103;08R_08V_02F_04M;t1;0.05;58;761.62;TRUE;122.5;lr103_t1_08R_08V_02F_04M;8;95;0.49;60000;0;10.85
lr104;08R_08V_02F_03M;t1;0.05;58;765.44;TRUE;117.41;lr104_t1_08R_08V_02F_03M;8;3;0.33;60000;0;10.56
lr104;08R_08V_02F_04M;t1;0.05;58;762.11;TRUE;120.47;lr104_t1_08R_08V_02F_04M;8;3;0.32;60000;0;9.62
lr105;08R_08V_02F_03M;t1;0.05;58;869.95;TRUE;113.58;lr105_t1_08R_08V_02F_03M;8;7;0.34;60000;0;16.86
lr105;08R_08V_02F_04M;t1;0.05;58;858.77;TRUE;115.91;lr105_t1_08R_08V_02F_04M;8;7;0.32;60000;0;17.08
lr201;08R_08V_02F_03M;t2;0.05;58;930.52;TRUE;102.43;lr201_t2_08R_08V_02F_03M;8;5;0.33;60000;0;23.23
lr201;08R_08V_02F_04M;t2;0.05;58;929.83;TRUE;105.72;lr201_t2_08R_08V_02F_04M;8;5;0.28;60000;0;23.28
lr202;08R_08V_02F_03M;t2;0.05;58;717.53;TRUE;122.39;lr202_t2_08R_08V_02F_03M;8;3647;7.83;60000;0;33.13
lr202;08R_08V_02F_04M;t2;0.05;58;715.2;TRUE;125.45;lr202_t2_08R_08V_02F_04M;8;121;0.6;60000;0;33.38
lr203;08R_08V_02F_03M;t2;0.05;58;728.54;TRUE;128.91;lr203_t2_08R_08V_02F_03M;8;1166;2.93;60000;0;22.19
lr203;08R_08V_02F_04M;t2;0.05;58;724.91;TRUE;132.01;lr203_t2_08R_08V_02F_04M;8;1166;2.88;60000;0;22.39
lr204;08R_08V_02F_03M;t2;0.05;58;708.43;TRUE;125.8;lr204_t2_08R_08V_02F_03M;8;5953;12.84;60000;0;15.6
lr204;08R_08V_02F_04M;t2;0.05;58;705.74;TRUE;129.27;lr204_t2_08R_08V_02F_04M;8;5953;13.04;60000;0;15.74
lr205;08R_08V_02F_03M;t2;0.05;58;736.45;TRUE;126.48;lr205_t2_08R_08V_02F_03M;8;11863;25.27;60000;0;27.62
lr205;08R_08V_02F_04M;t2;0.05;58;729.88;TRUE;130.12;lr205_t2_08R_08V_02F_04M;8;12645;27.65;60000;0;27.83
lr101;08R_08V_04F_03M;t1;0.05;58;1166.54;TRUE;44.45;lr101_t1_08R_08V_04F_03M;8;551;0.74;60000;68.9;14.27
lr101;08R_08V_04F_04M;t1;0.05;58;1135.03;TRUE;110.56;lr101_t1_08R_08V_04F_04M;8;914;2.02;60000;9.93;16.59
lr102;08R_08V_04F_03M;t1;0.05;58;1030.42;TRUE;24.67;lr102_t1_08R_08V_04F_03M;8;1057;0.75;60000;87.57;11.43
lr102;08R_08V_04F_04M;t1;0.05;58;1003.13;TRUE;113.23;lr102_t1_08R_08V_04F_04M;8;3;0.29;60000;9.59;9.74
lr103;08R_08V_04F_03M;t1;0.05;58;1099.07;TRUE;58.04;lr103_t1_08R_08V_04F_03M;8;529;0.79;60000;66.44;12.13
lr103;08R_08V_04F_04M;t1;0.05;58;1086.46;TRUE;73.46;lr103_t1_08R_08V_04F_04M;8;105;0.38;60000;55.8;13.12
lr104;08R_08V_04F_03M;t1;0.05;58;1096.75;TRUE;57.89;lr104_t1_08R_08V_04F_03M;8;57;0.33;60000;67.21;14.37
lr104;08R_08V_04F_04M;t1;0.05;58;1092.54;TRUE;74.57;lr104_t1_08R_08V_04F_04M;8;818;1.31;60000;54.7;12.66
lr105;08R_08V_04F_03M;t1;0.05;58;1068.12;TRUE;115.66;lr105_t1_08R_08V_04F_03M;8;16;0.31;60000;4.43;11.87
lr105;08R_08V_04F_04M;t1;0.05;58;1053.6;TRUE;114.65;lr105_t1_08R_08V_04F_04M;8;14;0.35;60000;7.78;11.46
lr201;08R_08V_04F_03M;t2;0.05;58;1142.97;TRUE;121.77;lr201_t2_08R_08V_04F_03M;8;5;0.32;60000;4.33;20.32
lr201;08R_08V_04F_04M;t2;0.05;58;1136.32;TRUE;126.39;lr201_t2_08R_08V_04F_04M;8;5;0.3;60000;4.3;20.54
lr202;08R_08V_04F_03M;t2;0.05;58;885.9;TRUE;153.6;lr202_t2_08R_08V_04F_03M;8;1014;2.93;60000;0;27.91
lr202;08R_08V_04F_04M;t2;0.05;58;880.69;TRUE;159.9;lr202_t2_08R_08V_04F_04M;8;1014;3.04;60000;0;28.24
lr203;08R_08V_04F_03M;t2;0.05;58;929.42;TRUE;153.85;lr203_t2_08R_08V_04F_03M;8;537;1.63;60000;0;16.25
lr203;08R_08V_04F_04M;t2;0.05;58;928.97;TRUE;159.95;lr203_t2_08R_08V_04F_04M;8;537;1.71;60000;0;16.85
lr204;08R_08V_04F_03M;t2;0.05;58;888.62;TRUE;159.79;lr204_t2_08R_08V_04F_03M;8;1927;5.52;60000;0;8.34
lr204;08R_08V_04F_04M;t2;0.05;58;882.99;TRUE;167.36;lr204_t2_08R_08V_04F_04M;8;1927;5.81;60000;0;8.56
lr205;08R_08V_04F_03M;t2;0.05;58;938.07;TRUE;152.48;lr205_t2_08R_08V_04F_03M;8;50588;128.59;60000;0;19.56
lr205;08R_08V_04F_04M;t2;0.05;58;930.27;TRUE;157.11;lr205_t2_08R_08V_04F_04M;8;50588;132.71;60000;0;19.68
lr101;10R_10V_02F_03M;t1;0.05;58;1194.55;TRUE;125.58;lr101_t1_10R_10V_02F_03M;10;93;0.49;60000;0;21.14
lr101;10R_10V_02F_04M;t1;0.05;58;1187.36;TRUE;129.48;lr101_t1_10R_10V_02F_04M;10;38;0.4;60000;0;22.36
lr102;10R_10V_02F_03M;t1;0.05;58;1025.34;TRUE;52.19;lr102_t1_10R_10V_02F_03M;10;513;0.75;60000;66.9;10.75
lr102;10R_10V_02F_04M;t1;0.05;58;1022.31;TRUE;97.67;lr102_t1_10R_10V_02F_04M;10;141;0.57;60000;32.16;10.7
lr103;10R_10V_02F_03M;t1;0.05;58;1034.38;TRUE;63.64;lr103_t1_10R_10V_02F_03M;10;148;0.47;60000;63.53;12.57
lr103;10R_10V_02F_04M;t1;0.05;58;1022.42;TRUE;128.71;lr103_t1_10R_10V_02F_04M;10;20;0.36;60000;16.2;11.88
lr104;10R_10V_02F_03M;t1;0.05;58;891.3;TRUE;80.03;lr104_t1_10R_10V_02F_03M;10;947;1.63;60000;47.04;9.38
lr104;10R_10V_02F_04M;t1;0.05;58;892.38;TRUE;83.51;lr104_t1_10R_10V_02F_04M;10;12654;18.24;60000;46.91;9.23
lr105;10R_10V_02F_03M;t1;0.05;58;1207.1;TRUE;74.33;lr105_t1_10R_10V_02F_03M;10;2;0.29;60000;49.8;19.12
lr105;10R_10V_02F_04M;t1;0.05;58;1188.48;TRUE;138.15;lr105_t1_10R_10V_02F_04M;10;2;0.32;60000;0;20.11
lr201;10R_10V_02F_03M;t2;0.05;58;1013.31;TRUE;123.47;lr201_t2_10R_10V_02F_03M;10;138;0.58;60000;6.68;26.92
lr201;10R_10V_02F_04M;t2;0.05;58;1013.31;TRUE;127.92;lr201_t2_10R_10V_02F_04M;10;138;0.63;60000;6.68;26.92
lr202;10R_10V_02F_03M;t2;0.05;58;912.64;TRUE;148.72;lr202_t2_10R_10V_02F_03M;10;32190;79.9;60000;0;31.23
lr202;10R_10V_02F_04M;t2;0.05;58;910.41;TRUE;156.3;lr202_t2_10R_10V_02F_04M;10;32190;84.06;60000;0;32.39
lr203;10R_10V_02F_03M;t2;0.05;58;866.44;TRUE;179.31;lr203_t2_10R_10V_02F_03M;10;51850;154.95;60000;0;17.77
lr203;10R_10V_02F_04M;t2;0.05;58;861.84;TRUE;190.03;lr203_t2_10R_10V_02F_04M;10;8728;28.02;60000;0;17.83
lr204;10R_10V_02F_03M;t2;0.05;58;746;TRUE;164.96;lr204_t2_10R_10V_02F_03M;10;7110;19.56;60000;0;9.1
lr204;10R_10V_02F_04M;t2;0.05;58;743.89;TRUE;172.2;lr204_t2_10R_10V_02F_04M;10;7110;20.53;60000;0;9.35
lr205;10R_10V_02F_03M;t2;0.05;58;877.35;TRUE;159.47;lr205_t2_10R_10V_02F_03M;10;57807;153.64;60000;0;26.25
lr205;10R_10V_02F_04M;t2;0.05;58;869.89;TRUE;167.18;lr205_t2_10R_10V_02F_04M;10;57807;160.97;60000;0;26.26
lr101;10R_10V_04F_03M;t1;0.05;58;1343.37;TRUE;87.8;lr101_t1_10R_10V_04F_03M;10;713;1.25;60000;42.8;18.91
lr101;10R_10V_04F_04M;t1;0.05;58;1334.41;TRUE;147.2;lr101_t1_10R_10V_04F_04M;10;211;0.83;60000;0;20.5
lr102;10R_10V_04F_03M;t1;0.05;58;1155.25;TRUE;29.39;lr102_t1_10R_10V_04F_03M;10;503;0.56;60000;88.05;7.53
lr102;10R_10V_04F_04M;t1;0.05;58;1145.23;TRUE;95.56;lr102_t1_10R_10V_04F_04M;10;1792;3.28;60000;39.72;9.12
lr103;10R_10V_04F_03M;t1;0.05;58;1482.45;TRUE;22.06;lr103_t1_10R_10V_04F_03M;10;46982;17.33;60000;97.25;12.39
lr103;10R_10V_04F_04M;t1;0.05;58;1444.21;TRUE;79.24;lr103_t1_10R_10V_04F_04M;10;566;1.07;60000;66.94;12.18
lr104;10R_10V_04F_03M;t1;0.05;58;1232.39;TRUE;70.32;lr104_t1_10R_10V_04F_03M;10;10504;12.58;60000;65.73;7.52
lr104;10R_10V_04F_04M;t1;0.05;58;1218.3;TRUE;83.13;lr104_t1_10R_10V_04F_04M;10;8491;12.18;60000;59.14;8.72
lr105;10R_10V_04F_03M;t1;0.05;58;1592.96;TRUE;15.6;lr105_t1_10R_10V_04F_03M;10;2116;0.87;60000;97.44;16.52
lr105;10R_10V_04F_04M;t1;0.05;58;1517.24;TRUE;49.36;lr105_t1_10R_10V_04F_04M;10;1179;1.34;60000;76.63;17.69
lr201;10R_10V_04F_03M;t2;0.05;58;1379.85;TRUE;141.9;lr201_t2_10R_10V_04F_03M;10;55676;131.82;60000;12.74;22.35
lr201;10R_10V_04F_04M;t2;0.05;58;1379.85;TRUE;150.99;lr201_t2_10R_10V_04F_04M;10;55676;140.07;60000;12.74;22.79
lr202;10R_10V_04F_03M;t2;0.05;58;1259.36;TRUE;192.17;lr202_t2_10R_10V_04F_03M;10;5892;19.22;60000;0.52;27.7
lr202;10R_10V_04F_04M;t2;0.05;58;1241.47;TRUE;201.83;lr202_t2_10R_10V_04F_04M;10;17224;58.09;60000;0;30.49
lr203;10R_10V_04F_03M;t2;0.05;58;998.92;TRUE;225.22;lr203_t2_10R_10V_04F_03M;10;49642;186.41;60000;0;13.48
lr203;10R_10V_04F_04M;t2;0.05;58;995.94;TRUE;234.57;lr203_t2_10R_10V_04F_04M;10;57467;224.53;60000;0;13.61
lr204;10R_10V_04F_03M;t2;0.05;58;963.03;TRUE;224.23;lr204_t2_10R_10V_04F_03M;10;31687;118.77;60000;0;5.29
lr204;10R_10V_04F_04M;t2;0.05;58;956.91;TRUE;232.67;lr204_t2_10R_10V_04F_04M;10;31687;123.26;60000;0;5.54
lr205;10R_10V_04F_03M;t2;0.05;58;1044.65;TRUE;186.95;lr205_t2_10R_10V_04F_03M;10;18946;59.35;60000;0.01;23.1
lr205;10R_10V_04F_04M;t2;0.05;58;1038.92;TRUE;193.19;lr205_t2_10R_10V_04F_04M;10;5209;17.09;60000;0;23.21
lr101;12R_12V_02F_03M;t1;0.05;58;1444.04;TRUE;138.78;lr101_t1_12R_12V_02F_03M;12;10;0.35;60000;10;23.24
lr101;12R_12V_02F_04M;t1;0.05;58;1437.74;TRUE;143.61;lr101_t1_12R_12V_02F_04M;12;74;0.49;60000;10;23.36
lr102;12R_12V_02F_03M;t1;0.05;58;1404.9;TRUE;84.92;lr102_t1_12R_12V_02F_03M;12;1147;2;60000;50.06;14.38
lr102;12R_12V_02F_04M;t1;0.05;58;1397.72;TRUE;88.9;lr102_t1_12R_12V_02F_04M;12;10427;15.97;60000;50.06;14.39
lr103;12R_12V_02F_03M;t1;0.05;58;1138.94;TRUE;118.9;lr103_t1_12R_12V_02F_03M;12;8262;16.68;60000;34.52;10.54
lr103;12R_12V_02F_04M;t1;0.05;58;1126.46;TRUE;133.25;lr103_t1_12R_12V_02F_04M;12;5562;12.57;60000;28.17;11.17
lr104;12R_12V_02F_03M;t1;0.05;58;1233.18;TRUE;91.13;lr104_t1_12R_12V_02F_03M;12;896;1.72;60000;54.79;5.49
lr104;12R_12V_02F_04M;t1;0.05;58;1223.17;TRUE;110.67;lr104_t1_12R_12V_02F_04M;12;336;0.94;60000;45.98;5.97
lr105;12R_12V_02F_03M;t1;0.05;58;1316.34;TRUE;55.49;lr105_t1_12R_12V_02F_03M;12;5439;5.24;60000;71.47;14.21
lr105;12R_12V_02F_04M;t1;0.05;58;1301.89;TRUE;137.91;lr105_t1_12R_12V_02F_04M;12;1;0;60000;14.15;15.16
lr201;12R_12V_02F_03M;t2;0.05;58;1411.58;TRUE;158.22;lr201_t2_12R_12V_02F_03M;12;9394;25.09;60000;0;22.21
lr201;12R_12V_02F_04M;t2;0.05;58;1411.18;TRUE;166.44;lr201_t2_12R_12V_02F_04M;12;9394;26.54;60000;0;22.25
lr202;12R_12V_02F_03M;t2;0.05;58;980.9;TRUE;181.45;lr202_t2_12R_12V_02F_03M;12;15960;48.59;60000;0;26.17
lr202;12R_12V_02F_04M;t2;0.05;58;982.09;TRUE;193.2;lr202_t2_12R_12V_02F_04M;12;57888;186.39;60000;0;27.02
lr203;12R_12V_02F_03M;t2;0.05;58;1009.31;TRUE;213.85;lr203_t2_12R_12V_02F_03M;12;30003;107.16;60000;0;15.24
lr203;12R_12V_02F_04M;t2;0.05;58;998.8;TRUE;223.73;lr203_t2_12R_12V_02F_04M;12;10997;41.46;60000;0;15.31
lr204;12R_12V_02F_03M;t2;0.05;58;930.4;TRUE;202.24;lr204_t2_12R_12V_02F_03M;12;18284;61.92;60000;0;4.66
lr204;12R_12V_02F_04M;t2;0.05;58;929.02;TRUE;213.16;lr204_t2_12R_12V_02F_04M;12;18284;65.38;60000;0;4.71
lr205;12R_12V_02F_03M;t2;0.05;58;1052.1;TRUE;185.52;lr205_t2_12R_12V_02F_03M;12;47680;147.62;60000;4.89;24.59
lr205;12R_12V_02F_04M;t2;0.05;58;1028.62;TRUE;203.08;lr205_t2_12R_12V_02F_04M;12;33105;112.05;60000;0.02;24.79
lr101;12R_12V_04F_03M;t1;0.05;58;1651.84;TRUE;17.32;lr101_t1_12R_12V_04F_03M;12;13689;4.18;60000;99.85;15.82
lr101;12R_12V_04F_04M;t1;0.05;58;1621.73;TRUE;34.98;lr101_t1_12R_12V_04F_04M;12;28402;16.81;60000;94.36;15.64
lr102;12R_12V_04F_03M;t1;0.05;58;1649.51;TRUE;23.68;lr102_t1_12R_12V_04F_03M;12;11012;4.56;60000;98.07;17.3
lr102;12R_12V_04F_04M;t1;0.05;58;1603.37;TRUE;63.28;lr102_t1_12R_12V_04F_04M;12;27081;28.66;60000;77.42;17.63
lr103;12R_12V_04F_03M;t1;0.05;58;1460.46;TRUE;124.41;lr103_t1_12R_12V_04F_03M;12;6732;14.2;60000;48.81;8.31
lr103;12R_12V_04F_04M;t1;0.05;58;1437.85;TRUE;186.39;lr103_t1_12R_12V_04F_04M;12;46485;144.42;60000;16.39;8.78
lr104;12R_12V_04F_03M;t1;0.05;58;1495.65;TRUE;60.38;lr104_t1_12R_12V_04F_03M;12;32759;33.03;60000;83.15;6.78
lr104;12R_12V_04F_04M;t1;0.05;58;1484.94;TRUE;113.53;lr104_t1_12R_12V_04F_04M;12;49830;94.33;60000;58.43;4.88
lr105;12R_12V_04F_03M;t1;0.05;58;1728.08;TRUE;17.66;lr105_t1_12R_12V_04F_03M;12;6235;2.15;60000;99.12;15.23
lr105;12R_12V_04F_04M;t1;0.05;58;1714.98;TRUE;66.29;lr105_t1_12R_12V_04F_04M;12;1035;1.53;60000;74.61;14.54
lr201;12R_12V_04F_03M;t2;0.05;58;1574.75;TRUE;191.73;lr201_t2_12R_12V_04F_03M;12;23322;74.51;60000;3.7;18.67
lr201;12R_12V_04F_04M;t2;0.05;58;1573.87;TRUE;202.47;lr201_t2_12R_12V_04F_04M;12;13395;45.5;60000;4;19.93
lr202;12R_12V_04F_03M;t2;0.05;58;1213.47;TRUE;237.12;lr202_t2_12R_12V_04F_03M;12;12541;50.15;60000;0.02;21.11
lr202;12R_12V_04F_04M;t2;0.05;58;1209.27;TRUE;254.6;lr202_t2_12R_12V_04F_04M;12;57976;246.02;60000;0;22.17
lr203;12R_12V_04F_03M;t2;0.05;58;1238.84;TRUE;288.42;lr203_t2_12R_12V_04F_03M;12;17544;84.49;60000;0;10.39
lr203;12R_12V_04F_04M;t2;0.05;58;1204.74;TRUE;306.45;lr203_t2_12R_12V_04F_04M;12;52398;267.72;60000;0;10.53
lr204;12R_12V_04F_03M;t2;0.05;58;1175.03;TRUE;285.86;lr204_t2_12R_12V_04F_03M;12;27504;131.62;60000;0;2.03
lr204;12R_12V_04F_04M;t2;0.05;58;1214.04;TRUE;302.24;lr204_t2_12R_12V_04F_04M;12;34563;174.46;60000;0;2.14
lr205;12R_12V_04F_03M;t2;0.05;58;1239.95;TRUE;229.76;lr205_t2_12R_12V_04F_03M;12;17561;67.42;60000;6.7;21.74
lr205;12R_12V_04F_04M;t2;0.05;58;1219.9;TRUE;253.04;lr205_t2_12R_12V_04F_04M;12;36641;155;60000;0.06;22.17
LR1_2_1;40R_40V_02F_05M;t1;0.05;58;9086.91;TRUE;139.92;LR1_2_1_t1_40R_40V_02F_05M;40;18668;44.07;60000;99.58;5.8
LR1_2_1;40R_40V_02F_06M;t1;0.05;58;8943.08;TRUE;231.89;LR1_2_1_t1_40R_40V_02F_06M;40;19032;73.37;60000;96.03;5.89
LR1_2_2;40R_40V_02F_05M;t1;0.05;58;7762.63;TRUE;212.51;LR1_2_2_t1_40R_40V_02F_05M;40;14405;51.44;60000;98.69;4.69
LR1_2_2;40R_40V_02F_06M;t1;0.05;58;7783.92;TRUE;284.71;LR1_2_2_t1_40R_40V_02F_06M;40;21695;103.2;60000;95.29;4.66
LR1_2_3;40R_40V_02F_05M;t1;0.05;58;6361.53;TRUE;332.87;LR1_2_3_t1_40R_40V_02F_05M;40;25125;139.73;60000;94.17;3.96
LR1_2_3;40R_40V_02F_06M;t1;0.05;58;6116.29;TRUE;646.22;LR1_2_3_t1_40R_40V_02F_06M;40;25965;281.46;60000;59.3;4.12
LR1_2_4;40R_40V_02F_05M;t1;0.05;58;5048.64;TRUE;840.37;LR1_2_4_t1_40R_40V_02F_05M;40;25281;354.03;60000;57.5;5.31
LR1_2_4;40R_40V_02F_06M;t1;0.05;58;5254.2;TRUE;1191.02;LR1_2_4_t1_40R_40V_02F_06M;40;59977;1190.57;60000;24.18;5.08
LR1_2_5;40R_40V_02F_05M;t1;0.05;58;5784.53;TRUE;778.23;LR1_2_5_t1_40R_40V_02F_05M;40;16970;221.71;60000;7.94;6.43
LR1_2_5;40R_40V_02F_06M;t1;0.05;58;5959.44;TRUE;858.07;LR1_2_5_t1_40R_40V_02F_06M;40;51015;729.73;60000;2.94;6.55
LR2_2_1;40R_40V_02F_05M;t2;0.05;58;8540.33;TRUE;972.84;LR2_2_1_t2_40R_40V_02F_05M;40;41511;674.68;60000;12.87;6.81
LR2_2_1;40R_40V_02F_06M;t2;0.05;58;8582.45;TRUE;1066.27;LR2_2_1_t2_40R_40V_02F_06M;40;17628;314.37;60000;13.52;7.02
LR2_2_2;40R_40V_02F_05M;t2;0.05;58;7153.13;TRUE;1267.74;LR2_2_2_t2_40R_40V_02F_05M;40;51249;1082.82;60000;17.01;7.29
LR2_2_2;40R_40V_02F_06M;t2;0.05;58;7139.9;TRUE;1510.36;LR2_2_2_t2_40R_40V_02F_06M;40;39031;984.03;60000;0.29;7.5
LR2_2_3;40R_40V_02F_05M;t2;0.05;58;6552.93;TRUE;1978.2;LR2_2_3_t2_40R_40V_02F_05M;40;52147;1718.76;60000;0;3.2
LR2_2_3;40R_40V_02F_06M;t2;0.05;58;6651.97;TRUE;2140.59;LR2_2_3_t2_40R_40V_02F_06M;40;53891;1922.73;60000;0;3.34
LR2_2_4;40R_40V_02F_05M;t2;0.05;58;5027.35;TRUE;3091.6;LR2_2_4_t2_40R_40V_02F_05M;40;2640;136.19;60000;0;1.87
LR2_2_4;40R_40V_02F_06M;t2;0.05;58;4949.15;TRUE;3280.08;LR2_2_4_t2_40R_40V_02F_06M;40;46428;2539.84;60000;0;1.91
LR2_2_5;40R_40V_02F_05M;t2;0.05;58;8071.69;TRUE;1256.12;LR2_2_5_t2_40R_40V_02F_05M;40;19601;413.28;60000;0;8.76
LR2_2_5;40R_40V_02F_06M;t2;0.05;58;8030.26;TRUE;1370.49;LR2_2_5_t2_40R_40V_02F_06M;40;487;11.58;60000;0;8.83
LR1_2_1;40R_40V_04F_05M;t1;0.05;58;NA;FALSE;105.63;LR1_2_1_t1_40R_40V_04F_05M;40;0;0;60000;100;0
LR1_2_1;40R_40V_04F_06M;t1;0.05;58;11437.75;TRUE;146.06;LR1_2_1_t1_40R_40V_04F_06M;40;1;0.02;60000;100;6.88
LR1_2_2;40R_40V_04F_05M;t1;0.05;58;9915.73;TRUE;138.71;LR1_2_2_t1_40R_40V_04F_05M;40;1;0.02;60000;100;5.72
LR1_2_2;40R_40V_04F_06M;t1;0.05;58;9123.27;TRUE;195.62;LR1_2_2_t1_40R_40V_04F_06M;40;53675;175.1;60000;99.93;6.11
LR1_2_3;40R_40V_04F_05M;t1;0.05;58;9817.1;TRUE;191.16;LR1_2_3_t1_40R_40V_04F_05M;40;1;0.02;60000;100;5.09
LR1_2_3;40R_40V_04F_06M;t1;0.05;58;8769.5;TRUE;281.78;LR1_2_3_t1_40R_40V_04F_06M;40;15322;72.16;60000;99.96;5.13
LR1_2_4;40R_40V_04F_05M;t1;0.05;58;7247.96;TRUE;567.65;LR1_2_4_t1_40R_40V_04F_05M;40;11660;110.98;60000;95.74;5.3
LR1_2_4;40R_40V_04F_06M;t1;0.05;58;6954.74;TRUE;823.96;LR1_2_4_t1_40R_40V_04F_06M;40;5676;78.91;60000;88.2;4.8
LR1_2_5;40R_40V_04F_05M;t1;0.05;58;9368.85;TRUE;237.45;LR1_2_5_t1_40R_40V_04F_05M;40;38882;153.86;60000;99.99;6.56
LR1_2_5;40R_40V_04F_06M;t1;0.05;58;8829.6;TRUE;349.26;LR1_2_5_t1_40R_40V_04F_06M;40;47655;277.14;60000;99.41;6.41
LR2_2_1;40R_40V_04F_05M;t2;0.05;58;10024.1;TRUE;896.97;LR2_2_1_t2_40R_40V_04F_05M;40;50278;752.03;60000;55.71;5.97
LR2_2_1;40R_40V_04F_06M;t2;0.05;58;10043.3;TRUE;960.04;LR2_2_1_t2_40R_40V_04F_06M;40;40426;646.69;60000;55.76;6.37
LR2_2_2;40R_40V_04F_05M;t2;0.05;58;8287.22;TRUE;1960.02;LR2_2_2_t2_40R_40V_04F_05M;40;23764;778.14;60000;3.76;5.06
LR2_2_2;40R_40V_04F_06M;t2;0.05;58;8175.53;TRUE;2043.44;LR2_2_2_t2_40R_40V_04F_06M;40;34493;1177.93;60000;0.05;5.5
LR2_2_3;40R_40V_04F_05M;t2;0.05;58;7898.67;TRUE;2452.41;LR2_2_3_t2_40R_40V_04F_05M;40;44382;1813.25;60000;23.51;2.48
LR2_2_3;40R_40V_04F_06M;t2;0.05;58;7643.99;TRUE;2991.83;LR2_2_3_t2_40R_40V_04F_06M;40;15015;749.7;60000;1.77;2.68
LR2_2_4;40R_40V_04F_05M;t2;0.05;58;6253.59;TRUE;3600.03;LR2_2_4_t2_40R_40V_04F_05M;40;9322;754.07;44456;0;1.28
LR2_2_4;40R_40V_04F_06M;t2;0.05;58;6141.34;TRUE;3600.02;LR2_2_4_t2_40R_40V_04F_06M;40;7688;672.34;41168;0;1.34
LR2_2_5;40R_40V_04F_05M;t2;0.05;58;9100.95;TRUE;1721.67;LR2_2_5_t2_40R_40V_04F_05M;40;13455;387.4;60000;0;6.55
LR2_2_5;40R_40V_04F_06M;t2;0.05;58;8807.46;TRUE;1856.45;LR2_2_5_t2_40R_40V_04F_06M;40;49360;1527.53;60000;0;6.74
LR1_2_1;60R_60V_02F_05M;t1;0.05;58;12817.14;TRUE;274.15;LR1_2_1_t1_60R_60V_02F_05M;60;24119;110.83;60000;100;6.15
LR1_2_1;60R_60V_02F_06M;t1;0.05;58;12583.04;TRUE;377.98;LR1_2_1_t1_60R_60V_02F_06M;60;36647;230.97;60000;99.82;6.03
LR1_2_2;60R_60V_02F_05M;t1;0.05;58;11407.16;TRUE;523.96;LR1_2_2_t1_60R_60V_02F_05M;60;42281;369.05;60000;95.17;5.54
LR1_2_2;60R_60V_02F_06M;t1;0.05;58;11271.23;TRUE;738.57;LR1_2_2_t1_60R_60V_02F_06M;60;51141;629.45;60000;86.65;5.55
LR1_2_3;60R_60V_02F_05M;t1;0.05;58;10081.68;TRUE;535.98;LR1_2_3_t1_60R_60V_02F_05M;60;20725;185.21;60000;99.81;3.94
LR1_2_3;60R_60V_02F_06M;t1;0.05;58;9642.75;TRUE;712.12;LR1_2_3_t1_60R_60V_02F_06M;60;52272;621.59;60000;98.17;3.86
LR1_2_4;60R_60V_02F_05M;t1;0.05;58;7155.43;TRUE;2000.08;LR1_2_4_t1_60R_60V_02F_05M;60;44013;1469.22;60000;50.92;2.46
LR1_2_4;60R_60V_02F_06M;t1;0.05;58;7105.89;TRUE;2773.35;LR1_2_4_t1_60R_60V_02F_06M;60;13487;624.84;60000;19.84;2.44
LR1_2_5;60R_60V_02F_05M;t1;0.05;58;10037.32;TRUE;966.63;LR1_2_5_t1_60R_60V_02F_05M;60;7595;120.59;60000;63.03;5.78
LR1_2_5;60R_60V_02F_06M;t1;0.05;58;9826.58;TRUE;1192.71;LR1_2_5_t1_60R_60V_02F_06M;60;55597;1107.31;60000;50.15;6.03
LR2_2_1;60R_60V_02F_05M;t2;0.05;58;12697.4;TRUE;1886.5;LR2_2_1_t2_60R_60V_02F_05M;60;33941;1066.49;60000;33.22;7.06
LR2_2_1;60R_60V_02F_06M;t2;0.05;58;13438.91;TRUE;2181.56;LR2_2_1_t2_60R_60V_02F_06M;60;29860;1086.34;60000;23.12;7.21
LR2_2_2;60R_60V_02F_05M;t2;0.05;58;10763.17;TRUE;3387.66;LR2_2_2_t2_60R_60V_02F_05M;60;50852;2872.14;60000;0;5.94
LR2_2_2;60R_60V_02F_06M;t2;0.05;58;10863.12;TRUE;3600;LR2_2_2_t2_60R_60V_02F_06M;60;17550;1063.43;59617;0;6.03
LR2_2_3;60R_60V_02F_05M;t2;0.05;58;10689.49;TRUE;3600;LR2_2_3_t2_60R_60V_02F_05M;60;17274;1209.74;51511;5.28;3.96
LR2_2_3;60R_60V_02F_06M;t2;0.05;58;10737.87;TRUE;3600.03;LR2_2_3_t2_60R_60V_02F_06M;60;15431;1188.48;46751;0.07;4.09
LR2_2_4;60R_60V_02F_05M;t2;0.05;58;8130.87;TRUE;3600.01;LR2_2_4_t2_60R_60V_02F_05M;60;19301;2139.24;32473;0;1.34
LR2_2_4;60R_60V_02F_06M;t2;0.05;58;8197.74;TRUE;3600.02;LR2_2_4_t2_60R_60V_02F_06M;60;4980;581.01;30781;0;1.36
LR2_2_5;60R_60V_02F_05M;t2;0.05;58;13040.25;TRUE;2755.66;LR2_2_5_t2_60R_60V_02F_05M;60;2902;134;60000;0;6.99
LR2_2_5;60R_60V_02F_06M;t2;0.05;58;12987.68;TRUE;2980.28;LR2_2_5_t2_60R_60V_02F_06M;60;2902;146.23;60000;0;7.11
LR1_2_1;60R_60V_04F_05M;t1;0.05;58;NA;FALSE;289.41;LR1_2_1_t1_60R_60V_04F_05M;60;0;0;60000;100;0
LR1_2_1;60R_60V_04F_06M;t1;0.05;58;15569.72;TRUE;403.7;LR1_2_1_t1_60R_60V_04F_06M;60;4039;27.45;60000;100;6.86
LR1_2_2;60R_60V_04F_05M;t1;0.05;58;NA;FALSE;240.94;LR1_2_2_t1_60R_60V_04F_05M;60;0;0;60000;100;0
LR1_2_2;60R_60V_04F_06M;t1;0.05;58;NA;FALSE;333.08;LR1_2_2_t1_60R_60V_04F_06M;60;0;0;60000;100;0
LR1_2_3;60R_60V_04F_05M;t1;0.05;58;13357.98;TRUE;427.37;LR1_2_3_t1_60R_60V_04F_05M;60;1;0.08;60000;100;6.07
LR1_2_3;60R_60V_04F_06M;t1;0.05;58;13316.12;TRUE;539.13;LR1_2_3_t1_60R_60V_04F_06M;60;1;0.05;60000;100;6.08
LR1_2_4;60R_60V_04F_05M;t1;0.05;58;10418.4;TRUE;1093.43;LR1_2_4_t1_60R_60V_04F_05M;60;10322;188.2;60000;99.5;3.58
LR1_2_4;60R_60V_04F_06M;t1;0.05;58;9976.25;TRUE;1782.05;LR1_2_4_t1_60R_60V_04F_06M;60;58127;1726.39;60000;95.74;3.35
LR1_2_5;60R_60V_04F_05M;t1;0.05;58;NA;FALSE;372.81;LR1_2_5_t1_60R_60V_04F_05M;60;0;0;60000;100;0
LR1_2_5;60R_60V_04F_06M;t1;0.05;58;NA;FALSE;536.17;LR1_2_5_t1_60R_60V_04F_06M;60;0;0;60000;100;0
LR2_2_1;60R_60V_04F_05M;t2;0.05;58;15310.65;TRUE;2107.89;LR2_2_1_t2_60R_60V_04F_05M;60;46047;1620.35;60000;62.08;5.84
LR2_2_1;60R_60V_04F_06M;t2;0.05;58;15074.16;TRUE;2871.34;LR2_2_1_t2_60R_60V_04F_06M;60;32481;1556.86;60000;37.83;6.01
LR2_2_2;60R_60V_04F_05M;t2;0.05;58;13039.1;TRUE;3600;LR2_2_2_t2_60R_60V_04F_05M;60;4800;322.86;52633;25.48;4.44
LR2_2_2;60R_60V_04F_06M;t2;0.05;58;12896.82;TRUE;3600.04;LR2_2_2_t2_60R_60V_04F_06M;60;22530;1601.57;50109;25.65;4.59
LR2_2_3;60R_60V_04F_05M;t2;0.05;58;12685.08;TRUE;3600.09;LR2_2_3_t2_60R_60V_04F_05M;60;32278;3413.08;34058;6.18;2.82
LR2_2_3;60R_60V_04F_06M;t2;0.05;58;12482.79;TRUE;3600.01;LR2_2_3_t2_60R_60V_04F_06M;60;18870;2164.48;31428;0.47;2.9
LR2_2_4;60R_60V_04F_05M;t2;0.05;58;9911.48;TRUE;3600.07;LR2_2_4_t2_60R_60V_04F_05M;60;14711;2463.3;21543;0;0.89
LR2_2_4;60R_60V_04F_06M;t2;0.05;58;9855.77;TRUE;3600.07;LR2_2_4_t2_60R_60V_04F_06M;60;7724;1375.49;20244;0;0.9
LR2_2_5;60R_60V_04F_05M;t2;0.05;58;14302.35;TRUE;3600.01;LR2_2_5_t2_60R_60V_04F_05M;60;15964;1049.26;54969;0;4.56
LR2_2_5;60R_60V_04F_06M;t2;0.05;58;14164.35;TRUE;3600.05;LR2_2_5_t2_60R_60V_04F_06M;60;15964;1127.35;51120;0;4.86
lr101;06R_06V_02F_03M;t1;0.05;75;780.51;TRUE;94.9;lr101_t1_06R_06V_02F_03M;6;131;0.46;60000;0;15.74
lr101;06R_06V_02F_04M;t1;0.05;75;768.25;TRUE;96.07;lr101_t1_06R_06V_02F_04M;6;74;0.43;60000;0;18
lr102;06R_06V_02F_03M;t1;0.05;75;606.02;TRUE;94.02;lr102_t1_06R_06V_02F_03M;6;2;0.32;60000;0;9.45
lr102;06R_06V_02F_04M;t1;0.05;75;605.59;TRUE;96.9;lr102_t1_06R_06V_02F_04M;6;2;0.32;60000;0;9.51
lr103;06R_06V_02F_03M;t1;0.05;75;607.5;TRUE;96.9;lr103_t1_06R_06V_02F_03M;6;35;0.37;60000;0;16.24
lr103;06R_06V_02F_04M;t1;0.05;75;599.29;TRUE;98.85;lr103_t1_06R_06V_02F_04M;6;35;0.38;60000;0;17.21
lr104;06R_06V_02F_03M;t1;0.05;75;431.33;TRUE;88.17;lr104_t1_06R_06V_02F_03M;6;2;0.28;60000;0;19.75
lr104;06R_06V_02F_04M;t1;0.05;75;431.33;TRUE;90.71;lr104_t1_06R_06V_02F_04M;6;2;0.29;60000;0;18.09
lr105;06R_06V_02F_03M;t1;0.05;75;660.1;TRUE;46.18;lr105_t1_06R_06V_02F_03M;6;1;0;60000;49.81;29.44
lr105;06R_06V_02F_04M;t1;0.05;75;654.89;TRUE;47.4;lr105_t1_06R_06V_02F_04M;6;1;0;60000;49.81;29.6
lr201;06R_06V_02F_03M;t2;0.05;75;793.39;TRUE;79.81;lr201_t2_06R_06V_02F_03M;6;16;0.31;60000;0;28.52
lr201;06R_06V_02F_04M;t2;0.05;75;793.39;TRUE;81.78;lr201_t2_06R_06V_02F_04M;6;16;0.34;60000;0;28.52
lr202;06R_06V_02F_03M;t2;0.05;75;545.89;TRUE;92.42;lr202_t2_06R_06V_02F_03M;6;17;0.34;60000;0;32.14
lr202;06R_06V_02F_04M;t2;0.05;75;545.89;TRUE;94.65;lr202_t2_06R_06V_02F_04M;6;17;0.31;60000;0;32.3
lr203;06R_06V_02F_03M;t2;0.05;75;686.32;TRUE;96.74;lr203_t2_06R_06V_02F_03M;6;38;0.33;60000;0;35.29
lr203;06R_06V_02F_04M;t2;0.05;75;686.32;TRUE;99.1;lr203_t2_06R_06V_02F_04M;6;38;0.37;60000;0;35.6
lr204;06R_06V_02F_03M;t2;0.05;75;611.17;TRUE;111.41;lr204_t2_06R_06V_02F_03M;6;5515;10.6;60000;0;25
lr204;06R_06V_02F_04M;t2;0.05;75;610.66;TRUE;114.33;lr204_t2_06R_06V_02F_04M;6;326;0.95;60000;0;25.08
lr205;06R_06V_02F_03M;t2;0.05;75;540.49;TRUE;102.07;lr205_t2_06R_06V_02F_03M;6;573;1.27;60000;0;29.5
lr205;06R_06V_02F_04M;t2;0.05;75;540.45;TRUE;104.43;lr205_t2_06R_06V_02F_04M;6;329;0.86;60000;0;29.58
lr101;06R_06V_04F_03M;t1;0.05;75;749.14;TRUE;83.32;lr101_t1_06R_06V_04F_03M;6;1;0;60000;10.16;10.68
lr101;06R_06V_04F_04M;t1;0.05;75;736.64;TRUE;92.98;lr101_t1_06R_06V_04F_04M;6;38;0.35;60000;0;12.7
lr102;06R_06V_04F_03M;t1;0.05;75;724.27;TRUE;94.09;lr102_t1_06R_06V_04F_03M;6;22;0.33;60000;10.14;9.7
lr102;06R_06V_04F_04M;t1;0.05;75;692.08;TRUE;97.49;lr102_t1_06R_06V_04F_04M;6;23;0.36;60000;8.56;10.49
lr103;06R_06V_04F_03M;t1;0.05;75;947.66;TRUE;110.06;lr103_t1_06R_06V_04F_03M;6;119;0.55;60000;0;12.27
lr103;06R_06V_04F_04M;t1;0.05;75;974.37;TRUE;111.44;lr103_t1_06R_06V_04F_04M;6;13;0.33;60000;0;14.35
lr104;06R_06V_04F_03M;t1;0.05;75;659.55;TRUE;44.21;lr104_t1_06R_06V_04F_03M;6;10;0.3;60000;60.75;17.03
lr104;06R_06V_04F_04M;t1;0.05;75;656.61;TRUE;46.11;lr104_t1_06R_06V_04F_04M;6;10;0.29;60000;59.8;17.64
lr105;06R_06V_04F_03M;t1;0.05;75;864.51;TRUE;50.72;lr105_t1_06R_06V_04F_03M;6;3;0.29;60000;49.81;19.3
lr105;06R_06V_04F_04M;t1;0.05;75;856.98;TRUE;52.39;lr105_t1_06R_06V_04F_04M;6;3;0.32;60000;49.81;19.44
lr201;06R_06V_04F_03M;t2;0.05;75;936.6;TRUE;97.74;lr201_t2_06R_06V_04F_03M;6;13;0.31;60000;0;18.68
lr201;06R_06V_04F_04M;t2;0.05;75;935.98;TRUE;97.52;lr201_t2_06R_06V_04F_04M;6;13;0.34;60000;0;18.72
lr202;06R_06V_04F_03M;t2;0.05;75;604.04;TRUE;110.74;lr202_t2_06R_06V_04F_03M;6;620;1.47;60000;0;36.64
lr202;06R_06V_04F_04M;t2;0.05;75;604.04;TRUE;113.05;lr202_t2_06R_06V_04F_04M;6;665;1.58;60000;0;39.89
lr203;06R_06V_04F_03M;t2;0.05;75;797.56;TRUE;110.52;lr203_t2_06R_06V_04F_03M;6;3486;6.72;60000;0;37.07
lr203;06R_06V_04F_04M;t2;0.05;75;725.28;TRUE;112.86;lr203_t2_06R_06V_04F_04M;6;38;0.38;60000;0;31.32
lr204;06R_06V_04F_03M;t2;0.05;75;764.38;TRUE;124.89;lr204_t2_06R_06V_04F_03M;6;1307;3.1;60000;0;17.12
lr204;06R_06V_04F_04M;t2;0.05;75;760.99;TRUE;125.81;lr204_t2_06R_06V_04F_04M;6;1307;3;60000;0;17.02
lr205;06R_06V_04F_03M;t2;0.05;75;604.07;TRUE;113.16;lr205_t2_06R_06V_04F_03M;6;3726;7.32;60000;0;24.67
lr205;06R_06V_04F_04M;t2;0.05;75;599.81;TRUE;117.26;lr205_t2_06R_06V_04F_04M;6;2984;6.12;60000;0;24.91
lr101;08R_08V_02F_03M;t1;0.05;75;1018.05;TRUE;108.55;lr101_t1_08R_08V_02F_03M;8;2;0.32;60000;0;22.58
lr101;08R_08V_02F_04M;t1;0.05;75;1010.27;TRUE;108.75;lr101_t1_08R_08V_02F_04M;8;13;0.33;60000;0;23.82
lr102;08R_08V_02F_03M;t1;0.05;75;869.72;TRUE;113.18;lr102_t1_08R_08V_02F_03M;8;9;0.33;60000;0;11.02
lr102;08R_08V_02F_04M;t1;0.05;75;864.66;TRUE;115.75;lr102_t1_08R_08V_02F_04M;8;9;0.29;60000;0;11.19
lr103;08R_08V_02F_03M;t1;0.05;75;769.29;TRUE;119.36;lr103_t1_08R_08V_02F_03M;8;508;1.36;60000;0;10.3
lr103;08R_08V_02F_04M;t1;0.05;75;761.62;TRUE;122.58;lr103_t1_08R_08V_02F_04M;8;508;1.36;60000;0;10.84
lr104;08R_08V_02F_03M;t1;0.05;75;765.44;TRUE;116.9;lr104_t1_08R_08V_02F_03M;8;107;0.51;60000;0;10.58
lr104;08R_08V_02F_04M;t1;0.05;75;762.11;TRUE;120.04;lr104_t1_08R_08V_02F_04M;8;107;0.51;60000;0;9.59
lr105;08R_08V_02F_03M;t1;0.05;75;869.95;TRUE;113.38;lr105_t1_08R_08V_02F_03M;8;18;0.34;60000;0;16.86
lr105;08R_08V_02F_04M;t1;0.05;75;858.77;TRUE;116.3;lr105_t1_08R_08V_02F_04M;8;4;0.32;60000;0;17.09
lr201;08R_08V_02F_03M;t2;0.05;75;930.52;TRUE;101.67;lr201_t2_08R_08V_02F_03M;8;54;0.41;60000;0;23.25
lr201;08R_08V_02F_04M;t2;0.05;75;929.83;TRUE;105.62;lr201_t2_08R_08V_02F_04M;8;54;0.41;60000;0;23.29
lr202;08R_08V_02F_03M;t2;0.05;75;717.53;TRUE;122.25;lr202_t2_08R_08V_02F_03M;8;7676;15.86;60000;0;33.12
lr202;08R_08V_02F_04M;t2;0.05;75;715.2;TRUE;125.86;lr202_t2_08R_08V_02F_04M;8;2234;5.04;60000;0;33.37
lr203;08R_08V_02F_03M;t2;0.05;75;728.54;TRUE;128.78;lr203_t2_08R_08V_02F_03M;8;10680;23.3;60000;0;22.26
lr203;08R_08V_02F_04M;t2;0.05;75;724.91;TRUE;133.11;lr203_t2_08R_08V_02F_04M;8;10680;24.03;60000;0;22.46
lr204;08R_08V_02F_03M;t2;0.05;75;708.43;TRUE;123.55;lr204_t2_08R_08V_02F_03M;8;4077;8.79;60000;0;15.64
lr204;08R_08V_02F_04M;t2;0.05;75;705.74;TRUE;130.23;lr204_t2_08R_08V_02F_04M;8;4077;9.29;60000;0;15.78
lr205;08R_08V_02F_03M;t2;0.05;75;736.45;TRUE;126.09;lr205_t2_08R_08V_02F_03M;8;1855;4.28;60000;0;27.63
lr205;08R_08V_02F_04M;t2;0.05;75;729.88;TRUE;131.05;lr205_t2_08R_08V_02F_04M;8;1855;4.37;60000;0;27.81
lr101;08R_08V_04F_03M;t1;0.05;75;1166.54;TRUE;44.8;lr101_t1_08R_08V_04F_03M;8;603;0.77;60000;69.04;14.27
lr101;08R_08V_04F_04M;t1;0.05;75;1135.03;TRUE;110.97;lr101_t1_08R_08V_04F_04M;8;114;0.52;60000;10.02;16.58
lr102;08R_08V_04F_03M;t1;0.05;75;1030.42;TRUE;24.39;lr102_t1_08R_08V_04F_03M;8;915;0.7;60000;87.56;11.45
lr102;08R_08V_04F_04M;t1;0.05;75;1003.13;TRUE;115.76;lr102_t1_08R_08V_04F_04M;8;10;0.33;60000;9.83;9.74
lr103;08R_08V_04F_03M;t1;0.05;75;1099.07;TRUE;58.04;lr103_t1_08R_08V_04F_03M;8;315;0.64;60000;66.61;12.08
lr103;08R_08V_04F_04M;t1;0.05;75;1086.46;TRUE;74.09;lr103_t1_08R_08V_04F_04M;8;3883;5.15;60000;55.63;13.12
lr104;08R_08V_04F_03M;t1;0.05;75;1096.75;TRUE;56.5;lr104_t1_08R_08V_04F_03M;8;2112;2.24;60000;67.41;14.34
lr104;08R_08V_04F_04M;t1;0.05;75;1092.54;TRUE;75.28;lr104_t1_08R_08V_04F_04M;8;1014;1.66;60000;54.57;12.63
lr105;08R_08V_04F_03M;t1;0.05;75;1068.12;TRUE;116.6;lr105_t1_08R_08V_04F_03M;8;21;0.36;60000;4.36;11.92
lr105;08R_08V_04F_04M;t1;0.05;75;1053.6;TRUE;113.6;lr105_t1_08R_08V_04F_04M;8;7;0.3;60000;7.64;11.47
lr201;08R_08V_04F_03M;t2;0.05;75;1142.97;TRUE;122.28;lr201_t2_08R_08V_04F_03M;8;16;0.35;60000;4.28;20.34
lr201;08R_08V_04F_04M;t2;0.05;75;1136.32;TRUE;123.79;lr201_t2_08R_08V_04F_04M;8;16;0.31;60000;4.35;20.48
lr202;08R_08V_04F_03M;t2;0.05;75;885.9;TRUE;153.98;lr202_t2_08R_08V_04F_03M;8;13393;34.41;60000;0;27.92
lr202;08R_08V_04F_04M;t2;0.05;75;880.69;TRUE;161.1;lr202_t2_08R_08V_04F_04M;8;13393;36.12;60000;0;28.27
lr203;08R_08V_04F_03M;t2;0.05;75;929.42;TRUE;153.54;lr203_t2_08R_08V_04F_03M;8;69;0.49;60000;0;16.17
lr203;08R_08V_04F_04M;t2;0.05;75;928.97;TRUE;158.01;lr203_t2_08R_08V_04F_04M;8;69;0.49;60000;0;16.78
lr204;08R_08V_04F_03M;t2;0.05;75;888.62;TRUE;160.94;lr204_t2_08R_08V_04F_03M;8;6104;16.84;60000;0;8.3
lr204;08R_08V_04F_04M;t2;0.05;75;882.99;TRUE;166.72;lr204_t2_08R_08V_04F_04M;8;6104;17.4;60000;0;8.51
lr205;08R_08V_04F_03M;t2;0.05;75;944;TRUE;153.88;lr205_t2_08R_08V_04F_03M;8;13981;36.2;60000;0;19.59
lr205;08R_08V_04F_04M;t2;0.05;75;937.99;TRUE;159.04;lr205_t2_08R_08V_04F_04M;8;13981;37.47;60000;0;19.72
lr101;10R_10V_02F_03M;t1;0.05;75;1194.55;TRUE;126.02;lr101_t1_10R_10V_02F_03M;10;388;1.09;60000;0;21.14
lr101;10R_10V_02F_04M;t1;0.05;75;1187.36;TRUE;129.36;lr101_t1_10R_10V_02F_04M;10;55;0.42;60000;0;22.35
lr102;10R_10V_02F_03M;t1;0.05;75;1025.34;TRUE;51.65;lr102_t1_10R_10V_02F_03M;10;685;0.93;60000;67.03;10.76
lr102;10R_10V_02F_04M;t1;0.05;75;1022.31;TRUE;96.13;lr102_t1_10R_10V_02F_04M;10;10;0.3;60000;32.36;10.7
lr103;10R_10V_02F_03M;t1;0.05;75;1034.38;TRUE;64.62;lr103_t1_10R_10V_02F_03M;10;6;0.33;60000;63.25;12.57
lr103;10R_10V_02F_04M;t1;0.05;75;1022.42;TRUE;128.13;lr103_t1_10R_10V_02F_04M;10;6;0.32;60000;15.77;11.85
lr104;10R_10V_02F_03M;t1;0.05;75;890.44;TRUE;80.21;lr104_t1_10R_10V_02F_03M;10;54073;72.18;60000;47.06;9.44
lr104;10R_10V_02F_04M;t1;0.05;75;892.38;TRUE;83.19;lr104_t1_10R_10V_02F_04M;10;31828;44.15;60000;47.05;9.3
lr105;10R_10V_02F_03M;t1;0.05;75;1207.1;TRUE;74.07;lr105_t1_10R_10V_02F_03M;10;3;0.29;60000;50.22;19.14
lr105;10R_10V_02F_04M;t1;0.05;75;1188.48;TRUE;137.53;lr105_t1_10R_10V_02F_04M;10;3;0.32;60000;0;20.11
lr201;10R_10V_02F_03M;t2;0.05;75;1013.31;TRUE;124;lr201_t2_10R_10V_02F_03M;10;109;0.53;60000;6.7;26.94
lr201;10R_10V_02F_04M;t2;0.05;75;1013.31;TRUE;127.91;lr201_t2_10R_10V_02F_04M;10;109;0.55;60000;6.7;26.94
lr202;10R_10V_02F_03M;t2;0.05;75;912.64;TRUE;150.26;lr202_t2_10R_10V_02F_03M;10;14983;38.07;60000;0;31.16
lr202;10R_10V_02F_04M;t2;0.05;75;916.41;TRUE;159.23;lr202_t2_10R_10V_02F_04M;10;2007;5.74;60000;0;32.32
lr203;10R_10V_02F_03M;t2;0.05;75;866.44;TRUE;180.33;lr203_t2_10R_10V_02F_03M;10;57088;171.6;60000;0;17.74
lr203;10R_10V_02F_04M;t2;0.05;75;862.12;TRUE;188.98;lr203_t2_10R_10V_02F_04M;10;25036;79.3;60000;0;17.82
lr204;10R_10V_02F_03M;t2;0.05;75;746;TRUE;166.19;lr204_t2_10R_10V_02F_03M;10;40480;112.4;60000;0;9.04
lr204;10R_10V_02F_04M;t2;0.05;75;743.89;TRUE;171.79;lr204_t2_10R_10V_02F_04M;10;40480;115.65;60000;0;9.31
lr205;10R_10V_02F_03M;t2;0.05;75;887.3;TRUE;158.28;lr205_t2_10R_10V_02F_03M;10;11051;29.38;60000;0;26.24
lr205;10R_10V_02F_04M;t2;0.05;75;879.84;TRUE;163.71;lr205_t2_10R_10V_02F_04M;10;11051;30.42;60000;0;26.26
lr101;10R_10V_04F_03M;t1;0.05;75;1343.37;TRUE;87.64;lr101_t1_10R_10V_04F_03M;10;1208;2.18;60000;42.8;18.92
lr101;10R_10V_04F_04M;t1;0.05;75;1334.41;TRUE;145.39;lr101_t1_10R_10V_04F_04M;10;1279;3.45;60000;0;20.51
lr102;10R_10V_04F_03M;t1;0.05;75;1155.25;TRUE;29.24;lr102_t1_10R_10V_04F_03M;10;3944;2.15;60000;88.12;7.48
lr102;10R_10V_04F_04M;t1;0.05;75;1145.23;TRUE;95.85;lr102_t1_10R_10V_04F_04M;10;1355;2.59;60000;40.14;9.12
lr103;10R_10V_04F_03M;t1;0.05;75;1485.44;TRUE;22.11;lr103_t1_10R_10V_04F_03M;10;7052;2.9;60000;97.42;12.42
lr103;10R_10V_04F_04M;t1;0.05;75;1444.21;TRUE;78.5;lr103_t1_10R_10V_04F_04M;10;2604;3.67;60000;67.36;12.18
lr104;10R_10V_04F_03M;t1;0.05;75;1232.39;TRUE;69.95;lr104_t1_10R_10V_04F_03M;10;6778;8.18;60000;65.85;7.51
lr104;10R_10V_04F_04M;t1;0.05;75;1218.3;TRUE;83.63;lr104_t1_10R_10V_04F_04M;10;136;0.52;60000;59.33;8.7
lr105;10R_10V_04F_03M;t1;0.05;75;1592.96;TRUE;15.53;lr105_t1_10R_10V_04F_03M;10;26068;6.89;60000;97.35;16.52
lr105;10R_10V_04F_04M;t1;0.05;75;1517.24;TRUE;49.72;lr105_t1_10R_10V_04F_04M;10;5279;4.81;60000;76.69;17.7
lr201;10R_10V_04F_03M;t2;0.05;75;1358.22;TRUE;143.12;lr201_t2_10R_10V_04F_03M;10;29232;69.91;60000;12.6;22.34
lr201;10R_10V_04F_04M;t2;0.05;75;1358.22;TRUE;147.54;lr201_t2_10R_10V_04F_04M;10;29232;72.28;60000;12.6;22.79
lr202;10R_10V_04F_03M;t2;0.05;75;1261.33;TRUE;192.39;lr202_t2_10R_10V_04F_03M;10;56911;182.52;60000;0.51;27.65
lr202;10R_10V_04F_04M;t2;0.05;75;1240.58;TRUE;202.44;lr202_t2_10R_10V_04F_04M;10;33641;113.71;60000;0;30.45
lr203;10R_10V_04F_03M;t2;0.05;75;993.83;TRUE;225.3;lr203_t2_10R_10V_04F_03M;10;17514;66.53;60000;0;13.52
lr203;10R_10V_04F_04M;t2;0.05;75;991.97;TRUE;238.66;lr203_t2_10R_10V_04F_04M;10;17514;70.1;60000;0;13.64
lr204;10R_10V_04F_03M;t2;0.05;75;967.95;TRUE;224.36;lr204_t2_10R_10V_04F_03M;10;48268;180.59;60000;0;5.24
lr204;10R_10V_04F_04M;t2;0.05;75;959.53;TRUE;233.38;lr204_t2_10R_10V_04F_04M;10;48268;187.97;60000;0;5.5
lr205;10R_10V_04F_03M;t2;0.05;75;1048.76;TRUE;184.81;lr205_t2_10R_10V_04F_03M;10;1037;3.68;60000;0.01;23.12
lr205;10R_10V_04F_04M;t2;0.05;75;1037.32;TRUE;193.54;lr205_t2_10R_10V_04F_04M;10;1037;3.74;60000;0;23.25
lr101;12R_12V_02F_03M;t1;0.05;75;1444.04;TRUE;139.22;lr101_t1_12R_12V_02F_03M;12;19;0.36;60000;10.04;23.23
lr101;12R_12V_02F_04M;t1;0.05;75;1437.74;TRUE;145.31;lr101_t1_12R_12V_02F_04M;12;60;0.45;60000;10.04;23.36
lr102;12R_12V_02F_03M;t1;0.05;75;1404.9;TRUE;84.99;lr102_t1_12R_12V_02F_03M;12;42;0.36;60000;50.12;14.4
lr102;12R_12V_02F_04M;t1;0.05;75;1397.72;TRUE;88.37;lr102_t1_12R_12V_02F_04M;12;3844;5.99;60000;50.12;14.41
lr103;12R_12V_02F_03M;t1;0.05;75;1138.94;TRUE;117.76;lr103_t1_12R_12V_02F_03M;12;6791;13.61;60000;34.91;10.51
lr103;12R_12V_02F_04M;t1;0.05;75;1126.46;TRUE;134.34;lr103_t1_12R_12V_02F_04M;12;4127;9.58;60000;28.04;11.16
lr104;12R_12V_02F_03M;t1;0.05;75;1233.18;TRUE;91.75;lr104_t1_12R_12V_02F_03M;12;770;1.56;60000;54.23;5.46
lr104;12R_12V_02F_04M;t1;0.05;75;1223.17;TRUE;111.12;lr104_t1_12R_12V_02F_04M;12;6131;11.59;60000;45.87;5.94
lr105;12R_12V_02F_03M;t1;0.05;75;1316.34;TRUE;55.86;lr105_t1_12R_12V_02F_03M;12;5264;5.05;60000;71.2;14.24
lr105;12R_12V_02F_04M;t1;0.05;75;1301.89;TRUE;137.38;lr105_t1_12R_12V_02F_04M;12;1;0;60000;14.02;15.15
lr201;12R_12V_02F_03M;t2;0.05;75;1411.58;TRUE;157.94;lr201_t2_12R_12V_02F_03M;12;5755;15.39;60000;0;22.19
lr201;12R_12V_02F_04M;t2;0.05;75;1411.18;TRUE;165.03;lr201_t2_12R_12V_02F_04M;12;5755;16.33;60000;0;22.23
lr202;12R_12V_02F_03M;t2;0.05;75;981.34;TRUE;182.24;lr202_t2_12R_12V_02F_03M;12;52253;158.71;60000;0;26.16
lr202;12R_12V_02F_04M;t2;0.05;75;980.34;TRUE;194.57;lr202_t2_12R_12V_02F_04M;12;52253;169.51;60000;0;26.99
lr203;12R_12V_02F_03M;t2;0.05;75;1005.56;TRUE;213.29;lr203_t2_12R_12V_02F_03M;12;21993;78.32;60000;0;15.22
lr203;12R_12V_02F_04M;t2;0.05;75;996.73;TRUE;223.99;lr203_t2_12R_12V_02F_04M;12;41132;153.47;60000;0;15.29
lr204;12R_12V_02F_03M;t2;0.05;75;925.53;TRUE;203.39;lr204_t2_12R_12V_02F_03M;12;38776;131.24;60000;0;4.64
lr204;12R_12V_02F_04M;t2;0.05;75;924.72;TRUE;213.26;lr204_t2_12R_12V_02F_04M;12;38776;137.98;60000;0;4.69
lr205;12R_12V_02F_03M;t2;0.05;75;1043.51;TRUE;186.34;lr205_t2_12R_12V_02F_03M;12;5602;17.66;60000;5.05;24.64
lr205;12R_12V_02F_04M;t2;0.05;75;1041.12;TRUE;203.48;lr205_t2_12R_12V_02F_04M;12;49384;167.52;60000;0.02;24.82
lr101;12R_12V_04F_03M;t1;0.05;75;1651.84;TRUE;17.3;lr101_t1_12R_12V_04F_03M;12;26100;7.79;60000;99.85;15.87
lr101;12R_12V_04F_04M;t1;0.05;75;1621.91;TRUE;34.48;lr101_t1_12R_12V_04F_04M;12;4865;3.16;60000;94.38;15.62
lr102;12R_12V_04F_03M;t1;0.05;75;1642.33;TRUE;23.65;lr102_t1_12R_12V_04F_03M;12;52883;20.85;60000;97.95;17.22
lr102;12R_12V_04F_04M;t1;0.05;75;1605.9;TRUE;62.99;lr102_t1_12R_12V_04F_04M;12;8176;8.9;60000;77.58;17.6
lr103;12R_12V_04F_03M;t1;0.05;75;1457.57;TRUE;124.8;lr103_t1_12R_12V_04F_03M;12;14493;30.19;60000;48.94;8.32
lr103;12R_12V_04F_04M;t1;0.05;75;1439.79;TRUE;182.91;lr103_t1_12R_12V_04F_04M;12;56398;172.04;60000;16.42;8.79
lr104;12R_12V_04F_03M;t1;0.05;75;1499.16;TRUE;60.01;lr104_t1_12R_12V_04F_03M;12;14568;14.64;60000;83.04;6.75
lr104;12R_12V_04F_04M;t1;0.05;75;1484.94;TRUE;114.31;lr104_t1_12R_12V_04F_04M;12;26440;50.4;60000;57.93;4.88
lr105;12R_12V_04F_03M;t1;0.05;75;1728.08;TRUE;17.71;lr105_t1_12R_12V_04F_03M;12;4084;1.56;60000;99.05;15.15
lr105;12R_12V_04F_04M;t1;0.05;75;1714.98;TRUE;65.67;lr105_t1_12R_12V_04F_04M;12;23267;25.28;60000;74.8;14.55
lr201;12R_12V_04F_03M;t2;0.05;75;1574.75;TRUE;190.03;lr201_t2_12R_12V_04F_03M;12;21893;69.44;60000;3.66;18.62
lr201;12R_12V_04F_04M;t2;0.05;75;1573.87;TRUE;200.58;lr201_t2_12R_12V_04F_04M;12;22528;75.63;60000;3.82;19.92
lr202;12R_12V_04F_03M;t2;0.05;75;1253.57;TRUE;236.19;lr202_t2_12R_12V_04F_03M;12;14730;58.39;60000;0.03;21.08
lr202;12R_12V_04F_04M;t2;0.05;75;1238.38;TRUE;252.53;lr202_t2_12R_12V_04F_04M;12;38717;163.35;60000;0;22.13
lr203;12R_12V_04F_03M;t2;0.05;75;1226.87;TRUE;287.8;lr203_t2_12R_12V_04F_03M;12;1580;7.82;60000;0;10.41
lr203;12R_12V_04F_04M;t2;0.05;75;1222.38;TRUE;305.99;lr203_t2_12R_12V_04F_04M;12;1580;8.5;60000;0;10.57
lr204;12R_12V_04F_03M;t2;0.05;75;1219.08;TRUE;285.04;lr204_t2_12R_12V_04F_03M;12;51058;242.36;60000;0;2.05
lr204;12R_12V_04F_04M;t2;0.05;75;1212.76;TRUE;299.73;lr204_t2_12R_12V_04F_04M;12;51058;254.84;60000;0;2.16
lr205;12R_12V_04F_03M;t2;0.05;75;1236.08;TRUE;230.73;lr205_t2_12R_12V_04F_03M;12;14406;55.89;60000;6.76;21.71
lr205;12R_12V_04F_04M;t2;0.05;75;1222.41;TRUE;255.9;lr205_t2_12R_12V_04F_04M;12;29404;125.42;60000;0.05;22.11
LR1_2_1;40R_40V_02F_05M;t1;0.05;75;9112.72;TRUE;138.42;LR1_2_1_t1_40R_40V_02F_05M;40;9632;22.49;60000;99.62;5.73
LR1_2_1;40R_40V_02F_06M;t1;0.05;75;8886.73;TRUE;230.8;LR1_2_1_t1_40R_40V_02F_06M;40;37612;144.71;60000;95.97;5.96
LR1_2_2;40R_40V_02F_05M;t1;0.05;75;7883.73;TRUE;212.2;LR1_2_2_t1_40R_40V_02F_05M;40;9343;33.18;60000;98.69;4.68
LR1_2_2;40R_40V_02F_06M;t1;0.05;75;7721.43;TRUE;281.26;LR1_2_2_t1_40R_40V_02F_06M;40;52550;246.84;60000;95.6;4.61
LR1_2_3;40R_40V_02F_05M;t1;0.05;75;6333.61;TRUE;332.65;LR1_2_3_t1_40R_40V_02F_05M;40;6855;38.71;60000;94.09;4
LR1_2_3;40R_40V_02F_06M;t1;0.05;75;5934.43;TRUE;643;LR1_2_3_t1_40R_40V_02F_06M;40;46327;496.8;60000;59.35;4.12
LR1_2_4;40R_40V_02F_05M;t1;0.05;75;5189.9;TRUE;852.93;LR1_2_4_t1_40R_40V_02F_05M;40;43130;613.68;60000;56.78;5.31
LR1_2_4;40R_40V_02F_06M;t1;0.05;75;5250.87;TRUE;1197.01;LR1_2_4_t1_40R_40V_02F_06M;40;40990;817.68;60000;24.35;5.1
LR1_2_5;40R_40V_02F_05M;t1;0.05;75;5794.84;TRUE;773.58;LR1_2_5_t1_40R_40V_02F_05M;40;15300;198.42;60000;8.26;6.43
LR1_2_5;40R_40V_02F_06M;t1;0.05;75;5959.86;TRUE;849.89;LR1_2_5_t1_40R_40V_02F_06M;40;5915;84.49;60000;2.97;6.56
LR2_2_1;40R_40V_02F_05M;t2;0.05;75;8739.02;TRUE;977.49;LR2_2_1_t2_40R_40V_02F_05M;40;20635;337.5;60000;13.32;6.81
LR2_2_1;40R_40V_02F_06M;t2;0.05;75;8812.3;TRUE;1064.53;LR2_2_1_t2_40R_40V_02F_06M;40;42660;757.07;60000;13.34;7.02
LR2_2_2;40R_40V_02F_05M;t2;0.05;75;7056.96;TRUE;1315.8;LR2_2_2_t2_40R_40V_02F_05M;40;23145;508.11;60000;16.81;7.31
LR2_2_2;40R_40V_02F_06M;t2;0.05;75;7190.39;TRUE;1512.3;LR2_2_2_t2_40R_40V_02F_06M;40;38348;968.4;60000;0.32;7.49
LR2_2_3;40R_40V_02F_05M;t2;0.05;75;6599.47;TRUE;1978.75;LR2_2_3_t2_40R_40V_02F_05M;40;54287;1791.67;60000;0;3.2
LR2_2_3;40R_40V_02F_06M;t2;0.05;75;6555.74;TRUE;2130.46;LR2_2_3_t2_40R_40V_02F_06M;40;49365;1753.4;60000;0;3.32
LR2_2_4;40R_40V_02F_05M;t2;0.05;75;4700.08;TRUE;3067.84;LR2_2_4_t2_40R_40V_02F_05M;40;58833;3008.31;60000;0;1.87
LR2_2_4;40R_40V_02F_06M;t2;0.05;75;4688.15;TRUE;3240.26;LR2_2_4_t2_40R_40V_02F_06M;40;58833;3176.48;60000;0;1.89
LR2_2_5;40R_40V_02F_05M;t2;0.05;75;7731.13;TRUE;1252.48;LR2_2_5_t2_40R_40V_02F_05M;40;17677;370.45;60000;0;8.77
LR2_2_5;40R_40V_02F_06M;t2;0.05;75;7725.29;TRUE;1370.67;LR2_2_5_t2_40R_40V_02F_06M;40;17677;406.79;60000;0;8.83
LR1_2_1;40R_40V_04F_05M;t1;0.05;75;NA;FALSE;105.98;LR1_2_1_t1_40R_40V_04F_05M;40;0;0;60000;100;0
LR1_2_1;40R_40V_04F_06M;t1;0.05;75;11437.75;TRUE;144.47;LR1_2_1_t1_40R_40V_04F_06M;40;1;0.02;60000;100;6.88
LR1_2_2;40R_40V_04F_05M;t1;0.05;75;9860.27;TRUE;137.46;LR1_2_2_t1_40R_40V_04F_05M;40;2946;7.16;60000;100;7.03
LR1_2_2;40R_40V_04F_06M;t1;0.05;75;9428.24;TRUE;197.16;LR1_2_2_t1_40R_40V_04F_06M;40;59017;193.9;60000;99.93;5.94
LR1_2_3;40R_40V_04F_05M;t1;0.05;75;9817.1;TRUE;192.56;LR1_2_3_t1_40R_40V_04F_05M;40;1;0.02;60000;100;5.09
LR1_2_3;40R_40V_04F_06M;t1;0.05;75;8705.13;TRUE;295.06;LR1_2_3_t1_40R_40V_04F_06M;40;31733;156.9;60000;99.95;5.49
LR1_2_4;40R_40V_04F_05M;t1;0.05;75;7065.35;TRUE;585.32;LR1_2_4_t1_40R_40V_04F_05M;40;23670;231.43;60000;95.55;5.31
LR1_2_4;40R_40V_04F_06M;t1;0.05;75;7155.13;TRUE;826.9;LR1_2_4_t1_40R_40V_04F_06M;40;9491;131.9;60000;88.25;4.8
LR1_2_5;40R_40V_04F_05M;t1;0.05;75;9090.87;TRUE;235.49;LR1_2_5_t1_40R_40V_04F_05M;40;54950;215.79;60000;99.99;6.7
LR1_2_5;40R_40V_04F_06M;t1;0.05;75;8898.51;TRUE;349.99;LR1_2_5_t1_40R_40V_04F_06M;40;14269;83.31;60000;99.39;6.29
LR2_2_1;40R_40V_04F_05M;t2;0.05;75;9703.53;TRUE;902.84;LR2_2_1_t2_40R_40V_04F_05M;40;45161;679.2;60000;55.47;6
LR2_2_1;40R_40V_04F_06M;t2;0.05;75;9817.17;TRUE;953.86;LR2_2_1_t2_40R_40V_04F_06M;40;45537;724.58;60000;55.65;6.37
LR2_2_2;40R_40V_04F_05M;t2;0.05;75;8329.78;TRUE;1894.46;LR2_2_2_t2_40R_40V_04F_05M;40;738;23.78;60000;3.6;5.05
LR2_2_2;40R_40V_04F_06M;t2;0.05;75;8356.2;TRUE;2057.08;LR2_2_2_t2_40R_40V_04F_06M;40;1557;54.52;60000;0.06;5.5
LR2_2_3;40R_40V_04F_05M;t2;0.05;75;7923.42;TRUE;2466.3;LR2_2_3_t2_40R_40V_04F_05M;40;51114;2099.94;60000;23.29;2.48
LR2_2_3;40R_40V_04F_06M;t2;0.05;75;7777.81;TRUE;2983.17;LR2_2_3_t2_40R_40V_04F_06M;40;4047;202.48;60000;1.78;2.67
LR2_2_4;40R_40V_04F_05M;t2;0.05;75;6132.24;TRUE;3600.07;LR2_2_4_t2_40R_40V_04F_05M;40;12647;1028.01;44296;0;1.3
LR2_2_4;40R_40V_04F_06M;t2;0.05;75;6038.52;TRUE;3600.11;LR2_2_4_t2_40R_40V_04F_06M;40;12647;1095.35;41524;0;1.35
LR2_2_5;40R_40V_04F_05M;t2;0.05;75;8927;TRUE;1719.14;LR2_2_5_t2_40R_40V_04F_05M;40;19853;569.97;60000;0;6.54
LR2_2_5;40R_40V_04F_06M;t2;0.05;75;8909.2;TRUE;1822.99;LR2_2_5_t2_40R_40V_04F_06M;40;19853;606.94;60000;0;6.74
LR1_2_1;60R_60V_02F_05M;t1;0.05;75;13362.96;TRUE;272.61;LR1_2_1_t1_60R_60V_02F_05M;60;34721;158.07;60000;99.99;5.95
LR1_2_1;60R_60V_02F_06M;t1;0.05;75;12639.84;TRUE;373.2;LR1_2_1_t1_60R_60V_02F_06M;60;46395;288.8;60000;99.84;6.06
LR1_2_2;60R_60V_02F_05M;t1;0.05;75;11331.77;TRUE;522.22;LR1_2_2_t1_60R_60V_02F_05M;60;57802;503.39;60000;95.15;5.5
LR1_2_2;60R_60V_02F_06M;t1;0.05;75;11150.76;TRUE;743.82;LR1_2_2_t1_60R_60V_02F_06M;60;4355;54.4;60000;86.58;5.56
LR1_2_3;60R_60V_02F_05M;t1;0.05;75;9807.15;TRUE;531.03;LR1_2_3_t1_60R_60V_02F_05M;60;44665;394.56;60000;99.79;3.84
LR1_2_3;60R_60V_02F_06M;t1;0.05;75;9807.39;TRUE;708.22;LR1_2_3_t1_60R_60V_02F_06M;60;9937;118.37;60000;98.24;3.9
LR1_2_4;60R_60V_02F_05M;t1;0.05;75;7050.7;TRUE;2000.52;LR1_2_4_t1_60R_60V_02F_05M;60;32153;1073.42;60000;50.86;2.45
LR1_2_4;60R_60V_02F_06M;t1;0.05;75;7059.51;TRUE;2765.37;LR1_2_4_t1_60R_60V_02F_06M;60;7244;334.79;60000;19.73;2.44
LR1_2_5;60R_60V_02F_05M;t1;0.05;75;9682.14;TRUE;970.9;LR1_2_5_t1_60R_60V_02F_05M;60;45025;727.02;60000;63.18;5.77
LR1_2_5;60R_60V_02F_06M;t1;0.05;75;9833.79;TRUE;1192.38;LR1_2_5_t1_60R_60V_02F_06M;60;58907;1171.18;60000;50.07;6.04
LR2_2_1;60R_60V_02F_05M;t2;0.05;75;13447.95;TRUE;1891.13;LR2_2_1_t2_60R_60V_02F_05M;60;23728;750.27;60000;33.15;7.06
LR2_2_1;60R_60V_02F_06M;t2;0.05;75;13403.95;TRUE;2214.65;LR2_2_1_t2_60R_60V_02F_06M;60;24710;914.37;60000;22.65;7.2
LR2_2_2;60R_60V_02F_05M;t2;0.05;75;11010.05;TRUE;3433.56;LR2_2_2_t2_60R_60V_02F_05M;60;43782;2507.92;60000;0;5.95
LR2_2_2;60R_60V_02F_06M;t2;0.05;75;10833.73;TRUE;3599.55;LR2_2_2_t2_60R_60V_02F_06M;60;4789;288.78;60000;0;6.04
LR2_2_3;60R_60V_02F_05M;t2;0.05;75;10698.35;TRUE;3600.04;LR2_2_3_t2_60R_60V_02F_05M;60;28952;2028.72;51355;5.48;3.96
LR2_2_3;60R_60V_02F_06M;t2;0.05;75;10604.77;TRUE;3600.03;LR2_2_3_t2_60R_60V_02F_06M;60;7764;604.74;46341;0.05;4.11
LR2_2_4;60R_60V_02F_05M;t2;0.05;75;8231.2;TRUE;3600.07;LR2_2_4_t2_60R_60V_02F_05M;60;30093;3318.33;32655;0;1.32
LR2_2_4;60R_60V_02F_06M;t2;0.05;75;7955.98;TRUE;3600.02;LR2_2_4_t2_60R_60V_02F_06M;60;27301;3185.23;30857;0;1.35
LR2_2_5;60R_60V_02F_05M;t2;0.05;75;12691.31;TRUE;2761.82;LR2_2_5_t2_60R_60V_02F_05M;60;33642;1555.59;60000;0;7
LR2_2_5;60R_60V_02F_06M;t2;0.05;75;12738.09;TRUE;3016.13;LR2_2_5_t2_60R_60V_02F_06M;60;19842;1001.66;60000;0;7.12
LR1_2_1;60R_60V_04F_05M;t1;0.05;75;NA;FALSE;289.69;LR1_2_1_t1_60R_60V_04F_05M;60;0;0;60000;100;0
LR1_2_1;60R_60V_04F_06M;t1;0.05;75;15247.9;TRUE;404.44;LR1_2_1_t1_60R_60V_04F_06M;60;21857;147.27;60000;99.99;7.77
LR1_2_2;60R_60V_04F_05M;t1;0.05;75;NA;FALSE;250.43;LR1_2_2_t1_60R_60V_04F_05M;60;0;0;60000;100;0
LR1_2_2;60R_60V_04F_06M;t1;0.05;75;NA;FALSE;333.02;LR1_2_2_t1_60R_60V_04F_06M;60;0;0;60000;100;0
LR1_2_3;60R_60V_04F_05M;t1;0.05;75;13357.98;TRUE;427.9;LR1_2_3_t1_60R_60V_04F_05M;60;1;0.08;60000;100;6.07
LR1_2_3;60R_60V_04F_06M;t1;0.05;75;13316.12;TRUE;539.65;LR1_2_3_t1_60R_60V_04F_06M;60;1;0.05;60000;100;6.08
LR1_2_4;60R_60V_04F_05M;t1;0.05;75;10336.71;TRUE;1077.47;LR1_2_4_t1_60R_60V_04F_05M;60;36479;654.77;60000;99.52;3.73
LR1_2_4;60R_60V_04F_06M;t1;0.05;75;9923.96;TRUE;1816.93;LR1_2_4_t1_60R_60V_04F_06M;60;58954;1784.75;60000;95.5;3.37
LR1_2_5;60R_60V_04F_05M;t1;0.05;75;NA;FALSE;356.1;LR1_2_5_t1_60R_60V_04F_05M;60;0;0;60000;100;0
LR1_2_5;60R_60V_04F_06M;t1;0.05;75;NA;FALSE;520.41;LR1_2_5_t1_60R_60V_04F_06M;60;0;0;60000;100;0
LR2_2_1;60R_60V_04F_05M;t2;0.05;75;14997.33;TRUE;2130.02;LR2_2_1_t2_60R_60V_04F_05M;60;22806;814.28;60000;62.4;5.86
LR2_2_1;60R_60V_04F_06M;t2;0.05;75;14894.19;TRUE;2845.39;LR2_2_1_t2_60R_60V_04F_06M;60;55459;2630.43;60000;38.11;6
LR2_2_2;60R_60V_04F_05M;t2;0.05;75;13055.12;TRUE;3600.05;LR2_2_2_t2_60R_60V_04F_05M;60;20927;1405.12;53242;25.6;4.44
LR2_2_2;60R_60V_04F_06M;t2;0.05;75;12964.84;TRUE;3600.08;LR2_2_2_t2_60R_60V_04F_06M;60;22187;1569.8;50341;25.84;4.57
LR2_2_3;60R_60V_04F_05M;t2;0.05;75;12450.83;TRUE;3600.04;LR2_2_3_t2_60R_60V_04F_05M;60;23002;2445.96;33978;6.11;2.82
LR2_2_3;60R_60V_04F_06M;t2;0.05;75;12615.19;TRUE;3600.07;LR2_2_3_t2_60R_60V_04F_06M;60;25710;2961.9;31258;0.35;2.9
LR2_2_4;60R_60V_04F_05M;t2;0.05;75;9903.09;TRUE;3600.1;LR2_2_4_t2_60R_60V_04F_05M;60;20258;3414.11;21373;0;0.89
LR2_2_4;60R_60V_04F_06M;t2;0.05;75;9778.61;TRUE;3600.11;LR2_2_4_t2_60R_60V_04F_06M;60;324;58.99;20097;0;0.88
LR2_2_5;60R_60V_04F_05M;t2;0.05;75;14231.88;TRUE;3600.01;LR2_2_5_t2_60R_60V_04F_05M;60;53657;3510.15;55032;0;4.55
LR2_2_5;60R_60V_04F_06M;t2;0.05;75;14245.5;TRUE;3600.04;LR2_2_5_t2_60R_60V_04F_06M;60;6029;430.94;50592;0;4.88
lr101;06R_06V_02F_03M;t1;0.05;92;780.51;TRUE;95.51;lr101_t1_06R_06V_02F_03M;6;109;0.43;60000;0;15.71
lr101;06R_06V_02F_04M;t1;0.05;92;768.25;TRUE;96.38;lr101_t1_06R_06V_02F_04M;6;151;0.53;60000;0;17.99
lr102;06R_06V_02F_03M;t1;0.05;92;606.02;TRUE;93.78;lr102_t1_06R_06V_02F_03M;6;5;0.33;60000;0;9.47
lr102;06R_06V_02F_04M;t1;0.05;92;605.59;TRUE;95.16;lr102_t1_06R_06V_02F_04M;6;5;0.29;60000;0;9.54
lr103;06R_06V_02F_03M;t1;0.05;92;607.5;TRUE;96.57;lr103_t1_06R_06V_02F_03M;6;44;0.4;60000;0;16.23
lr103;06R_06V_02F_04M;t1;0.05;92;599.29;TRUE;99.57;lr103_t1_06R_06V_02F_04M;6;44;0.39;60000;0;17.21
lr104;06R_06V_02F_03M;t1;0.05;92;431.33;TRUE;88.81;lr104_t1_06R_06V_02F_03M;6;3;0.29;60000;0;19.72
lr104;06R_06V_02F_04M;t1;0.05;92;431.33;TRUE;92.09;lr104_t1_06R_06V_02F_04M;6;3;0.32;60000;0;18.08
lr105;06R_06V_02F_03M;t1;0.05;92;660.1;TRUE;46.12;lr105_t1_06R_06V_02F_03M;6;1;0;60000;49.99;29.44
lr105;06R_06V_02F_04M;t1;0.05;92;654.89;TRUE;47.64;lr105_t1_06R_06V_02F_04M;6;1;0;60000;49.99;29.6
lr201;06R_06V_02F_03M;t2;0.05;92;793.39;TRUE;80.92;lr201_t2_06R_06V_02F_03M;6;30;0.36;60000;0;28.52
lr201;06R_06V_02F_04M;t2;0.05;92;793.39;TRUE;81.68;lr201_t2_06R_06V_02F_04M;6;30;0.37;60000;0;28.52
lr202;06R_06V_02F_03M;t2;0.05;92;545.89;TRUE;92.5;lr202_t2_06R_06V_02F_03M;6;19;0.3;60000;0;32.08
lr202;06R_06V_02F_04M;t2;0.05;92;545.89;TRUE;93.74;lr202_t2_06R_06V_02F_04M;6;19;0.35;60000;0;32.25
lr203;06R_06V_02F_03M;t2;0.05;92;686.32;TRUE;97.17;lr203_t2_06R_06V_02F_03M;6;123;0.54;60000;0;35.26
lr203;06R_06V_02F_04M;t2;0.05;92;686.32;TRUE;99.59;lr203_t2_06R_06V_02F_04M;6;123;0.54;60000;0;35.56
lr204;06R_06V_02F_03M;t2;0.05;92;611.17;TRUE;110.92;lr204_t2_06R_06V_02F_03M;6;705;1.62;60000;0;24.99
lr204;06R_06V_02F_04M;t2;0.05;92;610.66;TRUE;113.94;lr204_t2_06R_06V_02F_04M;6;8524;16.68;60000;0;25.06
lr205;06R_06V_02F_03M;t2;0.05;92;540.49;TRUE;100.19;lr205_t2_06R_06V_02F_03M;6;342;0.89;60000;0;29.57
lr205;06R_06V_02F_04M;t2;0.05;92;540.45;TRUE;104.8;lr205_t2_06R_06V_02F_04M;6;342;0.88;60000;0;29.66
lr101;06R_06V_04F_03M;t1;0.05;92;749.14;TRUE;82.91;lr101_t1_06R_06V_04F_03M;6;1;0;60000;9.96;10.67
lr101;06R_06V_04F_04M;t1;0.05;92;736.64;TRUE;93.02;lr101_t1_06R_06V_04F_04M;6;80;0.44;60000;0;12.7
lr102;06R_06V_04F_03M;t1;0.05;92;724.27;TRUE;94.79;lr102_t1_06R_06V_04F_03M;6;155;0.57;60000;10.06;9.7
lr102;06R_06V_04F_04M;t1;0.05;92;692.08;TRUE;97.5;lr102_t1_06R_06V_04F_04M;6;33;0.37;60000;8.49;10.53
lr103;06R_06V_04F_03M;t1;0.05;92;947.66;TRUE;110.46;lr103_t1_06R_06V_04F_03M;6;5;0.29;60000;0;12.27
lr103;06R_06V_04F_04M;t1;0.05;92;974.37;TRUE;112.45;lr103_t1_06R_06V_04F_04M;6;14;0.31;60000;0;14.35
lr104;06R_06V_04F_03M;t1;0.05;92;659.55;TRUE;45;lr104_t1_06R_06V_04F_03M;6;12;0.29;60000;60.31;17.01
lr104;06R_06V_04F_04M;t1;0.05;92;656.61;TRUE;47.04;lr104_t1_06R_06V_04F_04M;6;12;0.33;60000;59.25;17.66
lr105;06R_06V_04F_03M;t1;0.05;92;864.51;TRUE;50.78;lr105_t1_06R_06V_04F_03M;6;14;0.3;60000;49.99;19.3
lr105;06R_06V_04F_04M;t1;0.05;92;856.98;TRUE;52.34;lr105_t1_06R_06V_04F_04M;6;14;0.3;60000;49.99;19.44
lr201;06R_06V_04F_03M;t2;0.05;92;936.6;TRUE;98.98;lr201_t2_06R_06V_04F_03M;6;19;0.35;60000;0;18.69
lr201;06R_06V_04F_04M;t2;0.05;92;935.98;TRUE;98.37;lr201_t2_06R_06V_04F_04M;6;19;0.35;60000;0;18.72
lr202;06R_06V_04F_03M;t2;0.05;92;604.04;TRUE;110;lr202_t2_06R_06V_04F_03M;6;243;0.78;60000;0;36.69
lr202;06R_06V_04F_04M;t2;0.05;92;604.04;TRUE;112.07;lr202_t2_06R_06V_04F_04M;6;68;0.44;60000;0;39.93
lr203;06R_06V_04F_03M;t2;0.05;92;797.56;TRUE;109.58;lr203_t2_06R_06V_04F_03M;6;2622;5.17;60000;0;37.15
lr203;06R_06V_04F_04M;t2;0.05;92;725.28;TRUE;112.48;lr203_t2_06R_06V_04F_04M;6;474;1.18;60000;0;31.29
lr204;06R_06V_04F_03M;t2;0.05;92;764.38;TRUE;123.19;lr204_t2_06R_06V_04F_03M;6;1220;2.89;60000;0;17.09
lr204;06R_06V_04F_04M;t2;0.05;92;760.99;TRUE;126.57;lr204_t2_06R_06V_04F_04M;6;1220;2.92;60000;0;17
lr205;06R_06V_04F_03M;t2;0.05;92;604.07;TRUE;113.83;lr205_t2_06R_06V_04F_03M;6;2322;4.71;60000;0;24.72
lr205;06R_06V_04F_04M;t2;0.05;92;599.81;TRUE;116.75;lr205_t2_06R_06V_04F_04M;6;4816;9.79;60000;0;24.94
lr101;08R_08V_02F_03M;t1;0.05;92;1018.05;TRUE;107.78;lr101_t1_08R_08V_02F_03M;8;8;0.3;60000;0;22.58
lr101;08R_08V_02F_04M;t1;0.05;92;1010.27;TRUE;109.2;lr101_t1_08R_08V_02F_04M;8;13;0.34;60000;0;23.82
lr102;08R_08V_02F_03M;t1;0.05;92;869.72;TRUE;113.42;lr102_t1_08R_08V_02F_03M;8;6;0.33;60000;0;11.02
lr102;08R_08V_02F_04M;t1;0.05;92;864.66;TRUE;115.29;lr102_t1_08R_08V_02F_04M;8;6;0.3;60000;0;11.2
lr103;08R_08V_02F_03M;t1;0.05;92;769.29;TRUE;119.45;lr103_t1_08R_08V_02F_03M;8;1768;3.83;60000;0;10.36
lr103;08R_08V_02F_04M;t1;0.05;92;761.62;TRUE;121.46;lr103_t1_08R_08V_02F_04M;8;1768;3.97;60000;0;10.9
lr104;08R_08V_02F_03M;t1;0.05;92;765.44;TRUE;116.22;lr104_t1_08R_08V_02F_03M;8;26;0.35;60000;0;10.57
lr104;08R_08V_02F_04M;t1;0.05;92;762.11;TRUE;119.22;lr104_t1_08R_08V_02F_04M;8;40;0.4;60000;0;9.58
lr105;08R_08V_02F_03M;t1;0.05;92;869.95;TRUE;113.42;lr105_t1_08R_08V_02F_03M;8;10;0.33;60000;0;16.87
lr105;08R_08V_02F_04M;t1;0.05;92;858.77;TRUE;116.14;lr105_t1_08R_08V_02F_04M;8;10;0.3;60000;0;17.09
lr201;08R_08V_02F_03M;t2;0.05;92;930.52;TRUE;101.6;lr201_t2_08R_08V_02F_03M;8;12;0.34;60000;0;23.2
lr201;08R_08V_02F_04M;t2;0.05;92;929.83;TRUE;106.09;lr201_t2_08R_08V_02F_04M;8;12;0.34;60000;0;23.24
lr202;08R_08V_02F_03M;t2;0.05;92;717.53;TRUE;122.12;lr202_t2_08R_08V_02F_03M;8;5022;10.49;60000;0;33.13
lr202;08R_08V_02F_04M;t2;0.05;92;715.2;TRUE;126.32;lr202_t2_08R_08V_02F_04M;8;1297;3.05;60000;0;33.39
lr203;08R_08V_02F_03M;t2;0.05;92;728.54;TRUE;129.31;lr203_t2_08R_08V_02F_03M;8;4136;9.36;60000;0;22.21
lr203;08R_08V_02F_04M;t2;0.05;92;724.91;TRUE;132.97;lr203_t2_08R_08V_02F_04M;8;50532;111.89;60000;0;22.42
lr204;08R_08V_02F_03M;t2;0.05;92;708.43;TRUE;126.93;lr204_t2_08R_08V_02F_03M;8;3097;6.91;60000;0;15.64
lr204;08R_08V_02F_04M;t2;0.05;92;705.74;TRUE;130.34;lr204_t2_08R_08V_02F_04M;8;3097;7.07;60000;0;15.78
lr205;08R_08V_02F_03M;t2;0.05;92;736.45;TRUE;125.62;lr205_t2_08R_08V_02F_03M;8;3039;6.63;60000;0;27.65
lr205;08R_08V_02F_04M;t2;0.05;92;729.88;TRUE;130.44;lr205_t2_08R_08V_02F_04M;8;8185;18.04;60000;0;27.83
lr101;08R_08V_04F_03M;t1;0.05;92;1166.54;TRUE;43.94;lr101_t1_08R_08V_04F_03M;8;425;0.59;60000;69.31;14.25
lr101;08R_08V_04F_04M;t1;0.05;92;1135.03;TRUE;110.89;lr101_t1_08R_08V_04F_04M;8;462;1.17;60000;9.98;16.59
lr102;08R_08V_04F_03M;t1;0.05;92;1030.42;TRUE;24.36;lr102_t1_08R_08V_04F_03M;8;1716;1.02;60000;87.8;11.39
lr102;08R_08V_04F_04M;t1;0.05;92;1003.13;TRUE;113.01;lr102_t1_08R_08V_04F_04M;8;2;0.29;60000;9.76;9.72
lr103;08R_08V_04F_03M;t1;0.05;92;1099.07;TRUE;58.17;lr103_t1_08R_08V_04F_03M;8;130;0.44;60000;66.31;12.09
lr103;08R_08V_04F_04M;t1;0.05;92;1086.46;TRUE;73.97;lr103_t1_08R_08V_04F_04M;8;372;0.79;60000;55.73;13.13
lr104;08R_08V_04F_03M;t1;0.05;92;1096.75;TRUE;57.06;lr104_t1_08R_08V_04F_03M;8;657;0.91;60000;67.67;14.3
lr104;08R_08V_04F_04M;t1;0.05;92;1092.54;TRUE;75.04;lr104_t1_08R_08V_04F_04M;8;306;0.69;60000;54.64;12.61
lr105;08R_08V_04F_03M;t1;0.05;92;1068.12;TRUE;116.44;lr105_t1_08R_08V_04F_03M;8;6;0.34;60000;4.25;11.91
lr105;08R_08V_04F_04M;t1;0.05;92;1053.6;TRUE;114.01;lr105_t1_08R_08V_04F_04M;8;21;0.35;60000;7.68;11.47
lr201;08R_08V_04F_03M;t2;0.05;92;1142.97;TRUE;123.21;lr201_t2_08R_08V_04F_03M;8;12;0.35;60000;4.44;20.27
lr201;08R_08V_04F_04M;t2;0.05;92;1136.32;TRUE;125.09;lr201_t2_08R_08V_04F_04M;8;12;0.35;60000;4.53;20.47
lr202;08R_08V_04F_03M;t2;0.05;92;885.9;TRUE;154.84;lr202_t2_08R_08V_04F_03M;8;225;0.9;60000;0;27.93
lr202;08R_08V_04F_04M;t2;0.05;92;880.69;TRUE;160.54;lr202_t2_08R_08V_04F_04M;8;225;0.95;60000;0;28.26
lr203;08R_08V_04F_03M;t2;0.05;92;929.42;TRUE;153.54;lr203_t2_08R_08V_04F_03M;8;1612;4.54;60000;0;16.23
lr203;08R_08V_04F_04M;t2;0.05;92;928.97;TRUE;159.33;lr203_t2_08R_08V_04F_04M;8;1612;4.69;60000;0;16.84
lr204;08R_08V_04F_03M;t2;0.05;92;878.05;TRUE;158.63;lr204_t2_08R_08V_04F_03M;8;30201;80.13;60000;0;8.35
lr204;08R_08V_04F_04M;t2;0.05;92;874.24;TRUE;168.19;lr204_t2_08R_08V_04F_04M;8;30406;85.24;60000;0;8.57
lr205;08R_08V_04F_03M;t2;0.05;92;948.48;TRUE;155.39;lr205_t2_08R_08V_04F_03M;8;17385;44.97;60000;0;19.58
lr205;08R_08V_04F_04M;t2;0.05;92;940.07;TRUE;157.48;lr205_t2_08R_08V_04F_04M;8;17385;45.98;60000;0;19.7
lr101;10R_10V_02F_03M;t1;0.05;92;1194.55;TRUE;126.02;lr101_t1_10R_10V_02F_03M;10;601;1.58;60000;0;21.14
lr101;10R_10V_02F_04M;t1;0.05;92;1187.36;TRUE;128.8;lr101_t1_10R_10V_02F_04M;10;19;0.35;60000;0;22.36
lr102;10R_10V_02F_03M;t1;0.05;92;1025.34;TRUE;51.69;lr102_t1_10R_10V_02F_03M;10;814;1;60000;66.7;10.75
lr102;10R_10V_02F_04M;t1;0.05;92;1022.31;TRUE;95.95;lr102_t1_10R_10V_02F_04M;10;6;0.3;60000;32.26;10.7
lr103;10R_10V_02F_03M;t1;0.05;92;1034.38;TRUE;63.91;lr103_t1_10R_10V_02F_03M;10;172;0.5;60000;63.21;12.61
lr103;10R_10V_02F_04M;t1;0.05;92;1022.42;TRUE;129.07;lr103_t1_10R_10V_02F_04M;10;27;0.36;60000;15.79;11.86
lr104;10R_10V_02F_03M;t1;0.05;92;890.44;TRUE;79.77;lr104_t1_10R_10V_02F_03M;10;22774;30.09;60000;46.76;9.39
lr104;10R_10V_02F_04M;t1;0.05;92;892.38;TRUE;83;lr104_t1_10R_10V_02F_04M;10;9047;12.76;60000;46.72;9.25
lr105;10R_10V_02F_03M;t1;0.05;92;1207.1;TRUE;74.89;lr105_t1_10R_10V_02F_03M;10;5;0.29;60000;49.95;19.13
lr105;10R_10V_02F_04M;t1;0.05;92;1188.48;TRUE;137.4;lr105_t1_10R_10V_02F_04M;10;5;0.33;60000;0;20.11
lr201;10R_10V_02F_03M;t2;0.05;92;1013.31;TRUE;124.66;lr201_t2_10R_10V_02F_03M;10;88;0.49;60000;6.63;26.94
lr201;10R_10V_02F_04M;t2;0.05;92;1013.31;TRUE;128.69;lr201_t2_10R_10V_02F_04M;10;88;0.5;60000;6.63;26.94
lr202;10R_10V_02F_03M;t2;0.05;92;912.13;TRUE;149.13;lr202_t2_10R_10V_02F_03M;10;53355;132.57;60000;0;31.2
lr202;10R_10V_02F_04M;t2;0.05;92;909.9;TRUE;156.42;lr202_t2_10R_10V_02F_04M;10;53355;139.06;60000;0;32.35
lr203;10R_10V_02F_03M;t2;0.05;92;868.26;TRUE;179.86;lr203_t2_10R_10V_02F_03M;10;48320;145.06;60000;0;17.78
lr203;10R_10V_02F_04M;t2;0.05;92;860.51;TRUE;189.25;lr203_t2_10R_10V_02F_04M;10;512;1.99;60000;0;17.85
lr204;10R_10V_02F_03M;t2;0.05;92;753.92;TRUE;166.09;lr204_t2_10R_10V_02F_03M;10;36397;101.12;60000;0;9.04
lr204;10R_10V_02F_04M;t2;0.05;92;753.21;TRUE;172.64;lr204_t2_10R_10V_02F_04M;10;25137;72.26;60000;0;9.33
lr205;10R_10V_02F_03M;t2;0.05;92;875.34;TRUE;157.66;lr205_t2_10R_10V_02F_03M;10;58266;153.15;60000;0;26.25
lr205;10R_10V_02F_04M;t2;0.05;92;869.05;TRUE;164.9;lr205_t2_10R_10V_02F_04M;10;58266;160.12;60000;0;26.26
lr101;10R_10V_04F_03M;t1;0.05;92;1343.37;TRUE;88.11;lr101_t1_10R_10V_04F_03M;10;1483;2.55;60000;43.01;18.91
lr101;10R_10V_04F_04M;t1;0.05;92;1334.41;TRUE;145.79;lr101_t1_10R_10V_04F_04M;10;339;1.18;60000;0;20.5
lr102;10R_10V_04F_03M;t1;0.05;92;1155.25;TRUE;29.11;lr102_t1_10R_10V_04F_03M;10;1486;1.09;60000;88.18;7.5
lr102;10R_10V_04F_04M;t1;0.05;92;1145.23;TRUE;95.32;lr102_t1_10R_10V_04F_04M;10;3760;6.31;60000;39.71;9.12
lr103;10R_10V_04F_03M;t1;0.05;92;1485.44;TRUE;21.61;lr103_t1_10R_10V_04F_03M;10;19574;7.29;60000;97.5;12.32
lr103;10R_10V_04F_04M;t1;0.05;92;1444.21;TRUE;79.71;lr103_t1_10R_10V_04F_04M;10;4738;6.64;60000;66.87;12.17
lr104;10R_10V_04F_03M;t1;0.05;92;1232.39;TRUE;71.31;lr104_t1_10R_10V_04F_03M;10;1120;1.7;60000;65.52;7.51
lr104;10R_10V_04F_04M;t1;0.05;92;1218.3;TRUE;82.99;lr104_t1_10R_10V_04F_04M;10;2245;3.46;60000;59.06;8.68
lr105;10R_10V_04F_03M;t1;0.05;92;1592.96;TRUE;15.39;lr105_t1_10R_10V_04F_03M;10;59217;15.19;60000;97.3;16.55
lr105;10R_10V_04F_04M;t1;0.05;92;1517.24;TRUE;49.03;lr105_t1_10R_10V_04F_04M;10;1090;1.21;60000;76.96;17.69
lr201;10R_10V_04F_03M;t2;0.05;92;1381.08;TRUE;142.05;lr201_t2_10R_10V_04F_03M;10;37529;88.91;60000;13.02;22.38
lr201;10R_10V_04F_04M;t2;0.05;92;1380.49;TRUE;148.4;lr201_t2_10R_10V_04F_04M;10;37529;92.82;60000;13.02;22.83
lr202;10R_10V_04F_03M;t2;0.05;92;1256.14;TRUE;192;lr202_t2_10R_10V_04F_03M;10;43979;140.74;60000;0.48;27.66
lr202;10R_10V_04F_04M;t2;0.05;92;1241.31;TRUE;200.44;lr202_t2_10R_10V_04F_04M;10;17454;58.57;60000;0;30.47
lr203;10R_10V_04F_03M;t2;0.05;92;995.62;TRUE;227.05;lr203_t2_10R_10V_04F_03M;10;18413;70.33;60000;0;13.45
lr203;10R_10V_04F_04M;t2;0.05;92;982.7;TRUE;235.58;lr203_t2_10R_10V_04F_04M;10;39812;156.72;60000;0;13.57
lr204;10R_10V_04F_03M;t2;0.05;92;968.73;TRUE;225;lr204_t2_10R_10V_04F_03M;10;54975;206.17;60000;0;5.24
lr204;10R_10V_04F_04M;t2;0.05;92;960.7;TRUE;235.48;lr204_t2_10R_10V_04F_04M;10;36610;143.98;60000;0;5.5
lr205;10R_10V_04F_03M;t2;0.05;92;1048.58;TRUE;185.17;lr205_t2_10R_10V_04F_03M;10;12928;40.03;60000;0;23.15
lr205;10R_10V_04F_04M;t2;0.05;92;1037.32;TRUE;192.04;lr205_t2_10R_10V_04F_04M;10;54670;174.94;60000;0;23.26
lr101;12R_12V_02F_03M;t1;0.05;92;1444.04;TRUE;139.29;lr101_t1_12R_12V_02F_03M;12;30;0.38;60000;9.94;23.24
lr101;12R_12V_02F_04M;t1;0.05;92;1437.74;TRUE;143.57;lr101_t1_12R_12V_02F_04M;12;4;0.32;60000;9.94;23.36
lr102;12R_12V_02F_03M;t1;0.05;92;1404.9;TRUE;84.78;lr102_t1_12R_12V_02F_03M;12;184;0.56;60000;49.98;14.39
lr102;12R_12V_02F_04M;t1;0.05;92;1397.72;TRUE;88.43;lr102_t1_12R_12V_02F_04M;12;1699;2.89;60000;49.98;14.41
lr103;12R_12V_02F_03M;t1;0.05;92;1138.94;TRUE;118.03;lr103_t1_12R_12V_02F_03M;12;1328;3.02;60000;34.66;10.53
lr103;12R_12V_02F_04M;t1;0.05;92;1126.46;TRUE;133.12;lr103_t1_12R_12V_02F_04M;12;2095;5.12;60000;27.76;11.16
lr104;12R_12V_02F_03M;t1;0.05;92;1233.18;TRUE;91.96;lr104_t1_12R_12V_02F_03M;12;1399;2.42;60000;54.3;5.49
lr104;12R_12V_02F_04M;t1;0.05;92;1223.17;TRUE;110.24;lr104_t1_12R_12V_02F_04M;12;5201;9.92;60000;45.52;5.95
lr105;12R_12V_02F_03M;t1;0.05;92;1316.34;TRUE;55.66;lr105_t1_12R_12V_02F_03M;12;5247;5.1;60000;71.13;14.22
lr105;12R_12V_02F_04M;t1;0.05;92;1301.89;TRUE;137.86;lr105_t1_12R_12V_02F_04M;12;1;0;60000;14.22;15.16
lr201;12R_12V_02F_03M;t2;0.05;92;1411.58;TRUE;157.21;lr201_t2_12R_12V_02F_03M;12;43363;113.68;60000;0;22.22
lr201;12R_12V_02F_04M;t2;0.05;92;1411.18;TRUE;165.08;lr201_t2_12R_12V_02F_04M;12;43363;119.22;60000;0;22.26
lr202;12R_12V_02F_03M;t2;0.05;92;980.9;TRUE;180.44;lr202_t2_12R_12V_02F_03M;12;58033;174.51;60000;0;26.14
lr202;12R_12V_02F_04M;t2;0.05;92;980.1;TRUE;191.25;lr202_t2_12R_12V_02F_04M;12;58033;184.93;60000;0;27
lr203;12R_12V_02F_03M;t2;0.05;92;997.12;TRUE;217.49;lr203_t2_12R_12V_02F_03M;12;46039;166.84;60000;0;15.26
lr203;12R_12V_02F_04M;t2;0.05;92;990.43;TRUE;225;lr203_t2_12R_12V_02F_04M;12;659;2.78;60000;0;15.34
lr204;12R_12V_02F_03M;t2;0.05;92;935.4;TRUE;201.6;lr204_t2_12R_12V_02F_03M;12;19017;64.29;60000;0;4.61
lr204;12R_12V_02F_04M;t2;0.05;92;933.9;TRUE;212.81;lr204_t2_12R_12V_02F_04M;12;19017;67.71;60000;0;4.67
lr205;12R_12V_02F_03M;t2;0.05;92;1063.39;TRUE;185.97;lr205_t2_12R_12V_02F_03M;12;24227;75.42;60000;4.97;24.55
lr205;12R_12V_02F_04M;t2;0.05;92;1039.05;TRUE;204.33;lr205_t2_12R_12V_02F_04M;12;40738;138.55;60000;0.03;24.81
lr101;12R_12V_04F_03M;t1;0.05;92;1651.36;TRUE;17.37;lr101_t1_12R_12V_04F_03M;12;3380;1.29;60000;99.84;15.94
lr101;12R_12V_04F_04M;t1;0.05;92;1621.73;TRUE;35.04;lr101_t1_12R_12V_04F_04M;12;46792;27.44;60000;94.39;15.67
lr102;12R_12V_04F_03M;t1;0.05;92;1658.8;TRUE;23.8;lr102_t1_12R_12V_04F_03M;12;35199;14.03;60000;97.95;17.19
lr102;12R_12V_04F_04M;t1;0.05;92;1604.25;TRUE;63.7;lr102_t1_12R_12V_04F_04M;12;44811;47.59;60000;77.33;17.6
lr103;12R_12V_04F_03M;t1;0.05;92;1453.41;TRUE;123.4;lr103_t1_12R_12V_04F_03M;12;41456;85;60000;48.84;8.3
lr103;12R_12V_04F_04M;t1;0.05;92;1439.36;TRUE;184.7;lr103_t1_12R_12V_04F_04M;12;12998;40.65;60000;16.33;8.78
lr104;12R_12V_04F_03M;t1;0.05;92;1495.63;TRUE;60.33;lr104_t1_12R_12V_04F_03M;12;55590;55.91;60000;82.92;6.76
lr104;12R_12V_04F_04M;t1;0.05;92;1484.94;TRUE;114.94;lr104_t1_12R_12V_04F_04M;12;43028;82.61;60000;58.54;4.87
lr105;12R_12V_04F_03M;t1;0.05;92;1720.83;TRUE;17.56;lr105_t1_12R_12V_04F_03M;12;3804;1.38;60000;99.15;15.2
lr105;12R_12V_04F_04M;t1;0.05;92;1714.98;TRUE;65.73;lr105_t1_12R_12V_04F_04M;12;55498;60.78;60000;74.77;14.54
lr201;12R_12V_04F_03M;t2;0.05;92;1574.75;TRUE;192.34;lr201_t2_12R_12V_04F_03M;12;27312;87.65;60000;3.8;18.66
lr201;12R_12V_04F_04M;t2;0.05;92;1573.87;TRUE;200.66;lr201_t2_12R_12V_04F_04M;12;9762;32.97;60000;3.9;19.93
lr202;12R_12V_04F_03M;t2;0.05;92;1226.17;TRUE;239;lr202_t2_12R_12V_04F_03M;12;33903;134.96;60000;0.01;21.05
lr202;12R_12V_04F_04M;t2;0.05;92;1224.24;TRUE;250.82;lr202_t2_12R_12V_04F_04M;12;40868;171.32;60000;0;22.17
lr203;12R_12V_04F_03M;t2;0.05;92;1230.39;TRUE;288.04;lr203_t2_12R_12V_04F_03M;12;15337;73.99;60000;0;10.4
lr203;12R_12V_04F_04M;t2;0.05;92;1227.47;TRUE;302.54;lr203_t2_12R_12V_04F_04M;12;44857;226.58;60000;0;10.56
lr204;12R_12V_04F_03M;t2;0.05;92;1202.56;TRUE;287.2;lr204_t2_12R_12V_04F_03M;12;37157;178.33;60000;0;2.03
lr204;12R_12V_04F_04M;t2;0.05;92;1196.9;TRUE;300.6;lr204_t2_12R_12V_04F_04M;12;8447;43.04;60000;0;2.14
lr205;12R_12V_04F_03M;t2;0.05;92;1230.6;TRUE;229.65;lr205_t2_12R_12V_04F_03M;12;21513;82.46;60000;6.62;21.69
lr205;12R_12V_04F_04M;t2;0.05;92;1224.54;TRUE;253.11;lr205_t2_12R_12V_04F_04M;12;1705;7.71;60000;0.05;22.14
LR1_2_1;40R_40V_02F_05M;t1;0.05;92;9058.94;TRUE;139.63;LR1_2_1_t1_40R_40V_02F_05M;40;21357;49.99;60000;99.58;5.72
LR1_2_1;40R_40V_02F_06M;t1;0.05;92;8851.07;TRUE;230.57;LR1_2_1_t1_40R_40V_02F_06M;40;31418;119.99;60000;96.01;5.95
LR1_2_2;40R_40V_02F_05M;t1;0.05;92;8057.1;TRUE;211.87;LR1_2_2_t1_40R_40V_02F_05M;40;23865;84.08;60000;98.78;4.65
LR1_2_2;40R_40V_02F_06M;t1;0.05;92;7776.27;TRUE;282.92;LR1_2_2_t1_40R_40V_02F_06M;40;24498;115.85;60000;95.3;4.64
LR1_2_3;40R_40V_02F_05M;t1;0.05;92;6208.51;TRUE;333.72;LR1_2_3_t1_40R_40V_02F_05M;40;17984;100.87;60000;94.14;4.01
LR1_2_3;40R_40V_02F_06M;t1;0.05;92;6137.2;TRUE;650.88;LR1_2_3_t1_40R_40V_02F_06M;40;19272;209.47;60000;59.24;4.13
LR1_2_4;40R_40V_02F_05M;t1;0.05;92;5307.13;TRUE;846.5;LR1_2_4_t1_40R_40V_02F_05M;40;54149;765.15;60000;56.66;5.32
LR1_2_4;40R_40V_02F_06M;t1;0.05;92;5256.78;TRUE;1194.04;LR1_2_4_t1_40R_40V_02F_06M;40;14006;279.6;60000;24.15;5.1
LR1_2_5;40R_40V_02F_05M;t1;0.05;92;5927.78;TRUE;779.91;LR1_2_5_t1_40R_40V_02F_05M;40;52047;677.69;60000;8.04;6.44
LR1_2_5;40R_40V_02F_06M;t1;0.05;92;5893.64;TRUE;857.01;LR1_2_5_t1_40R_40V_02F_06M;40;16136;231.47;60000;3.04;6.56
LR2_2_1;40R_40V_02F_05M;t2;0.05;92;8792.39;TRUE;980.18;LR2_2_1_t2_40R_40V_02F_05M;40;44567;729.3;60000;13.06;6.82
LR2_2_1;40R_40V_02F_06M;t2;0.05;92;8780.02;TRUE;1059.09;LR2_2_1_t2_40R_40V_02F_06M;40;28197;499.31;60000;13.58;7.02
LR2_2_2;40R_40V_02F_05M;t2;0.05;92;7192.9;TRUE;1276.36;LR2_2_2_t2_40R_40V_02F_05M;40;25252;535.94;60000;16.9;7.29
LR2_2_2;40R_40V_02F_06M;t2;0.05;92;7050.57;TRUE;1523.13;LR2_2_2_t2_40R_40V_02F_06M;40;11408;292.19;60000;0.32;7.49
LR2_2_3;40R_40V_02F_05M;t2;0.05;92;6522.09;TRUE;1954.93;LR2_2_3_t2_40R_40V_02F_05M;40;1842;60.42;60000;0;3.19
LR2_2_3;40R_40V_02F_06M;t2;0.05;92;6502.88;TRUE;2123.66;LR2_2_3_t2_40R_40V_02F_06M;40;36718;1299.61;60000;0;3.33
LR2_2_4;40R_40V_02F_05M;t2;0.05;92;5130.53;TRUE;3064.67;LR2_2_4_t2_40R_40V_02F_05M;40;31182;1593.14;60000;0;1.88
LR2_2_4;40R_40V_02F_06M;t2;0.05;92;5083.47;TRUE;3465.58;LR2_2_4_t2_40R_40V_02F_06M;40;31182;1803.01;60000;0;1.9
LR2_2_5;40R_40V_02F_05M;t2;0.05;92;8146.57;TRUE;1283.23;LR2_2_5_t2_40R_40V_02F_05M;40;26170;563.03;60000;0;8.78
LR2_2_5;40R_40V_02F_06M;t2;0.05;92;8138.27;TRUE;1361.21;LR2_2_5_t2_40R_40V_02F_06M;40;26170;595.3;60000;0;8.84
LR1_2_1;40R_40V_04F_05M;t1;0.05;92;NA;FALSE;106.18;LR1_2_1_t1_40R_40V_04F_05M;40;0;0;60000;100;0
LR1_2_1;40R_40V_04F_06M;t1;0.05;92;11437.75;TRUE;145.77;LR1_2_1_t1_40R_40V_04F_06M;40;1;0.02;60000;100;6.88
LR1_2_2;40R_40V_04F_05M;t1;0.05;92;9915.73;TRUE;137.68;LR1_2_2_t1_40R_40V_04F_05M;40;1;0.02;60000;100;5.72
LR1_2_2;40R_40V_04F_06M;t1;0.05;92;9267.26;TRUE;196.84;LR1_2_2_t1_40R_40V_04F_06M;40;47831;157.38;60000;99.92;5.77
LR1_2_3;40R_40V_04F_05M;t1;0.05;92;9817.1;TRUE;191.13;LR1_2_3_t1_40R_40V_04F_05M;40;1;0.02;60000;100;5.09
LR1_2_3;40R_40V_04F_06M;t1;0.05;92;8507.13;TRUE;280.96;LR1_2_3_t1_40R_40V_04F_06M;40;29832;140.12;60000;99.94;5.3
LR1_2_4;40R_40V_04F_05M;t1;0.05;92;7158.31;TRUE;575.52;LR1_2_4_t1_40R_40V_04F_05M;40;3249;31.86;60000;95.66;5.22
LR1_2_4;40R_40V_04F_06M;t1;0.05;92;7090.66;TRUE;827.53;LR1_2_4_t1_40R_40V_04F_06M;40;58855;811.55;60000;88.18;4.8
LR1_2_5;40R_40V_04F_05M;t1;0.05;92;9534.68;TRUE;237.29;LR1_2_5_t1_40R_40V_04F_05M;40;1;0.02;60000;100;6.11
LR1_2_5;40R_40V_04F_06M;t1;0.05;92;8822.84;TRUE;349.01;LR1_2_5_t1_40R_40V_04F_06M;40;22866;133.1;60000;99.41;6.36
LR2_2_1;40R_40V_04F_05M;t2;0.05;92;9977.07;TRUE;910.67;LR2_2_1_t2_40R_40V_04F_05M;40;23583;357.68;60000;55.96;5.95
LR2_2_1;40R_40V_04F_06M;t2;0.05;92;9700.7;TRUE;962.42;LR2_2_1_t2_40R_40V_04F_06M;40;33700;542.06;60000;55.62;6.37
LR2_2_2;40R_40V_04F_05M;t2;0.05;92;8476.54;TRUE;1900.76;LR2_2_2_t2_40R_40V_04F_05M;40;32709;1037.64;60000;3.62;5.06
LR2_2_2;40R_40V_04F_06M;t2;0.05;92;8344.3;TRUE;2034.81;LR2_2_2_t2_40R_40V_04F_06M;40;59924;2032.21;60000;0.06;5.51
LR2_2_3;40R_40V_04F_05M;t2;0.05;92;7986.51;TRUE;2431.35;LR2_2_3_t2_40R_40V_04F_05M;40;17422;706.9;60000;23.24;2.48
LR2_2_3;40R_40V_04F_06M;t2;0.05;92;7720.59;TRUE;2975.97;LR2_2_3_t2_40R_40V_04F_06M;40;11646;580.28;60000;1.67;2.67
LR2_2_4;40R_40V_04F_05M;t2;0.05;92;6210.99;TRUE;3600.06;LR2_2_4_t2_40R_40V_04F_05M;40;6450;528.97;43774;0;1.31
LR2_2_4;40R_40V_04F_06M;t2;0.05;92;6199.47;TRUE;3600.06;LR2_2_4_t2_40R_40V_04F_06M;40;20939;1849.98;40765;0;1.34
LR2_2_5;40R_40V_04F_05M;t2;0.05;92;9096.68;TRUE;1718.27;LR2_2_5_t2_40R_40V_04F_05M;40;53696;1539.17;60000;0;6.55
LR2_2_5;40R_40V_04F_06M;t2;0.05;92;9159.4;TRUE;1819.94;LR2_2_5_t2_40R_40V_04F_06M;40;41573;1263.18;60000;0;6.73
LR1_2_1;60R_60V_02F_05M;t1;0.05;92;12650.97;TRUE;278.44;LR1_2_1_t1_60R_60V_02F_05M;60;31678;146.71;60000;99.99;5.59
LR1_2_1;60R_60V_02F_06M;t1;0.05;92;12523.04;TRUE;378.6;LR1_2_1_t1_60R_60V_02F_06M;60;4089;26.15;60000;99.82;5.99
LR1_2_2;60R_60V_02F_05M;t1;0.05;92;11517.58;TRUE;524.09;LR1_2_2_t1_60R_60V_02F_05M;60;18075;157.06;60000;95.25;5.55
LR1_2_2;60R_60V_02F_06M;t1;0.05;92;11277.62;TRUE;736.39;LR1_2_2_t1_60R_60V_02F_06M;60;1002;12.25;60000;86.86;5.56
LR1_2_3;60R_60V_02F_05M;t1;0.05;92;10077.22;TRUE;522.38;LR1_2_3_t1_60R_60V_02F_05M;60;38867;337.89;60000;99.81;3.98
LR1_2_3;60R_60V_02F_06M;t1;0.05;92;9560.19;TRUE;711.01;LR1_2_3_t1_60R_60V_02F_06M;60;19197;227.98;60000;98.26;3.9
LR1_2_4;60R_60V_02F_05M;t1;0.05;92;7182.69;TRUE;2017.89;LR1_2_4_t1_60R_60V_02F_05M;60;52482;1768.6;60000;50.87;2.44
LR1_2_4;60R_60V_02F_06M;t1;0.05;92;7167.67;TRUE;2849.36;LR1_2_4_t1_60R_60V_02F_06M;60;51018;2423.78;60000;19.79;2.44
LR1_2_5;60R_60V_02F_05M;t1;0.05;92;9931.08;TRUE;969.76;LR1_2_5_t1_60R_60V_02F_05M;60;22357;360.63;60000;63.1;5.77
LR1_2_5;60R_60V_02F_06M;t1;0.05;92;10040.45;TRUE;1204.86;LR1_2_5_t1_60R_60V_02F_06M;60;53749;1079.1;60000;50.29;6.03
LR2_2_1;60R_60V_02F_05M;t2;0.05;92;13550.69;TRUE;1897.87;LR2_2_1_t2_60R_60V_02F_05M;60;34787;1101.41;60000;32.75;7.07
LR2_2_1;60R_60V_02F_06M;t2;0.05;92;13447.03;TRUE;2207.26;LR2_2_1_t2_60R_60V_02F_06M;60;24110;888.08;60000;23.04;7.21
LR2_2_2;60R_60V_02F_05M;t2;0.05;92;10956.77;TRUE;3386.62;LR2_2_2_t2_60R_60V_02F_05M;60;26838;1516.06;60000;0;5.95
LR2_2_2;60R_60V_02F_06M;t2;0.05;92;10869.73;TRUE;3600.01;LR2_2_2_t2_60R_60V_02F_06M;60;40827;2463.81;59805;0;6.04
LR2_2_3;60R_60V_02F_05M;t2;0.05;92;10462.39;TRUE;3600.03;LR2_2_3_t2_60R_60V_02F_05M;60;37889;2684.51;50847;5.25;3.95
LR2_2_3;60R_60V_02F_06M;t2;0.05;92;10778.3;TRUE;3600.02;LR2_2_3_t2_60R_60V_02F_06M;60;37659;2912.71;46530;0.07;4.09
LR2_2_4;60R_60V_02F_05M;t2;0.05;92;8209.51;TRUE;3600.02;LR2_2_4_t2_60R_60V_02F_05M;60;24978;2751.67;32711;0;1.33
LR2_2_4;60R_60V_02F_06M;t2;0.05;92;8167.32;TRUE;3600.08;LR2_2_4_t2_60R_60V_02F_06M;60;2186;255.2;30818;0;1.36
LR2_2_5;60R_60V_02F_05M;t2;0.05;92;12909.82;TRUE;2782.7;LR2_2_5_t2_60R_60V_02F_05M;60;44750;2080.5;60000;0;6.99
LR2_2_5;60R_60V_02F_06M;t2;0.05;92;12879.26;TRUE;2997.65;LR2_2_5_t2_60R_60V_02F_06M;60;44750;2239.45;60000;0;7.12
LR1_2_1;60R_60V_04F_05M;t1;0.05;92;NA;FALSE;291.78;LR1_2_1_t1_60R_60V_04F_05M;60;0;0;60000;100;0
LR1_2_1;60R_60V_04F_06M;t1;0.05;92;15617.42;TRUE;398.2;LR1_2_1_t1_60R_60V_04F_06M;60;3713;25.23;60000;100;9.72
LR1_2_2;60R_60V_04F_05M;t1;0.05;92;NA;FALSE;238.98;LR1_2_2_t1_60R_60V_04F_05M;60;0;0;60000;100;0
LR1_2_2;60R_60V_04F_06M;t1;0.05;92;NA;FALSE;342.55;LR1_2_2_t1_60R_60V_04F_06M;60;0;0;60000;100;0
LR1_2_3;60R_60V_04F_05M;t1;0.05;92;13357.98;TRUE;429.54;LR1_2_3_t1_60R_60V_04F_05M;60;1;0.08;60000;100;6.07
LR1_2_3;60R_60V_04F_06M;t1;0.05;92;13316.12;TRUE;538.51;LR1_2_3_t1_60R_60V_04F_06M;60;1;0.05;60000;100;6.21
LR1_2_4;60R_60V_04F_05M;t1;0.05;92;10457.24;TRUE;1075.77;LR1_2_4_t1_60R_60V_04F_05M;60;16824;300.66;60000;99.48;3.72
LR1_2_4;60R_60V_04F_06M;t1;0.05;92;9976;TRUE;1802.4;LR1_2_4_t1_60R_60V_04F_06M;60;43365;1302.08;60000;95.59;3.33
LR1_2_5;60R_60V_04F_05M;t1;0.05;92;NA;FALSE;381.38;LR1_2_5_t1_60R_60V_04F_05M;60;0;0;60000;100;0
LR1_2_5;60R_60V_04F_06M;t1;0.05;92;14046.78;TRUE;522.15;LR1_2_5_t1_60R_60V_04F_06M;60;40611;352.5;60000;100;8.89
LR2_2_1;60R_60V_04F_05M;t2;0.05;92;14778.64;TRUE;2096.88;LR2_2_1_t2_60R_60V_04F_05M;60;32862;1150.73;60000;62.33;5.86
LR2_2_1;60R_60V_04F_06M;t2;0.05;92;14961.05;TRUE;2849.07;LR2_2_1_t2_60R_60V_04F_06M;60;54903;2607.46;60000;38.23;6
LR2_2_2;60R_60V_04F_05M;t2;0.05;92;12908.82;TRUE;3600.04;LR2_2_2_t2_60R_60V_04F_05M;60;19337;1287.18;53691;25.56;4.44
LR2_2_2;60R_60V_04F_06M;t2;0.05;92;12947.35;TRUE;3600.02;LR2_2_2_t2_60R_60V_04F_06M;60;41675;3012.08;49996;25.61;4.57
LR2_2_3;60R_60V_04F_05M;t2;0.05;92;12477.56;TRUE;3600.08;LR2_2_3_t2_60R_60V_04F_05M;60;4853;533.76;33809;5.98;2.82
LR2_2_3;60R_60V_04F_06M;t2;0.05;92;12433.81;TRUE;3600.02;LR2_2_3_t2_60R_60V_04F_06M;60;30434;3476.69;31509;0.36;2.91
LR2_2_4;60R_60V_04F_05M;t2;0.05;92;9830.95;TRUE;3600.07;LR2_2_4_t2_60R_60V_04F_05M;60;18901;3174.01;21434;0;0.89
LR2_2_4;60R_60V_04F_06M;t2;0.05;92;9927.89;TRUE;3600.09;LR2_2_4_t2_60R_60V_04F_06M;60;20112;3567.78;20292;0;0.89
LR2_2_5;60R_60V_04F_05M;t2;0.05;92;14314.78;TRUE;3600.04;LR2_2_5_t2_60R_60V_04F_05M;60;20934;1373.42;55017;0;4.55
LR2_2_5;60R_60V_04F_06M;t2;0.05;92;14192.78;TRUE;3600.03;LR2_2_5_t2_60R_60V_04F_06M;60;20934;1463.57;51963;0;4.87
lr101;06R_06V_02F_03M;t1;0.05;109;780.51;TRUE;108.29;lr101_t1_06R_06V_02F_03M;6;6;0.29;60000;0;15.72
lr101;06R_06V_02F_04M;t1;0.05;109;768.25;TRUE;126.24;lr101_t1_06R_06V_02F_04M;6;9;0.44;60000;0;18
lr102;06R_06V_02F_03M;t1;0.05;109;606.02;TRUE;125.85;lr102_t1_06R_06V_02F_03M;6;2;0.42;60000;0;9.48
lr102;06R_06V_02F_04M;t1;0.05;109;605.59;TRUE;129.5;lr102_t1_06R_06V_02F_04M;6;2;0.43;60000;0;9.54
lr103;06R_06V_02F_03M;t1;0.05;109;607.5;TRUE;131.12;lr103_t1_06R_06V_02F_03M;6;2;0.43;60000;0;16.23
lr103;06R_06V_02F_04M;t1;0.05;109;599.29;TRUE;134.37;lr103_t1_06R_06V_02F_04M;6;2;0.39;60000;0;17.2
lr104;06R_06V_02F_03M;t1;0.05;109;431.33;TRUE;118.13;lr104_t1_06R_06V_02F_03M;6;2;0.41;60000;0;19.72
lr104;06R_06V_02F_04M;t1;0.05;109;431.33;TRUE;121.94;lr104_t1_06R_06V_02F_04M;6;5;0.4;60000;0;18.08
lr105;06R_06V_02F_03M;t1;0.05;109;660.1;TRUE;63.57;lr105_t1_06R_06V_02F_03M;6;1;0;60000;50.34;29.44
lr105;06R_06V_02F_04M;t1;0.05;109;654.89;TRUE;64.14;lr105_t1_06R_06V_02F_04M;6;1;0;60000;50.34;29.6
lr201;06R_06V_02F_03M;t2;0.05;109;793.39;TRUE;106.44;lr201_t2_06R_06V_02F_03M;6;181;0.75;60000;0;28.49
lr201;06R_06V_02F_04M;t2;0.05;109;793.39;TRUE;110.08;lr201_t2_06R_06V_02F_04M;6;181;0.79;60000;0;28.49
lr202;06R_06V_02F_03M;t2;0.05;109;545.89;TRUE;124.23;lr202_t2_06R_06V_02F_03M;6;138;0.69;60000;0;32.08
lr202;06R_06V_02F_04M;t2;0.05;109;545.89;TRUE;125.84;lr202_t2_06R_06V_02F_04M;6;51;0.54;60000;0;32.23
lr203;06R_06V_02F_03M;t2;0.05;109;686.32;TRUE;130.38;lr203_t2_06R_06V_02F_03M;6;236;0.93;60000;0;35.29
lr203;06R_06V_02F_04M;t2;0.05;109;686.32;TRUE;132.58;lr203_t2_06R_06V_02F_04M;6;236;0.97;60000;0;35.59
lr204;06R_06V_02F_03M;t2;0.05;109;611.17;TRUE;149.92;lr204_t2_06R_06V_02F_03M;6;1537;4.32;60000;0;24.98
lr204;06R_06V_02F_04M;t2;0.05;109;610.66;TRUE;154.99;lr204_t2_06R_06V_02F_04M;6;3227;8.88;60000;0;25.05
lr205;06R_06V_02F_03M;t2;0.05;109;540.49;TRUE;138.06;lr205_t2_06R_06V_02F_03M;6;512;1.59;60000;0;29.56
lr205;06R_06V_02F_04M;t2;0.05;109;540.45;TRUE;142.96;lr205_t2_06R_06V_02F_04M;6;189;0.89;60000;0;29.65
lr101;06R_06V_04F_03M;t1;0.05;109;749.14;TRUE;110.16;lr101_t1_06R_06V_04F_03M;6;1;0;60000;9.9;10.68
lr101;06R_06V_04F_04M;t1;0.05;109;736.64;TRUE;123.49;lr101_t1_06R_06V_04F_04M;6;5;0.41;60000;0;12.7
lr102;06R_06V_04F_03M;t1;0.05;109;724.27;TRUE;127.12;lr102_t1_06R_06V_04F_03M;6;359;1.19;60000;10.18;9.69
lr102;06R_06V_04F_04M;t1;0.05;109;692.08;TRUE;131.5;lr102_t1_06R_06V_04F_04M;6;182;0.8;60000;8.64;10.5
lr103;06R_06V_04F_03M;t1;0.05;109;947.66;TRUE;147.34;lr103_t1_06R_06V_04F_03M;6;185;0.88;60000;0;12.27
lr103;06R_06V_04F_04M;t1;0.05;109;974.37;TRUE;148.93;lr103_t1_06R_06V_04F_04M;6;3;0.44;60000;0;14.35
lr104;06R_06V_04F_03M;t1;0.05;109;659.55;TRUE;59.46;lr104_t1_06R_06V_04F_03M;6;7;0.42;60000;60.21;16.99
lr104;06R_06V_04F_04M;t1;0.05;109;656.61;TRUE;63.27;lr104_t1_06R_06V_04F_04M;6;7;0.42;60000;59.3;17.67
lr105;06R_06V_04F_03M;t1;0.05;109;864.51;TRUE;69.28;lr105_t1_06R_06V_04F_03M;6;3;0.43;60000;50.34;19.3
lr105;06R_06V_04F_04M;t1;0.05;109;856.98;TRUE;70.66;lr105_t1_06R_06V_04F_04M;6;3;0.38;60000;50.34;19.44
lr201;06R_06V_04F_03M;t2;0.05;109;936.6;TRUE;130.44;lr201_t2_06R_06V_04F_03M;6;26;0.48;60000;0;18.58
lr201;06R_06V_04F_04M;t2;0.05;109;935.98;TRUE;134.09;lr201_t2_06R_06V_04F_04M;6;26;0.48;60000;0;18.61
lr202;06R_06V_04F_03M;t2;0.05;109;604.04;TRUE;150.84;lr202_t2_06R_06V_04F_03M;6;358;1.38;60000;0;36.67
lr202;06R_06V_04F_04M;t2;0.05;109;604.04;TRUE;150.26;lr202_t2_06R_06V_04F_04M;6;358;1.31;60000;0;39.88
lr203;06R_06V_04F_03M;t2;0.05;109;797.56;TRUE;151.26;lr203_t2_06R_06V_04F_03M;6;8033;20.26;60000;0;37.13
lr203;06R_06V_04F_04M;t2;0.05;109;725.28;TRUE;153.39;lr203_t2_06R_06V_04F_04M;6;236;1.06;60000;0;31.3
lr204;06R_06V_04F_03M;t2;0.05;109;764.38;TRUE;167.48;lr204_t2_06R_06V_04F_03M;6;532;1.91;60000;0;17.11
lr204;06R_06V_04F_04M;t2;0.05;109;760.99;TRUE;168.32;lr204_t2_06R_06V_04F_04M;6;532;1.88;60000;0;17.01
lr205;06R_06V_04F_03M;t2;0.05;109;604.07;TRUE;154.6;lr205_t2_06R_06V_04F_03M;6;604;2.65;60000;0;24.73
lr205;06R_06V_04F_04M;t2;0.05;109;599.81;TRUE;156.73;lr205_t2_06R_06V_04F_04M;6;604;1.9;60000;0;24.94
lr101;08R_08V_02F_03M;t1;0.05;109;1018.05;TRUE;144.53;lr101_t1_08R_08V_02F_03M;8;30;0.49;60000;0;22.58
lr101;08R_08V_02F_04M;t1;0.05;109;1010.27;TRUE;145.23;lr101_t1_08R_08V_02F_04M;8;5;0.45;60000;0;23.82
lr102;08R_08V_02F_03M;t1;0.05;109;869.72;TRUE;148.35;lr102_t1_08R_08V_02F_03M;8;8;0.43;60000;0;11.02
lr102;08R_08V_02F_04M;t1;0.05;109;864.66;TRUE;152.69;lr102_t1_08R_08V_02F_04M;8;8;0.44;60000;0;11.19
lr103;08R_08V_02F_03M;t1;0.05;109;769.29;TRUE;160.06;lr103_t1_08R_08V_02F_03M;8;179;0.9;60000;0;10.32
lr103;08R_08V_02F_04M;t1;0.05;109;761.62;TRUE;165.96;lr103_t1_08R_08V_02F_04M;8;179;0.91;60000;0;10.85
lr104;08R_08V_02F_03M;t1;0.05;109;765.44;TRUE;158.47;lr104_t1_08R_08V_02F_03M;8;46;0.53;60000;0;10.56
lr104;08R_08V_02F_04M;t1;0.05;109;762.11;TRUE;163.35;lr104_t1_08R_08V_02F_04M;8;356;1.41;60000;0;9.61
lr105;08R_08V_02F_03M;t1;0.05;109;869.95;TRUE;151.77;lr105_t1_08R_08V_02F_03M;8;3;0.4;60000;0;16.87
lr105;08R_08V_02F_04M;t1;0.05;109;858.77;TRUE;153.14;lr105_t1_08R_08V_02F_04M;8;3;0.43;60000;0;17.09
lr201;08R_08V_02F_03M;t2;0.05;109;930.52;TRUE;137.64;lr201_t2_08R_08V_02F_03M;8;27;0.52;60000;0;23.24
lr201;08R_08V_02F_04M;t2;0.05;109;929.83;TRUE;142.19;lr201_t2_08R_08V_02F_04M;8;27;0.46;60000;0;23.28
lr202;08R_08V_02F_03M;t2;0.05;109;717.53;TRUE;164.32;lr202_t2_08R_08V_02F_03M;8;10111;28.42;60000;0;33.14
lr202;08R_08V_02F_04M;t2;0.05;109;715.2;TRUE;171.3;lr202_t2_08R_08V_02F_04M;8;5223;15.01;60000;0;33.39
lr203;08R_08V_02F_03M;t2;0.05;109;728.54;TRUE;175.65;lr203_t2_08R_08V_02F_03M;8;9224;27.71;60000;0;22.32
lr203;08R_08V_02F_04M;t2;0.05;109;724.91;TRUE;179.81;lr203_t2_08R_08V_02F_04M;8;9224;28.53;60000;0;22.52
lr204;08R_08V_02F_03M;t2;0.05;109;708.43;TRUE;168.01;lr204_t2_08R_08V_02F_03M;8;1057;3.39;60000;0;15.68
lr204;08R_08V_02F_04M;t2;0.05;109;705.74;TRUE;173.08;lr204_t2_08R_08V_02F_04M;8;1057;3.33;60000;0;15.83
lr205;08R_08V_02F_03M;t2;0.05;109;736.45;TRUE;168.56;lr205_t2_08R_08V_02F_03M;8;2029;5.86;60000;0;27.65
lr205;08R_08V_02F_04M;t2;0.05;109;729.88;TRUE;176.81;lr205_t2_08R_08V_02F_04M;8;3196;9.88;60000;0;27.85
lr101;08R_08V_04F_03M;t1;0.05;109;1166.54;TRUE;59.62;lr101_t1_08R_08V_04F_03M;8;257;0.67;60000;69.38;14.27
lr101;08R_08V_04F_04M;t1;0.05;109;1135.03;TRUE;148.86;lr101_t1_08R_08V_04F_04M;8;64;0.57;60000;9.96;16.59
lr102;08R_08V_04F_03M;t1;0.05;109;1030.42;TRUE;32.77;lr102_t1_08R_08V_04F_03M;8;67;0.46;60000;87.51;11.43
lr102;08R_08V_04F_04M;t1;0.05;109;1003.13;TRUE;152.79;lr102_t1_08R_08V_04F_04M;8;62;0.57;60000;9.75;9.74
lr103;08R_08V_04F_03M;t1;0.05;109;1099.07;TRUE;77.32;lr103_t1_08R_08V_04F_03M;8;159;0.61;60000;66.24;12.1
lr103;08R_08V_04F_04M;t1;0.05;109;1086.46;TRUE;99.56;lr103_t1_08R_08V_04F_04M;8;1628;3.13;60000;56.14;13.14
lr104;08R_08V_04F_03M;t1;0.05;109;1096.75;TRUE;76.82;lr104_t1_08R_08V_04F_03M;8;675;1.24;60000;67.38;14.34
lr104;08R_08V_04F_04M;t1;0.05;109;1092.54;TRUE;101.82;lr104_t1_08R_08V_04F_04M;8;838;1.77;60000;54.71;12.64
lr105;08R_08V_04F_03M;t1;0.05;109;1068.12;TRUE;155.46;lr105_t1_08R_08V_04F_03M;8;43;0.55;60000;4.39;11.9
lr105;08R_08V_04F_04M;t1;0.05;109;1053.6;TRUE;153.16;lr105_t1_08R_08V_04F_04M;8;2;0.43;60000;7.74;11.46
lr201;08R_08V_04F_03M;t2;0.05;109;1142.97;TRUE;163.92;lr201_t2_08R_08V_04F_03M;8;4;0.44;60000;4.27;20.32
lr201;08R_08V_04F_04M;t2;0.05;109;1136.32;TRUE;169.06;lr201_t2_08R_08V_04F_04M;8;4;0.44;60000;4.28;20.51
lr202;08R_08V_04F_03M;t2;0.05;109;885.9;TRUE;206.15;lr202_t2_08R_08V_04F_03M;8;604;2.52;60000;0;27.87
lr202;08R_08V_04F_04M;t2;0.05;109;880.69;TRUE;213.43;lr202_t2_08R_08V_04F_04M;8;604;2.63;60000;0;28.21
lr203;08R_08V_04F_03M;t2;0.05;109;929.42;TRUE;204.6;lr203_t2_08R_08V_04F_03M;8;49;0.56;60000;0;16.25
lr203;08R_08V_04F_04M;t2;0.05;109;928.97;TRUE;215.13;lr203_t2_08R_08V_04F_04M;8;49;0.57;60000;0;16.87
lr204;08R_08V_04F_03M;t2;0.05;109;888.62;TRUE;214.6;lr204_t2_08R_08V_04F_03M;8;3494;12.9;60000;0;8.35
lr204;08R_08V_04F_04M;t2;0.05;109;882.99;TRUE;221.35;lr204_t2_08R_08V_04F_04M;8;3494;13.31;60000;0;8.58
lr205;08R_08V_04F_03M;t2;0.05;109;937.63;TRUE;204.79;lr205_t2_08R_08V_04F_03M;8;54923;187.25;60000;0;19.58
lr205;08R_08V_04F_04M;t2;0.05;109;932.26;TRUE;212.05;lr205_t2_08R_08V_04F_04M;8;54923;193.67;60000;0;19.69
lr101;10R_10V_02F_03M;t1;0.05;109;1194.55;TRUE;167.3;lr101_t1_10R_10V_02F_03M;10;71;0.57;60000;0;21.14
lr101;10R_10V_02F_04M;t1;0.05;109;1187.36;TRUE;171.08;lr101_t1_10R_10V_02F_04M;10;118;0.76;60000;0;22.36
lr102;10R_10V_02F_03M;t1;0.05;109;1025.34;TRUE;70.25;lr102_t1_10R_10V_02F_03M;10;351;0.9;60000;66.2;10.76
lr102;10R_10V_02F_04M;t1;0.05;109;1022.31;TRUE;129.38;lr102_t1_10R_10V_02F_04M;10;3113;7.2;60000;32.4;10.7
lr103;10R_10V_02F_03M;t1;0.05;109;1034.38;TRUE;85.36;lr103_t1_10R_10V_02F_03M;10;352;0.91;60000;63.14;12.59
lr103;10R_10V_02F_04M;t1;0.05;109;1022.42;TRUE;177.9;lr103_t1_10R_10V_02F_04M;10;185;0.94;60000;15.75;11.87
lr104;10R_10V_02F_03M;t1;0.05;109;892.38;TRUE;105.24;lr104_t1_10R_10V_02F_03M;10;27916;49.16;60000;47.06;9.36
lr104;10R_10V_02F_04M;t1;0.05;109;892.38;TRUE;110.64;lr104_t1_10R_10V_02F_04M;10;13315;25.25;60000;47.08;9.25
lr105;10R_10V_02F_03M;t1;0.05;109;1207.1;TRUE;98.13;lr105_t1_10R_10V_02F_03M;10;2;0.43;60000;50;19.13
lr105;10R_10V_02F_04M;t1;0.05;109;1188.48;TRUE;183.59;lr105_t1_10R_10V_02F_04M;10;2;0.43;60000;0;20.11
lr201;10R_10V_02F_03M;t2;0.05;109;1013.31;TRUE;164.45;lr201_t2_10R_10V_02F_03M;10;52;0.57;60000;6.41;26.92
lr201;10R_10V_02F_04M;t2;0.05;109;1013.31;TRUE;171.46;lr201_t2_10R_10V_02F_04M;10;52;0.56;60000;6.41;26.92
lr202;10R_10V_02F_03M;t2;0.05;109;909.66;TRUE;198.29;lr202_t2_10R_10V_02F_03M;10;20833;69.5;60000;0;31.23
lr202;10R_10V_02F_04M;t2;0.05;109;907.43;TRUE;206.38;lr202_t2_10R_10V_02F_04M;10;20833;71.52;60000;0;32.39
lr203;10R_10V_02F_03M;t2;0.05;109;867.99;TRUE;242.52;lr203_t2_10R_10V_02F_03M;10;48912;197.49;60000;0;17.72
lr203;10R_10V_02F_04M;t2;0.05;109;864.36;TRUE;253.49;lr203_t2_10R_10V_02F_04M;10;48912;206.6;60000;0;17.8
lr204;10R_10V_02F_03M;t2;0.05;109;750.97;TRUE;219.03;lr204_t2_10R_10V_02F_03M;10;1372;5.43;60000;0;9.04
lr204;10R_10V_02F_04M;t2;0.05;109;748.86;TRUE;230.98;lr204_t2_10R_10V_02F_04M;10;1372;5.69;60000;0;9.31
lr205;10R_10V_02F_03M;t2;0.05;109;871.45;TRUE;209.93;lr205_t2_10R_10V_02F_03M;10;49354;173.17;60000;0;26.29
lr205;10R_10V_02F_04M;t2;0.05;109;865.16;TRUE;220.35;lr205_t2_10R_10V_02F_04M;10;49354;181.34;60000;0;26.31
lr101;10R_10V_04F_03M;t1;0.05;109;1343.37;TRUE;119.16;lr101_t1_10R_10V_04F_03M;10;938;2.44;60000;42.89;18.9
lr101;10R_10V_04F_04M;t1;0.05;109;1334.41;TRUE;191.32;lr101_t1_10R_10V_04F_04M;10;2463;8.12;60000;0;20.5
lr102;10R_10V_04F_03M;t1;0.05;109;1155.25;TRUE;39.07;lr102_t1_10R_10V_04F_03M;10;3029;2.48;60000;88.3;7.5
lr102;10R_10V_04F_04M;t1;0.05;109;1145.23;TRUE;128.13;lr102_t1_10R_10V_04F_04M;10;7337;16;60000;39.86;9.11
lr103;10R_10V_04F_03M;t1;0.05;109;1482.45;TRUE;29.12;lr103_t1_10R_10V_04F_03M;10;37882;18.4;60000;97.32;12.39
lr103;10R_10V_04F_04M;t1;0.05;109;1444.21;TRUE;107.75;lr103_t1_10R_10V_04F_04M;10;4247;8.3;60000;66.98;12.18
lr104;10R_10V_04F_03M;t1;0.05;109;1232.39;TRUE;94.9;lr104_t1_10R_10V_04F_03M;10;10499;17.39;60000;65.85;7.49
lr104;10R_10V_04F_04M;t1;0.05;109;1218.3;TRUE;111.09;lr104_t1_10R_10V_04F_04M;10;1981;4.26;60000;58.94;8.7
lr105;10R_10V_04F_03M;t1;0.05;109;1595.98;TRUE;21.04;lr105_t1_10R_10V_04F_03M;10;11479;4.51;60000;97.34;16.57
lr105;10R_10V_04F_04M;t1;0.05;109;1517.24;TRUE;65.1;lr105_t1_10R_10V_04F_04M;10;1245;1.78;60000;76.66;17.7
lr201;10R_10V_04F_03M;t2;0.05;109;1359.59;TRUE;191.5;lr201_t2_10R_10V_04F_03M;10;11120;36.17;60000;12.64;22.36
lr201;10R_10V_04F_04M;t2;0.05;109;1359.59;TRUE;201.52;lr201_t2_10R_10V_04F_04M;10;11120;37.27;60000;12.64;22.8
lr202;10R_10V_04F_03M;t2;0.05;109;1261.33;TRUE;256.22;lr202_t2_10R_10V_04F_03M;10;1249;5.82;60000;0.44;27.63
lr202;10R_10V_04F_04M;t2;0.05;109;1248.95;TRUE;274.24;lr202_t2_10R_10V_04F_04M;10;13409;62.01;60000;0;30.45
lr203;10R_10V_04F_03M;t2;0.05;109;985.43;TRUE;303.69;lr203_t2_10R_10V_04F_03M;10;57210;289.54;60000;0;13.47
lr203;10R_10V_04F_04M;t2;0.05;109;975.5;TRUE;321.72;lr203_t2_10R_10V_04F_04M;10;45019;241.86;60000;0;13.59
lr204;10R_10V_04F_03M;t2;0.05;109;968.73;TRUE;298.09;lr204_t2_10R_10V_04F_03M;10;34669;172.23;60000;0;5.25
lr204;10R_10V_04F_04M;t2;0.05;109;959.74;TRUE;319.5;lr204_t2_10R_10V_04F_04M;10;58280;310.53;60000;0;5.5
lr205;10R_10V_04F_03M;t2;0.05;109;1060.73;TRUE;250.61;lr205_t2_10R_10V_04F_03M;10;36140;151.17;60000;0.01;23.13
lr205;10R_10V_04F_04M;t2;0.05;109;1044.08;TRUE;261.26;lr205_t2_10R_10V_04F_04M;10;13651;59.32;60000;0;23.24
lr101;12R_12V_02F_03M;t1;0.05;109;1444.04;TRUE;184.43;lr101_t1_12R_12V_02F_03M;12;37;0.51;60000;10.07;23.24
lr101;12R_12V_02F_04M;t1;0.05;109;1437.74;TRUE;193.92;lr101_t1_12R_12V_02F_04M;12;169;0.97;60000;10.07;23.36
lr102;12R_12V_02F_03M;t1;0.05;109;1404.9;TRUE;113.85;lr102_t1_12R_12V_02F_03M;12;71;0.57;60000;49.94;14.39
lr102;12R_12V_02F_04M;t1;0.05;109;1397.72;TRUE;118.11;lr102_t1_12R_12V_02F_04M;12;71;0.55;60000;49.94;14.4
lr103;12R_12V_02F_03M;t1;0.05;109;1138.94;TRUE;156.51;lr103_t1_12R_12V_02F_03M;12;769;2.3;60000;34.71;10.53
lr103;12R_12V_02F_04M;t1;0.05;109;1126.46;TRUE;179.89;lr103_t1_12R_12V_02F_04M;12;1906;6.33;60000;27.94;11.14
lr104;12R_12V_02F_03M;t1;0.05;109;1233.18;TRUE;122.05;lr104_t1_12R_12V_02F_03M;12;133;0.77;60000;54.5;5.48
lr104;12R_12V_02F_04M;t1;0.05;109;1223.17;TRUE;147.23;lr104_t1_12R_12V_02F_04M;12;1058;2.98;60000;45.94;5.96
lr105;12R_12V_02F_03M;t1;0.05;109;1316.34;TRUE;74.74;lr105_t1_12R_12V_02F_03M;12;9071;11.88;60000;70.96;14.25
lr105;12R_12V_02F_04M;t1;0.05;109;1301.89;TRUE;183.37;lr105_t1_12R_12V_02F_04M;12;1;0;60000;14.12;15.12
lr201;12R_12V_02F_03M;t2;0.05;109;1411.58;TRUE;211.41;lr201_t2_12R_12V_02F_03M;12;11296;39.06;60000;0;22.21
lr201;12R_12V_02F_04M;t2;0.05;109;1411.18;TRUE;217.21;lr201_t2_12R_12V_02F_04M;12;11296;40.93;60000;0;22.25
lr202;12R_12V_02F_03M;t2;0.05;109;984.45;TRUE;246.81;lr202_t2_12R_12V_02F_03M;12;13554;56.68;60000;0;26.1
lr202;12R_12V_02F_04M;t2;0.05;109;982.09;TRUE;258.59;lr202_t2_12R_12V_02F_04M;12;13554;57.72;60000;0;26.94
lr203;12R_12V_02F_03M;t2;0.05;109;989.71;TRUE;284.54;lr203_t2_12R_12V_02F_03M;12;25440;121.71;60000;0;15.28
lr203;12R_12V_02F_04M;t2;0.05;109;996.89;TRUE;301.91;lr203_t2_12R_12V_02F_04M;12;39878;200.88;60000;0;15.36
lr204;12R_12V_02F_03M;t2;0.05;109;928.73;TRUE;270.34;lr204_t2_12R_12V_02F_03M;12;51937;233.79;60000;0;4.65
lr204;12R_12V_02F_04M;t2;0.05;109;911.78;TRUE;282.74;lr204_t2_12R_12V_02F_04M;12;16819;79.5;60000;0;4.7
lr205;12R_12V_02F_03M;t2;0.05;109;1070.95;TRUE;251.39;lr205_t2_12R_12V_02F_03M;12;19123;81.28;60000;5.05;24.62
lr205;12R_12V_02F_04M;t2;0.05;109;1043.74;TRUE;276.79;lr205_t2_12R_12V_02F_04M;12;32;0.57;60000;0.01;24.84
lr101;12R_12V_04F_03M;t1;0.05;109;1651.84;TRUE;23.53;lr101_t1_12R_12V_04F_03M;12;21939;8.79;60000;99.86;15.77
lr101;12R_12V_04F_04M;t1;0.05;109;1621.93;TRUE;46.82;lr101_t1_12R_12V_04F_04M;12;3953;3.35;60000;94.28;15.65
lr102;12R_12V_04F_03M;t1;0.05;109;1641.96;TRUE;32.43;lr102_t1_12R_12V_04F_03M;12;51156;27.65;60000;98.05;17.29
lr102;12R_12V_04F_04M;t1;0.05;109;1603.39;TRUE;85.18;lr102_t1_12R_12V_04F_04M;12;14005;20.11;60000;77.26;17.62
lr103;12R_12V_04F_03M;t1;0.05;109;1458.13;TRUE;168.27;lr103_t1_12R_12V_04F_03M;12;2467;7.39;60000;48.84;8.3
lr103;12R_12V_04F_04M;t1;0.05;109;1439.79;TRUE;247.69;lr103_t1_12R_12V_04F_04M;12;54093;222.48;60000;16.35;8.78
lr104;12R_12V_04F_03M;t1;0.05;109;1495.63;TRUE;82.84;lr104_t1_12R_12V_04F_03M;12;54215;74.81;60000;82.77;6.78
lr104;12R_12V_04F_04M;t1;0.05;109;1484.55;TRUE;154.51;lr104_t1_12R_12V_04F_04M;12;18827;48.15;60000;57.75;4.87
lr105;12R_12V_04F_03M;t1;0.05;109;1728.08;TRUE;24.03;lr105_t1_12R_12V_04F_03M;12;11449;4.9;60000;98.99;15.2
lr105;12R_12V_04F_04M;t1;0.05;109;1715.63;TRUE;88.8;lr105_t1_12R_12V_04F_04M;12;43805;64.68;60000;74.6;14.57
lr201;12R_12V_04F_03M;t2;0.05;109;1574.75;TRUE;257.18;lr201_t2_12R_12V_04F_03M;12;3544;15.66;60000;3.64;18.62
lr201;12R_12V_04F_04M;t2;0.05;109;1573.87;TRUE;274.54;lr201_t2_12R_12V_04F_04M;12;4125;19.15;60000;3.94;19.96
lr202;12R_12V_04F_03M;t2;0.05;109;1213.47;TRUE;311.37;lr202_t2_12R_12V_04F_03M;12;20278;107.76;60000;0.02;21.06
lr202;12R_12V_04F_04M;t2;0.05;109;1221.97;TRUE;284.54;lr202_t2_12R_12V_04F_04M;12;22457;108.94;60000;0;22.14
lr203;12R_12V_04F_03M;t2;0.05;109;1235.64;TRUE;375.53;lr203_t2_12R_12V_04F_03M;12;46421;284.65;60000;0;10.41
lr203;12R_12V_04F_04M;t2;0.05;109;1230.17;TRUE;408.8;lr203_t2_12R_12V_04F_04M;12;35631;243.89;60000;0;10.57
lr204;12R_12V_04F_03M;t2;0.05;109;1210.18;TRUE;386.34;lr204_t2_12R_12V_04F_03M;12;14436;94.33;60000;0;2.04
lr204;12R_12V_04F_04M;t2;0.05;109;1200.62;TRUE;404.41;lr204_t2_12R_12V_04F_04M;12;46656;314.53;60000;0;2.14
lr205;12R_12V_04F_03M;t2;0.05;109;1242.62;TRUE;312.06;lr205_t2_12R_12V_04F_03M;12;2869;15.43;60000;6.75;21.65
lr205;12R_12V_04F_04M;t2;0.05;109;1224.94;TRUE;342.35;lr205_t2_12R_12V_04F_04M;12;8534;49.46;60000;0.05;22.13
LR1_2_1;40R_40V_02F_05M;t1;0.05;109;9148.75;TRUE;185.58;LR1_2_1_t1_40R_40V_02F_05M;40;8489;26.66;60000;99.62;5.69
LR1_2_1;40R_40V_02F_06M;t1;0.05;109;8889.23;TRUE;308.71;LR1_2_1_t1_40R_40V_02F_06M;40;14225;74.91;60000;95.82;5.92
LR1_2_2;40R_40V_02F_05M;t1;0.05;109;7904.23;TRUE;285.49;LR1_2_2_t1_40R_40V_02F_05M;40;32035;153.1;60000;98.69;4.65
LR1_2_2;40R_40V_02F_06M;t1;0.05;109;7732.85;TRUE;380.5;LR1_2_2_t1_40R_40V_02F_06M;40;16530;106.07;60000;95.48;4.63
LR1_2_3;40R_40V_02F_05M;t1;0.05;109;6304.72;TRUE;450.78;LR1_2_3_t1_40R_40V_02F_05M;40;18565;138.88;60000;94.02;4
LR1_2_3;40R_40V_02F_06M;t1;0.05;109;6012.79;TRUE;836.74;LR1_2_3_t1_40R_40V_02F_06M;40;45434;627.27;60000;59.46;4.12
LR1_2_4;40R_40V_02F_05M;t1;0.05;109;5346.92;TRUE;1150.66;LR1_2_4_t1_40R_40V_02F_05M;40;51390;983.67;60000;57.1;5.34
LR1_2_4;40R_40V_02F_06M;t1;0.05;109;5284.53;TRUE;1636.75;LR1_2_4_t1_40R_40V_02F_06M;40;33626;917.83;60000;24.18;5.08
LR1_2_5;40R_40V_02F_05M;t1;0.05;109;5853.22;TRUE;1042.72;LR1_2_5_t1_40R_40V_02F_05M;40;29656;517.87;60000;7.97;6.43
LR1_2_5;40R_40V_02F_06M;t1;0.05;109;5855.06;TRUE;1125.3;LR1_2_5_t1_40R_40V_02F_06M;40;15619;302.76;60000;3;6.56
LR2_2_1;40R_40V_02F_05M;t2;0.05;109;8333.68;TRUE;1237.44;LR2_2_1_t2_40R_40V_02F_05M;40;15915;309.15;60000;13.01;6.82
LR2_2_1;40R_40V_02F_06M;t2;0.05;109;8347.3;TRUE;1307.62;LR2_2_1_t2_40R_40V_02F_06M;40;23383;454.56;60000;13.49;7.03
LR2_2_2;40R_40V_02F_05M;t2;0.05;109;7096.53;TRUE;1669.77;LR2_2_2_t2_40R_40V_02F_05M;40;56966;1601.61;60000;16.96;7.32
LR2_2_2;40R_40V_02F_06M;t2;0.05;109;7225.68;TRUE;2035.98;LR2_2_2_t2_40R_40V_02F_06M;40;39063;1318.66;60000;0.35;7.53
LR2_2_3;40R_40V_02F_05M;t2;0.05;109;6650.84;TRUE;2554.35;LR2_2_3_t2_40R_40V_02F_05M;40;51389;2234.8;60000;0;3.19
LR2_2_3;40R_40V_02F_06M;t2;0.05;109;6652.7;TRUE;2827.52;LR2_2_3_t2_40R_40V_02F_06M;40;4061;156.19;60000;0;3.32
LR2_2_4;40R_40V_02F_05M;t2;0.05;109;5042.08;TRUE;3600.07;LR2_2_4_t2_40R_40V_02F_05M;40;34428;2206.61;54148;0;1.86
LR2_2_4;40R_40V_02F_06M;t2;0.05;109;5027.25;TRUE;3600.02;LR2_2_4_t2_40R_40V_02F_06M;40;34428;2604.12;47599;0;1.9
LR2_2_5;40R_40V_02F_05M;t2;0.05;109;8132.24;TRUE;1711.63;LR2_2_5_t2_40R_40V_02F_05M;40;993;29.4;60000;0;8.79
LR2_2_5;40R_40V_02F_06M;t2;0.05;109;8126.04;TRUE;1773.42;LR2_2_5_t2_40R_40V_02F_06M;40;993;31.2;60000;0;8.85
LR1_2_1;40R_40V_04F_05M;t1;0.05;109;NA;FALSE;147.86;LR1_2_1_t1_40R_40V_04F_05M;40;0;0;60000;100;0
LR1_2_1;40R_40V_04F_06M;t1;0.05;109;11437.75;TRUE;202.54;LR1_2_1_t1_40R_40V_04F_06M;40;1;0.02;60000;100;6.88
LR1_2_2;40R_40V_04F_05M;t1;0.05;109;9915.73;TRUE;190.03;LR1_2_2_t1_40R_40V_04F_05M;40;1;0.02;60000;100;6.14
LR1_2_2;40R_40V_04F_06M;t1;0.05;109;9460.91;TRUE;269.25;LR1_2_2_t1_40R_40V_04F_06M;40;22662;103;60000;99.93;6.07
LR1_2_3;40R_40V_04F_05M;t1;0.05;109;9817.1;TRUE;263.14;LR1_2_3_t1_40R_40V_04F_05M;40;1;0.03;60000;100;5.09
LR1_2_3;40R_40V_04F_06M;t1;0.05;109;8628.68;TRUE;391.1;LR1_2_3_t1_40R_40V_04F_06M;40;32641;214.59;60000;99.93;5.17
LR1_2_4;40R_40V_04F_05M;t1;0.05;109;7064.82;TRUE;800.36;LR1_2_4_t1_40R_40V_04F_05M;40;38342;511.48;60000;95.75;5.29
LR1_2_4;40R_40V_04F_06M;t1;0.05;109;6786.86;TRUE;1003.54;LR1_2_4_t1_40R_40V_04F_06M;40;9251;178.95;60000;88.13;4.78
LR1_2_5;40R_40V_04F_05M;t1;0.05;109;9534.68;TRUE;328.73;LR1_2_5_t1_40R_40V_04F_05M;40;1;0.02;60000;99.99;6.93
LR1_2_5;40R_40V_04F_06M;t1;0.05;109;8881.24;TRUE;484.08;LR1_2_5_t1_40R_40V_04F_06M;40;41556;335.84;60000;99.41;6.4
LR2_2_1;40R_40V_04F_05M;t2;0.05;109;9868.09;TRUE;1205.62;LR2_2_1_t2_40R_40V_04F_05M;40;30970;618.83;60000;55.72;5.96
LR2_2_1;40R_40V_04F_06M;t2;0.05;109;10167.52;TRUE;1314.11;LR2_2_1_t2_40R_40V_04F_06M;40;13368;293.38;60000;55.48;6.36
LR2_2_2;40R_40V_04F_05M;t2;0.05;109;8359.98;TRUE;2613.55;LR2_2_2_t2_40R_40V_04F_05M;40;4473;195.28;60000;3.66;5.06
LR2_2_2;40R_40V_04F_06M;t2;0.05;109;8204.82;TRUE;2859.23;LR2_2_2_t2_40R_40V_04F_06M;40;49424;2355.81;60000;0.07;5.5
LR2_2_3;40R_40V_04F_05M;t2;0.05;109;7741.86;TRUE;3369.51;LR2_2_3_t2_40R_40V_04F_05M;40;41881;2357.43;60000;23.62;2.47
LR2_2_3;40R_40V_04F_06M;t2;0.05;109;7920.51;TRUE;3600.06;LR2_2_3_t2_40R_40V_04F_06M;40;24714;1711.92;52009;1.66;2.67
LR2_2_4;40R_40V_04F_05M;t2;0.05;109;6266.56;TRUE;3600.04;LR2_2_4_t2_40R_40V_04F_05M;40;11505;1299.29;31799;0;1.28
LR2_2_4;40R_40V_04F_06M;t2;0.05;109;6240.48;TRUE;3600.02;LR2_2_4_t2_40R_40V_04F_06M;40;6298;760.78;29833;0;1.33
LR2_2_5;40R_40V_04F_05M;t2;0.05;109;9144.29;TRUE;2364.91;LR2_2_5_t2_40R_40V_04F_05M;40;31672;1250.2;60000;0;6.53
LR2_2_5;40R_40V_04F_06M;t2;0.05;109;9129.3;TRUE;2543.57;LR2_2_5_t2_40R_40V_04F_06M;40;31672;1344.77;60000;0;6.73
LR1_2_1;60R_60V_02F_05M;t1;0.05;109;13735.28;TRUE;370.45;LR1_2_1_t1_60R_60V_02F_05M;60;1;0.03;60000;100;6.29
LR1_2_1;60R_60V_02F_06M;t1;0.05;109;12309.92;TRUE;516.61;LR1_2_1_t1_60R_60V_02F_06M;60;38712;331.73;60000;99.84;5.72
LR1_2_2;60R_60V_02F_05M;t1;0.05;109;11377.49;TRUE;697.57;LR1_2_2_t1_60R_60V_02F_05M;60;51078;595.03;60000;95.16;5.51
LR1_2_2;60R_60V_02F_06M;t1;0.05;109;11204.02;TRUE;1004.43;LR1_2_2_t1_60R_60V_02F_06M;60;8288;139.77;60000;86.7;5.56
LR1_2_3;60R_60V_02F_05M;t1;0.05;109;10041.23;TRUE;722.91;LR1_2_3_t1_60R_60V_02F_05M;60;32633;394.93;60000;99.77;3.93
LR1_2_3;60R_60V_02F_06M;t1;0.05;109;9517.81;TRUE;979.33;LR1_2_3_t1_60R_60V_02F_06M;60;47033;769.61;60000;98.15;3.89
LR1_2_4;60R_60V_02F_05M;t1;0.05;109;7238.02;TRUE;2715.86;LR1_2_4_t1_60R_60V_02F_05M;60;146;6.96;60000;51.44;2.45
LR1_2_4;60R_60V_02F_06M;t1;0.05;109;7032.84;TRUE;3600.05;LR1_2_4_t1_60R_60V_02F_06M;60;1611;101.25;57299;19.85;2.44
LR1_2_5;60R_60V_02F_05M;t1;0.05;109;10137.4;TRUE;1307.05;LR1_2_5_t1_60R_60V_02F_05M;60;46837;1020.95;60000;63.49;5.78
LR1_2_5;60R_60V_02F_06M;t1;0.05;109;9765.91;TRUE;1610.39;LR1_2_5_t1_60R_60V_02F_06M;60;12937;346.97;60000;49.88;6.04
LR2_2_1;60R_60V_02F_05M;t2;0.05;109;13301.2;TRUE;2538.4;LR2_2_1_t2_60R_60V_02F_05M;60;24943;1054.9;60000;33.36;7.06
LR2_2_1;60R_60V_02F_06M;t2;0.05;109;13157.5;TRUE;2963.2;LR2_2_1_t2_60R_60V_02F_06M;60;30573;1507.79;60000;23.35;7.21
LR2_2_2;60R_60V_02F_05M;t2;0.05;109;11050.07;TRUE;3600.02;LR2_2_2_t2_60R_60V_02F_05M;60;12843;994.9;46513;0;5.97
LR2_2_2;60R_60V_02F_06M;t2;0.05;109;11036.87;TRUE;3600.08;LR2_2_2_t2_60R_60V_02F_06M;60;3155;259.95;43594;0;6.05
LR2_2_3;60R_60V_02F_05M;t2;0.05;109;10691.27;TRUE;3600.05;LR2_2_3_t2_60R_60V_02F_05M;60;33123;3156.75;37782;5.38;3.95
LR2_2_3;60R_60V_02F_06M;t2;0.05;109;10791.05;TRUE;3600.02;LR2_2_3_t2_60R_60V_02F_06M;60;32343;3374.48;34483;0.09;4.09
LR2_2_4;60R_60V_02F_05M;t2;0.05;109;8129.26;TRUE;3600;LR2_2_4_t2_60R_60V_02F_05M;60;7320;1108.78;23763;0;1.33
LR2_2_4;60R_60V_02F_06M;t2;0.05;109;8050.89;TRUE;3600.05;LR2_2_4_t2_60R_60V_02F_06M;60;21445;3470.8;22251;0;1.36
LR2_2_5;60R_60V_02F_05M;t2;0.05;109;12981.21;TRUE;3600.01;LR2_2_5_t2_60R_60V_02F_05M;60;19471;1223.25;57528;0;6.99
LR2_2_5;60R_60V_02F_06M;t2;0.05;109;12990.42;TRUE;3600.01;LR2_2_5_t2_60R_60V_02F_06M;60;30243;2078.28;52503;0;7.11
LR1_2_1;60R_60V_04F_05M;t1;0.05;109;NA;FALSE;397.06;LR1_2_1_t1_60R_60V_04F_05M;60;0;0;60000;100;0
LR1_2_1;60R_60V_04F_06M;t1;0.05;109;16006.95;TRUE;564.2;LR1_2_1_t1_60R_60V_04F_06M;60;38885;367.47;60000;100;7.66
LR1_2_2;60R_60V_04F_05M;t1;0.05;109;NA;FALSE;332.69;LR1_2_2_t1_60R_60V_04F_05M;60;0;0;60000;100;0
LR1_2_2;60R_60V_04F_06M;t1;0.05;109;NA;FALSE;463.53;LR1_2_2_t1_60R_60V_04F_06M;60;0;0;60000;100;0
LR1_2_3;60R_60V_04F_05M;t1;0.05;109;13357.98;TRUE;604.6;LR1_2_3_t1_60R_60V_04F_05M;60;1;0.1;60000;100;6.07
LR1_2_3;60R_60V_04F_06M;t1;0.05;109;13316.12;TRUE;742.03;LR1_2_3_t1_60R_60V_04F_06M;60;1;0.07;60000;100;6.08
LR1_2_4;60R_60V_04F_05M;t1;0.05;109;10110.07;TRUE;1534.99;LR1_2_4_t1_60R_60V_04F_05M;60;35766;913.59;60000;99.51;3.72
LR1_2_4;60R_60V_04F_06M;t1;0.05;109;10154.43;TRUE;2508.9;LR1_2_4_t1_60R_60V_04F_06M;60;3624;153.11;60000;95.67;3.33
LR1_2_5;60R_60V_04F_05M;t1;0.05;109;NA;FALSE;505.16;LR1_2_5_t1_60R_60V_04F_05M;60;0;0;60000;100;0
LR1_2_5;60R_60V_04F_06M;t1;0.05;109;13944.97;TRUE;736.69;LR1_2_5_t1_60R_60V_04F_06M;60;19574;239.56;60000;100;8.39
LR2_2_1;60R_60V_04F_05M;t2;0.05;109;15288.42;TRUE;2875.5;LR2_2_1_t2_60R_60V_04F_05M;60;29926;1437.3;60000;62.24;5.84
LR2_2_1;60R_60V_04F_06M;t2;0.05;109;14803.76;TRUE;3600.05;LR2_2_1_t2_60R_60V_04F_06M;60;52963;3475.34;54853;38.19;6
LR2_2_2;60R_60V_04F_05M;t2;0.05;109;12958.87;TRUE;3600.04;LR2_2_2_t2_60R_60V_04F_05M;60;38575;3534.18;39293;25.57;4.44
LR2_2_2;60R_60V_04F_06M;t2;0.05;109;12727.65;TRUE;3600.01;LR2_2_2_t2_60R_60V_04F_06M;60;19868;1951.37;36739;25.75;4.56
LR2_2_3;60R_60V_04F_05M;t2;0.05;109;12367.63;TRUE;3600.03;LR2_2_3_t2_60R_60V_04F_05M;60;3965;573.82;24842;6.02;2.83
LR2_2_3;60R_60V_04F_06M;t2;0.05;109;12611.99;TRUE;3600.13;LR2_2_3_t2_60R_60V_04F_06M;60;6415;1012.59;22773;0.45;2.91
LR2_2_4;60R_60V_04F_05M;t2;0.05;109;9863.43;TRUE;3600.13;LR2_2_4_t2_60R_60V_04F_05M;60;9671;2282.97;15230;0;0.9
LR2_2_4;60R_60V_04F_06M;t2;0.05;109;9821.21;TRUE;3600.01;LR2_2_4_t2_60R_60V_04F_06M;60;9671;2428.69;14351;0;0.9
LR2_2_5;60R_60V_04F_05M;t2;0.05;109;13945.92;TRUE;3600.02;LR2_2_5_t2_60R_60V_04F_05M;60;28201;2535.82;40059;0;4.54
LR2_2_5;60R_60V_04F_06M;t2;0.05;109;14155.29;TRUE;3600.05;LR2_2_5_t2_60R_60V_04F_06M;60;15848;1530.81;38609;0;4.86
lr101;06R_06V_02F_03M;t1;0.05;126;780.51;TRUE;108.14;lr101_t1_06R_06V_02F_03M;6;24;0.32;60000;0;15.75
lr101;06R_06V_02F_04M;t1;0.05;126;768.25;TRUE;126.95;lr101_t1_06R_06V_02F_04M;6;21;0.45;60000;0;18
lr102;06R_06V_02F_03M;t1;0.05;126;606.02;TRUE;126.28;lr102_t1_06R_06V_02F_03M;6;4;0.4;60000;0;9.51
lr102;06R_06V_02F_04M;t1;0.05;126;605.59;TRUE;130.21;lr102_t1_06R_06V_02F_04M;6;4;0.43;60000;0;9.57
lr103;06R_06V_02F_03M;t1;0.05;126;607.5;TRUE;129.94;lr103_t1_06R_06V_02F_03M;6;3;0.43;60000;0;16.23
lr103;06R_06V_02F_04M;t1;0.05;126;599.29;TRUE;133.38;lr103_t1_06R_06V_02F_04M;6;3;0.38;60000;0;17.2
lr104;06R_06V_02F_03M;t1;0.05;126;431.33;TRUE;117.94;lr104_t1_06R_06V_02F_03M;6;2;0.41;60000;0;19.71
lr104;06R_06V_02F_04M;t1;0.05;126;431.33;TRUE;122.48;lr104_t1_06R_06V_02F_04M;6;2;0.4;60000;0;18.08
lr105;06R_06V_02F_03M;t1;0.05;126;660.1;TRUE;63.25;lr105_t1_06R_06V_02F_03M;6;1;0;60000;50.39;29.44
lr105;06R_06V_02F_04M;t1;0.05;126;654.89;TRUE;64.07;lr105_t1_06R_06V_02F_04M;6;1;0;60000;50.39;29.6
lr201;06R_06V_02F_03M;t2;0.05;126;793.39;TRUE;106.56;lr201_t2_06R_06V_02F_03M;6;118;0.6;60000;0;28.51
lr201;06R_06V_02F_04M;t2;0.05;126;793.39;TRUE;108.78;lr201_t2_06R_06V_02F_04M;6;118;0.65;60000;0;28.51
lr202;06R_06V_02F_03M;t2;0.05;126;545.89;TRUE;123.74;lr202_t2_06R_06V_02F_03M;6;5;0.44;60000;0;32.09
lr202;06R_06V_02F_04M;t2;0.05;126;545.89;TRUE;126.8;lr202_t2_06R_06V_02F_04M;6;5;0.44;60000;0;32.25
lr203;06R_06V_02F_03M;t2;0.05;126;686.32;TRUE;131.21;lr203_t2_06R_06V_02F_03M;6;68;0.57;60000;0;35.27
lr203;06R_06V_02F_04M;t2;0.05;126;686.32;TRUE;133.96;lr203_t2_06R_06V_02F_04M;6;68;0.57;60000;0;35.56
lr204;06R_06V_02F_03M;t2;0.05;126;611.17;TRUE;149.33;lr204_t2_06R_06V_02F_03M;6;534;1.78;60000;0;25.03
lr204;06R_06V_02F_04M;t2;0.05;126;610.66;TRUE;154.26;lr204_t2_06R_06V_02F_04M;6;534;1.8;60000;0;25.11
lr205;06R_06V_02F_03M;t2;0.05;126;540.49;TRUE;137.9;lr205_t2_06R_06V_02F_03M;6;206;0.86;60000;0;29.54
lr205;06R_06V_02F_04M;t2;0.05;126;540.45;TRUE;141.14;lr205_t2_06R_06V_02F_04M;6;142;0.74;60000;0;29.63
lr101;06R_06V_04F_03M;t1;0.05;126;749.14;TRUE;110.54;lr101_t1_06R_06V_04F_03M;6;1;0;60000;10.39;10.66
lr101;06R_06V_04F_04M;t1;0.05;126;736.64;TRUE;124.17;lr101_t1_06R_06V_04F_04M;6;193;0.85;60000;0;12.7
lr102;06R_06V_04F_03M;t1;0.05;126;724.27;TRUE;128.8;lr102_t1_06R_06V_04F_03M;6;132;0.72;60000;9.98;9.7
lr102;06R_06V_04F_04M;t1;0.05;126;692.08;TRUE;130.31;lr102_t1_06R_06V_04F_04M;6;31;0.48;60000;8.55;10.51
lr103;06R_06V_04F_03M;t1;0.05;126;947.66;TRUE;146.98;lr103_t1_06R_06V_04F_03M;6;542;1.79;60000;0;12.26
lr103;06R_06V_04F_04M;t1;0.05;126;974.37;TRUE;147.25;lr103_t1_06R_06V_04F_04M;6;27;0.49;60000;0;14.34
lr104;06R_06V_04F_03M;t1;0.05;126;659.55;TRUE;58.85;lr104_t1_06R_06V_04F_03M;6;2;0.38;60000;60.44;16.96
lr104;06R_06V_04F_04M;t1;0.05;126;656.61;TRUE;61.68;lr104_t1_06R_06V_04F_04M;6;2;0.42;60000;59.48;17.53
lr105;06R_06V_04F_03M;t1;0.05;126;864.51;TRUE;68.92;lr105_t1_06R_06V_04F_03M;6;5;0.41;60000;50.39;19.3
lr105;06R_06V_04F_04M;t1;0.05;126;856.98;TRUE;70.25;lr105_t1_06R_06V_04F_04M;6;5;0.43;60000;50.39;19.44
lr201;06R_06V_04F_03M;t2;0.05;126;936.6;TRUE;129.8;lr201_t2_06R_06V_04F_03M;6;21;0.42;60000;0;18.64
lr201;06R_06V_04F_04M;t2;0.05;126;935.98;TRUE;135.71;lr201_t2_06R_06V_04F_04M;6;21;0.48;60000;0;18.68
lr202;06R_06V_04F_03M;t2;0.05;126;604.04;TRUE;149.7;lr202_t2_06R_06V_04F_03M;6;638;2.11;60000;0;36.68
lr202;06R_06V_04F_04M;t2;0.05;126;604.04;TRUE;152.92;lr202_t2_06R_06V_04F_04M;6;1232;3.59;60000;0;39.89
lr203;06R_06V_04F_03M;t2;0.05;126;797.56;TRUE;150.57;lr203_t2_06R_06V_04F_03M;6;15513;38.65;60000;0;37.12
lr203;06R_06V_04F_04M;t2;0.05;126;725.28;TRUE;152.24;lr203_t2_06R_06V_04F_04M;6;77;0.62;60000;0;31.34
lr204;06R_06V_04F_03M;t2;0.05;126;764.38;TRUE;167.9;lr204_t2_06R_06V_04F_03M;6;618;2.22;60000;0;17.11
lr204;06R_06V_04F_04M;t2;0.05;126;760.99;TRUE;168.46;lr204_t2_06R_06V_04F_04M;6;618;2.25;60000;0;17.02
lr205;06R_06V_04F_03M;t2;0.05;126;604.07;TRUE;155.11;lr205_t2_06R_06V_04F_03M;6;2449;8.57;60000;0;24.72
lr205;06R_06V_04F_04M;t2;0.05;126;599.81;TRUE;157.33;lr205_t2_06R_06V_04F_04M;6;2449;6.59;60000;0;24.95
lr101;08R_08V_02F_03M;t1;0.05;126;1018.05;TRUE;141.31;lr101_t1_08R_08V_02F_03M;8;44;0.51;60000;0;22.58
lr101;08R_08V_02F_04M;t1;0.05;126;1010.27;TRUE;145.16;lr101_t1_08R_08V_02F_04M;8;12;0.47;60000;0;23.82
lr102;08R_08V_02F_03M;t1;0.05;126;869.72;TRUE;149.87;lr102_t1_08R_08V_02F_03M;8;2;0.37;60000;0;11.02
lr102;08R_08V_02F_04M;t1;0.05;126;864.66;TRUE;153.56;lr102_t1_08R_08V_02F_04M;8;2;0.42;60000;0;11.19
lr103;08R_08V_02F_03M;t1;0.05;126;769.29;TRUE;158.71;lr103_t1_08R_08V_02F_03M;8;93;0.66;60000;0;10.34
lr103;08R_08V_02F_04M;t1;0.05;126;761.62;TRUE;165.01;lr103_t1_08R_08V_02F_04M;8;93;0.63;60000;0;10.88
lr104;08R_08V_02F_03M;t1;0.05;126;765.44;TRUE;158.33;lr104_t1_08R_08V_02F_03M;8;13;0.46;60000;0;10.56
lr104;08R_08V_02F_04M;t1;0.05;126;762.11;TRUE;160.83;lr104_t1_08R_08V_02F_04M;8;13;0.45;60000;0;9.59
lr105;08R_08V_02F_03M;t1;0.05;126;869.95;TRUE;151.6;lr105_t1_08R_08V_02F_03M;8;3;0.43;60000;0;16.87
lr105;08R_08V_02F_04M;t1;0.05;126;858.77;TRUE;153.27;lr105_t1_08R_08V_02F_04M;8;3;0.43;60000;0;17.09
lr201;08R_08V_02F_03M;t2;0.05;126;930.52;TRUE;136.52;lr201_t2_08R_08V_02F_03M;8;89;0.63;60000;0;23.21
lr201;08R_08V_02F_04M;t2;0.05;126;929.83;TRUE;139.52;lr201_t2_08R_08V_02F_04M;8;89;0.59;60000;0;23.26
lr202;08R_08V_02F_03M;t2;0.05;126;717.53;TRUE;164.95;lr202_t2_08R_08V_02F_03M;8;1906;5.65;60000;0;33.13
lr202;08R_08V_02F_04M;t2;0.05;126;715.2;TRUE;168.78;lr202_t2_08R_08V_02F_04M;8;1348;4.13;60000;0;33.38
lr203;08R_08V_02F_03M;t2;0.05;126;728.54;TRUE;175.02;lr203_t2_08R_08V_02F_03M;8;6980;20.96;60000;0;22.26
lr203;08R_08V_02F_04M;t2;0.05;126;724.91;TRUE;180.3;lr203_t2_08R_08V_02F_04M;8;6980;21.91;60000;0;22.47
lr204;08R_08V_02F_03M;t2;0.05;126;708.43;TRUE;167;lr204_t2_08R_08V_02F_03M;8;4182;11.96;60000;0;15.64
lr204;08R_08V_02F_04M;t2;0.05;126;705.74;TRUE;174.03;lr204_t2_08R_08V_02F_04M;8;4182;12.16;60000;0;15.78
lr205;08R_08V_02F_03M;t2;0.05;126;736.45;TRUE;168.01;lr205_t2_08R_08V_02F_03M;8;4957;13.74;60000;0;27.62
lr205;08R_08V_02F_04M;t2;0.05;126;729.88;TRUE;174.71;lr205_t2_08R_08V_02F_04M;8;4957;14.89;60000;0;27.81
lr101;08R_08V_04F_03M;t1;0.05;126;1166.54;TRUE;60.42;lr101_t1_08R_08V_04F_03M;8;441;0.85;60000;68.9;14.25
lr101;08R_08V_04F_04M;t1;0.05;126;1135.03;TRUE;149.18;lr101_t1_08R_08V_04F_04M;8;850;2.45;60000;10.12;16.6
lr102;08R_08V_04F_03M;t1;0.05;126;1030.42;TRUE;32.72;lr102_t1_08R_08V_04F_03M;8;170;0.51;60000;87.46;11.42
lr102;08R_08V_04F_04M;t1;0.05;126;1003.13;TRUE;152.26;lr102_t1_08R_08V_04F_04M;8;11;0.45;60000;9.81;9.73
lr103;08R_08V_04F_03M;t1;0.05;126;1099.07;TRUE;76.93;lr103_t1_08R_08V_04F_03M;8;314;0.83;60000;66.46;12.07
lr103;08R_08V_04F_04M;t1;0.05;126;1086.46;TRUE;101.2;lr103_t1_08R_08V_04F_04M;8;3284;5.99;60000;55.94;13.14
lr104;08R_08V_04F_03M;t1;0.05;126;1096.75;TRUE;76.99;lr104_t1_08R_08V_04F_03M;8;1674;2.57;60000;67.28;14.31
lr104;08R_08V_04F_04M;t1;0.05;126;1092.54;TRUE;101.87;lr104_t1_08R_08V_04F_04M;8;1727;3.31;60000;55.07;12.65
lr105;08R_08V_04F_03M;t1;0.05;126;1068.12;TRUE;156.11;lr105_t1_08R_08V_04F_03M;8;51;0.56;60000;4.38;11.91
lr105;08R_08V_04F_04M;t1;0.05;126;1053.6;TRUE;156.7;lr105_t1_08R_08V_04F_04M;8;5;0.44;60000;7.55;11.46
lr201;08R_08V_04F_03M;t2;0.05;126;1142.97;TRUE;163.4;lr201_t2_08R_08V_04F_03M;8;73;0.63;60000;4.25;20.29
lr201;08R_08V_04F_04M;t2;0.05;126;1136.32;TRUE;166.65;lr201_t2_08R_08V_04F_04M;8;73;0.62;60000;4.25;20.47
lr202;08R_08V_04F_03M;t2;0.05;126;885.9;TRUE;206.99;lr202_t2_08R_08V_04F_03M;8;5042;18.32;60000;0;27.91
lr202;08R_08V_04F_04M;t2;0.05;126;880.69;TRUE;214.42;lr202_t2_08R_08V_04F_04M;8;5042;18.61;60000;0;28.25
lr203;08R_08V_04F_03M;t2;0.05;126;929.42;TRUE;206.94;lr203_t2_08R_08V_04F_03M;8;1081;4.15;60000;0;16.23
lr203;08R_08V_04F_04M;t2;0.05;126;928.97;TRUE;215.3;lr203_t2_08R_08V_04F_04M;8;1081;4.1;60000;0;16.84
lr204;08R_08V_04F_03M;t2;0.05;126;878.05;TRUE;214.86;lr204_t2_08R_08V_04F_03M;8;9813;35.91;60000;0;8.35
lr204;08R_08V_04F_04M;t2;0.05;126;874.24;TRUE;219.47;lr204_t2_08R_08V_04F_04M;8;9813;37.1;60000;0;8.56
lr205;08R_08V_04F_03M;t2;0.05;126;937.63;TRUE;205.32;lr205_t2_08R_08V_04F_03M;8;12915;45.13;60000;0;19.56
lr205;08R_08V_04F_04M;t2;0.05;126;930.27;TRUE;210.64;lr205_t2_08R_08V_04F_04M;8;13240;46.26;60000;0;19.71
lr101;10R_10V_02F_03M;t1;0.05;126;1194.55;TRUE;167.09;lr101_t1_10R_10V_02F_03M;10;190;0.96;60000;0;21.14
lr101;10R_10V_02F_04M;t1;0.05;126;1187.36;TRUE;173.78;lr101_t1_10R_10V_02F_04M;10;38;0.52;60000;0;22.36
lr102;10R_10V_02F_03M;t1;0.05;126;1025.34;TRUE;68.89;lr102_t1_10R_10V_02F_03M;10;237;0.75;60000;66.62;10.75
lr102;10R_10V_02F_04M;t1;0.05;126;1022.31;TRUE;130.47;lr102_t1_10R_10V_02F_04M;10;1101;2.97;60000;32.1;10.7
lr103;10R_10V_02F_03M;t1;0.05;126;1034.38;TRUE;85.31;lr103_t1_10R_10V_02F_03M;10;309;0.87;60000;63.51;12.59
lr103;10R_10V_02F_04M;t1;0.05;126;1022.42;TRUE;176.87;lr103_t1_10R_10V_02F_04M;10;21;0.49;60000;16.05;11.88
lr104;10R_10V_02F_03M;t1;0.05;126;892.38;TRUE;104.98;lr104_t1_10R_10V_02F_03M;10;4646;8.43;60000;47.16;9.39
lr104;10R_10V_02F_04M;t1;0.05;126;892.38;TRUE;110.48;lr104_t1_10R_10V_02F_04M;10;17060;31.66;60000;47.05;9.26
lr105;10R_10V_02F_03M;t1;0.05;126;1207.1;TRUE;98.05;lr105_t1_10R_10V_02F_03M;10;3;0.42;60000;49.94;19.13
lr105;10R_10V_02F_04M;t1;0.05;126;1188.48;TRUE;182.65;lr105_t1_10R_10V_02F_04M;10;3;0.44;60000;0;20.11
lr201;10R_10V_02F_03M;t2;0.05;126;1013.31;TRUE;164.52;lr201_t2_10R_10V_02F_03M;10;274;1.22;60000;6.65;26.93
lr201;10R_10V_02F_04M;t2;0.05;126;1013.31;TRUE;169.87;lr201_t2_10R_10V_02F_04M;10;274;1.18;60000;6.65;26.93
lr202;10R_10V_02F_03M;t2;0.05;126;909.66;TRUE;199.67;lr202_t2_10R_10V_02F_03M;10;18412;62.17;60000;0;31.22
lr202;10R_10V_02F_04M;t2;0.05;126;910.41;TRUE;206.59;lr202_t2_10R_10V_02F_04M;10;5218;18.48;60000;0;32.38
lr203;10R_10V_02F_03M;t2;0.05;126;866.44;TRUE;245.22;lr203_t2_10R_10V_02F_03M;10;11186;46.25;60000;0;17.78
lr203;10R_10V_02F_04M;t2;0.05;126;865.6;TRUE;252.45;lr203_t2_10R_10V_02F_04M;10;29145;122.81;60000;0;17.84
lr204;10R_10V_02F_03M;t2;0.05;126;754.78;TRUE;217.39;lr204_t2_10R_10V_02F_03M;10;19930;72.48;60000;0;9.04
lr204;10R_10V_02F_04M;t2;0.05;126;754.38;TRUE;229.12;lr204_t2_10R_10V_02F_04M;10;38447;146.1;60000;0;9.31
lr205;10R_10V_02F_03M;t2;0.05;126;880.14;TRUE;213.19;lr205_t2_10R_10V_02F_03M;10;4898;17.58;60000;0;26.28
lr205;10R_10V_02F_04M;t2;0.05;126;873.85;TRUE;219.37;lr205_t2_10R_10V_02F_04M;10;4898;18.28;60000;0;26.3
lr101;10R_10V_04F_03M;t1;0.05;126;1343.37;TRUE;119.59;lr101_t1_10R_10V_04F_03M;10;2711;5.71;60000;43.04;18.92
lr101;10R_10V_04F_04M;t1;0.05;126;1334.41;TRUE;191.44;lr101_t1_10R_10V_04F_04M;10;2079;6.8;60000;0;20.51
lr102;10R_10V_04F_03M;t1;0.05;126;1155.25;TRUE;38.92;lr102_t1_10R_10V_04F_03M;10;1605;1.45;60000;88.26;7.5
lr102;10R_10V_04F_04M;t1;0.05;126;1145.23;TRUE;128.39;lr102_t1_10R_10V_04F_04M;10;2024;4.85;60000;39.68;9.11
lr103;10R_10V_04F_03M;t1;0.05;126;1485.44;TRUE;28.89;lr103_t1_10R_10V_04F_03M;10;44116;21.39;60000;97.36;12.35
lr103;10R_10V_04F_04M;t1;0.05;126;1444.21;TRUE;106.82;lr103_t1_10R_10V_04F_04M;10;79;0.58;60000;66.89;12.18
lr104;10R_10V_04F_03M;t1;0.05;126;1232.39;TRUE;93.84;lr104_t1_10R_10V_04F_03M;10;2166;3.81;60000;65.93;7.52
lr104;10R_10V_04F_04M;t1;0.05;126;1218.3;TRUE;110.67;lr104_t1_10R_10V_04F_04M;10;1627;3.53;60000;59.31;8.71
lr105;10R_10V_04F_03M;t1;0.05;126;1593.58;TRUE;21.34;lr105_t1_10R_10V_04F_03M;10;33137;12.08;60000;97.2;16.57
lr105;10R_10V_04F_04M;t1;0.05;126;1517.24;TRUE;65.64;lr105_t1_10R_10V_04F_04M;10;1088;1.68;60000;76.89;17.69
lr201;10R_10V_04F_03M;t2;0.05;126;1359.59;TRUE;190.69;lr201_t2_10R_10V_04F_03M;10;59396;188.93;60000;12.7;22.37
lr201;10R_10V_04F_04M;t2;0.05;126;1359.59;TRUE;200.71;lr201_t2_10R_10V_04F_04M;10;59396;198.8;60000;12.7;22.81
lr202;10R_10V_04F_03M;t2;0.05;126;1258.28;TRUE;253.73;lr202_t2_10R_10V_04F_03M;10;22429;94.98;60000;0.46;27.68
lr202;10R_10V_04F_04M;t2;0.05;126;1243.47;TRUE;272.69;lr202_t2_10R_10V_04F_04M;10;29852;135.39;60000;0;30.47
lr203;10R_10V_04F_03M;t2;0.05;126;981.03;TRUE;303.69;lr203_t2_10R_10V_04F_03M;10;1536;8.03;60000;0;13.49
lr203;10R_10V_04F_04M;t2;0.05;126;975.5;TRUE;319.26;lr203_t2_10R_10V_04F_04M;10;1536;8.46;60000;0;13.62
lr204;10R_10V_04F_03M;t2;0.05;126;966.07;TRUE;300.68;lr204_t2_10R_10V_04F_03M;10;44804;224.53;60000;0;5.23
lr204;10R_10V_04F_04M;t2;0.05;126;957.65;TRUE;319.63;lr204_t2_10R_10V_04F_04M;10;44804;238.32;60000;0;5.47
lr205;10R_10V_04F_03M;t2;0.05;126;1060.97;TRUE;248.68;lr205_t2_10R_10V_04F_03M;10;3655;15.33;60000;0.02;23.12
lr205;10R_10V_04F_04M;t2;0.05;126;1044.08;TRUE;260.91;lr205_t2_10R_10V_04F_04M;10;17552;76.65;60000;0;23.24
lr101;12R_12V_02F_03M;t1;0.05;126;1444.04;TRUE;185.17;lr101_t1_12R_12V_02F_03M;12;14;0.48;60000;9.99;23.23
lr101;12R_12V_02F_04M;t1;0.05;126;1437.74;TRUE;192.43;lr101_t1_12R_12V_02F_04M;12;75;0.67;60000;9.99;23.36
lr102;12R_12V_02F_03M;t1;0.05;126;1404.9;TRUE;112.59;lr102_t1_12R_12V_02F_03M;12;825;1.84;60000;49.73;14.37
lr102;12R_12V_02F_04M;t1;0.05;126;1397.72;TRUE;118.01;lr102_t1_12R_12V_02F_04M;12;11267;22.62;60000;49.73;14.38
lr103;12R_12V_02F_03M;t1;0.05;126;1138.94;TRUE;156.01;lr103_t1_12R_12V_02F_03M;12;7111;18.69;60000;34.35;10.54
lr103;12R_12V_02F_04M;t1;0.05;126;1126.46;TRUE;180.85;lr103_t1_12R_12V_02F_04M;12;1982;6.43;60000;27.7;11.16
lr104;12R_12V_02F_03M;t1;0.05;126;1233.18;TRUE;122.93;lr104_t1_12R_12V_02F_03M;12;73;0.56;60000;54.61;5.47
lr104;12R_12V_02F_04M;t1;0.05;126;1223.17;TRUE;147.7;lr104_t1_12R_12V_02F_04M;12;2886;7.24;60000;45.69;5.93
lr105;12R_12V_02F_03M;t1;0.05;126;1316.34;TRUE;74.38;lr105_t1_12R_12V_02F_03M;12;7494;9.66;60000;71.29;14.2
lr105;12R_12V_02F_04M;t1;0.05;126;1301.89;TRUE;185.95;lr105_t1_12R_12V_02F_04M;12;1;0;60000;14.12;15.16
lr201;12R_12V_02F_03M;t2;0.05;126;1411.58;TRUE;201.44;lr201_t2_12R_12V_02F_03M;12;44402;146.99;60000;0;22.2
lr201;12R_12V_02F_04M;t2;0.05;126;1411.18;TRUE;219.56;lr201_t2_12R_12V_02F_04M;12;44402;162.46;60000;0;22.24
lr202;12R_12V_02F_03M;t2;0.05;126;980.34;TRUE;243;lr202_t2_12R_12V_02F_03M;12;51582;209.11;60000;0;26.17
lr202;12R_12V_02F_04M;t2;0.05;126;980.1;TRUE;256.85;lr202_t2_12R_12V_02F_04M;12;28004;119.95;60000;0;27.01
lr203;12R_12V_02F_03M;t2;0.05;126;998.12;TRUE;286.3;lr203_t2_12R_12V_02F_03M;12;23443;112.82;60000;0;15.28
lr203;12R_12V_02F_04M;t2;0.05;126;992.34;TRUE;303.14;lr203_t2_12R_12V_02F_04M;12;23443;121.22;60000;0;15.34
lr204;12R_12V_02F_03M;t2;0.05;126;932.55;TRUE;268.08;lr204_t2_12R_12V_02F_03M;12;20459;91.61;60000;0;4.63
lr204;12R_12V_02F_04M;t2;0.05;126;931.43;TRUE;283.78;lr204_t2_12R_12V_02F_04M;12;20459;98.21;60000;0;4.67
lr205;12R_12V_02F_03M;t2;0.05;126;1053.94;TRUE;249.42;lr205_t2_12R_12V_02F_03M;12;3500;14.65;60000;4.9;24.61
lr205;12R_12V_02F_04M;t2;0.05;126;1028.43;TRUE;270.36;lr205_t2_12R_12V_02F_04M;12;26563;120.41;60000;0.02;24.83
lr101;12R_12V_04F_03M;t1;0.05;126;1651.36;TRUE;23.65;lr101_t1_12R_12V_04F_03M;12;28464;11.39;60000;99.85;15.92
lr101;12R_12V_04F_04M;t1;0.05;126;1623.2;TRUE;46.76;lr101_t1_12R_12V_04F_04M;12;49577;38.76;60000;94.26;15.59
lr102;12R_12V_04F_03M;t1;0.05;126;1658.8;TRUE;31.54;lr102_t1_12R_12V_04F_03M;12;6932;3.97;60000;97.99;17.34
lr102;12R_12V_04F_04M;t1;0.05;126;1604.25;TRUE;84.63;lr102_t1_12R_12V_04F_04M;12;4809;7.16;60000;77.6;17.65
lr103;12R_12V_04F_03M;t1;0.05;126;1456.11;TRUE;168.13;lr103_t1_12R_12V_04F_03M;12;57409;160.95;60000;48.94;8.32
lr103;12R_12V_04F_04M;t1;0.05;126;1438.24;TRUE;248.46;lr103_t1_12R_12V_04F_04M;12;54093;224;60000;16.55;8.78
lr104;12R_12V_04F_03M;t1;0.05;126;1495.63;TRUE;80.08;lr104_t1_12R_12V_04F_03M;12;11408;15.49;60000;82.93;6.75
lr104;12R_12V_04F_04M;t1;0.05;126;1484.35;TRUE;154.14;lr104_t1_12R_12V_04F_04M;12;16375;43.22;60000;58.08;4.88
lr105;12R_12V_04F_03M;t1;0.05;126;1728.08;TRUE;23.59;lr105_t1_12R_12V_04F_03M;12;13168;5.38;60000;99;15.21
lr105;12R_12V_04F_04M;t1;0.05;126;1714.98;TRUE;88.44;lr105_t1_12R_12V_04F_04M;12;41964;62.07;60000;74.64;14.55
lr201;12R_12V_04F_03M;t2;0.05;126;1574.75;TRUE;258.48;lr201_t2_12R_12V_04F_03M;12;6914;30.96;60000;3.56;18.62
lr201;12R_12V_04F_04M;t2;0.05;126;1573.87;TRUE;272.41;lr201_t2_12R_12V_04F_04M;12;29322;134.82;60000;3.82;19.93
lr202;12R_12V_04F_03M;t2;0.05;126;1226.17;TRUE;323.73;lr202_t2_12R_12V_04F_03M;12;640;3.93;60000;0.01;21.13
lr202;12R_12V_04F_04M;t2;0.05;126;1221.97;TRUE;294.48;lr202_t2_12R_12V_04F_04M;12;640;4.06;60000;0;22.18
lr203;12R_12V_04F_03M;t2;0.05;126;1235.14;TRUE;344.16;lr203_t2_12R_12V_04F_03M;12;7883;50.1;60000;0;10.33
lr203;12R_12V_04F_04M;t2;0.05;126;1210.63;TRUE;412.23;lr203_t2_12R_12V_04F_04M;12;56119;385.83;60000;0;10.5
lr204;12R_12V_04F_03M;t2;0.05;126;1175.03;TRUE;382.42;lr204_t2_12R_12V_04F_03M;12;52661;335.53;60000;0;2.02
lr204;12R_12V_04F_04M;t2;0.05;126;1171.38;TRUE;402.95;lr204_t2_12R_12V_04F_04M;12;52661;353.07;60000;0;2.13
lr205;12R_12V_04F_03M;t2;0.05;126;1242.43;TRUE;309.32;lr205_t2_12R_12V_04F_03M;12;27974;145.15;60000;6.76;21.71
lr205;12R_12V_04F_04M;t2;0.05;126;1225.9;TRUE;344.47;lr205_t2_12R_12V_04F_04M;12;11016;64.2;60000;0.04;22.11
LR1_2_1;40R_40V_02F_05M;t1;0.05;126;8988.86;TRUE;188.49;LR1_2_1_t1_40R_40V_02F_05M;40;38114;119.76;60000;99.59;5.76
LR1_2_1;40R_40V_02F_06M;t1;0.05;126;8846.51;TRUE;311.74;LR1_2_1_t1_40R_40V_02F_06M;40;54314;282.51;60000;95.88;5.96
LR1_2_2;40R_40V_02F_05M;t1;0.05;126;7994.91;TRUE;285.17;LR1_2_2_t1_40R_40V_02F_05M;40;33185;155.83;60000;98.72;4.63
LR1_2_2;40R_40V_02F_06M;t1;0.05;126;7757.77;TRUE;384.78;LR1_2_2_t1_40R_40V_02F_06M;40;2163;14.79;60000;95.09;4.64
LR1_2_3;40R_40V_02F_05M;t1;0.05;126;6134.57;TRUE;449.03;LR1_2_3_t1_40R_40V_02F_05M;40;1884;14.53;60000;93.89;3.99
LR1_2_3;40R_40V_02F_06M;t1;0.05;126;6026.85;TRUE;841.16;LR1_2_3_t1_40R_40V_02F_06M;40;49595;689.07;60000;59.41;4.14
LR1_2_4;40R_40V_02F_05M;t1;0.05;126;5257.68;TRUE;1146.87;LR1_2_4_t1_40R_40V_02F_05M;40;57984;1108.68;60000;57.06;5.35
LR1_2_4;40R_40V_02F_06M;t1;0.05;126;5248.66;TRUE;1622.02;LR1_2_4_t1_40R_40V_02F_06M;40;4862;131.84;60000;24.52;5.1
LR1_2_5;40R_40V_02F_05M;t1;0.05;126;6040.99;TRUE;1042.75;LR1_2_5_t1_40R_40V_02F_05M;40;36547;637.7;60000;8.18;6.44
LR1_2_5;40R_40V_02F_06M;t1;0.05;126;5837.75;TRUE;1158.75;LR1_2_5_t1_40R_40V_02F_06M;40;32804;636.15;60000;3;6.56
LR2_2_1;40R_40V_02F_05M;t2;0.05;126;8769.57;TRUE;1224.98;LR2_2_1_t2_40R_40V_02F_05M;40;33313;653.48;60000;13.14;6.83
LR2_2_1;40R_40V_02F_06M;t2;0.05;126;8688.9;TRUE;1262.46;LR2_2_1_t2_40R_40V_02F_06M;40;42923;853.53;60000;13.45;7.02
LR2_2_2;40R_40V_02F_05M;t2;0.05;126;7218.27;TRUE;1722.2;LR2_2_2_t2_40R_40V_02F_05M;40;57680;1664.18;60000;17.25;7.28
LR2_2_2;40R_40V_02F_06M;t2;0.05;126;7174.87;TRUE;1983.96;LR2_2_2_t2_40R_40V_02F_06M;40;23410;737.58;60000;0.3;7.49
LR2_2_3;40R_40V_02F_05M;t2;0.05;126;6448.17;TRUE;2594.16;LR2_2_3_t2_40R_40V_02F_05M;40;525;23.57;60000;0;3.2
LR2_2_3;40R_40V_02F_06M;t2;0.05;126;6534.92;TRUE;2786.49;LR2_2_3_t2_40R_40V_02F_06M;40;525;22.83;60000;0;3.32
LR2_2_4;40R_40V_02F_05M;t2;0.05;126;5086.07;TRUE;3600.02;LR2_2_4_t2_40R_40V_02F_05M;40;17107;1220.25;53723;0;1.86
LR2_2_4;40R_40V_02F_06M;t2;0.05;126;5118.87;TRUE;3600;LR2_2_4_t2_40R_40V_02F_06M;40;40635;3046.41;48012;0;1.88
LR2_2_5;40R_40V_02F_05M;t2;0.05;126;8382.12;TRUE;1686.26;LR2_2_5_t2_40R_40V_02F_05M;40;59953;1684.91;60000;0;8.78
LR2_2_5;40R_40V_02F_06M;t2;0.05;126;8322.88;TRUE;1767.56;LR2_2_5_t2_40R_40V_02F_06M;40;20046;616.97;60000;0;8.85
LR1_2_1;40R_40V_04F_05M;t1;0.05;126;NA;FALSE;144.89;LR1_2_1_t1_40R_40V_04F_05M;40;0;0;60000;100;0
LR1_2_1;40R_40V_04F_06M;t1;0.05;126;11437.75;TRUE;202.02;LR1_2_1_t1_40R_40V_04F_06M;40;1;0.02;60000;100;6.88
LR1_2_2;40R_40V_04F_05M;t1;0.05;126;9915.73;TRUE;190.45;LR1_2_2_t1_40R_40V_04F_05M;40;1;0.02;60000;100;6.82
LR1_2_2;40R_40V_04F_06M;t1;0.05;126;9614.16;TRUE;272.03;LR1_2_2_t1_40R_40V_04F_06M;40;12332;57.77;60000;99.92;5.95
LR1_2_3;40R_40V_04F_05M;t1;0.05;126;9817.1;TRUE;261.05;LR1_2_3_t1_40R_40V_04F_05M;40;1;0.03;60000;100;5.09
LR1_2_3;40R_40V_04F_06M;t1;0.05;126;8670.45;TRUE;392.49;LR1_2_3_t1_40R_40V_04F_06M;40;48128;315.03;60000;99.95;5.01
LR1_2_4;40R_40V_04F_05M;t1;0.05;126;7063.55;TRUE;796.38;LR1_2_4_t1_40R_40V_04F_05M;40;35867;474.4;60000;95.72;5.28
LR1_2_4;40R_40V_04F_06M;t1;0.05;126;7058.79;TRUE;1052.73;LR1_2_4_t1_40R_40V_04F_06M;40;24938;474.88;60000;88.24;4.81
LR1_2_5;40R_40V_04F_05M;t1;0.05;126;9187.63;TRUE;272.64;LR1_2_5_t1_40R_40V_04F_05M;40;47989;217.33;60000;99.99;6.17
LR1_2_5;40R_40V_04F_06M;t1;0.05;126;9010.66;TRUE;481.94;LR1_2_5_t1_40R_40V_04F_06M;40;40759;328.22;60000;99.4;6.41
LR2_2_1;40R_40V_04F_05M;t2;0.05;126;9875;TRUE;1216.96;LR2_2_1_t2_40R_40V_04F_05M;40;31985;649.7;60000;55.71;5.95
LR2_2_1;40R_40V_04F_06M;t2;0.05;126;10035.36;TRUE;1312.25;LR2_2_1_t2_40R_40V_04F_06M;40;16649;365.9;60000;55.42;6.35
LR2_2_2;40R_40V_04F_05M;t2;0.05;126;8326.47;TRUE;2621.27;LR2_2_2_t2_40R_40V_04F_05M;40;43278;1893.57;60000;3.72;5.06
LR2_2_2;40R_40V_04F_06M;t2;0.05;126;8180.76;TRUE;2830.41;LR2_2_2_t2_40R_40V_04F_06M;40;39172;1846.73;60000;0.07;5.5
LR2_2_3;40R_40V_04F_05M;t2;0.05;126;7877.62;TRUE;3407.83;LR2_2_3_t2_40R_40V_04F_05M;40;58230;3309.63;60000;23.54;2.48
LR2_2_3;40R_40V_04F_06M;t2;0.05;126;7748.97;TRUE;3600.06;LR2_2_3_t2_40R_40V_04F_06M;40;14269;983.82;52511;1.73;2.66
LR2_2_4;40R_40V_04F_05M;t2;0.05;126;6260.45;TRUE;3600.11;LR2_2_4_t2_40R_40V_04F_05M;40;29317;3288.44;32120;0;1.29
LR2_2_4;40R_40V_04F_06M;t2;0.05;126;6254.96;TRUE;3600.04;LR2_2_4_t2_40R_40V_04F_06M;40;18945;2314.83;29499;0;1.34
LR2_2_5;40R_40V_04F_05M;t2;0.05;126;8839.21;TRUE;2351.41;LR2_2_5_t2_40R_40V_04F_05M;40;41809;1641.66;60000;0;6.55
LR2_2_5;40R_40V_04F_06M;t2;0.05;126;8829.32;TRUE;2489.63;LR2_2_5_t2_40R_40V_04F_06M;40;41809;1737.52;60000;0;6.74
LR1_2_1;60R_60V_02F_05M;t1;0.05;126;12921.82;TRUE;375.17;LR1_2_1_t1_60R_60V_02F_05M;60;2670;17.42;60000;99.99;5.47
LR1_2_1;60R_60V_02F_06M;t1;0.05;126;12535.18;TRUE;519.49;LR1_2_1_t1_60R_60V_02F_06M;60;30825;266.73;60000;99.8;5.78
LR1_2_2;60R_60V_02F_05M;t1;0.05;126;11356.44;TRUE;703.14;LR1_2_2_t1_60R_60V_02F_05M;60;58526;685.88;60000;95.16;5.51
LR1_2_2;60R_60V_02F_06M;t1;0.05;126;11185.09;TRUE;1000.35;LR1_2_2_t1_60R_60V_02F_06M;60;47687;797.63;60000;86.64;5.55
LR1_2_3;60R_60V_02F_05M;t1;0.05;126;9933.34;TRUE;724.26;LR1_2_3_t1_60R_60V_02F_05M;60;40186;485.35;60000;99.74;4.09
LR1_2_3;60R_60V_02F_06M;t1;0.05;126;9499.41;TRUE;971.26;LR1_2_3_t1_60R_60V_02F_06M;60;48804;789.48;60000;98.19;3.95
LR1_2_4;60R_60V_02F_05M;t1;0.05;126;7046.07;TRUE;2726.62;LR1_2_4_t1_60R_60V_02F_05M;60;35445;1610.96;60000;51.42;2.45
LR1_2_4;60R_60V_02F_06M;t1;0.05;126;6970.23;TRUE;3600.02;LR1_2_4_t1_60R_60V_02F_06M;60;47114;2949.56;57570;20.27;2.45
LR1_2_5;60R_60V_02F_05M;t1;0.05;126;10024.22;TRUE;1299.12;LR1_2_5_t1_60R_60V_02F_05M;60;33429;724.27;60000;63.57;5.77
LR1_2_5;60R_60V_02F_06M;t1;0.05;126;10025.34;TRUE;1602.18;LR1_2_5_t1_60R_60V_02F_06M;60;15822;420.17;60000;50.35;6.03
LR2_2_1;60R_60V_02F_05M;t2;0.05;126;13263.65;TRUE;2536.22;LR2_2_1_t2_60R_60V_02F_05M;60;45659;1932.73;60000;33.07;7.05
LR2_2_1;60R_60V_02F_06M;t2;0.05;126;13357.85;TRUE;2956.65;LR2_2_1_t2_60R_60V_02F_06M;60;36110;1778.41;60000;22.72;7.22
LR2_2_2;60R_60V_02F_05M;t2;0.05;126;10999.61;TRUE;3600.07;LR2_2_2_t2_60R_60V_02F_05M;60;39765;3051.26;46917;0;5.95
LR2_2_2;60R_60V_02F_06M;t2;0.05;126;11021.3;TRUE;3600.07;LR2_2_2_t2_60R_60V_02F_06M;60;32933;2685.32;44195;0;6.04
LR2_2_3;60R_60V_02F_05M;t2;0.05;126;10704.78;TRUE;3600.08;LR2_2_3_t2_60R_60V_02F_05M;60;16593;1591.79;37540;5.43;3.95
LR2_2_3;60R_60V_02F_06M;t2;0.05;126;10734.49;TRUE;3600.1;LR2_2_3_t2_60R_60V_02F_06M;60;22492;2341.68;34476;0.07;4.12
LR2_2_4;60R_60V_02F_05M;t2;0.05;126;7922.69;TRUE;3600.06;LR2_2_4_t2_60R_60V_02F_05M;60;11258;1705.67;23775;0;1.31
LR2_2_4;60R_60V_02F_06M;t2;0.05;126;8099.64;TRUE;3600.02;LR2_2_4_t2_60R_60V_02F_06M;60;10646;1723.61;22214;0;1.34
LR2_2_5;60R_60V_02F_05M;t2;0.05;126;12641.05;TRUE;3600.05;LR2_2_5_t2_60R_60V_02F_05M;60;15642;1000.78;56537;0;6.98
LR2_2_5;60R_60V_02F_06M;t2;0.05;126;12798.64;TRUE;3600.05;LR2_2_5_t2_60R_60V_02F_06M;60;15642;1072.56;52938;0;7.11
LR1_2_1;60R_60V_04F_05M;t1;0.05;126;NA;FALSE;405.08;LR1_2_1_t1_60R_60V_04F_05M;60;0;0;60000;100;0
LR1_2_1;60R_60V_04F_06M;t1;0.05;126;16067.15;TRUE;556.5;LR1_2_1_t1_60R_60V_04F_06M;60;49098;453.94;60000;100;8.28
LR1_2_2;60R_60V_04F_05M;t1;0.05;126;NA;FALSE;337.75;LR1_2_2_t1_60R_60V_04F_05M;60;0;0;60000;100;0
LR1_2_2;60R_60V_04F_06M;t1;0.05;126;NA;FALSE;465.62;LR1_2_2_t1_60R_60V_04F_06M;60;0;0;60000;100;0
LR1_2_3;60R_60V_04F_05M;t1;0.05;126;13357.98;TRUE;589.93;LR1_2_3_t1_60R_60V_04F_05M;60;1;0.1;60000;100;6.07
LR1_2_3;60R_60V_04F_06M;t1;0.05;126;13316.12;TRUE;745.29;LR1_2_3_t1_60R_60V_04F_06M;60;1;0.07;60000;100;6.08
LR1_2_4;60R_60V_04F_05M;t1;0.05;126;10216.3;TRUE;1508.39;LR1_2_4_t1_60R_60V_04F_05M;60;4820;121.64;60000;99.49;3.64
LR1_2_4;60R_60V_04F_06M;t1;0.05;126;9672.69;TRUE;2507.15;LR1_2_4_t1_60R_60V_04F_06M;60;9937;418.24;60000;95.62;3.33
LR1_2_5;60R_60V_04F_05M;t1;0.05;126;NA;FALSE;510.26;LR1_2_5_t1_60R_60V_04F_05M;60;0;0;60000;100;0
LR1_2_5;60R_60V_04F_06M;t1;0.05;126;NA;FALSE;725.98;LR1_2_5_t1_60R_60V_04F_06M;60;0;0;60000;100;0
LR2_2_1;60R_60V_04F_05M;t2;0.05;126;15120.54;TRUE;2844.38;LR2_2_1_t2_60R_60V_04F_05M;60;16140;765.52;60000;62.3;5.85
LR2_2_1;60R_60V_04F_06M;t2;0.05;126;14806.85;TRUE;3600.05;LR2_2_1_t2_60R_60V_04F_06M;60;45819;3009.33;54756;37.96;5.99
LR2_2_2;60R_60V_04F_05M;t2;0.05;126;13129.2;TRUE;3600.01;LR2_2_2_t2_60R_60V_04F_05M;60;29948;2723.02;39599;25.71;4.45
LR2_2_2;60R_60V_04F_06M;t2;0.05;126;12469.15;TRUE;3600.07;LR2_2_2_t2_60R_60V_04F_06M;60;1567;154.06;36924;25.92;4.57
LR2_2_3;60R_60V_04F_05M;t2;0.05;126;12513.6;TRUE;3600.06;LR2_2_3_t2_60R_60V_04F_05M;60;22949;3307.41;24964;6.21;2.83
LR2_2_3;60R_60V_04F_06M;t2;0.05;126;12419.53;TRUE;3600.04;LR2_2_3_t2_60R_60V_04F_06M;60;4040;645.22;22502;0.43;2.9
LR2_2_4;60R_60V_04F_05M;t2;0.05;126;10049.58;TRUE;3600.11;LR2_2_4_t2_60R_60V_04F_05M;60;4950;1174.61;15125;0;0.88
LR2_2_4;60R_60V_04F_06M;t2;0.05;126;9873.28;TRUE;3600.01;LR2_2_4_t2_60R_60V_04F_06M;60;7265;1824.51;14378;0;0.89
LR2_2_5;60R_60V_04F_05M;t2;0.05;126;14338.05;TRUE;3600.04;LR2_2_5_t2_60R_60V_04F_05M;60;1625;145.79;40427;0;4.55
LR2_2_5;60R_60V_04F_06M;t2;0.05;126;14423.46;TRUE;3600.01;LR2_2_5_t2_60R_60V_04F_06M;60;21524;2077.6;37322;0;4.88
lr101;06R_06V_02F_03M;t1;0.05;143;780.51;TRUE;107.73;lr101_t1_06R_06V_02F_03M;6;104;0.48;60000;0;15.72
lr101;06R_06V_02F_04M;t1;0.05;143;768.25;TRUE;125.59;lr101_t1_06R_06V_02F_04M;6;66;0.53;60000;0;17.99
lr102;06R_06V_02F_03M;t1;0.05;143;606.02;TRUE;126.42;lr102_t1_06R_06V_02F_03M;6;4;0.43;60000;0;9.48
lr102;06R_06V_02F_04M;t1;0.05;143;605.59;TRUE;129.68;lr102_t1_06R_06V_02F_04M;6;4;0.44;60000;0;9.54
lr103;06R_06V_02F_03M;t1;0.05;143;607.5;TRUE;131.32;lr103_t1_06R_06V_02F_03M;6;32;0.5;60000;0;16.23
lr103;06R_06V_02F_04M;t1;0.05;143;599.29;TRUE;133.32;lr103_t1_06R_06V_02F_04M;6;32;0.48;60000;0;17.2
lr104;06R_06V_02F_03M;t1;0.05;143;431.33;TRUE;118.95;lr104_t1_06R_06V_02F_03M;6;8;0.39;60000;0;19.7
lr104;06R_06V_02F_04M;t1;0.05;143;431.33;TRUE;123.06;lr104_t1_06R_06V_02F_04M;6;8;0.45;60000;0;18.02
lr105;06R_06V_02F_03M;t1;0.05;143;660.1;TRUE;62.83;lr105_t1_06R_06V_02F_03M;6;1;0;60000;50.11;29.44
lr105;06R_06V_02F_04M;t1;0.05;143;654.89;TRUE;63.89;lr105_t1_06R_06V_02F_04M;6;1;0;60000;50.11;29.6
lr201;06R_06V_02F_03M;t2;0.05;143;793.39;TRUE;106.91;lr201_t2_06R_06V_02F_03M;6;10;0.44;60000;0;28.5
lr201;06R_06V_02F_04M;t2;0.05;143;793.39;TRUE;108.04;lr201_t2_06R_06V_02F_04M;6;10;0.46;60000;0;28.5
lr202;06R_06V_02F_03M;t2;0.05;143;545.89;TRUE;123.94;lr202_t2_06R_06V_02F_03M;6;10;0.41;60000;0;32.08
lr202;06R_06V_02F_04M;t2;0.05;143;545.89;TRUE;127.5;lr202_t2_06R_06V_02F_04M;6;10;0.45;60000;0;32.23
lr203;06R_06V_02F_03M;t2;0.05;143;686.32;TRUE;130.93;lr203_t2_06R_06V_02F_03M;6;161;0.76;60000;0;35.25
lr203;06R_06V_02F_04M;t2;0.05;143;686.32;TRUE;134.24;lr203_t2_06R_06V_02F_04M;6;161;0.81;60000;0;35.54
lr204;06R_06V_02F_03M;t2;0.05;143;611.17;TRUE;150.42;lr204_t2_06R_06V_02F_03M;6;2084;5.68;60000;0;25.05
lr204;06R_06V_02F_04M;t2;0.05;143;610.66;TRUE;154;lr204_t2_06R_06V_02F_04M;6;5350;14.39;60000;0;25.11
lr205;06R_06V_02F_03M;t2;0.05;143;540.49;TRUE;138.34;lr205_t2_06R_06V_02F_03M;6;756;2.18;60000;0;29.56
lr205;06R_06V_02F_04M;t2;0.05;143;540.45;TRUE;141.88;lr205_t2_06R_06V_02F_04M;6;102;0.66;60000;0;29.65
lr101;06R_06V_04F_03M;t1;0.05;143;749.14;TRUE;110.68;lr101_t1_06R_06V_04F_03M;6;1;0;60000;10.06;10.66
lr101;06R_06V_04F_04M;t1;0.05;143;736.64;TRUE;124.93;lr101_t1_06R_06V_04F_04M;6;29;0.49;60000;0;12.7
lr102;06R_06V_04F_03M;t1;0.05;143;724.27;TRUE;128.62;lr102_t1_06R_06V_04F_03M;6;59;0.55;60000;9.97;9.69
lr102;06R_06V_04F_04M;t1;0.05;143;692.08;TRUE;132.36;lr102_t1_06R_06V_04F_04M;6;99;0.63;60000;8.54;10.5
lr103;06R_06V_04F_03M;t1;0.05;143;947.66;TRUE;146.74;lr103_t1_06R_06V_04F_03M;6;22;0.48;60000;0;12.26
lr103;06R_06V_04F_04M;t1;0.05;143;974.37;TRUE;147.67;lr103_t1_06R_06V_04F_04M;6;14;0.47;60000;0;14.35
lr104;06R_06V_04F_03M;t1;0.05;143;659.55;TRUE;59.54;lr104_t1_06R_06V_04F_03M;6;13;0.43;60000;60.62;17.02
lr104;06R_06V_04F_04M;t1;0.05;143;656.61;TRUE;62.68;lr104_t1_06R_06V_04F_04M;6;13;0.4;60000;59.64;17.6
lr105;06R_06V_04F_03M;t1;0.05;143;864.51;TRUE;70.11;lr105_t1_06R_06V_04F_03M;6;4;0.42;60000;50.11;19.3
lr105;06R_06V_04F_04M;t1;0.05;143;856.98;TRUE;70.2;lr105_t1_06R_06V_04F_04M;6;4;0.43;60000;50.11;19.44
lr201;06R_06V_04F_03M;t2;0.05;143;936.6;TRUE;131.93;lr201_t2_06R_06V_04F_03M;6;4;0.41;60000;0;18.65
lr201;06R_06V_04F_04M;t2;0.05;143;935.98;TRUE;135.36;lr201_t2_06R_06V_04F_04M;6;4;0.4;60000;0;18.68
lr202;06R_06V_04F_03M;t2;0.05;143;604.04;TRUE;150.42;lr202_t2_06R_06V_04F_03M;6;130;0.76;60000;0;36.66
lr202;06R_06V_04F_04M;t2;0.05;143;604.04;TRUE;151.86;lr202_t2_06R_06V_04F_04M;6;130;0.73;60000;0;39.88
lr203;06R_06V_04F_03M;t2;0.05;143;797.56;TRUE;149.69;lr203_t2_06R_06V_04F_03M;6;23517;58.66;60000;0;37.1
lr203;06R_06V_04F_04M;t2;0.05;143;725.28;TRUE;150.02;lr203_t2_06R_06V_04F_04M;6;161;0.84;60000;0;31.24
lr204;06R_06V_04F_03M;t2;0.05;143;764.38;TRUE;166.1;lr204_t2_06R_06V_04F_03M;6;2416;7.09;60000;0;17.09
lr204;06R_06V_04F_04M;t2;0.05;143;760.99;TRUE;168;lr204_t2_06R_06V_04F_04M;6;2416;7.26;60000;0;17.01
lr205;06R_06V_04F_03M;t2;0.05;143;604.07;TRUE;154.48;lr205_t2_06R_06V_04F_03M;6;238;1.41;60000;0;24.71
lr205;06R_06V_04F_04M;t2;0.05;143;599.81;TRUE;158.83;lr205_t2_06R_06V_04F_04M;6;238;1.01;60000;0;24.96
lr101;08R_08V_02F_03M;t1;0.05;143;1018.05;TRUE;144.61;lr101_t1_08R_08V_02F_03M;8;16;0.42;60000;0;22.57
lr101;08R_08V_02F_04M;t1;0.05;143;1010.27;TRUE;146.65;lr101_t1_08R_08V_02F_04M;8;29;0.51;60000;0;23.82
lr102;08R_08V_02F_03M;t1;0.05;143;869.72;TRUE;148.87;lr102_t1_08R_08V_02F_03M;8;2;0.44;60000;0;11.02
lr102;08R_08V_02F_04M;t1;0.05;143;864.66;TRUE;152.93;lr102_t1_08R_08V_02F_04M;8;2;0.39;60000;0;11.19
lr103;08R_08V_02F_03M;t1;0.05;143;769.29;TRUE;159.61;lr103_t1_08R_08V_02F_03M;8;717;2.31;60000;0;10.29
lr103;08R_08V_02F_04M;t1;0.05;143;761.62;TRUE;164.29;lr103_t1_08R_08V_02F_04M;8;717;2.42;60000;0;10.82
lr104;08R_08V_02F_03M;t1;0.05;143;765.44;TRUE;157.12;lr104_t1_08R_08V_02F_03M;8;43;0.54;60000;0;10.57
lr104;08R_08V_02F_04M;t1;0.05;143;762.11;TRUE;163.25;lr104_t1_08R_08V_02F_04M;8;43;0.52;60000;0;9.6
lr105;08R_08V_02F_03M;t1;0.05;143;869.95;TRUE;151.24;lr105_t1_08R_08V_02F_03M;8;4;0.44;60000;0;16.87
lr105;08R_08V_02F_04M;t1;0.05;143;858.77;TRUE;153.4;lr105_t1_08R_08V_02F_04M;8;4;0.43;60000;0;17.09
lr201;08R_08V_02F_03M;t2;0.05;143;930.52;TRUE;136.28;lr201_t2_08R_08V_02F_03M;8;32;0.53;60000;0;23.21
lr201;08R_08V_02F_04M;t2;0.05;143;929.83;TRUE;140.12;lr201_t2_08R_08V_02F_04M;8;32;0.5;60000;0;23.25
lr202;08R_08V_02F_03M;t2;0.05;143;717.53;TRUE;164.65;lr202_t2_08R_08V_02F_03M;8;30;0.51;60000;0;33.16
lr202;08R_08V_02F_04M;t2;0.05;143;715.2;TRUE;168.6;lr202_t2_08R_08V_02F_04M;8;2172;6.37;60000;0;33.41
lr203;08R_08V_02F_03M;t2;0.05;143;728.54;TRUE;174.26;lr203_t2_08R_08V_02F_03M;8;1722;5.51;60000;0;22.21
lr203;08R_08V_02F_04M;t2;0.05;143;724.91;TRUE;179.86;lr203_t2_08R_08V_02F_04M;8;11061;34.1;60000;0;22.42
lr204;08R_08V_02F_03M;t2;0.05;143;708.43;TRUE;168.18;lr204_t2_08R_08V_02F_03M;8;7119;20.28;60000;0;15.67
lr204;08R_08V_02F_04M;t2;0.05;143;705.74;TRUE;172.68;lr204_t2_08R_08V_02F_04M;8;6914;19.74;60000;0;15.82
lr205;08R_08V_02F_03M;t2;0.05;143;736.09;TRUE;170.58;lr205_t2_08R_08V_02F_03M;8;44243;125.45;60000;0;27.58
lr205;08R_08V_02F_04M;t2;0.05;143;729.52;TRUE;177.1;lr205_t2_08R_08V_02F_04M;8;48534;143.39;60000;0;27.78
lr101;08R_08V_04F_03M;t1;0.05;143;1166.54;TRUE;59.66;lr101_t1_08R_08V_04F_03M;8;23;0.46;60000;69.46;14.26
lr101;08R_08V_04F_04M;t1;0.05;143;1135.03;TRUE;150.03;lr101_t1_08R_08V_04F_04M;8;148;0.81;60000;9.71;16.61
lr102;08R_08V_04F_03M;t1;0.05;143;1030.42;TRUE;32.95;lr102_t1_08R_08V_04F_03M;8;347;0.62;60000;87.52;11.5
lr102;08R_08V_04F_04M;t1;0.05;143;1003.13;TRUE;152.88;lr102_t1_08R_08V_04F_04M;8;5;0.39;60000;9.71;9.74
lr103;08R_08V_04F_03M;t1;0.05;143;1099.07;TRUE;77.9;lr103_t1_08R_08V_04F_03M;8;842;1.48;60000;66.02;12.09
lr103;08R_08V_04F_04M;t1;0.05;143;1086.46;TRUE;99.86;lr103_t1_08R_08V_04F_04M;8;2530;4.85;60000;55.42;13.13
lr104;08R_08V_04F_03M;t1;0.05;143;1096.75;TRUE;77.55;lr104_t1_08R_08V_04F_03M;8;6195;8.54;60000;67.06;14.27
lr104;08R_08V_04F_04M;t1;0.05;143;1092.54;TRUE;103.29;lr104_t1_08R_08V_04F_04M;8;1962;3.91;60000;54.97;12.65
lr105;08R_08V_04F_03M;t1;0.05;143;1068.12;TRUE;155.47;lr105_t1_08R_08V_04F_03M;8;25;0.49;60000;4.4;11.91
lr105;08R_08V_04F_04M;t1;0.05;143;1053.6;TRUE;153.62;lr105_t1_08R_08V_04F_04M;8;13;0.48;60000;7.6;11.43
lr201;08R_08V_04F_03M;t2;0.05;143;1142.97;TRUE;163.99;lr201_t2_08R_08V_04F_03M;8;14;0.46;60000;4.36;20.33
lr201;08R_08V_04F_04M;t2;0.05;143;1136.32;TRUE;168.88;lr201_t2_08R_08V_04F_04M;8;14;0.47;60000;4.38;20.5
lr202;08R_08V_04F_03M;t2;0.05;143;885.9;TRUE;211.14;lr202_t2_08R_08V_04F_03M;8;10413;37.57;60000;0;27.92
lr202;08R_08V_04F_04M;t2;0.05;143;880.69;TRUE;216.51;lr202_t2_08R_08V_04F_04M;8;10413;38.27;60000;0;28.26
lr203;08R_08V_04F_03M;t2;0.05;143;929.42;TRUE;207.18;lr203_t2_08R_08V_04F_03M;8;906;3.5;60000;0;16.2
lr203;08R_08V_04F_04M;t2;0.05;143;928.97;TRUE;215.36;lr203_t2_08R_08V_04F_04M;8;906;3.79;60000;0;16.78
lr204;08R_08V_04F_03M;t2;0.05;143;883.67;TRUE;218.45;lr204_t2_08R_08V_04F_03M;8;29710;108.59;60000;0;8.33
lr204;08R_08V_04F_04M;t2;0.05;143;880.72;TRUE;222.15;lr204_t2_08R_08V_04F_04M;8;29710;109.83;60000;0;8.56
lr205;08R_08V_04F_03M;t2;0.05;143;937.63;TRUE;207.03;lr205_t2_08R_08V_04F_03M;8;25428;88.41;60000;0;19.57
lr205;08R_08V_04F_04M;t2;0.05;143;932.26;TRUE;212.39;lr205_t2_08R_08V_04F_04M;8;25428;89.55;60000;0;19.7
lr101;10R_10V_02F_03M;t1;0.05;143;1194.55;TRUE;167.29;lr101_t1_10R_10V_02F_03M;10;165;0.92;60000;0;21.15
lr101;10R_10V_02F_04M;t1;0.05;143;1187.36;TRUE;172.87;lr101_t1_10R_10V_02F_04M;10;7;0.45;60000;0;22.37
lr102;10R_10V_02F_03M;t1;0.05;143;1025.34;TRUE;69.29;lr102_t1_10R_10V_02F_03M;10;165;0.6;60000;66.49;10.75
lr102;10R_10V_02F_04M;t1;0.05;143;1022.31;TRUE;130.43;lr102_t1_10R_10V_02F_04M;10;187;0.84;60000;32.31;10.71
lr103;10R_10V_02F_03M;t1;0.05;143;1034.38;TRUE;83.84;lr103_t1_10R_10V_02F_03M;10;66;0.47;60000;63.41;12.57
lr103;10R_10V_02F_04M;t1;0.05;143;1022.42;TRUE;178.72;lr103_t1_10R_10V_02F_04M;10;4;0.44;60000;15.86;11.87
lr104;10R_10V_02F_03M;t1;0.05;143;890.44;TRUE;106.23;lr104_t1_10R_10V_02F_03M;10;20405;36.28;60000;46.84;9.42
lr104;10R_10V_02F_04M;t1;0.05;143;892.38;TRUE;110.25;lr104_t1_10R_10V_02F_04M;10;13717;25.39;60000;46.85;9.28
lr105;10R_10V_02F_03M;t1;0.05;143;1207.1;TRUE;99.68;lr105_t1_10R_10V_02F_03M;10;3;0.43;60000;49.77;19.13
lr105;10R_10V_02F_04M;t1;0.05;143;1188.48;TRUE;182.9;lr105_t1_10R_10V_02F_04M;10;3;0.43;60000;0;20.11
lr201;10R_10V_02F_03M;t2;0.05;143;1013.31;TRUE;162.46;lr201_t2_10R_10V_02F_03M;10;180;0.96;60000;6.56;26.93
lr201;10R_10V_02F_04M;t2;0.05;143;1013.31;TRUE;173.24;lr201_t2_10R_10V_02F_04M;10;180;0.94;60000;6.56;26.94
lr202;10R_10V_02F_03M;t2;0.05;143;912.64;TRUE;199.67;lr202_t2_10R_10V_02F_03M;10;12079;40.7;60000;0;31.17
lr202;10R_10V_02F_04M;t2;0.05;143;910.41;TRUE;208.49;lr202_t2_10R_10V_02F_04M;10;12079;42.77;60000;0;32.35
lr203;10R_10V_02F_03M;t2;0.05;143;874.08;TRUE;240.57;lr203_t2_10R_10V_02F_03M;10;2696;11.16;60000;0;17.75
lr203;10R_10V_02F_04M;t2;0.05;143;867.32;TRUE;252.39;lr203_t2_10R_10V_02F_04M;10;2696;12.04;60000;0;17.82
lr204;10R_10V_02F_03M;t2;0.05;143;746;TRUE;222.22;lr204_t2_10R_10V_02F_03M;10;12667;47.59;60000;0;9.01
lr204;10R_10V_02F_04M;t2;0.05;143;748.86;TRUE;231.49;lr204_t2_10R_10V_02F_04M;10;44829;172.7;60000;0;9.31
lr205;10R_10V_02F_03M;t2;0.05;143;888.8;TRUE;209.92;lr205_t2_10R_10V_02F_03M;10;34029;118.1;60000;0;26.27
lr205;10R_10V_02F_04M;t2;0.05;143;882.51;TRUE;219.11;lr205_t2_10R_10V_02F_04M;10;34029;124.59;60000;0;26.3
lr101;10R_10V_04F_03M;t1;0.05;143;1343.37;TRUE;118.59;lr101_t1_10R_10V_04F_03M;10;1523;3.45;60000;42.64;18.9
lr101;10R_10V_04F_04M;t1;0.05;143;1334.41;TRUE;192.6;lr101_t1_10R_10V_04F_04M;10;442;1.8;60000;0;20.51
lr102;10R_10V_04F_03M;t1;0.05;143;1155.25;TRUE;39.15;lr102_t1_10R_10V_04F_03M;10;2797;2.29;60000;88.4;7.49
lr102;10R_10V_04F_04M;t1;0.05;143;1145.23;TRUE;127.46;lr102_t1_10R_10V_04F_04M;10;10805;23.18;60000;39.75;9.12
lr103;10R_10V_04F_03M;t1;0.05;143;1485.44;TRUE;28.46;lr103_t1_10R_10V_04F_03M;10;32262;15.39;60000;97.52;12.41
lr103;10R_10V_04F_04M;t1;0.05;143;1444.21;TRUE;106.33;lr103_t1_10R_10V_04F_04M;10;2289;4.35;60000;67.02;12.18
lr104;10R_10V_04F_03M;t1;0.05;143;1232.39;TRUE;94.68;lr104_t1_10R_10V_04F_03M;10;579;1.38;60000;66.02;7.51
lr104;10R_10V_04F_04M;t1;0.05;143;1218.3;TRUE;111.83;lr104_t1_10R_10V_04F_04M;10;2561;5.14;60000;58.85;8.7
lr105;10R_10V_04F_03M;t1;0.05;143;1592.96;TRUE;20.84;lr105_t1_10R_10V_04F_03M;10;52665;18.39;60000;97.31;16.57
lr105;10R_10V_04F_04M;t1;0.05;143;1517.24;TRUE;64.88;lr105_t1_10R_10V_04F_04M;10;7439;8.56;60000;76.96;17.71
lr201;10R_10V_04F_03M;t2;0.05;143;1353.49;TRUE;190.58;lr201_t2_10R_10V_04F_03M;10;26220;83.29;60000;12.67;22.39
lr201;10R_10V_04F_04M;t2;0.05;143;1353.49;TRUE;200.85;lr201_t2_10R_10V_04F_04M;10;26220;88.04;60000;12.67;22.84
lr202;10R_10V_04F_03M;t2;0.05;143;1256.14;TRUE;256.09;lr202_t2_10R_10V_04F_03M;10;48519;207.07;60000;0.43;27.67
lr202;10R_10V_04F_04M;t2;0.05;143;1241.47;TRUE;273.46;lr202_t2_10R_10V_04F_04M;10;41150;185.51;60000;0;30.44
lr203;10R_10V_04F_03M;t2;0.05;143;994.73;TRUE;299.6;lr203_t2_10R_10V_04F_03M;10;6878;33.85;60000;0;13.48
lr203;10R_10V_04F_04M;t2;0.05;143;992.8;TRUE;321.22;lr203_t2_10R_10V_04F_04M;10;6878;36.57;60000;0;13.59
lr204;10R_10V_04F_03M;t2;0.05;143;967.95;TRUE;298.22;lr204_t2_10R_10V_04F_03M;10;41973;208.8;60000;0;5.27
lr204;10R_10V_04F_04M;t2;0.05;143;959.53;TRUE;318.88;lr204_t2_10R_10V_04F_04M;10;41973;222.74;60000;0;5.54
lr205;10R_10V_04F_03M;t2;0.05;143;1048.76;TRUE;247.43;lr205_t2_10R_10V_04F_03M;10;33615;138.38;60000;0.01;23.11
lr205;10R_10V_04F_04M;t2;0.05;143;1037.32;TRUE;260.57;lr205_t2_10R_10V_04F_04M;10;46163;200.63;60000;0;23.23
lr101;12R_12V_02F_03M;t1;0.05;143;1444.04;TRUE;184.65;lr101_t1_12R_12V_02F_03M;12;43;0.51;60000;9.95;23.23
lr101;12R_12V_02F_04M;t1;0.05;143;1437.74;TRUE;192.55;lr101_t1_12R_12V_02F_04M;12;122;0.72;60000;9.95;23.36
lr102;12R_12V_02F_03M;t1;0.05;143;1404.9;TRUE;113.5;lr102_t1_12R_12V_02F_03M;12;299;0.98;60000;50.24;14.38
lr102;12R_12V_02F_04M;t1;0.05;143;1397.72;TRUE;119.84;lr102_t1_12R_12V_02F_04M;12;1043;2.59;60000;50.24;14.39
lr103;12R_12V_02F_03M;t1;0.05;143;1138.94;TRUE;157.71;lr103_t1_12R_12V_02F_03M;12;1880;5.44;60000;34.67;10.53
lr103;12R_12V_02F_04M;t1;0.05;143;1126.46;TRUE;180.7;lr103_t1_12R_12V_02F_04M;12;886;3.22;60000;28.04;11.17
lr104;12R_12V_02F_03M;t1;0.05;143;1233.18;TRUE;123.59;lr104_t1_12R_12V_02F_03M;12;23;0.48;60000;54.38;5.47
lr104;12R_12V_02F_04M;t1;0.05;143;1223.17;TRUE;147.6;lr104_t1_12R_12V_02F_04M;12;2092;5.55;60000;46.31;5.95
lr105;12R_12V_02F_03M;t1;0.05;143;1316.34;TRUE;73.77;lr105_t1_12R_12V_02F_03M;12;1615;2.6;60000;71.39;14.26
lr105;12R_12V_02F_04M;t1;0.05;143;1301.89;TRUE;184.67;lr105_t1_12R_12V_02F_04M;12;1;0;60000;13.92;15.14
lr201;12R_12V_02F_03M;t2;0.05;143;1411.58;TRUE;201.37;lr201_t2_12R_12V_02F_03M;12;3200;10.48;60000;0;22.16
lr201;12R_12V_02F_04M;t2;0.05;143;1411.18;TRUE;220.29;lr201_t2_12R_12V_02F_04M;12;3200;12.28;60000;0;22.2
lr202;12R_12V_02F_03M;t2;0.05;143;980.34;TRUE;246.68;lr202_t2_12R_12V_02F_03M;12;6747;27.78;60000;0;26.13
lr202;12R_12V_02F_04M;t2;0.05;143;979.54;TRUE;255.65;lr202_t2_12R_12V_02F_04M;12;6747;28.59;60000;0;26.94
lr203;12R_12V_02F_03M;t2;0.05;143;981.52;TRUE;286.53;lr203_t2_12R_12V_02F_03M;12;23750;114.36;60000;0;15.24
lr203;12R_12V_02F_04M;t2;0.05;143;1002.79;TRUE;302.62;lr203_t2_12R_12V_02F_04M;12;2394;12.35;60000;0;15.32
lr204;12R_12V_02F_03M;t2;0.05;143;918.04;TRUE;266.65;lr204_t2_12R_12V_02F_03M;12;58404;259.45;60000;0;4.67
lr204;12R_12V_02F_04M;t2;0.05;143;916.58;TRUE;283.37;lr204_t2_12R_12V_02F_04M;12;58404;275.95;60000;0;4.71
lr205;12R_12V_02F_03M;t2;0.05;143;1043.51;TRUE;250.67;lr205_t2_12R_12V_02F_03M;12;24218;100.12;60000;5.05;24.62
lr205;12R_12V_02F_04M;t2;0.05;143;1025.66;TRUE;270.85;lr205_t2_12R_12V_02F_04M;12;43239;195.83;60000;0.02;24.82
lr101;12R_12V_04F_03M;t1;0.05;143;1651.36;TRUE;23.68;lr101_t1_12R_12V_04F_03M;12;36860;14.68;60000;99.86;15.84
lr101;12R_12V_04F_04M;t1;0.05;143;1621.91;TRUE;46.48;lr101_t1_12R_12V_04F_04M;12;4275;3.66;60000;94.35;15.67
lr102;12R_12V_04F_03M;t1;0.05;143;1659.22;TRUE;31.69;lr102_t1_12R_12V_04F_03M;12;6433;3.8;60000;98.07;17.26
lr102;12R_12V_04F_04M;t1;0.05;143;1606.07;TRUE;85.15;lr102_t1_12R_12V_04F_04M;12;45631;64.57;60000;77.49;17.6
lr103;12R_12V_04F_03M;t1;0.05;143;1456.11;TRUE;170.17;lr103_t1_12R_12V_04F_03M;12;38928;111.09;60000;48.88;8.31
lr103;12R_12V_04F_04M;t1;0.05;143;1439.02;TRUE;248.81;lr103_t1_12R_12V_04F_04M;12;7212;30.58;60000;16.64;8.78
lr104;12R_12V_04F_03M;t1;0.05;143;1494.26;TRUE;80.81;lr104_t1_12R_12V_04F_03M;12;31086;41.74;60000;82.78;6.78
lr104;12R_12V_04F_04M;t1;0.05;143;1484.55;TRUE;155.64;lr104_t1_12R_12V_04F_04M;12;47396;123.21;60000;57.8;4.88
lr105;12R_12V_04F_03M;t1;0.05;143;1728.08;TRUE;23.58;lr105_t1_12R_12V_04F_03M;12;15235;6.29;60000;99;15.16
lr105;12R_12V_04F_04M;t1;0.05;143;1714.98;TRUE;88.8;lr105_t1_12R_12V_04F_04M;12;54024;79.9;60000;74.55;14.54
lr201;12R_12V_04F_03M;t2;0.05;143;1574.75;TRUE;258.31;lr201_t2_12R_12V_04F_03M;12;2574;11.84;60000;3.54;18.66
lr201;12R_12V_04F_04M;t2;0.05;143;1573.87;TRUE;268.49;lr201_t2_12R_12V_04F_04M;12;1214;5.78;60000;3.93;19.94
lr202;12R_12V_04F_03M;t2;0.05;143;1232.65;TRUE;323.12;lr202_t2_12R_12V_04F_03M;12;13683;77.39;60000;0.02;21.08
lr202;12R_12V_04F_04M;t2;0.05;143;1225.56;TRUE;299.22;lr202_t2_12R_12V_04F_04M;12;32355;168.71;60000;0;22.19
lr203;12R_12V_04F_03M;t2;0.05;143;1205.25;TRUE;343.21;lr203_t2_12R_12V_04F_03M;12;32410;181.35;60000;0;10.38
lr203;12R_12V_04F_04M;t2;0.05;143;1198.88;TRUE;414.21;lr203_t2_12R_12V_04F_04M;12;32410;224.79;60000;0;10.55
lr204;12R_12V_04F_03M;t2;0.05;143;1215.42;TRUE;382.94;lr204_t2_12R_12V_04F_03M;12;2170;14.63;60000;0;2.05
lr204;12R_12V_04F_04M;t2;0.05;143;1209.1;TRUE;403.79;lr204_t2_12R_12V_04F_04M;12;2170;15.48;60000;0;2.15
lr205;12R_12V_04F_03M;t2;0.05;143;1239.2;TRUE;306.41;lr205_t2_12R_12V_04F_03M;12;20169;103.8;60000;6.67;21.71
lr205;12R_12V_04F_04M;t2;0.05;143;1229.22;TRUE;342.79;lr205_t2_12R_12V_04F_04M;12;36364;207.83;60000;0.06;22.12
LR1_2_1;40R_40V_02F_05M;t1;0.05;143;9048.67;TRUE;188.12;LR1_2_1_t1_40R_40V_02F_05M;40;8029;25.56;60000;99.65;5.85
LR1_2_1;40R_40V_02F_06M;t1;0.05;143;8881.45;TRUE;313.27;LR1_2_1_t1_40R_40V_02F_06M;40;22398;117.98;60000;95.91;5.97
LR1_2_2;40R_40V_02F_05M;t1;0.05;143;7972.98;TRUE;285.11;LR1_2_2_t1_40R_40V_02F_05M;40;11485;54.18;60000;98.66;4.61
LR1_2_2;40R_40V_02F_06M;t1;0.05;143;7789.41;TRUE;381.17;LR1_2_2_t1_40R_40V_02F_06M;40;40532;257.91;60000;95.3;4.65
LR1_2_3;40R_40V_02F_05M;t1;0.05;143;5983.19;TRUE;460.3;LR1_2_3_t1_40R_40V_02F_05M;40;42527;325.8;60000;94.03;4
LR1_2_3;40R_40V_02F_06M;t1;0.05;143;6073.11;TRUE;841.89;LR1_2_3_t1_40R_40V_02F_06M;40;48596;675.93;60000;59;4.12
LR1_2_4;40R_40V_02F_05M;t1;0.05;143;5326.71;TRUE;1163.51;LR1_2_4_t1_40R_40V_02F_05M;40;51941;1008.58;60000;56.94;5.33
LR1_2_4;40R_40V_02F_06M;t1;0.05;143;5256.28;TRUE;1626.42;LR1_2_4_t1_40R_40V_02F_06M;40;18853;512.82;60000;24.05;5.1
LR1_2_5;40R_40V_02F_05M;t1;0.05;143;5964.92;TRUE;1040.66;LR1_2_5_t1_40R_40V_02F_05M;40;36667;638.39;60000;8.22;6.43
LR1_2_5;40R_40V_02F_06M;t1;0.05;143;5844.86;TRUE;1148.09;LR1_2_5_t1_40R_40V_02F_06M;40;34428;660.53;60000;2.91;6.56
LR2_2_1;40R_40V_02F_05M;t2;0.05;143;8622.34;TRUE;1216.5;LR2_2_1_t2_40R_40V_02F_05M;40;29741;574.42;60000;13.03;6.81
LR2_2_1;40R_40V_02F_06M;t2;0.05;143;8704.05;TRUE;1280.7;LR2_2_1_t2_40R_40V_02F_06M;40;12571;253.85;60000;13.26;7.03
LR2_2_2;40R_40V_02F_05M;t2;0.05;143;7149.05;TRUE;1702.79;LR2_2_2_t2_40R_40V_02F_05M;40;7465;211.49;60000;17.18;7.28
LR2_2_2;40R_40V_02F_06M;t2;0.05;143;7251.53;TRUE;2034.91;LR2_2_2_t2_40R_40V_02F_06M;40;11160;326.43;60000;0.3;7.49
LR2_2_3;40R_40V_02F_05M;t2;0.05;143;6627.08;TRUE;2573.22;LR2_2_3_t2_40R_40V_02F_05M;40;15450;691.53;60000;0;3.19
LR2_2_3;40R_40V_02F_06M;t2;0.05;143;6200.79;TRUE;2787.02;LR2_2_3_t2_40R_40V_02F_06M;40;39911;1813.08;60000;0;3.3
LR2_2_4;40R_40V_02F_05M;t2;0.05;143;4984.88;TRUE;3600.03;LR2_2_4_t2_40R_40V_02F_05M;40;45186;2969.29;54093;0;1.88
LR2_2_4;40R_40V_02F_06M;t2;0.05;143;5053.28;TRUE;3600.03;LR2_2_4_t2_40R_40V_02F_06M;40;17339;1309.02;47665;0;1.89
LR2_2_5;40R_40V_02F_05M;t2;0.05;143;7997.12;TRUE;1684.81;LR2_2_5_t2_40R_40V_02F_05M;40;1464;41.92;60000;0;8.76
LR2_2_5;40R_40V_02F_06M;t2;0.05;143;7978.59;TRUE;1766.5;LR2_2_5_t2_40R_40V_02F_06M;40;38076;1127.84;60000;0;8.83
LR1_2_1;40R_40V_04F_05M;t1;0.05;143;NA;FALSE;144.64;LR1_2_1_t1_40R_40V_04F_05M;40;0;0;60000;100;0
LR1_2_1;40R_40V_04F_06M;t1;0.05;143;11437.75;TRUE;201.68;LR1_2_1_t1_40R_40V_04F_06M;40;1;0.02;60000;100;6.88
LR1_2_2;40R_40V_04F_05M;t1;0.05;143;9915.73;TRUE;190.5;LR1_2_2_t1_40R_40V_04F_05M;40;1;0.02;60000;100;6.99
LR1_2_2;40R_40V_04F_06M;t1;0.05;143;9553.68;TRUE;271.71;LR1_2_2_t1_40R_40V_04F_06M;40;2446;11.33;60000;99.92;6.01
LR1_2_3;40R_40V_04F_05M;t1;0.05;143;9817.1;TRUE;265.16;LR1_2_3_t1_40R_40V_04F_05M;40;1;0.03;60000;100;5.09
LR1_2_3;40R_40V_04F_06M;t1;0.05;143;8618.65;TRUE;388.51;LR1_2_3_t1_40R_40V_04F_06M;40;29963;195.88;60000;99.94;5.07
LR1_2_4;40R_40V_04F_05M;t1;0.05;143;7037.47;TRUE;796.17;LR1_2_4_t1_40R_40V_04F_05M;40;53887;714.47;60000;95.79;5.29
LR1_2_4;40R_40V_04F_06M;t1;0.05;143;7072.39;TRUE;1061.34;LR1_2_4_t1_40R_40V_04F_06M;40;20246;392.64;60000;88.12;4.78
LR1_2_5;40R_40V_04F_05M;t1;0.05;143;9433.55;TRUE;267.18;LR1_2_5_t1_40R_40V_04F_05M;40;30925;134.49;60000;99.99;6.45
LR1_2_5;40R_40V_04F_06M;t1;0.05;143;8988.66;TRUE;480.85;LR1_2_5_t1_40R_40V_04F_06M;40;48891;392.4;60000;99.42;6.34
LR2_2_1;40R_40V_04F_05M;t2;0.05;143;10031.58;TRUE;1203.18;LR2_2_1_t2_40R_40V_04F_05M;40;19836;397.65;60000;55.97;5.97
LR2_2_1;40R_40V_04F_06M;t2;0.05;143;10184.32;TRUE;1313.03;LR2_2_1_t2_40R_40V_04F_06M;40;3150;70.34;60000;55.61;6.35
LR2_2_2;40R_40V_04F_05M;t2;0.05;143;8258.26;TRUE;2620.75;LR2_2_2_t2_40R_40V_04F_05M;40;11889;518.49;60000;3.69;5.08
LR2_2_2;40R_40V_04F_06M;t2;0.05;143;8197.81;TRUE;2809.12;LR2_2_2_t2_40R_40V_04F_06M;40;10841;507.55;60000;0.06;5.5
LR2_2_3;40R_40V_04F_05M;t2;0.05;143;7756.26;TRUE;3411.35;LR2_2_3_t2_40R_40V_04F_05M;40;21587;1234.97;60000;23.04;2.47
LR2_2_3;40R_40V_04F_06M;t2;0.05;143;7889.6;TRUE;3600;LR2_2_3_t2_40R_40V_04F_06M;40;4089;282.75;52164;1.77;2.67
LR2_2_4;40R_40V_04F_05M;t2;0.05;143;6203.73;TRUE;3600.08;LR2_2_4_t2_40R_40V_04F_05M;40;3081;352.42;31184;0;1.3
LR2_2_4;40R_40V_04F_06M;t2;0.05;143;5982.27;TRUE;3600.08;LR2_2_4_t2_40R_40V_04F_06M;40;3081;371.97;29885;0;1.34
LR2_2_5;40R_40V_04F_05M;t2;0.05;143;9178.91;TRUE;2342.38;LR2_2_5_t2_40R_40V_04F_05M;40;53520;2091.63;60000;0;6.53
LR2_2_5;40R_40V_04F_06M;t2;0.05;143;9229.06;TRUE;2491.2;LR2_2_5_t2_40R_40V_04F_06M;40;2093;89.56;60000;0;6.72
LR1_2_1;60R_60V_02F_05M;t1;0.05;143;13405.55;TRUE;369.18;LR1_2_1_t1_60R_60V_02F_05M;60;19358;120.07;60000;99.99;5.98
LR1_2_1;60R_60V_02F_06M;t1;0.05;143;12339.48;TRUE;516.76;LR1_2_1_t1_60R_60V_02F_06M;60;35282;303.4;60000;99.8;5.87
LR1_2_2;60R_60V_02F_05M;t1;0.05;143;11116.27;TRUE;699.47;LR1_2_2_t1_60R_60V_02F_05M;60;32374;377.69;60000;95.39;5.49
LR1_2_2;60R_60V_02F_06M;t1;0.05;143;11254.42;TRUE;993.77;LR1_2_2_t1_60R_60V_02F_06M;60;8401;141.42;60000;86.77;5.57
LR1_2_3;60R_60V_02F_05M;t1;0.05;143;9652.54;TRUE;717.86;LR1_2_3_t1_60R_60V_02F_05M;60;6307;75.17;60000;99.77;4.03
LR1_2_3;60R_60V_02F_06M;t1;0.05;143;9674.19;TRUE;971.87;LR1_2_3_t1_60R_60V_02F_06M;60;41716;675.64;60000;98.24;3.96
LR1_2_4;60R_60V_02F_05M;t1;0.05;143;7285.97;TRUE;2732.25;LR1_2_4_t1_60R_60V_02F_05M;60;27572;1257.93;60000;50.98;2.46
LR1_2_4;60R_60V_02F_06M;t1;0.05;143;7144.63;TRUE;3600.04;LR1_2_4_t1_60R_60V_02F_06M;60;54248;3411.94;57237;19.81;2.44
LR1_2_5;60R_60V_02F_05M;t1;0.05;143;10116.89;TRUE;1301.79;LR1_2_5_t1_60R_60V_02F_05M;60;41505;898.01;60000;63.16;5.77
LR1_2_5;60R_60V_02F_06M;t1;0.05;143;10003.74;TRUE;1612.59;LR1_2_5_t1_60R_60V_02F_06M;60;53035;1425.92;60000;50.01;6.04
LR2_2_1;60R_60V_02F_05M;t2;0.05;143;13332.66;TRUE;2549.92;LR2_2_1_t2_60R_60V_02F_05M;60;35318;1495.07;60000;33.06;7.07
LR2_2_1;60R_60V_02F_06M;t2;0.05;143;13080.05;TRUE;2947.5;LR2_2_1_t2_60R_60V_02F_06M;60;33800;1651.92;60000;23.03;7.21
LR2_2_2;60R_60V_02F_05M;t2;0.05;143;10940.79;TRUE;3600;LR2_2_2_t2_60R_60V_02F_05M;60;23632;1803.48;47131;0;5.95
LR2_2_2;60R_60V_02F_06M;t2;0.05;143;11017.44;TRUE;3600.07;LR2_2_2_t2_60R_60V_02F_06M;60;20206;1665.37;43620;0;6.04
LR2_2_3;60R_60V_02F_05M;t2;0.05;143;10606.17;TRUE;3600.06;LR2_2_3_t2_60R_60V_02F_05M;60;15673;1509.36;37346;5.36;3.96
LR2_2_3;60R_60V_02F_06M;t2;0.05;143;9971.67;TRUE;3600.05;LR2_2_3_t2_60R_60V_02F_06M;60;25108;2631.83;34273;0.06;4.11
LR2_2_4;60R_60V_02F_05M;t2;0.05;143;7934.18;TRUE;3600.1;LR2_2_4_t2_60R_60V_02F_05M;60;19017;2921.32;23434;0;1.34
LR2_2_4;60R_60V_02F_06M;t2;0.05;143;7951.6;TRUE;3600.13;LR2_2_4_t2_60R_60V_02F_06M;60;19017;3102.38;22080;0;1.36
LR2_2_5;60R_60V_02F_05M;t2;0.05;143;12868.14;TRUE;3600.06;LR2_2_5_t2_60R_60V_02F_05M;60;40389;2537.58;57361;0;6.99
LR2_2_5;60R_60V_02F_06M;t2;0.05;143;12843.86;TRUE;3600.03;LR2_2_5_t2_60R_60V_02F_06M;60;40389;2759.25;52746;0;7.12
LR1_2_1;60R_60V_04F_05M;t1;0.05;143;NA;FALSE;411.5;LR1_2_1_t1_60R_60V_04F_05M;60;0;0;60000;100;0
LR1_2_1;60R_60V_04F_06M;t1;0.05;143;16158.13;TRUE;560.28;LR1_2_1_t1_60R_60V_04F_06M;60;1566;14.6;60000;100;5.18
LR1_2_2;60R_60V_04F_05M;t1;0.05;143;NA;FALSE;334.09;LR1_2_2_t1_60R_60V_04F_05M;60;0;0;60000;100;0
LR1_2_2;60R_60V_04F_06M;t1;0.05;143;NA;FALSE;467.25;LR1_2_2_t1_60R_60V_04F_06M;60;0;0;60000;100;0
LR1_2_3;60R_60V_04F_05M;t1;0.05;143;13357.98;TRUE;595.29;LR1_2_3_t1_60R_60V_04F_05M;60;1;0.07;60000;100;6.07
LR1_2_3;60R_60V_04F_06M;t1;0.05;143;13316.12;TRUE;749.21;LR1_2_3_t1_60R_60V_04F_06M;60;1;0.07;60000;100;6.08
LR1_2_4;60R_60V_04F_05M;t1;0.05;143;10289.49;TRUE;1496.13;LR1_2_4_t1_60R_60V_04F_05M;60;14670;368.6;60000;99.52;3.56
LR1_2_4;60R_60V_04F_06M;t1;0.05;143;10120.03;TRUE;2491.19;LR1_2_4_t1_60R_60V_04F_06M;60;57018;2367.46;60000;95.7;3.35
LR1_2_5;60R_60V_04F_05M;t1;0.05;143;NA;FALSE;508.13;LR1_2_5_t1_60R_60V_04F_05M;60;0;0;60000;100;0
LR1_2_5;60R_60V_04F_06M;t1;0.05;143;NA;FALSE;735.25;LR1_2_5_t1_60R_60V_04F_06M;60;0;0;60000;100;0
LR2_2_1;60R_60V_04F_05M;t2;0.05;143;15104.73;TRUE;2876.8;LR2_2_1_t2_60R_60V_04F_05M;60;80;4.63;60000;62.31;5.87
LR2_2_1;60R_60V_04F_06M;t2;0.05;143;14802.53;TRUE;3600.04;LR2_2_1_t2_60R_60V_04F_06M;60;33481;2171.9;55524;38.18;6.02
LR2_2_2;60R_60V_04F_05M;t2;0.05;143;12989.31;TRUE;3600.04;LR2_2_2_t2_60R_60V_04F_05M;60;32324;2973.99;39196;25.49;4.44
LR2_2_2;60R_60V_04F_06M;t2;0.05;143;13174.17;TRUE;3600.02;LR2_2_2_t2_60R_60V_04F_06M;60;20714;2043.22;36545;25.39;4.57
LR2_2_3;60R_60V_04F_05M;t2;0.05;143;12355.98;TRUE;3600.03;LR2_2_3_t2_60R_60V_04F_05M;60;24906;3584.2;25018;5.92;2.81
LR2_2_3;60R_60V_04F_06M;t2;0.05;143;12510.28;TRUE;3600.01;LR2_2_3_t2_60R_60V_04F_06M;60;10962;1727.57;22803;0.38;2.9
LR2_2_4;60R_60V_04F_05M;t2;0.05;143;9925.51;TRUE;3600.07;LR2_2_4_t2_60R_60V_04F_05M;60;1719;407.01;15203;0;0.89
LR2_2_4;60R_60V_04F_06M;t2;0.05;143;9857.99;TRUE;3600.06;LR2_2_4_t2_60R_60V_04F_06M;60;11051;2754.31;14452;0;0.89
LR2_2_5;60R_60V_04F_05M;t2;0.05;143;14450.66;TRUE;3600.03;LR2_2_5_t2_60R_60V_04F_05M;60;32382;2878.68;40445;0;4.56
LR2_2_5;60R_60V_04F_06M;t2;0.05;143;14310.73;TRUE;3600.05;LR2_2_5_t2_60R_60V_04F_06M;60;13257;1275.98;37500;0;4.88
lr101;06R_06V_02F_03M;t1;0.05;160;780.51;TRUE;108.33;lr101_t1_06R_06V_02F_03M;6;115;0.5;60000;0;15.74
lr101;06R_06V_02F_04M;t1;0.05;160;768.25;TRUE;126.65;lr101_t1_06R_06V_02F_04M;6;40;0.51;60000;0;18.01
lr102;06R_06V_02F_03M;t1;0.05;160;606.02;TRUE;125.98;lr102_t1_06R_06V_02F_03M;6;3;0.43;60000;0;9.47
lr102;06R_06V_02F_04M;t1;0.05;160;605.59;TRUE;128.71;lr102_t1_06R_06V_02F_04M;6;3;0.42;60000;0;9.54
lr103;06R_06V_02F_03M;t1;0.05;160;607.5;TRUE;131.87;lr103_t1_06R_06V_02F_03M;6;2;0.45;60000;0;16.25
lr103;06R_06V_02F_04M;t1;0.05;160;599.29;TRUE;134.5;lr103_t1_06R_06V_02F_04M;6;2;0.39;60000;0;17.21
lr104;06R_06V_02F_03M;t1;0.05;160;431.33;TRUE;118.29;lr104_t1_06R_06V_02F_03M;6;5;0.42;60000;0;19.73
lr104;06R_06V_02F_04M;t1;0.05;160;431.33;TRUE;123.57;lr104_t1_06R_06V_02F_04M;6;5;0.4;60000;0;18.06
lr105;06R_06V_02F_03M;t1;0.05;160;660.1;TRUE;64.27;lr105_t1_06R_06V_02F_03M;6;1;0;60000;49.88;29.44
lr105;06R_06V_02F_04M;t1;0.05;160;654.89;TRUE;63.58;lr105_t1_06R_06V_02F_04M;6;1;0;60000;49.88;29.6
lr201;06R_06V_02F_03M;t2;0.05;160;793.39;TRUE;107.15;lr201_t2_06R_06V_02F_03M;6;24;0.44;60000;0;28.49
lr201;06R_06V_02F_04M;t2;0.05;160;793.39;TRUE;108.95;lr201_t2_06R_06V_02F_04M;6;24;0.47;60000;0;28.49
lr202;06R_06V_02F_03M;t2;0.05;160;545.89;TRUE;123.78;lr202_t2_06R_06V_02F_03M;6;42;0.51;60000;0;32.14
lr202;06R_06V_02F_04M;t2;0.05;160;545.89;TRUE;127.63;lr202_t2_06R_06V_02F_04M;6;42;0.51;60000;0;32.3
lr203;06R_06V_02F_03M;t2;0.05;160;686.32;TRUE;131.46;lr203_t2_06R_06V_02F_03M;6;51;0.53;60000;0;35.26
lr203;06R_06V_02F_04M;t2;0.05;160;686.32;TRUE;134.06;lr203_t2_06R_06V_02F_04M;6;51;0.53;60000;0;35.56
lr204;06R_06V_02F_03M;t2;0.05;160;611.17;TRUE;147.88;lr204_t2_06R_06V_02F_03M;6;2269;6.22;60000;0;24.98
lr204;06R_06V_02F_04M;t2;0.05;160;610.66;TRUE;153.73;lr204_t2_06R_06V_02F_04M;6;23122;60.01;60000;0;25.05
lr205;06R_06V_02F_03M;t2;0.05;160;540.49;TRUE;138.99;lr205_t2_06R_06V_02F_03M;6;305;1.12;60000;0;29.53
lr205;06R_06V_02F_04M;t2;0.05;160;540.45;TRUE;142.2;lr205_t2_06R_06V_02F_04M;6;45;0.54;60000;0;29.62
lr101;06R_06V_04F_03M;t1;0.05;160;749.14;TRUE;110.42;lr101_t1_06R_06V_04F_03M;6;1;0;60000;9.7;10.68
lr101;06R_06V_04F_04M;t1;0.05;160;736.64;TRUE;123.24;lr101_t1_06R_06V_04F_04M;6;42;0.55;60000;0;12.7
lr102;06R_06V_04F_03M;t1;0.05;160;724.27;TRUE;127.63;lr102_t1_06R_06V_04F_03M;6;43;0.52;60000;9.97;9.69
lr102;06R_06V_04F_04M;t1;0.05;160;692.08;TRUE;130.91;lr102_t1_06R_06V_04F_04M;6;56;0.55;60000;8.48;10.52
lr103;06R_06V_04F_03M;t1;0.05;160;947.66;TRUE;146.58;lr103_t1_06R_06V_04F_03M;6;92;0.63;60000;0;12.28
lr103;06R_06V_04F_04M;t1;0.05;160;974.37;TRUE;148.04;lr103_t1_06R_06V_04F_04M;6;6;0.44;60000;0;14.35
lr104;06R_06V_04F_03M;t1;0.05;160;659.55;TRUE;58.89;lr104_t1_06R_06V_04F_03M;6;2;0.42;60000;60.74;17.03
lr104;06R_06V_04F_04M;t1;0.05;160;656.61;TRUE;61.69;lr104_t1_06R_06V_04F_04M;6;2;0.42;60000;59.72;17.67
lr105;06R_06V_04F_03M;t1;0.05;160;864.51;TRUE;70.56;lr105_t1_06R_06V_04F_03M;6;3;0.38;60000;49.88;19.3
lr105;06R_06V_04F_04M;t1;0.05;160;856.98;TRUE;70.69;lr105_t1_06R_06V_04F_04M;6;3;0.38;60000;49.88;19.44
lr201;06R_06V_04F_03M;t2;0.05;160;936.6;TRUE;131.07;lr201_t2_06R_06V_04F_03M;6;88;0.62;60000;0;18.65
lr201;06R_06V_04F_04M;t2;0.05;160;935.98;TRUE;133.72;lr201_t2_06R_06V_04F_04M;6;88;0.64;60000;0;18.68
lr202;06R_06V_04F_03M;t2;0.05;160;604.04;TRUE;150.32;lr202_t2_06R_06V_04F_03M;6;501;1.73;60000;0;36.66
lr202;06R_06V_04F_04M;t2;0.05;160;604.04;TRUE;153.57;lr202_t2_06R_06V_04F_04M;6;501;1.69;60000;0;39.89
lr203;06R_06V_04F_03M;t2;0.05;160;797.56;TRUE;149.6;lr203_t2_06R_06V_04F_03M;6;4140;10.6;60000;0;37.08
lr203;06R_06V_04F_04M;t2;0.05;160;725.28;TRUE;151.87;lr203_t2_06R_06V_04F_04M;6;51;0.55;60000;0;31.27
lr204;06R_06V_04F_03M;t2;0.05;160;764.38;TRUE;171.58;lr204_t2_06R_06V_04F_03M;6;263;1.22;60000;0;17.1
lr204;06R_06V_04F_04M;t2;0.05;160;760.99;TRUE;168.41;lr204_t2_06R_06V_04F_04M;6;263;1.13;60000;0;17.02
lr205;06R_06V_04F_03M;t2;0.05;160;604.07;TRUE;155.32;lr205_t2_06R_06V_04F_03M;6;442;2.11;60000;0;24.71
lr205;06R_06V_04F_04M;t2;0.05;160;599.81;TRUE;157.8;lr205_t2_06R_06V_04F_04M;6;442;1.52;60000;0;24.94
lr101;08R_08V_02F_03M;t1;0.05;160;1018.05;TRUE;143.7;lr101_t1_08R_08V_02F_03M;8;33;0.48;60000;0;22.57
lr101;08R_08V_02F_04M;t1;0.05;160;1010.27;TRUE;144.4;lr101_t1_08R_08V_02F_04M;8;47;0.51;60000;0;23.82
lr102;08R_08V_02F_03M;t1;0.05;160;869.72;TRUE;147.46;lr102_t1_08R_08V_02F_03M;8;4;0.42;60000;0;11.02
lr102;08R_08V_02F_04M;t1;0.05;160;864.66;TRUE;153.67;lr102_t1_08R_08V_02F_04M;8;4;0.44;60000;0;11.19
lr103;08R_08V_02F_03M;t1;0.05;160;769.29;TRUE;159.68;lr103_t1_08R_08V_02F_03M;8;3801;10.38;60000;0;10.3
lr103;08R_08V_02F_04M;t1;0.05;160;761.62;TRUE;164.95;lr103_t1_08R_08V_02F_04M;8;3801;10.61;60000;0;10.83
lr104;08R_08V_02F_03M;t1;0.05;160;765.44;TRUE;157.15;lr104_t1_08R_08V_02F_03M;8;4;0.44;60000;0;10.57
lr104;08R_08V_02F_04M;t1;0.05;160;762.11;TRUE;162.01;lr104_t1_08R_08V_02F_04M;8;4;0.39;60000;0;9.61
lr105;08R_08V_02F_03M;t1;0.05;160;869.95;TRUE;151.15;lr105_t1_08R_08V_02F_03M;8;8;0.46;60000;0;16.86
lr105;08R_08V_02F_04M;t1;0.05;160;858.77;TRUE;153.04;lr105_t1_08R_08V_02F_04M;8;3;0.43;60000;0;17.09
lr201;08R_08V_02F_03M;t2;0.05;160;930.52;TRUE;136.2;lr201_t2_08R_08V_02F_03M;8;132;0.74;60000;0;23.2
lr201;08R_08V_02F_04M;t2;0.05;160;929.83;TRUE;141.3;lr201_t2_08R_08V_02F_04M;8;132;0.72;60000;0;23.25
lr202;08R_08V_02F_03M;t2;0.05;160;717.53;TRUE;164.91;lr202_t2_08R_08V_02F_03M;8;578;2.04;60000;0;33.13
lr202;08R_08V_02F_04M;t2;0.05;160;715.2;TRUE;168.99;lr202_t2_08R_08V_02F_04M;8;3552;10.21;60000;0;33.38
lr203;08R_08V_02F_03M;t2;0.05;160;728.54;TRUE;172.57;lr203_t2_08R_08V_02F_03M;8;13439;39.25;60000;0;22.24
lr203;08R_08V_02F_04M;t2;0.05;160;724.91;TRUE;181.71;lr203_t2_08R_08V_02F_04M;8;16750;51.82;60000;0;22.45
lr204;08R_08V_02F_03M;t2;0.05;160;708.43;TRUE;165.5;lr204_t2_08R_08V_02F_03M;8;4014;11.53;60000;0;15.68
lr204;08R_08V_02F_04M;t2;0.05;160;705.74;TRUE;173.18;lr204_t2_08R_08V_02F_04M;8;4014;11.69;60000;0;15.82
lr205;08R_08V_02F_03M;t2;0.05;160;736.45;TRUE;168.79;lr205_t2_08R_08V_02F_03M;8;9630;26.63;60000;0;27.68
lr205;08R_08V_02F_04M;t2;0.05;160;729.88;TRUE;174.18;lr205_t2_08R_08V_02F_04M;8;15147;44.62;60000;0;27.88
lr101;08R_08V_04F_03M;t1;0.05;160;1166.54;TRUE;60.38;lr101_t1_08R_08V_04F_03M;8;258;0.73;60000;68.99;14.27
lr101;08R_08V_04F_04M;t1;0.05;160;1135.03;TRUE;149.16;lr101_t1_08R_08V_04F_04M;8;1036;3.08;60000;9.94;16.61
lr102;08R_08V_04F_03M;t1;0.05;160;1030.42;TRUE;33.01;lr102_t1_08R_08V_04F_03M;8;240;0.54;60000;87.31;11.44
lr102;08R_08V_04F_04M;t1;0.05;160;1003.13;TRUE;152.08;lr102_t1_08R_08V_04F_04M;8;4;0.39;60000;9.83;9.75
lr103;08R_08V_04F_03M;t1;0.05;160;1099.07;TRUE;78.3;lr103_t1_08R_08V_04F_03M;8;1275;2.02;60000;66.44;12.11
lr103;08R_08V_04F_04M;t1;0.05;160;1086.46;TRUE;99.37;lr103_t1_08R_08V_04F_04M;8;291;0.99;60000;55.95;13.11
lr104;08R_08V_04F_03M;t1;0.05;160;1096.75;TRUE;76.81;lr104_t1_08R_08V_04F_03M;8;136;0.57;60000;67.33;14.31
lr104;08R_08V_04F_04M;t1;0.05;160;1092.54;TRUE;101.14;lr104_t1_08R_08V_04F_04M;8;444;1.26;60000;54.55;12.64
lr105;08R_08V_04F_03M;t1;0.05;160;1068.12;TRUE;154.77;lr105_t1_08R_08V_04F_03M;8;7;0.45;60000;4.45;11.88
lr105;08R_08V_04F_04M;t1;0.05;160;1053.6;TRUE;154.56;lr105_t1_08R_08V_04F_04M;8;2;0.43;60000;7.66;11.46
lr201;08R_08V_04F_03M;t2;0.05;160;1142.97;TRUE;164.47;lr201_t2_08R_08V_04F_03M;8;4;0.44;60000;4.33;20.3
lr201;08R_08V_04F_04M;t2;0.05;160;1136.32;TRUE;166.05;lr201_t2_08R_08V_04F_04M;8;4;0.4;60000;4.34;20.51
lr202;08R_08V_04F_03M;t2;0.05;160;885.9;TRUE;208.92;lr202_t2_08R_08V_04F_03M;8;1175;4.56;60000;0;27.87
lr202;08R_08V_04F_04M;t2;0.05;160;880.69;TRUE;214.54;lr202_t2_08R_08V_04F_04M;8;1175;4.68;60000;0;28.2
lr203;08R_08V_04F_03M;t2;0.05;160;929.42;TRUE;208.3;lr203_t2_08R_08V_04F_03M;8;1228;4.75;60000;0;16.27
lr203;08R_08V_04F_04M;t2;0.05;160;928.97;TRUE;215.51;lr203_t2_08R_08V_04F_04M;8;1228;4.99;60000;0;16.86
lr204;08R_08V_04F_03M;t2;0.05;160;878.05;TRUE;214.81;lr204_t2_08R_08V_04F_03M;8;29801;106.64;60000;0;8.37
lr204;08R_08V_04F_04M;t2;0.05;160;882.99;TRUE;221.88;lr204_t2_08R_08V_04F_04M;8;15269;56.02;60000;0;8.58
lr205;08R_08V_04F_03M;t2;0.05;160;937.63;TRUE;204.03;lr205_t2_08R_08V_04F_03M;8;16359;56.57;60000;0;19.55
lr205;08R_08V_04F_04M;t2;0.05;160;932.26;TRUE;214.42;lr205_t2_08R_08V_04F_04M;8;16359;58.36;60000;0;19.67
lr101;10R_10V_02F_03M;t1;0.05;160;1194.55;TRUE;167.68;lr101_t1_10R_10V_02F_03M;10;450;1.66;60000;0;21.14
lr101;10R_10V_02F_04M;t1;0.05;160;1187.36;TRUE;171.22;lr101_t1_10R_10V_02F_04M;10;23;0.49;60000;0;22.36
lr102;10R_10V_02F_03M;t1;0.05;160;1025.34;TRUE;68.57;lr102_t1_10R_10V_02F_03M;10;883;1.46;60000;66.67;10.76
lr102;10R_10V_02F_04M;t1;0.05;160;1022.31;TRUE;129.54;lr102_t1_10R_10V_02F_04M;10;196;0.89;60000;32.21;10.7
lr103;10R_10V_02F_03M;t1;0.05;160;1034.38;TRUE;84.85;lr103_t1_10R_10V_02F_03M;10;41;0.43;60000;63.69;12.58
lr103;10R_10V_02F_04M;t1;0.05;160;1022.42;TRUE;176.9;lr103_t1_10R_10V_02F_04M;10;594;2.22;60000;15.96;11.88
lr104;10R_10V_02F_03M;t1;0.05;160;892.38;TRUE;106.21;lr104_t1_10R_10V_02F_03M;10;22965;40.72;60000;47.22;9.41
lr104;10R_10V_02F_04M;t1;0.05;160;893.24;TRUE;110.74;lr104_t1_10R_10V_02F_04M;10;48240;89.19;60000;47.08;9.29
lr105;10R_10V_02F_03M;t1;0.05;160;1207.1;TRUE;98.33;lr105_t1_10R_10V_02F_03M;10;17;0.42;60000;49.88;19.13
lr105;10R_10V_02F_04M;t1;0.05;160;1188.48;TRUE;183.86;lr105_t1_10R_10V_02F_04M;10;17;0.48;60000;0;20.11
lr201;10R_10V_02F_03M;t2;0.05;160;1013.31;TRUE;162.94;lr201_t2_10R_10V_02F_03M;10;209;1.01;60000;6.72;26.92
lr201;10R_10V_02F_04M;t2;0.05;160;1013.31;TRUE;169.88;lr201_t2_10R_10V_02F_04M;10;209;1.05;60000;6.72;26.92
lr202;10R_10V_02F_03M;t2;0.05;160;909.66;TRUE;198.56;lr202_t2_10R_10V_02F_03M;10;24872;82.88;60000;0;31.22
lr202;10R_10V_02F_04M;t2;0.05;160;907.43;TRUE;205.62;lr202_t2_10R_10V_02F_04M;10;24872;85.19;60000;0;32.37
lr203;10R_10V_02F_03M;t2;0.05;160;866.44;TRUE;240.88;lr203_t2_10R_10V_02F_03M;10;18607;76.15;60000;0;17.76
lr203;10R_10V_02F_04M;t2;0.05;160;863.47;TRUE;249.62;lr203_t2_10R_10V_02F_04M;10;4333;18.67;60000;0;17.82
lr204;10R_10V_02F_03M;t2;0.05;160;750.97;TRUE;218.05;lr204_t2_10R_10V_02F_03M;10;42171;153.4;60000;0;9.09
lr204;10R_10V_02F_04M;t2;0.05;160;758.35;TRUE;230.78;lr204_t2_10R_10V_02F_04M;10;29037;111.56;60000;0;9.37
lr205;10R_10V_02F_03M;t2;0.05;160;876.18;TRUE;211.41;lr205_t2_10R_10V_02F_03M;10;16119;56.15;60000;0;26.27
lr205;10R_10V_02F_04M;t2;0.05;160;868.72;TRUE;217.96;lr205_t2_10R_10V_02F_04M;10;16119;59.06;60000;0;26.28
lr101;10R_10V_04F_03M;t1;0.05;160;1343.37;TRUE;117.8;lr101_t1_10R_10V_04F_03M;10;146;0.74;60000;42.66;18.92
lr101;10R_10V_04F_04M;t1;0.05;160;1334.41;TRUE;193.52;lr101_t1_10R_10V_04F_04M;10;6724;21.62;60000;0;20.52
lr102;10R_10V_04F_03M;t1;0.05;160;1155.25;TRUE;39.37;lr102_t1_10R_10V_04F_03M;10;898;0.97;60000;88.18;7.5
lr102;10R_10V_04F_04M;t1;0.05;160;1145.23;TRUE;128.17;lr102_t1_10R_10V_04F_04M;10;1855;4.39;60000;39.66;9.11
lr103;10R_10V_04F_03M;t1;0.05;160;1485.44;TRUE;28.59;lr103_t1_10R_10V_04F_03M;10;50039;23.77;60000;97.44;12.45
lr103;10R_10V_04F_04M;t1;0.05;160;1444.21;TRUE;106.86;lr103_t1_10R_10V_04F_04M;10;5330;9.99;60000;66.76;12.16
lr104;10R_10V_04F_03M;t1;0.05;160;1232.39;TRUE;94.95;lr104_t1_10R_10V_04F_03M;10;2365;4.27;60000;66.06;7.5
lr104;10R_10V_04F_04M;t1;0.05;160;1218.3;TRUE;112.04;lr104_t1_10R_10V_04F_04M;10;126;0.69;60000;59.12;8.71
lr105;10R_10V_04F_03M;t1;0.05;160;1592.96;TRUE;20.84;lr105_t1_10R_10V_04F_03M;10;24722;8.96;60000;97.4;16.58
lr105;10R_10V_04F_04M;t1;0.05;160;1517.24;TRUE;66.12;lr105_t1_10R_10V_04F_04M;10;1752;2.39;60000;76.78;17.69
lr201;10R_10V_04F_03M;t2;0.05;160;1358.22;TRUE;193.52;lr201_t2_10R_10V_04F_03M;10;30475;98.12;60000;12.54;22.39
lr201;10R_10V_04F_04M;t2;0.05;160;1358.22;TRUE;201.38;lr201_t2_10R_10V_04F_04M;10;30475;102;60000;12.54;22.83
lr202;10R_10V_04F_03M;t2;0.05;160;1241.43;TRUE;254.63;lr202_t2_10R_10V_04F_03M;10;16796;71.21;60000;0.48;27.67
lr202;10R_10V_04F_04M;t2;0.05;160;1241.67;TRUE;273.98;lr202_t2_10R_10V_04F_04M;10;44407;200.51;60000;0;30.47
lr203;10R_10V_04F_03M;t2;0.05;160;999.23;TRUE;305.02;lr203_t2_10R_10V_04F_03M;10;19088;96.44;60000;0;13.54
lr203;10R_10V_04F_04M;t2;0.05;160;981.21;TRUE;317.95;lr203_t2_10R_10V_04F_04M;10;44464;235.87;60000;0;13.65
lr204;10R_10V_04F_03M;t2;0.05;160;965.47;TRUE;298.29;lr204_t2_10R_10V_04F_03M;10;22172;110.99;60000;0;5.28
lr204;10R_10V_04F_04M;t2;0.05;160;957.05;TRUE;316.66;lr204_t2_10R_10V_04F_04M;10;22172;117.79;60000;0;5.54
lr205;10R_10V_04F_03M;t2;0.05;160;1046.19;TRUE;246.02;lr205_t2_10R_10V_04F_03M;10;37080;151.37;60000;0.01;23.16
lr205;10R_10V_04F_04M;t2;0.05;160;1042.2;TRUE;260.77;lr205_t2_10R_10V_04F_04M;10;5136;22.47;60000;0;23.25
lr101;12R_12V_02F_03M;t1;0.05;160;1444.04;TRUE;185.82;lr101_t1_12R_12V_02F_03M;12;130;0.86;60000;10.02;23.24
lr101;12R_12V_02F_04M;t1;0.05;160;1437.74;TRUE;191.22;lr101_t1_12R_12V_02F_04M;12;69;0.65;60000;10.02;23.36
lr102;12R_12V_02F_03M;t1;0.05;160;1404.9;TRUE;112.99;lr102_t1_12R_12V_02F_03M;12;167;0.75;60000;49.9;14.39
lr102;12R_12V_02F_04M;t1;0.05;160;1397.72;TRUE;118.02;lr102_t1_12R_12V_02F_04M;12;10823;21.43;60000;49.9;14.41
lr103;12R_12V_02F_03M;t1;0.05;160;1138.94;TRUE;155.11;lr103_t1_12R_12V_02F_03M;12;2714;7.39;60000;34.74;10.51
lr103;12R_12V_02F_04M;t1;0.05;160;1126.46;TRUE;181.41;lr103_t1_12R_12V_02F_04M;12;2088;6.78;60000;28.04;11.16
lr104;12R_12V_02F_03M;t1;0.05;160;1233.18;TRUE;122.58;lr104_t1_12R_12V_02F_03M;12;866;2.22;60000;54.63;5.47
lr104;12R_12V_02F_04M;t1;0.05;160;1223.17;TRUE;149.2;lr104_t1_12R_12V_02F_04M;12;918;2.69;60000;45.74;5.96
lr105;12R_12V_02F_03M;t1;0.05;160;1316.34;TRUE;73.14;lr105_t1_12R_12V_02F_03M;12;120;0.56;60000;71.51;14.26
lr105;12R_12V_02F_04M;t1;0.05;160;1301.89;TRUE;185.41;lr105_t1_12R_12V_02F_04M;12;1;0;60000;13.99;15.16
lr201;12R_12V_02F_03M;t2;0.05;160;1411.58;TRUE;200.38;lr201_t2_12R_12V_02F_03M;12;1804;6.21;60000;0;22.19
lr201;12R_12V_02F_04M;t2;0.05;160;1411.18;TRUE;221.86;lr201_t2_12R_12V_02F_04M;12;1804;6.99;60000;0;22.23
lr202;12R_12V_02F_03M;t2;0.05;160;991.95;TRUE;244.72;lr202_t2_12R_12V_02F_03M;12;42974;174.91;60000;0;26.12
lr202;12R_12V_02F_04M;t2;0.05;160;991.15;TRUE;257.98;lr202_t2_12R_12V_02F_04M;12;42974;184.66;60000;0;26.96
lr203;12R_12V_02F_03M;t2;0.05;160;969.25;TRUE;288.74;lr203_t2_12R_12V_02F_03M;12;52664;253.63;60000;0;15.27
lr203;12R_12V_02F_04M;t2;0.05;160;998.82;TRUE;303.29;lr203_t2_12R_12V_02F_04M;12;12675;63.49;60000;0;15.34
lr204;12R_12V_02F_03M;t2;0.05;160;917.82;TRUE;269.63;lr204_t2_12R_12V_02F_03M;12;34545;156.34;60000;0;4.6
lr204;12R_12V_02F_04M;t2;0.05;160;915.24;TRUE;284.39;lr204_t2_12R_12V_02F_04M;12;34545;166.27;60000;0;4.65
lr205;12R_12V_02F_03M;t2;0.05;160;1049.89;TRUE;250.36;lr205_t2_12R_12V_02F_03M;12;3598;15.07;60000;4.87;24.63
lr205;12R_12V_02F_04M;t2;0.05;160;1055.04;TRUE;271.88;lr205_t2_12R_12V_02F_04M;12;58263;263.99;60000;0.02;24.83
lr101;12R_12V_04F_03M;t1;0.05;160;1651.84;TRUE;23.88;lr101_t1_12R_12V_04F_03M;12;29744;12.1;60000;99.87;15.89
lr101;12R_12V_04F_04M;t1;0.05;160;1621.73;TRUE;47.11;lr101_t1_12R_12V_04F_04M;12;35820;28.48;60000;94.28;15.61
lr102;12R_12V_04F_03M;t1;0.05;160;1650.29;TRUE;31.21;lr102_t1_12R_12V_04F_03M;12;5153;3.11;60000;98.09;17.3
lr102;12R_12V_04F_04M;t1;0.05;160;1604.25;TRUE;85.32;lr102_t1_12R_12V_04F_04M;12;13735;19.7;60000;77.41;17.59
lr103;12R_12V_04F_03M;t1;0.05;160;1457.99;TRUE;168.93;lr103_t1_12R_12V_04F_03M;12;32448;91.61;60000;48.97;8.28
lr103;12R_12V_04F_04M;t1;0.05;160;1438.7;TRUE;248.13;lr103_t1_12R_12V_04F_04M;12;19522;81.45;60000;16.19;8.77
lr104;12R_12V_04F_03M;t1;0.05;160;1498.83;TRUE;80.26;lr104_t1_12R_12V_04F_03M;12;21517;28.97;60000;82.81;6.77
lr104;12R_12V_04F_04M;t1;0.05;160;1484.94;TRUE;155.48;lr104_t1_12R_12V_04F_04M;12;36736;95.19;60000;58.12;4.88
lr105;12R_12V_04F_03M;t1;0.05;160;1728.08;TRUE;23.74;lr105_t1_12R_12V_04F_03M;12;338;0.56;60000;99.03;15.19
lr105;12R_12V_04F_04M;t1;0.05;160;1714.98;TRUE;88.68;lr105_t1_12R_12V_04F_04M;12;40748;60.39;60000;74.74;14.55
lr201;12R_12V_04F_03M;t2;0.05;160;1574.75;TRUE;257.71;lr201_t2_12R_12V_04F_03M;12;18520;80.43;60000;3.68;18.63
lr201;12R_12V_04F_04M;t2;0.05;160;1573.87;TRUE;270.04;lr201_t2_12R_12V_04F_04M;12;25915;117.54;60000;4.05;19.96
lr202;12R_12V_04F_03M;t2;0.05;160;1255.97;TRUE;324.03;lr202_t2_12R_12V_04F_03M;12;29658;163.06;60000;0.02;21.11
lr202;12R_12V_04F_04M;t2;0.05;160;1225.56;TRUE;294.83;lr202_t2_12R_12V_04F_04M;12;55856;277.27;60000;0;22.14
lr203;12R_12V_04F_03M;t2;0.05;160;1231.36;TRUE;347.59;lr203_t2_12R_12V_04F_03M;12;20773;113.22;60000;0;10.45
lr203;12R_12V_04F_04M;t2;0.05;160;1229.88;TRUE;411.45;lr203_t2_12R_12V_04F_04M;12;20773;145.12;60000;0;10.62
lr204;12R_12V_04F_03M;t2;0.05;160;1208.21;TRUE;381.51;lr204_t2_12R_12V_04F_03M;12;32517;205.6;60000;0;2.05
lr204;12R_12V_04F_04M;t2;0.05;160;1199.81;TRUE;403.77;lr204_t2_12R_12V_04F_04M;12;32517;219.29;60000;0;2.14
lr205;12R_12V_04F_03M;t2;0.05;160;1222.04;TRUE;309.02;lr205_t2_12R_12V_04F_03M;12;17973;93.39;60000;6.78;21.72
lr205;12R_12V_04F_04M;t2;0.05;160;1221.99;TRUE;344.24;lr205_t2_12R_12V_04F_04M;12;5312;31.03;60000;0.06;22.12
LR1_2_1;40R_40V_02F_05M;t1;0.05;160;8871.06;TRUE;188;LR1_2_1_t1_40R_40V_02F_05M;40;36912;115.63;60000;99.61;5.76
LR1_2_1;40R_40V_02F_06M;t1;0.05;160;8887.73;TRUE;315.03;LR1_2_1_t1_40R_40V_02F_06M;40;25106;132.72;60000;95.98;5.95
LR1_2_2;40R_40V_02F_05M;t1;0.05;160;7830.15;TRUE;291;LR1_2_2_t1_40R_40V_02F_05M;40;54155;262.3;60000;98.69;4.66
LR1_2_2;40R_40V_02F_06M;t1;0.05;160;7745.22;TRUE;382.85;LR1_2_2_t1_40R_40V_02F_06M;40;44672;284.71;60000;95.43;4.65
LR1_2_3;40R_40V_02F_05M;t1;0.05;160;6298.39;TRUE;452.9;LR1_2_3_t1_40R_40V_02F_05M;40;5134;38.76;60000;94.08;3.97
LR1_2_3;40R_40V_02F_06M;t1;0.05;160;5955.7;TRUE;845.79;LR1_2_3_t1_40R_40V_02F_06M;40;47899;667.91;60000;59.31;4.12
LR1_2_4;40R_40V_02F_05M;t1;0.05;160;5079.41;TRUE;1161.63;LR1_2_4_t1_40R_40V_02F_05M;40;16453;322.02;60000;57.4;5.33
LR1_2_4;40R_40V_02F_06M;t1;0.05;160;5192;TRUE;1624.13;LR1_2_4_t1_40R_40V_02F_06M;40;48508;1312.37;60000;24.38;5.08
LR1_2_5;40R_40V_02F_05M;t1;0.05;160;5996.05;TRUE;1033.64;LR1_2_5_t1_40R_40V_02F_05M;40;48267;833.66;60000;8.12;6.44
LR1_2_5;40R_40V_02F_06M;t1;0.05;160;5974.15;TRUE;1163.25;LR1_2_5_t1_40R_40V_02F_06M;40;29301;570.84;60000;2.95;6.55
LR2_2_1;40R_40V_02F_05M;t2;0.05;160;8477.12;TRUE;1220.04;LR2_2_1_t2_40R_40V_02F_05M;40;10579;191.85;60000;12.97;6.81
LR2_2_1;40R_40V_02F_06M;t2;0.05;160;8522.36;TRUE;1295.15;LR2_2_1_t2_40R_40V_02F_06M;40;9236;193.82;60000;13.46;7.02
LR2_2_2;40R_40V_02F_05M;t2;0.05;160;7151.88;TRUE;1759.05;LR2_2_2_t2_40R_40V_02F_05M;40;9572;284.39;60000;17.17;7.28
LR2_2_2;40R_40V_02F_06M;t2;0.05;160;7081.49;TRUE;2011.33;LR2_2_2_t2_40R_40V_02F_06M;40;49336;1643.29;60000;0.33;7.52
LR2_2_3;40R_40V_02F_05M;t2;0.05;160;6499.16;TRUE;2587.8;LR2_2_3_t2_40R_40V_02F_05M;40;26219;1187.15;60000;0;3.19
LR2_2_3;40R_40V_02F_06M;t2;0.05;160;6619.48;TRUE;2842.62;LR2_2_3_t2_40R_40V_02F_06M;40;6271;248.2;60000;0;3.32
LR2_2_4;40R_40V_02F_05M;t2;0.05;160;5011.42;TRUE;3600.05;LR2_2_4_t2_40R_40V_02F_05M;40;9469;682.92;53253;0;1.87
LR2_2_4;40R_40V_02F_06M;t2;0.05;160;4817.5;TRUE;3600.07;LR2_2_4_t2_40R_40V_02F_06M;40;9469;711.78;48084;0;1.9
LR2_2_5;40R_40V_02F_05M;t2;0.05;160;8011.68;TRUE;1693.29;LR2_2_5_t2_40R_40V_02F_05M;40;15712;447.24;60000;0;8.78
LR2_2_5;40R_40V_02F_06M;t2;0.05;160;8007.77;TRUE;1767.54;LR2_2_5_t2_40R_40V_02F_06M;40;15712;482.44;60000;0;8.84
LR1_2_1;40R_40V_04F_05M;t1;0.05;160;NA;FALSE;145.02;LR1_2_1_t1_40R_40V_04F_05M;40;0;0;60000;100;0
LR1_2_1;40R_40V_04F_06M;t1;0.05;160;11437.75;TRUE;202.26;LR1_2_1_t1_40R_40V_04F_06M;40;1;0.02;60000;100;6.88
LR1_2_2;40R_40V_04F_05M;t1;0.05;160;9851.1;TRUE;190.53;LR1_2_2_t1_40R_40V_04F_05M;40;29343;94.06;60000;100;5.74
LR1_2_2;40R_40V_04F_06M;t1;0.05;160;9590.94;TRUE;286.82;LR1_2_2_t1_40R_40V_04F_06M;40;3665;17.94;60000;99.92;6.06
LR1_2_3;40R_40V_04F_05M;t1;0.05;160;9470.22;TRUE;268.94;LR1_2_3_t1_40R_40V_04F_05M;40;17086;77.74;60000;100;5.66
LR1_2_3;40R_40V_04F_06M;t1;0.05;160;8821.68;TRUE;391.73;LR1_2_3_t1_40R_40V_04F_06M;40;22759;147.86;60000;99.93;5.24
LR1_2_4;40R_40V_04F_05M;t1;0.05;160;7175.83;TRUE;797.99;LR1_2_4_t1_40R_40V_04F_05M;40;5531;72.55;60000;95.66;5.31
LR1_2_4;40R_40V_04F_06M;t1;0.05;160;7098.04;TRUE;1028.87;LR1_2_4_t1_40R_40V_04F_06M;40;6354;124.41;60000;88;4.81
LR1_2_5;40R_40V_04F_05M;t1;0.05;160;9534.68;TRUE;299.3;LR1_2_5_t1_40R_40V_04F_05M;40;1;0.01;60000;100;5.7
LR1_2_5;40R_40V_04F_06M;t1;0.05;160;8849.11;TRUE;483.72;LR1_2_5_t1_40R_40V_04F_06M;40;33653;271.49;60000;99.44;6.47
LR2_2_1;40R_40V_04F_05M;t2;0.05;160;9987;TRUE;1210.8;LR2_2_1_t2_40R_40V_04F_05M;40;15803;319.38;60000;55.94;5.96
LR2_2_1;40R_40V_04F_06M;t2;0.05;160;9600.86;TRUE;1314.35;LR2_2_1_t2_40R_40V_04F_06M;40;9531;210.21;60000;55.55;6.37
LR2_2_2;40R_40V_04F_05M;t2;0.05;160;8255.9;TRUE;2606.88;LR2_2_2_t2_40R_40V_04F_05M;40;30204;1313.64;60000;3.72;5.07
LR2_2_2;40R_40V_04F_06M;t2;0.05;160;8404.72;TRUE;2849.17;LR2_2_2_t2_40R_40V_04F_06M;40;33742;1605.14;60000;0.07;5.52
LR2_2_3;40R_40V_04F_05M;t2;0.05;160;7931.46;TRUE;3401.05;LR2_2_3_t2_40R_40V_04F_05M;40;33557;1904.6;60000;23.49;2.48
LR2_2_3;40R_40V_04F_06M;t2;0.05;160;7895.41;TRUE;3600.03;LR2_2_3_t2_40R_40V_04F_06M;40;23216;1617.26;51878;1.73;2.68
LR2_2_4;40R_40V_04F_05M;t2;0.05;160;6047.75;TRUE;3600.07;LR2_2_4_t2_40R_40V_04F_05M;40;8351;934.97;32074;0;1.3
LR2_2_4;40R_40V_04F_06M;t2;0.05;160;6071.27;TRUE;3600.03;LR2_2_4_t2_40R_40V_04F_06M;40;9313;1112.02;30153;0;1.36
LR2_2_5;40R_40V_04F_05M;t2;0.05;160;9239.14;TRUE;2347.26;LR2_2_5_t2_40R_40V_04F_05M;40;29019;1135.45;60000;0;6.55
LR2_2_5;40R_40V_04F_06M;t2;0.05;160;9231.07;TRUE;2491.92;LR2_2_5_t2_40R_40V_04F_06M;40;46540;1932.63;60000;0;6.75
LR1_2_1;60R_60V_02F_05M;t1;0.05;160;12887.09;TRUE;364.79;LR1_2_1_t1_60R_60V_02F_05M;60;38795;235.99;60000;99.99;5.67
LR1_2_1;60R_60V_02F_06M;t1;0.05;160;12388.53;TRUE;510.25;LR1_2_1_t1_60R_60V_02F_06M;60;23603;201.35;60000;99.83;5.84
LR1_2_2;60R_60V_02F_05M;t1;0.05;160;11286.64;TRUE;696.18;LR1_2_2_t1_60R_60V_02F_05M;60;7222;84.35;60000;95.36;5.48
LR1_2_2;60R_60V_02F_06M;t1;0.05;160;11128.45;TRUE;1007.14;LR1_2_2_t1_60R_60V_02F_06M;60;56002;941.77;60000;86.51;5.56
LR1_2_3;60R_60V_02F_05M;t1;0.05;160;9727.73;TRUE;731.35;LR1_2_3_t1_60R_60V_02F_05M;60;54885;669.59;60000;99.78;3.98
LR1_2_3;60R_60V_02F_06M;t1;0.05;160;9730.7;TRUE;978.75;LR1_2_3_t1_60R_60V_02F_06M;60;52015;847.81;60000;98.21;3.96
LR1_2_4;60R_60V_02F_05M;t1;0.05;160;7077.84;TRUE;2733.5;LR1_2_4_t1_60R_60V_02F_05M;60;56177;2557.25;60000;50.9;2.46
LR1_2_4;60R_60V_02F_06M;t1;0.05;160;6967.68;TRUE;3600.02;LR1_2_4_t1_60R_60V_02F_06M;60;33271;2108.25;57054;19.93;2.43
LR1_2_5;60R_60V_02F_05M;t1;0.05;160;10122.59;TRUE;1294.62;LR1_2_5_t1_60R_60V_02F_05M;60;8801;190.44;60000;63.17;5.75
LR1_2_5;60R_60V_02F_06M;t1;0.05;160;10066.25;TRUE;1625.37;LR1_2_5_t1_60R_60V_02F_06M;60;5312;143.24;60000;50.02;6.04
LR2_2_1;60R_60V_02F_05M;t2;0.05;160;13137.76;TRUE;2552.91;LR2_2_1_t2_60R_60V_02F_05M;60;4634;200.2;60000;32.97;7.06
LR2_2_1;60R_60V_02F_06M;t2;0.05;160;13402.93;TRUE;3021.41;LR2_2_1_t2_60R_60V_02F_06M;60;57906;2916.11;60000;22.76;7.21
LR2_2_2;60R_60V_02F_05M;t2;0.05;160;10775.61;TRUE;3600.06;LR2_2_2_t2_60R_60V_02F_05M;60;35303;2706.98;46941;0;5.95
LR2_2_2;60R_60V_02F_06M;t2;0.05;160;10757.16;TRUE;3600.01;LR2_2_2_t2_60R_60V_02F_06M;60;35303;2996.69;42425;0;6.03
LR2_2_3;60R_60V_02F_05M;t2;0.05;160;10604.57;TRUE;3600.08;LR2_2_3_t2_60R_60V_02F_05M;60;18501;1790.84;37140;5.13;3.95
LR2_2_3;60R_60V_02F_06M;t2;0.05;160;10664.38;TRUE;3600.03;LR2_2_3_t2_60R_60V_02F_06M;60;8732;928.26;34230;0.06;4.1
LR2_2_4;60R_60V_02F_05M;t2;0.05;160;8128.19;TRUE;3600.06;LR2_2_4_t2_60R_60V_02F_05M;60;456;69.07;23967;0;1.34
LR2_2_4;60R_60V_02F_06M;t2;0.05;160;7847.09;TRUE;3600.11;LR2_2_4_t2_60R_60V_02F_06M;60;14781;2378.97;22322;0;1.35
LR2_2_5;60R_60V_02F_05M;t2;0.05;160;12869.79;TRUE;3600.04;LR2_2_5_t2_60R_60V_02F_05M;60;33165;2080.14;57437;0;6.99
LR2_2_5;60R_60V_02F_06M;t2;0.05;160;12940.28;TRUE;3600.05;LR2_2_5_t2_60R_60V_02F_06M;60;33165;2247.56;53159;0;7.1
LR1_2_1;60R_60V_04F_05M;t1;0.05;160;NA;FALSE;396.2;LR1_2_1_t1_60R_60V_04F_05M;60;0;0;60000;100;0
LR1_2_1;60R_60V_04F_06M;t1;0.05;160;15528.81;TRUE;557.29;LR1_2_1_t1_60R_60V_04F_06M;60;6751;63.55;60000;99.99;8.3
LR1_2_2;60R_60V_04F_05M;t1;0.05;160;NA;FALSE;335.93;LR1_2_2_t1_60R_60V_04F_05M;60;0;0;60000;100;0
LR1_2_2;60R_60V_04F_06M;t1;0.05;160;NA;FALSE;457.37;LR1_2_2_t1_60R_60V_04F_06M;60;0;0;60000;100;0
LR1_2_3;60R_60V_04F_05M;t1;0.05;160;13357.98;TRUE;592.01;LR1_2_3_t1_60R_60V_04F_05M;60;1;0.09;60000;100;6.07
LR1_2_3;60R_60V_04F_06M;t1;0.05;160;13316.12;TRUE;742.89;LR1_2_3_t1_60R_60V_04F_06M;60;1;0.07;60000;100;6.08
LR1_2_4;60R_60V_04F_05M;t1;0.05;160;10482.27;TRUE;1496.82;LR1_2_4_t1_60R_60V_04F_05M;60;12524;311.32;60000;99.48;3.69
LR1_2_4;60R_60V_04F_06M;t1;0.05;160;9983.93;TRUE;2517.33;LR1_2_4_t1_60R_60V_04F_06M;60;15823;669.21;60000;95.75;3.35
LR1_2_5;60R_60V_04F_05M;t1;0.05;160;NA;FALSE;497.49;LR1_2_5_t1_60R_60V_04F_05M;60;0;0;60000;100;0
LR1_2_5;60R_60V_04F_06M;t1;0.05;160;NA;FALSE;724.09;LR1_2_5_t1_60R_60V_04F_06M;60;0;0;60000;100;0
LR2_2_1;60R_60V_04F_05M;t2;0.05;160;15025.53;TRUE;2847.21;LR2_2_1_t2_60R_60V_04F_05M;60;23232;1106;60000;62.71;5.85
LR2_2_1;60R_60V_04F_06M;t2;0.05;160;15200.8;TRUE;3600.07;LR2_2_1_t2_60R_60V_04F_06M;60;51844;3388.67;55094;37.9;6.01
LR2_2_2;60R_60V_04F_05M;t2;0.05;160;13022.29;TRUE;3600.03;LR2_2_2_t2_60R_60V_04F_05M;60;9381;864.62;39157;25.65;4.45
LR2_2_2;60R_60V_04F_06M;t2;0.05;160;12887.45;TRUE;3600.07;LR2_2_2_t2_60R_60V_04F_06M;60;2852;280.62;36514;26.05;4.59
LR2_2_3;60R_60V_04F_05M;t2;0.05;160;12051.37;TRUE;3600.06;LR2_2_3_t2_60R_60V_04F_05M;60;6646;964.38;24912;6.02;2.82
LR2_2_3;60R_60V_04F_06M;t2;0.05;160;12466.77;TRUE;3600.08;LR2_2_3_t2_60R_60V_04F_06M;60;17839;2806.2;22901;0.45;2.91
LR2_2_4;60R_60V_04F_05M;t2;0.05;160;9918.32;TRUE;3600.08;LR2_2_4_t2_60R_60V_04F_05M;60;5953;1397.64;15315;0;0.9
LR2_2_4;60R_60V_04F_06M;t2;0.05;160;10016.87;TRUE;3600.23;LR2_2_4_t2_60R_60V_04F_06M;60;5953;1485.77;14472;0;0.91
LR2_2_5;60R_60V_04F_05M;t2;0.05;160;14503.1;TRUE;3600.01;LR2_2_5_t2_60R_60V_04F_05M;60;28247;2584.06;39413;0;4.54
LR2_2_5;60R_60V_04F_06M;t2;0.05;160;14449.95;TRUE;3600.04;LR2_2_5_t2_60R_60V_04F_06M;60;14024;1359.24;37615;0;4.87
lr101;06R_06V_02F_03M;t1;0.05;177;780.51;TRUE;107.99;lr101_t1_06R_06V_02F_03M;6;100;0.44;60000;0;15.72
lr101;06R_06V_02F_04M;t1;0.05;177;768.25;TRUE;126.21;lr101_t1_06R_06V_02F_04M;6;104;0.62;60000;0;18
lr102;06R_06V_02F_03M;t1;0.05;177;606.02;TRUE;126.49;lr102_t1_06R_06V_02F_03M;6;2;0.43;60000;0;9.48
lr102;06R_06V_02F_04M;t1;0.05;177;605.59;TRUE;129.88;lr102_t1_06R_06V_02F_04M;6;2;0.43;60000;0;9.55
lr103;06R_06V_02F_03M;t1;0.05;177;607.5;TRUE;129.98;lr103_t1_06R_06V_02F_03M;6;71;0.56;60000;0;16.23
lr103;06R_06V_02F_04M;t1;0.05;177;599.29;TRUE;134.25;lr103_t1_06R_06V_02F_04M;6;71;0.55;60000;0;17.2
lr104;06R_06V_02F_03M;t1;0.05;177;431.33;TRUE;117.96;lr104_t1_06R_06V_02F_03M;6;10;0.4;60000;0;19.72
lr104;06R_06V_02F_04M;t1;0.05;177;431.33;TRUE;122.08;lr104_t1_06R_06V_02F_04M;6;10;0.44;60000;0;18.05
lr105;06R_06V_02F_03M;t1;0.05;177;660.1;TRUE;63.21;lr105_t1_06R_06V_02F_03M;6;1;0;60000;50.08;29.44
lr105;06R_06V_02F_04M;t1;0.05;177;654.89;TRUE;64.81;lr105_t1_06R_06V_02F_04M;6;1;0;60000;50.08;29.6
lr201;06R_06V_02F_03M;t2;0.05;177;793.39;TRUE;105.95;lr201_t2_06R_06V_02F_03M;6;19;0.46;60000;0;28.5
lr201;06R_06V_02F_04M;t2;0.05;177;793.39;TRUE;108.48;lr201_t2_06R_06V_02F_04M;6;19;0.47;60000;0;28.5
lr202;06R_06V_02F_03M;t2;0.05;177;545.89;TRUE;124.72;lr202_t2_06R_06V_02F_03M;6;20;0.47;60000;0;32.09
lr202;06R_06V_02F_04M;t2;0.05;177;545.89;TRUE;127.21;lr202_t2_06R_06V_02F_04M;6;255;0.98;60000;0;32.25
lr203;06R_06V_02F_03M;t2;0.05;177;686.32;TRUE;132.01;lr203_t2_06R_06V_02F_03M;6;39;0.52;60000;0;35.28
lr203;06R_06V_02F_04M;t2;0.05;177;686.32;TRUE;135.34;lr203_t2_06R_06V_02F_04M;6;39;0.5;60000;0;35.57
lr204;06R_06V_02F_03M;t2;0.05;177;611.17;TRUE;150.87;lr204_t2_06R_06V_02F_03M;6;2853;7.67;60000;0;25.02
lr204;06R_06V_02F_04M;t2;0.05;177;610.66;TRUE;153.06;lr204_t2_06R_06V_02F_04M;6;1498;4.31;60000;0;25.09
lr205;06R_06V_02F_03M;t2;0.05;177;540.49;TRUE;138.34;lr205_t2_06R_06V_02F_03M;6;51;0.53;60000;0;29.55
lr205;06R_06V_02F_04M;t2;0.05;177;540.45;TRUE;142.28;lr205_t2_06R_06V_02F_04M;6;51;0.55;60000;0;29.64
lr101;06R_06V_04F_03M;t1;0.05;177;749.14;TRUE;110.31;lr101_t1_06R_06V_04F_03M;6;1;0;60000;9.99;10.66
lr101;06R_06V_04F_04M;t1;0.05;177;736.64;TRUE;123.37;lr101_t1_06R_06V_04F_04M;6;11;0.45;60000;0;12.7
lr102;06R_06V_04F_03M;t1;0.05;177;724.27;TRUE;127.3;lr102_t1_06R_06V_04F_03M;6;115;0.66;60000;10.1;9.7
lr102;06R_06V_04F_04M;t1;0.05;177;692.08;TRUE;131.97;lr102_t1_06R_06V_04F_04M;6;285;1.08;60000;8.43;10.53
lr103;06R_06V_04F_03M;t1;0.05;177;947.66;TRUE;147.39;lr103_t1_06R_06V_04F_03M;6;32;0.47;60000;0;12.27
lr103;06R_06V_04F_04M;t1;0.05;177;974.37;TRUE;148.14;lr103_t1_06R_06V_04F_04M;6;6;0.41;60000;0;14.35
lr104;06R_06V_04F_03M;t1;0.05;177;659.55;TRUE;59.94;lr104_t1_06R_06V_04F_03M;6;13;0.41;60000;60.4;17.02
lr104;06R_06V_04F_04M;t1;0.05;177;656.61;TRUE;61.99;lr104_t1_06R_06V_04F_04M;6;13;0.43;60000;59.7;17.63
lr105;06R_06V_04F_03M;t1;0.05;177;864.51;TRUE;69.07;lr105_t1_06R_06V_04F_03M;6;9;0.42;60000;50.08;19.3
lr105;06R_06V_04F_04M;t1;0.05;177;856.98;TRUE;70.77;lr105_t1_06R_06V_04F_04M;6;9;0.39;60000;50.08;19.44
lr201;06R_06V_04F_03M;t2;0.05;177;936.6;TRUE;131.71;lr201_t2_06R_06V_04F_03M;6;11;0.45;60000;0;18.64
lr201;06R_06V_04F_04M;t2;0.05;177;935.98;TRUE;133.42;lr201_t2_06R_06V_04F_04M;6;11;0.41;60000;0;18.68
lr202;06R_06V_04F_03M;t2;0.05;177;604.04;TRUE;150.88;lr202_t2_06R_06V_04F_03M;6;91;0.66;60000;0;36.66
lr202;06R_06V_04F_04M;t2;0.05;177;604.04;TRUE;152.95;lr202_t2_06R_06V_04F_04M;6;91;0.63;60000;0;39.85
lr203;06R_06V_04F_03M;t2;0.05;177;797.56;TRUE;149.64;lr203_t2_06R_06V_04F_03M;6;26013;64.94;60000;0;37.1
lr203;06R_06V_04F_04M;t2;0.05;177;725.28;TRUE;151.33;lr203_t2_06R_06V_04F_04M;6;39;0.53;60000;0;31.3
lr204;06R_06V_04F_03M;t2;0.05;177;764.38;TRUE;166.39;lr204_t2_06R_06V_04F_03M;6;1571;4.67;60000;0;17.13
lr204;06R_06V_04F_04M;t2;0.05;177;760.99;TRUE;170.49;lr204_t2_06R_06V_04F_04M;6;1571;4.83;60000;0;17.04
lr205;06R_06V_04F_03M;t2;0.05;177;604.07;TRUE;154.63;lr205_t2_06R_06V_04F_03M;6;1191;4.41;60000;0;24.7
lr205;06R_06V_04F_04M;t2;0.05;177;599.81;TRUE;159.76;lr205_t2_06R_06V_04F_04M;6;1191;3.46;60000;0;24.94
lr101;08R_08V_02F_03M;t1;0.05;177;1018.05;TRUE;143.28;lr101_t1_08R_08V_02F_03M;8;23;0.45;60000;0;22.58
lr101;08R_08V_02F_04M;t1;0.05;177;1010.27;TRUE;145.08;lr101_t1_08R_08V_02F_04M;8;67;0.6;60000;0;23.82
lr102;08R_08V_02F_03M;t1;0.05;177;869.72;TRUE;148.37;lr102_t1_08R_08V_02F_03M;8;5;0.43;60000;0;11.03
lr102;08R_08V_02F_04M;t1;0.05;177;864.66;TRUE;154.31;lr102_t1_08R_08V_02F_04M;8;5;0.43;60000;0;11.2
lr103;08R_08V_02F_03M;t1;0.05;177;769.29;TRUE;159.15;lr103_t1_08R_08V_02F_03M;8;381;1.44;60000;0;10.29
lr103;08R_08V_02F_04M;t1;0.05;177;761.62;TRUE;165.27;lr103_t1_08R_08V_02F_04M;8;381;1.44;60000;0;10.82
lr104;08R_08V_02F_03M;t1;0.05;177;765.44;TRUE;158.84;lr104_t1_08R_08V_02F_03M;8;4;0.43;60000;0;10.55
lr104;08R_08V_02F_04M;t1;0.05;177;762.11;TRUE;162.01;lr104_t1_08R_08V_02F_04M;8;4;0.43;60000;0;9.57
lr105;08R_08V_02F_03M;t1;0.05;177;869.95;TRUE;150.24;lr105_t1_08R_08V_02F_03M;8;10;0.45;60000;0;16.87
lr105;08R_08V_02F_04M;t1;0.05;177;858.77;TRUE;152.2;lr105_t1_08R_08V_02F_04M;8;3;0.43;60000;0;17.09
lr201;08R_08V_02F_03M;t2;0.05;177;930.52;TRUE;135.89;lr201_t2_08R_08V_02F_03M;8;129;0.7;60000;0;23.23
lr201;08R_08V_02F_04M;t2;0.05;177;929.83;TRUE;140.4;lr201_t2_08R_08V_02F_04M;8;129;0.75;60000;0;23.28
lr202;08R_08V_02F_03M;t2;0.05;177;717.53;TRUE;165.37;lr202_t2_08R_08V_02F_03M;8;8555;24.16;60000;0;33.16
lr202;08R_08V_02F_04M;t2;0.05;177;715.2;TRUE;168.63;lr202_t2_08R_08V_02F_04M;8;11269;31.56;60000;0;33.4
lr203;08R_08V_02F_03M;t2;0.05;177;728.54;TRUE;173.08;lr203_t2_08R_08V_02F_03M;8;1072;3.59;60000;0;22.22
lr203;08R_08V_02F_04M;t2;0.05;177;724.91;TRUE;179.55;lr203_t2_08R_08V_02F_04M;8;1072;3.71;60000;0;22.42
lr204;08R_08V_02F_03M;t2;0.05;177;708.43;TRUE;167.2;lr204_t2_08R_08V_02F_03M;8;3939;11.37;60000;0;15.61
lr204;08R_08V_02F_04M;t2;0.05;177;705.74;TRUE;172.4;lr204_t2_08R_08V_02F_04M;8;3939;11.32;60000;0;15.76
lr205;08R_08V_02F_03M;t2;0.05;177;736.45;TRUE;168.64;lr205_t2_08R_08V_02F_03M;8;890;2.97;60000;0;27.59
lr205;08R_08V_02F_04M;t2;0.05;177;729.88;TRUE;175.46;lr205_t2_08R_08V_02F_04M;8;5175;15.69;60000;0;27.79
lr101;08R_08V_04F_03M;t1;0.05;177;1166.54;TRUE;59.89;lr101_t1_08R_08V_04F_03M;8;376;0.84;60000;69.34;14.24
lr101;08R_08V_04F_04M;t1;0.05;177;1135.03;TRUE;150.04;lr101_t1_08R_08V_04F_04M;8;68;0.6;60000;10.21;16.59
lr102;08R_08V_04F_03M;t1;0.05;177;1030.42;TRUE;32.52;lr102_t1_08R_08V_04F_03M;8;857;0.95;60000;87.81;11.44
lr102;08R_08V_04F_04M;t1;0.05;177;1003.13;TRUE;153.58;lr102_t1_08R_08V_04F_04M;8;5;0.43;60000;9.51;9.73
lr103;08R_08V_04F_03M;t1;0.05;177;1099.07;TRUE;77.89;lr103_t1_08R_08V_04F_03M;8;395;0.91;60000;66.16;12.12
lr103;08R_08V_04F_04M;t1;0.05;177;1086.46;TRUE;101.69;lr103_t1_08R_08V_04F_04M;8;380;1.04;60000;55.86;13.16
lr104;08R_08V_04F_03M;t1;0.05;177;1096.75;TRUE;75.82;lr104_t1_08R_08V_04F_03M;8;436;0.97;60000;67.41;14.29
lr104;08R_08V_04F_04M;t1;0.05;177;1092.54;TRUE;102.57;lr104_t1_08R_08V_04F_04M;8;1977;3.77;60000;54.39;12.64
lr105;08R_08V_04F_03M;t1;0.05;177;1068.12;TRUE;155.51;lr105_t1_08R_08V_04F_03M;8;79;0.64;60000;4.34;11.89
lr105;08R_08V_04F_04M;t1;0.05;177;1053.6;TRUE;154.8;lr105_t1_08R_08V_04F_04M;8;13;0.46;60000;7.59;11.47
lr201;08R_08V_04F_03M;t2;0.05;177;1142.97;TRUE;163.54;lr201_t2_08R_08V_04F_03M;8;97;0.7;60000;4.4;20.33
lr201;08R_08V_04F_04M;t2;0.05;177;1136.32;TRUE;168.25;lr201_t2_08R_08V_04F_04M;8;97;0.71;60000;4.41;20.5
lr202;08R_08V_04F_03M;t2;0.05;177;885.9;TRUE;207.21;lr202_t2_08R_08V_04F_03M;8;45;0.59;60000;0;27.9
lr202;08R_08V_04F_04M;t2;0.05;177;880.69;TRUE;213.36;lr202_t2_08R_08V_04F_04M;8;45;0.58;60000;0;28.24
lr203;08R_08V_04F_03M;t2;0.05;177;929.42;TRUE;209.88;lr203_t2_08R_08V_04F_03M;8;1909;7.01;60000;0;16.14
lr203;08R_08V_04F_04M;t2;0.05;177;928.97;TRUE;215.15;lr203_t2_08R_08V_04F_04M;8;1909;7.14;60000;0;16.74
lr204;08R_08V_04F_03M;t2;0.05;177;888.62;TRUE;214.47;lr204_t2_08R_08V_04F_03M;8;17366;62.4;60000;0;8.32
lr204;08R_08V_04F_04M;t2;0.05;177;882.99;TRUE;222.52;lr204_t2_08R_08V_04F_04M;8;17366;64.81;60000;0;8.54
lr205;08R_08V_04F_03M;t2;0.05;177;943.22;TRUE;206.21;lr205_t2_08R_08V_04F_03M;8;7597;27.38;60000;0;19.54
lr205;08R_08V_04F_04M;t2;0.05;177;936.98;TRUE;210.2;lr205_t2_08R_08V_04F_04M;8;7597;27.12;60000;0;19.68
lr101;10R_10V_02F_03M;t1;0.05;177;1194.55;TRUE;166.43;lr101_t1_10R_10V_02F_03M;10;12;0.46;60000;0;21.13
lr101;10R_10V_02F_04M;t1;0.05;177;1187.36;TRUE;171.68;lr101_t1_10R_10V_02F_04M;10;31;0.5;60000;0;22.35
lr102;10R_10V_02F_03M;t1;0.05;177;1025.34;TRUE;69.66;lr102_t1_10R_10V_02F_03M;10;713;1.38;60000;66.71;10.75
lr102;10R_10V_02F_04M;t1;0.05;177;1022.31;TRUE;131.77;lr102_t1_10R_10V_02F_04M;10;260;1.01;60000;32.5;10.69
lr103;10R_10V_02F_03M;t1;0.05;177;1034.38;TRUE;85.27;lr103_t1_10R_10V_02F_03M;10;18;0.47;60000;63.39;12.6
lr103;10R_10V_02F_04M;t1;0.05;177;1022.42;TRUE;179.92;lr103_t1_10R_10V_02F_04M;10;21;0.5;60000;15.8;11.86
lr104;10R_10V_02F_03M;t1;0.05;177;891.3;TRUE;106.5;lr104_t1_10R_10V_02F_03M;10;25144;44.79;60000;46.86;9.44
lr104;10R_10V_02F_04M;t1;0.05;177;892.38;TRUE;111.73;lr104_t1_10R_10V_02F_04M;10;8663;16.39;60000;46.75;9.29
lr105;10R_10V_02F_03M;t1;0.05;177;1207.1;TRUE;99.83;lr105_t1_10R_10V_02F_03M;10;2;0.42;60000;49.52;19.14
lr105;10R_10V_02F_04M;t1;0.05;177;1188.48;TRUE;184.12;lr105_t1_10R_10V_02F_04M;10;2;0.41;60000;0;20.11
lr201;10R_10V_02F_03M;t2;0.05;177;1013.31;TRUE;163.26;lr201_t2_10R_10V_02F_03M;10;217;1.11;60000;6.51;26.94
lr201;10R_10V_02F_04M;t2;0.05;177;1013.31;TRUE;170.53;lr201_t2_10R_10V_02F_04M;10;217;1.08;60000;6.51;26.94
lr202;10R_10V_02F_03M;t2;0.05;177;909.66;TRUE;198.39;lr202_t2_10R_10V_02F_03M;10;12651;42.4;60000;0;31.23
lr202;10R_10V_02F_04M;t2;0.05;177;907.43;TRUE;207.04;lr202_t2_10R_10V_02F_04M;10;12651;44.5;60000;0;32.39
lr203;10R_10V_02F_03M;t2;0.05;177;870.67;TRUE;240.19;lr203_t2_10R_10V_02F_03M;10;34967;140.22;60000;0;17.73
lr203;10R_10V_02F_04M;t2;0.05;177;868.77;TRUE;252.11;lr203_t2_10R_10V_02F_04M;10;34967;147.08;60000;0;17.81
lr204;10R_10V_02F_03M;t2;0.05;177;746;TRUE;219.31;lr204_t2_10R_10V_02F_03M;10;14743;53.82;60000;0;9.06
lr204;10R_10V_02F_04M;t2;0.05;177;748.86;TRUE;230.91;lr204_t2_10R_10V_02F_04M;10;26997;103.57;60000;0;9.33
lr205;10R_10V_02F_03M;t2;0.05;177;876.18;TRUE;209.43;lr205_t2_10R_10V_02F_03M;10;52336;183.07;60000;0;26.28
lr205;10R_10V_02F_04M;t2;0.05;177;868.72;TRUE;218.99;lr205_t2_10R_10V_02F_04M;10;52336;190.97;60000;0;26.31
lr101;10R_10V_04F_03M;t1;0.05;177;1343.37;TRUE;118.74;lr101_t1_10R_10V_04F_03M;10;334;1.05;60000;42.82;18.89
lr101;10R_10V_04F_04M;t1;0.05;177;1334.41;TRUE;192.17;lr101_t1_10R_10V_04F_04M;10;2263;7.42;60000;0;20.5
lr102;10R_10V_04F_03M;t1;0.05;177;1155.25;TRUE;38.71;lr102_t1_10R_10V_04F_03M;10;5043;3.85;60000;88.37;7.51
lr102;10R_10V_04F_04M;t1;0.05;177;1145.23;TRUE;128.86;lr102_t1_10R_10V_04F_04M;10;3707;8.48;60000;39.91;9.11
lr103;10R_10V_04F_03M;t1;0.05;177;1485.44;TRUE;28.73;lr103_t1_10R_10V_04F_03M;10;1534;1.13;60000;97.42;12.4
lr103;10R_10V_04F_04M;t1;0.05;177;1444.21;TRUE;107.07;lr103_t1_10R_10V_04F_04M;10;1383;2.84;60000;66.74;12.19
lr104;10R_10V_04F_03M;t1;0.05;177;1232.39;TRUE;94.56;lr104_t1_10R_10V_04F_03M;10;322;0.91;60000;65.88;7.51
lr104;10R_10V_04F_04M;t1;0.05;177;1218.3;TRUE;110.96;lr104_t1_10R_10V_04F_04M;10;1692;3.45;60000;59.34;8.72
lr105;10R_10V_04F_03M;t1;0.05;177;1592.96;TRUE;20.92;lr105_t1_10R_10V_04F_03M;10;18518;6.93;60000;97.37;16.58
lr105;10R_10V_04F_04M;t1;0.05;177;1517.24;TRUE;65.78;lr105_t1_10R_10V_04F_04M;10;2995;3.76;60000;76.83;17.69
lr201;10R_10V_04F_03M;t2;0.05;177;1359.59;TRUE;191.23;lr201_t2_10R_10V_04F_03M;10;36635;117.17;60000;12.72;22.32
lr201;10R_10V_04F_04M;t2;0.05;177;1359.59;TRUE;200.25;lr201_t2_10R_10V_04F_04M;10;36635;122.52;60000;12.72;22.77
lr202;10R_10V_04F_03M;t2;0.05;177;1258.79;TRUE;256.09;lr202_t2_10R_10V_04F_03M;10;28774;122.95;60000;0.52;27.67
lr202;10R_10V_04F_04M;t2;0.05;177;1241.47;TRUE;274.04;lr202_t2_10R_10V_04F_04M;10;39238;177.72;60000;0;30.44
lr203;10R_10V_04F_03M;t2;0.05;177;1004.21;TRUE;302.83;lr203_t2_10R_10V_04F_03M;10;42110;212.34;60000;0;13.5
lr203;10R_10V_04F_04M;t2;0.05;177;989.2;TRUE;321.68;lr203_t2_10R_10V_04F_04M;10;6366;34.11;60000;0;13.63
lr204;10R_10V_04F_03M;t2;0.05;177;965.47;TRUE;300.15;lr204_t2_10R_10V_04F_03M;10;25046;125.87;60000;0;5.3
lr204;10R_10V_04F_04M;t2;0.05;177;957.05;TRUE;320.18;lr204_t2_10R_10V_04F_04M;10;25046;133.68;60000;0;5.54
lr205;10R_10V_04F_03M;t2;0.05;177;1057.21;TRUE;251.5;lr205_t2_10R_10V_04F_03M;10;14831;61.81;60000;0.01;23.12
lr205;10R_10V_04F_04M;t2;0.05;177;1032.38;TRUE;261.71;lr205_t2_10R_10V_04F_04M;10;51992;226.63;60000;0;23.26
lr101;12R_12V_02F_03M;t1;0.05;177;1444.04;TRUE;184.57;lr101_t1_12R_12V_02F_03M;12;101;0.75;60000;9.91;23.23
lr101;12R_12V_02F_04M;t1;0.05;177;1437.74;TRUE;189.85;lr101_t1_12R_12V_02F_04M;12;232;1.07;60000;9.91;23.36
lr102;12R_12V_02F_03M;t1;0.05;177;1404.9;TRUE;114.39;lr102_t1_12R_12V_02F_03M;12;23;0.46;60000;49.85;14.39
lr102;12R_12V_02F_04M;t1;0.05;177;1397.72;TRUE;117.21;lr102_t1_12R_12V_02F_04M;12;5241;10.54;60000;49.85;14.41
lr103;12R_12V_02F_03M;t1;0.05;177;1138.94;TRUE;153.98;lr103_t1_12R_12V_02F_03M;12;1242;3.66;60000;34.85;10.55
lr103;12R_12V_02F_04M;t1;0.05;177;1126.46;TRUE;180.14;lr103_t1_12R_12V_02F_04M;12;813;2.92;60000;27.95;11.12
lr104;12R_12V_02F_03M;t1;0.05;177;1233.18;TRUE;122.32;lr104_t1_12R_12V_02F_03M;12;817;2.13;60000;54.75;5.48
lr104;12R_12V_02F_04M;t1;0.05;177;1223.17;TRUE;147.57;lr104_t1_12R_12V_02F_04M;12;426;1.46;60000;45.72;5.97
lr105;12R_12V_02F_03M;t1;0.05;177;1316.34;TRUE;73.37;lr105_t1_12R_12V_02F_03M;12;4125;5.4;60000;71.48;14.21
lr105;12R_12V_02F_04M;t1;0.05;177;1301.89;TRUE;184.45;lr105_t1_12R_12V_02F_04M;12;1;0;60000;14.22;15.15
lr201;12R_12V_02F_03M;t2;0.05;177;1411.58;TRUE;202.53;lr201_t2_12R_12V_02F_03M;12;3659;12.13;60000;0;22.19
lr201;12R_12V_02F_04M;t2;0.05;177;1411.18;TRUE;223.57;lr201_t2_12R_12V_02F_04M;12;3659;14.07;60000;0;22.23
lr202;12R_12V_02F_03M;t2;0.05;177;992.46;TRUE;244.92;lr202_t2_12R_12V_02F_03M;12;16561;67.5;60000;0;26.16
lr202;12R_12V_02F_04M;t2;0.05;177;992.22;TRUE;254.27;lr202_t2_12R_12V_02F_04M;12;25660;109.75;60000;0;27
lr203;12R_12V_02F_03M;t2;0.05;177;972.67;TRUE;286.97;lr203_t2_12R_12V_02F_03M;12;52225;250.01;60000;0;15.22
lr203;12R_12V_02F_04M;t2;0.05;177;968.18;TRUE;303.7;lr203_t2_12R_12V_02F_04M;12;52225;264.82;60000;0;15.29
lr204;12R_12V_02F_03M;t2;0.05;177;918.04;TRUE;268.73;lr204_t2_12R_12V_02F_03M;12;31997;144.21;60000;0;4.6
lr204;12R_12V_02F_04M;t2;0.05;177;942.18;TRUE;286.81;lr204_t2_12R_12V_02F_04M;12;48972;234.74;60000;0;4.66
lr205;12R_12V_02F_03M;t2;0.05;177;1048.17;TRUE;251.49;lr205_t2_12R_12V_02F_03M;12;48315;202.24;60000;5.05;24.59
lr205;12R_12V_02F_04M;t2;0.05;177;1055.12;TRUE;270.28;lr205_t2_12R_12V_02F_04M;12;39392;178.38;60000;0.02;24.82
lr101;12R_12V_04F_03M;t1;0.05;177;1651.36;TRUE;23.59;lr101_t1_12R_12V_04F_03M;12;19716;8.06;60000;99.85;15.83
lr101;12R_12V_04F_04M;t1;0.05;177;1621.73;TRUE;47.27;lr101_t1_12R_12V_04F_04M;12;34013;26.97;60000;94.4;15.61
lr102;12R_12V_04F_03M;t1;0.05;177;1658.8;TRUE;31.23;lr102_t1_12R_12V_04F_03M;12;491;0.65;60000;98.06;17.23
lr102;12R_12V_04F_04M;t1;0.05;177;1606.07;TRUE;84.55;lr102_t1_12R_12V_04F_04M;12;1649;2.69;60000;77.44;17.62
lr103;12R_12V_04F_03M;t1;0.05;177;1459.83;TRUE;167.3;lr103_t1_12R_12V_04F_03M;12;18420;52.17;60000;49.32;8.28
lr103;12R_12V_04F_04M;t1;0.05;177;1439.79;TRUE;251.92;lr103_t1_12R_12V_04F_04M;12;21069;88.85;60000;16.89;8.77
lr104;12R_12V_04F_03M;t1;0.05;177;1490.62;TRUE;80.8;lr104_t1_12R_12V_04F_03M;12;56264;75.83;60000;82.87;6.76
lr104;12R_12V_04F_04M;t1;0.05;177;1484.94;TRUE;153.63;lr104_t1_12R_12V_04F_04M;12;11223;29.78;60000;58.16;4.87
lr105;12R_12V_04F_03M;t1;0.05;177;1728.08;TRUE;23.09;lr105_t1_12R_12V_04F_03M;12;561;0.61;60000;99.14;15.17
lr105;12R_12V_04F_04M;t1;0.05;177;1714.98;TRUE;88.99;lr105_t1_12R_12V_04F_04M;12;13712;20.71;60000;74.6;14.56
lr201;12R_12V_04F_03M;t2;0.05;177;1576.36;TRUE;258.38;lr201_t2_12R_12V_04F_03M;12;9766;43.14;60000;3.73;18.67
lr201;12R_12V_04F_04M;t2;0.05;177;1573.87;TRUE;269.04;lr201_t2_12R_12V_04F_04M;12;41901;188.59;60000;3.98;19.91
lr202;12R_12V_04F_03M;t2;0.05;177;1229.98;TRUE;327.02;lr202_t2_12R_12V_04F_03M;12;47192;259.01;60000;0.03;21.09
lr202;12R_12V_04F_04M;t2;0.05;177;1209.27;TRUE;294.62;lr202_t2_12R_12V_04F_04M;12;25289;135.36;60000;0;22.14
lr203;12R_12V_04F_03M;t2;0.05;177;1226.58;TRUE;343.67;lr203_t2_12R_12V_04F_03M;12;50370;281.91;60000;0;10.37
lr203;12R_12V_04F_04M;t2;0.05;177;1222.09;TRUE;413.96;lr203_t2_12R_12V_04F_04M;12;50370;348.26;60000;0;10.52
lr204;12R_12V_04F_03M;t2;0.05;177;1192.38;TRUE;387.16;lr204_t2_12R_12V_04F_03M;12;55616;358.7;60000;0;2.01
lr204;12R_12V_04F_04M;t2;0.05;177;1185.88;TRUE;401.97;lr204_t2_12R_12V_04F_04M;12;55616;372.59;60000;0;2.14
lr205;12R_12V_04F_03M;t2;0.05;177;1237.01;TRUE;306.82;lr205_t2_12R_12V_04F_03M;12;9375;48.71;60000;6.8;21.68
lr205;12R_12V_04F_04M;t2;0.05;177;1225.38;TRUE;343.9;lr205_t2_12R_12V_04F_04M;12;12891;74.85;60000;0.06;22.12
LR1_2_1;40R_40V_02F_05M;t1;0.05;177;8989.05;TRUE;191.73;LR1_2_1_t1_40R_40V_02F_05M;40;50451;161.43;60000;99.61;5.82
LR1_2_1;40R_40V_02F_06M;t1;0.05;177;8912.73;TRUE;310.17;LR1_2_1_t1_40R_40V_02F_06M;40;34594;179.27;60000;96.01;5.97
LR1_2_2;40R_40V_02F_05M;t1;0.05;177;7824.65;TRUE;287.59;LR1_2_2_t1_40R_40V_02F_05M;40;20172;96.55;60000;98.71;4.74
LR1_2_2;40R_40V_02F_06M;t1;0.05;177;7783.97;TRUE;383.19;LR1_2_2_t1_40R_40V_02F_06M;40;35868;228.32;60000;95.49;4.64
LR1_2_3;40R_40V_02F_05M;t1;0.05;177;6254.37;TRUE;448.4;LR1_2_3_t1_40R_40V_02F_05M;40;8255;61.23;60000;94.09;4
LR1_2_3;40R_40V_02F_06M;t1;0.05;177;6045.75;TRUE;843.37;LR1_2_3_t1_40R_40V_02F_06M;40;51285;717.87;60000;59.54;4.11
LR1_2_4;40R_40V_02F_05M;t1;0.05;177;5279.2;TRUE;1152.49;LR1_2_4_t1_40R_40V_02F_05M;40;10175;195.49;60000;57.35;5.34
LR1_2_4;40R_40V_02F_06M;t1;0.05;177;5192.5;TRUE;1661.01;LR1_2_4_t1_40R_40V_02F_06M;40;40867;1133.17;60000;24.24;5.11
LR1_2_5;40R_40V_02F_05M;t1;0.05;177;5866.9;TRUE;1041.07;LR1_2_5_t1_40R_40V_02F_05M;40;50919;885.92;60000;8.05;6.43
LR1_2_5;40R_40V_02F_06M;t1;0.05;177;5955.95;TRUE;1140.81;LR1_2_5_t1_40R_40V_02F_06M;40;13637;261.83;60000;2.98;6.55
LR2_2_1;40R_40V_02F_05M;t2;0.05;177;8710.48;TRUE;1212.22;LR2_2_1_t2_40R_40V_02F_05M;40;7554;130.88;60000;13.15;6.82
LR2_2_1;40R_40V_02F_06M;t2;0.05;177;8506.94;TRUE;1278.03;LR2_2_1_t2_40R_40V_02F_06M;40;4941;100.87;60000;13.37;7.02
LR2_2_2;40R_40V_02F_05M;t2;0.05;177;7220.2;TRUE;1714.34;LR2_2_2_t2_40R_40V_02F_05M;40;39900;1152.6;60000;17.01;7.29
LR2_2_2;40R_40V_02F_06M;t2;0.05;177;7163.71;TRUE;1989.59;LR2_2_2_t2_40R_40V_02F_06M;40;49856;1641.39;60000;0.33;7.49
LR2_2_3;40R_40V_02F_05M;t2;0.05;177;6571.34;TRUE;2608.25;LR2_2_3_t2_40R_40V_02F_05M;40;98;5.01;60000;0;3.19
LR2_2_3;40R_40V_02F_06M;t2;0.05;177;6555.59;TRUE;2787.17;LR2_2_3_t2_40R_40V_02F_06M;40;36046;1624.22;60000;0;3.32
LR2_2_4;40R_40V_02F_05M;t2;0.05;177;5094.7;TRUE;3600.07;LR2_2_4_t2_40R_40V_02F_05M;40;40649;2629.15;54399;0;1.86
LR2_2_4;40R_40V_02F_06M;t2;0.05;177;5118.8;TRUE;3600.04;LR2_2_4_t2_40R_40V_02F_06M;40;8170;612.63;47888;0;1.87
LR2_2_5;40R_40V_02F_05M;t2;0.05;177;7832.48;TRUE;1700.26;LR2_2_5_t2_40R_40V_02F_05M;40;13156;376.55;60000;0;8.77
LR2_2_5;40R_40V_02F_06M;t2;0.05;177;7832.48;TRUE;1860.59;LR2_2_5_t2_40R_40V_02F_06M;40;13156;426.67;60000;0;8.84
LR1_2_1;40R_40V_04F_05M;t1;0.05;177;NA;FALSE;146.98;LR1_2_1_t1_40R_40V_04F_05M;40;0;0;60000;100;0
LR1_2_1;40R_40V_04F_06M;t1;0.05;177;11437.75;TRUE;201.74;LR1_2_1_t1_40R_40V_04F_06M;40;1;0.02;60000;100;6.88
LR1_2_2;40R_40V_04F_05M;t1;0.05;177;9645.11;TRUE;190.21;LR1_2_2_t1_40R_40V_04F_05M;40;9831;31.18;60000;99.99;5.35
LR1_2_2;40R_40V_04F_06M;t1;0.05;177;9445.07;TRUE;270.78;LR1_2_2_t1_40R_40V_04F_06M;40;55793;251.88;60000;99.93;5.82
LR1_2_3;40R_40V_04F_05M;t1;0.05;177;9817.1;TRUE;265.09;LR1_2_3_t1_40R_40V_04F_05M;40;1;0.03;60000;100;5.09
LR1_2_3;40R_40V_04F_06M;t1;0.05;177;8603.17;TRUE;393.22;LR1_2_3_t1_40R_40V_04F_06M;40;18784;122.73;60000;99.94;5.3
LR1_2_4;40R_40V_04F_05M;t1;0.05;177;7216.54;TRUE;822.78;LR1_2_4_t1_40R_40V_04F_05M;40;24706;338.33;60000;95.84;5.31
LR1_2_4;40R_40V_04F_06M;t1;0.05;177;7023.67;TRUE;1027.56;LR1_2_4_t1_40R_40V_04F_06M;40;35241;641.52;60000;88.36;4.75
LR1_2_5;40R_40V_04F_05M;t1;0.05;177;9179.65;TRUE;311.42;LR1_2_5_t1_40R_40V_04F_05M;40;8767;37.06;60000;99.99;6.38
LR1_2_5;40R_40V_04F_06M;t1;0.05;177;8977.88;TRUE;481.14;LR1_2_5_t1_40R_40V_04F_06M;40;11638;94.98;60000;99.41;6.38
LR2_2_1;40R_40V_04F_05M;t2;0.05;177;9860.51;TRUE;1227.14;LR2_2_1_t2_40R_40V_04F_05M;40;49808;1017.85;60000;55.8;5.97
LR2_2_1;40R_40V_04F_06M;t2;0.05;177;9878.15;TRUE;1300.18;LR2_2_1_t2_40R_40V_04F_06M;40;9259;201.47;60000;55.4;6.36
LR2_2_2;40R_40V_04F_05M;t2;0.05;177;8296.29;TRUE;2626.68;LR2_2_2_t2_40R_40V_04F_05M;40;46258;2023.64;60000;3.8;5.05
LR2_2_2;40R_40V_04F_06M;t2;0.05;177;8450.58;TRUE;2848.05;LR2_2_2_t2_40R_40V_04F_06M;40;36548;1734.46;60000;0.06;5.5
LR2_2_3;40R_40V_04F_05M;t2;0.05;177;7889.88;TRUE;3416.82;LR2_2_3_t2_40R_40V_04F_05M;40;40541;2314.31;60000;23.14;2.48
LR2_2_3;40R_40V_04F_06M;t2;0.05;177;7786.35;TRUE;3600.03;LR2_2_3_t2_40R_40V_04F_06M;40;11577;801.99;52382;1.74;2.67
LR2_2_4;40R_40V_04F_05M;t2;0.05;177;6268.67;TRUE;3600.06;LR2_2_4_t2_40R_40V_04F_05M;40;26414;2995.78;31705;0;1.29
LR2_2_4;40R_40V_04F_06M;t2;0.05;177;6096.56;TRUE;3600.08;LR2_2_4_t2_40R_40V_04F_06M;40;26553;3200.94;29894;0;1.33
LR2_2_5;40R_40V_04F_05M;t2;0.05;177;9377.09;TRUE;2356.98;LR2_2_5_t2_40R_40V_04F_05M;40;40355;1587.09;60000;0;6.54
LR2_2_5;40R_40V_04F_06M;t2;0.05;177;9292.65;TRUE;2518.51;LR2_2_5_t2_40R_40V_04F_06M;40;4512;190.4;60000;0;6.73
LR1_2_1;60R_60V_02F_05M;t1;0.05;177;13349.02;TRUE;365.04;LR1_2_1_t1_60R_60V_02F_05M;60;14234;86.99;60000;99.99;6.48
LR1_2_1;60R_60V_02F_06M;t1;0.05;177;12455.94;TRUE;514.73;LR1_2_1_t1_60R_60V_02F_06M;60;58687;503.55;60000;99.81;5.75
LR1_2_2;60R_60V_02F_05M;t1;0.05;177;11077.79;TRUE;713.58;LR1_2_2_t1_60R_60V_02F_05M;60;46317;553.17;60000;95.03;5.49
LR1_2_2;60R_60V_02F_06M;t1;0.05;177;11203.33;TRUE;1008.83;LR1_2_2_t1_60R_60V_02F_06M;60;59724;1004.19;60000;86.59;5.57
LR1_2_3;60R_60V_02F_05M;t1;0.05;177;9681.31;TRUE;723.37;LR1_2_3_t1_60R_60V_02F_05M;60;39538;476.72;60000;99.82;3.9
LR1_2_3;60R_60V_02F_06M;t1;0.05;177;9743.19;TRUE;973.31;LR1_2_3_t1_60R_60V_02F_06M;60;17585;288.15;60000;98.27;3.89
LR1_2_4;60R_60V_02F_05M;t1;0.05;177;7145.64;TRUE;2718.86;LR1_2_4_t1_60R_60V_02F_05M;60;2619;120.44;60000;51.15;2.45
LR1_2_4;60R_60V_02F_06M;t1;0.05;177;6975.23;TRUE;3600.06;LR1_2_4_t1_60R_60V_02F_06M;60;33526;2122.94;56924;19.95;2.44
LR1_2_5;60R_60V_02F_05M;t1;0.05;177;9836.46;TRUE;1291.55;LR1_2_5_t1_60R_60V_02F_05M;60;34948;755.28;60000;63.26;5.78
LR1_2_5;60R_60V_02F_06M;t1;0.05;177;9990.57;TRUE;1602.08;LR1_2_5_t1_60R_60V_02F_06M;60;6601;175.36;60000;50.18;6.03
LR2_2_1;60R_60V_02F_05M;t2;0.05;177;13106.87;TRUE;2528.34;LR2_2_1_t2_60R_60V_02F_05M;60;3514;149.13;60000;32.94;7.05
LR2_2_1;60R_60V_02F_06M;t2;0.05;177;13244.98;TRUE;2966.9;LR2_2_1_t2_60R_60V_02F_06M;60;48031;2377.91;60000;22.51;7.21
LR2_2_2;60R_60V_02F_05M;t2;0.05;177;10458.24;TRUE;3600;LR2_2_2_t2_60R_60V_02F_05M;60;33376;2543.42;47227;0;5.95
LR2_2_2;60R_60V_02F_06M;t2;0.05;177;11056.79;TRUE;3600.03;LR2_2_2_t2_60R_60V_02F_06M;60;1;0.11;43604;0;6.03
LR2_2_3;60R_60V_02F_05M;t2;0.05;177;11014.38;TRUE;3600.01;LR2_2_3_t2_60R_60V_02F_05M;60;17500;1690.3;37299;5.15;3.95
LR2_2_3;60R_60V_02F_06M;t2;0.05;177;10760.03;TRUE;3600.06;LR2_2_3_t2_60R_60V_02F_06M;60;22699;2369.57;34406;0.08;4.1
LR2_2_4;60R_60V_02F_05M;t2;0.05;177;8192.09;TRUE;3600.01;LR2_2_4_t2_60R_60V_02F_05M;60;19664;3000.66;23616;0;1.33
LR2_2_4;60R_60V_02F_06M;t2;0.05;177;8203.25;TRUE;3600.02;LR2_2_4_t2_60R_60V_02F_06M;60;16408;2662.09;22188;0;1.36
LR2_2_5;60R_60V_02F_05M;t2;0.05;177;13120.26;TRUE;3600.03;LR2_2_5_t2_60R_60V_02F_05M;60;1099;69.72;56817;0;6.99
LR2_2_5;60R_60V_02F_06M;t2;0.05;177;13116.26;TRUE;3600.04;LR2_2_5_t2_60R_60V_02F_06M;60;1099;75.47;53321;0;7.1
LR1_2_1;60R_60V_04F_05M;t1;0.05;177;NA;FALSE;400.02;LR1_2_1_t1_60R_60V_04F_05M;60;0;0;60000;100;0
LR1_2_1;60R_60V_04F_06M;t1;0.05;177;16095.18;TRUE;555.6;LR1_2_1_t1_60R_60V_04F_06M;60;18188;169.65;60000;99.99;8.76
LR1_2_2;60R_60V_04F_05M;t1;0.05;177;NA;FALSE;334.72;LR1_2_2_t1_60R_60V_04F_05M;60;0;0;60000;100;0
LR1_2_2;60R_60V_04F_06M;t1;0.05;177;NA;FALSE;460.68;LR1_2_2_t1_60R_60V_04F_06M;60;0;0;60000;100;0
LR1_2_3;60R_60V_04F_05M;t1;0.05;177;13357.98;TRUE;594.05;LR1_2_3_t1_60R_60V_04F_05M;60;1;0.1;60000;100;6.07
LR1_2_3;60R_60V_04F_06M;t1;0.05;177;13316.12;TRUE;748.54;LR1_2_3_t1_60R_60V_04F_06M;60;1;0.07;60000;100;5.52
LR1_2_4;60R_60V_04F_05M;t1;0.05;177;9906.49;TRUE;1493.86;LR1_2_4_t1_60R_60V_04F_05M;60;31629;784.43;60000;99.49;3.71
LR1_2_4;60R_60V_04F_06M;t1;0.05;177;9941.94;TRUE;2479.16;LR1_2_4_t1_60R_60V_04F_06M;60;8058;338.09;60000;95.62;3.38
LR1_2_5;60R_60V_04F_05M;t1;0.05;177;NA;FALSE;500.13;LR1_2_5_t1_60R_60V_04F_05M;60;0;0;60000;100;0
LR1_2_5;60R_60V_04F_06M;t1;0.05;177;NA;FALSE;722.13;LR1_2_5_t1_60R_60V_04F_06M;60;0;0;60000;100;0
LR2_2_1;60R_60V_04F_05M;t2;0.05;177;15105.92;TRUE;2842.48;LR2_2_1_t2_60R_60V_04F_05M;60;18514;878.96;60000;62.58;5.85
LR2_2_1;60R_60V_04F_06M;t2;0.05;177;15122.32;TRUE;3600.05;LR2_2_1_t2_60R_60V_04F_06M;60;20866;1359.34;55148;38.01;5.99
LR2_2_2;60R_60V_04F_05M;t2;0.05;177;12950.26;TRUE;3600.06;LR2_2_2_t2_60R_60V_04F_05M;60;7890;738.93;38899;25.5;4.44
LR2_2_2;60R_60V_04F_06M;t2;0.05;177;12892.5;TRUE;3600.09;LR2_2_2_t2_60R_60V_04F_06M;60;6159;606.29;36633;25.53;4.58
LR2_2_3;60R_60V_04F_05M;t2;0.05;177;12549.66;TRUE;3600.04;LR2_2_3_t2_60R_60V_04F_05M;60;17869;2593.02;24812;6.08;2.81
LR2_2_3;60R_60V_04F_06M;t2;0.05;177;12399.52;TRUE;3600.1;LR2_2_3_t2_60R_60V_04F_06M;60;7336;1170.01;22582;0.38;2.91
LR2_2_4;60R_60V_04F_05M;t2;0.05;177;9650.64;TRUE;3600.16;LR2_2_4_t2_60R_60V_04F_05M;60;7375;1747.52;15172;0;0.89
LR2_2_4;60R_60V_04F_06M;t2;0.05;177;9995.86;TRUE;3600.03;LR2_2_4_t2_60R_60V_04F_06M;60;224;55.71;14460;0;0.89
LR2_2_5;60R_60V_04F_05M;t2;0.05;177;14297.86;TRUE;3600.08;LR2_2_5_t2_60R_60V_04F_05M;60;2498;221.75;40434;0;4.55
LR2_2_5;60R_60V_04F_06M;t2;0.05;177;14159.61;TRUE;3600.03;LR2_2_5_t2_60R_60V_04F_06M;60;2498;239.23;37886;0;4.87
