name;group;type;alpha;seed;value;feasible;total_time_elapsed;full_name;n;iteration_to_best;time_to_best;iteration;percentage_infeasible_sol;mean_LP_impr_percentage
lr101;06R_06V_02I_03M;t1;0.05;24;784.11;TRUE;88.82;lr101_t1_06R_06V_02I_03M;6;1;0;60000;0;18.34
lr101;06R_06V_02I_04M;t1;0.05;24;763.79;TRUE;90.9;lr101_t1_06R_06V_02I_04M;6;7;0.3;60000;0;19.55
lr102;06R_06V_02I_03M;t1;0.05;24;542.25;TRUE;87.33;lr102_t1_06R_06V_02I_03M;6;2;0.29;60000;0;13.07
lr102;06R_06V_02I_04M;t1;0.05;24;542.25;TRUE;89.18;lr102_t1_06R_06V_02I_04M;6;2;0.32;60000;0;13.13
lr103;06R_06V_02I_03M;t1;0.05;24;455.04;TRUE;91.04;lr103_t1_06R_06V_02I_03M;6;13;0.31;60000;0;19.9
lr103;06R_06V_02I_04M;t1;0.05;24;452.25;TRUE;92.5;lr103_t1_06R_06V_02I_04M;6;13;0.31;60000;0;20.2
lr104;06R_06V_02I_03M;t1;0.05;24;431.14;TRUE;87.98;lr104_t1_06R_06V_02I_03M;6;36;0.39;60000;0;13.48
lr104;06R_06V_02I_04M;t1;0.05;24;426.97;TRUE;87.53;lr104_t1_06R_06V_02I_04M;6;36;0.34;60000;0;13.97
lr105;06R_06V_02I_03M;t1;0.05;24;472.54;TRUE;84.97;lr105_t1_06R_06V_02I_03M;6;24;0.33;60000;0;22.95
lr105;06R_06V_02I_04M;t1;0.05;24;471.8;TRUE;86.83;lr105_t1_06R_06V_02I_04M;6;24;0.36;60000;0;22.98
lr201;06R_06V_02I_03M;t2;0.05;24;841.88;TRUE;86.33;lr201_t2_06R_06V_02I_03M;6;8;0.3;60000;0;26.42
lr201;06R_06V_02I_04M;t2;0.05;24;840.13;TRUE;88.27;lr201_t2_06R_06V_02I_04M;6;8;0.3;60000;0;26.65
lr202;06R_06V_02I_03M;t2;0.05;24;606.04;TRUE;96.83;lr202_t2_06R_06V_02I_03M;6;166;0.62;60000;0;42.9
lr202;06R_06V_02I_04M;t2;0.05;24;606.04;TRUE;98.34;lr202_t2_06R_06V_02I_04M;6;166;0.61;60000;0;42.9
lr203;06R_06V_02I_03M;t2;0.05;24;676.69;TRUE;98.69;lr203_t2_06R_06V_02I_03M;6;52;0.38;60000;0;33.11
lr203;06R_06V_02I_04M;t2;0.05;24;676.69;TRUE;100.97;lr203_t2_06R_06V_02I_04M;6;52;0.38;60000;0;33.14
lr204;06R_06V_02I_03M;t2;0.05;24;559.82;TRUE;111.57;lr204_t2_06R_06V_02I_03M;6;8244;15.78;60000;0;23.56
lr204;06R_06V_02I_04M;t2;0.05;24;553.06;TRUE;113.36;lr204_t2_06R_06V_02I_04M;6;10540;20.37;60000;0;21.44
lr205;06R_06V_02I_03M;t2;0.05;24;551.63;TRUE;91.42;lr205_t2_06R_06V_02I_03M;6;9;0.31;60000;0;30.76
lr205;06R_06V_02I_04M;t2;0.05;24;549.2;TRUE;93.97;lr205_t2_06R_06V_02I_04M;6;9;0.31;60000;0;30.71
lr101;06R_06V_04I_03M;t1;0.05;24;784.7;TRUE;12.29;lr101_t1_06R_06V_04I_03M;6;2;0.29;60000;92.61;14.74
lr101;06R_06V_04I_04M;t1;0.05;24;757.4;TRUE;48.48;lr101_t1_06R_06V_04I_04M;6;28;0.32;60000;53.66;16.55
lr102;06R_06V_04I_03M;t1;0.05;24;619.93;TRUE;38.23;lr102_t1_06R_06V_04I_03M;6;40;0.32;60000;68.24;11.31
lr102;06R_06V_04I_04M;t1;0.05;24;613.22;TRUE;104.12;lr102_t1_06R_06V_04I_04M;6;1;0;60000;1.35;13.45
lr103;06R_06V_04I_03M;t1;0.05;24;448.87;TRUE;98.79;lr103_t1_06R_06V_04I_03M;6;1;0;60000;0;19.26
lr103;06R_06V_04I_04M;t1;0.05;24;446.87;TRUE;101.05;lr103_t1_06R_06V_04I_04M;6;1;0;60000;0;19.34
lr104;06R_06V_04I_03M;t1;0.05;24;469.54;TRUE;99.17;lr104_t1_06R_06V_04I_03M;6;6;0.34;60000;0;11.22
lr104;06R_06V_04I_04M;t1;0.05;24;465.1;TRUE;99.89;lr104_t1_06R_06V_04I_04M;6;6;0.29;60000;0;11.9
lr105;06R_06V_04I_03M;t1;0.05;24;521.52;TRUE;33.68;lr105_t1_06R_06V_04I_03M;6;28;0.33;60000;71.85;15.85
lr105;06R_06V_04I_04M;t1;0.05;24;513.23;TRUE;101.19;lr105_t1_06R_06V_04I_04M;6;11;0.31;60000;0;18.48
lr201;06R_06V_04I_03M;t2;0.05;24;903.79;TRUE;98.16;lr201_t2_06R_06V_04I_03M;6;10;0.3;60000;0;23.29
lr201;06R_06V_04I_04M;t2;0.05;24;895.88;TRUE;102.88;lr201_t2_06R_06V_04I_04M;6;8;0.3;60000;0;23.24
lr202;06R_06V_04I_03M;t2;0.05;24;547.87;TRUE;109.97;lr202_t2_06R_06V_04I_03M;6;43;0.38;60000;0;27.09
lr202;06R_06V_04I_04M;t2;0.05;24;547.87;TRUE;110.74;lr202_t2_06R_06V_04I_04M;6;43;0.36;60000;0;27.21
lr203;06R_06V_04I_03M;t2;0.05;24;685.01;TRUE;111.42;lr203_t2_06R_06V_04I_03M;6;98;0.51;60000;0;27.81
lr203;06R_06V_04I_04M;t2;0.05;24;681.89;TRUE;114.73;lr203_t2_06R_06V_04I_04M;6;98;0.5;60000;0;30.58
lr204;06R_06V_04I_03M;t2;0.05;24;610.47;TRUE;129.52;lr204_t2_06R_06V_04I_03M;6;2757;6.57;60000;0;21.59
lr204;06R_06V_04I_04M;t2;0.05;24;601.61;TRUE;136.32;lr204_t2_06R_06V_04I_04M;6;723;2.03;60000;0;22.37
lr205;06R_06V_04I_03M;t2;0.05;24;535.22;TRUE;118.64;lr205_t2_06R_06V_04I_03M;6;1189;2.8;60000;0;27.12
lr205;06R_06V_04I_04M;t2;0.05;24;535.22;TRUE;123.96;lr205_t2_06R_06V_04I_04M;6;199;0.72;60000;0;26.8
lr101;08R_08V_02I_03M;t1;0.05;24;946.87;TRUE;44.75;lr101_t1_08R_08V_02I_03M;8;1910;1.81;60000;64.99;21.88
lr101;08R_08V_02I_04M;t1;0.05;24;948.49;TRUE;78.53;lr101_t1_08R_08V_02I_04M;8;65;0.37;60000;32.81;22.33
lr102;08R_08V_02I_03M;t1;0.05;24;770.92;TRUE;110.38;lr102_t1_08R_08V_02I_03M;8;404;1.08;60000;0;15.3
lr102;08R_08V_02I_04M;t1;0.05;24;770.92;TRUE;111.46;lr102_t1_08R_08V_02I_04M;8;404;1.1;60000;0;15.3
lr103;08R_08V_02I_03M;t1;0.05;24;546.38;TRUE;118;lr103_t1_08R_08V_02I_03M;8;316;0.98;60000;0.06;12.24
lr103;08R_08V_02I_04M;t1;0.05;24;546.38;TRUE;121.19;lr103_t1_08R_08V_02I_04M;8;316;0.99;60000;0;12.09
lr104;08R_08V_02I_03M;t1;0.05;24;558.37;TRUE;109.92;lr104_t1_08R_08V_02I_03M;8;62;0.41;60000;0;12.92
lr104;08R_08V_02I_04M;t1;0.05;24;558.37;TRUE;111.36;lr104_t1_08R_08V_02I_04M;8;62;0.42;60000;0;13.12
lr105;08R_08V_02I_03M;t1;0.05;24;557.04;TRUE;100.99;lr105_t1_08R_08V_02I_03M;8;15;0.35;60000;0;18.42
lr105;08R_08V_02I_04M;t1;0.05;24;556.3;TRUE;103.8;lr105_t1_08R_08V_02I_04M;8;15;0.34;60000;0;18.44
lr201;08R_08V_02I_03M;t2;0.05;24;948.1;TRUE;103.91;lr201_t2_08R_08V_02I_03M;8;154;0.59;60000;0;26.93
lr201;08R_08V_02I_04M;t2;0.05;24;944.72;TRUE;105.43;lr201_t2_08R_08V_02I_04M;8;154;0.59;60000;0;26.88
lr202;08R_08V_02I_03M;t2;0.05;24;694.1;TRUE;129.63;lr202_t2_08R_08V_02I_03M;8;48607;105.23;60000;0;34.73
lr202;08R_08V_02I_04M;t2;0.05;24;694.1;TRUE;135.28;lr202_t2_08R_08V_02I_04M;8;48607;109.61;60000;0;34.75
lr203;08R_08V_02I_03M;t2;0.05;24;685.02;TRUE;130.69;lr203_t2_08R_08V_02I_03M;8;139;0.6;60000;0;23.97
lr203;08R_08V_02I_04M;t2;0.05;24;684.26;TRUE;134;lr203_t2_08R_08V_02I_04M;8;139;0.61;60000;0;24.29
lr204;08R_08V_02I_03M;t2;0.05;24;683.79;TRUE;140.46;lr204_t2_08R_08V_02I_03M;8;14319;33.85;60000;0;13.1
lr204;08R_08V_02I_04M;t2;0.05;24;682.02;TRUE;147.42;lr204_t2_08R_08V_02I_04M;8;184;0.74;60000;0;13.19
lr205;08R_08V_02I_03M;t2;0.05;24;650.25;TRUE;126.49;lr205_t2_08R_08V_02I_03M;8;6989;14.97;60000;0;28.06
lr205;08R_08V_02I_04M;t2;0.05;24;639.29;TRUE;131.84;lr205_t2_08R_08V_02I_04M;8;28089;61.46;60000;0;27.36
lr101;08R_08V_04I_03M;t1;0.05;24;1155.57;TRUE;7.48;lr101_t1_08R_08V_04I_03M;8;2483;0.63;60000;99.56;16.66
lr101;08R_08V_04I_04M;t1;0.05;24;1067.57;TRUE;45.44;lr101_t1_08R_08V_04I_04M;8;7570;6.11;60000;69.53;19.6
lr102;08R_08V_04I_03M;t1;0.05;24;772.63;TRUE;62.03;lr102_t1_08R_08V_04I_03M;8;2740;3.07;60000;51.37;14.59
lr102;08R_08V_04I_04M;t1;0.05;24;773.21;TRUE;64.88;lr102_t1_08R_08V_04I_04M;8;933;1.33;60000;50.78;14.34
lr103;08R_08V_04I_03M;t1;0.05;24;563.98;TRUE;109.26;lr103_t1_08R_08V_04I_03M;8;982;2.12;60000;19.85;11.5
lr103;08R_08V_04I_04M;t1;0.05;24;562.45;TRUE;132.03;lr103_t1_08R_08V_04I_04M;8;441;1.33;60000;1.29;10.58
lr104;08R_08V_04I_03M;t1;0.05;24;649.57;TRUE;111.15;lr104_t1_08R_08V_04I_03M;8;342;0.99;60000;18.69;16.23
lr104;08R_08V_04I_04M;t1;0.05;24;649.55;TRUE;133.65;lr104_t1_08R_08V_04I_04M;8;496;1.49;60000;3.39;10.61
lr105;08R_08V_04I_03M;t1;0.05;24;754.77;TRUE;26.84;lr105_t1_08R_08V_04I_03M;8;517;0.53;60000;86.41;14.37
lr105;08R_08V_04I_04M;t1;0.05;24;751.51;TRUE;106.82;lr105_t1_08R_08V_04I_04M;8;3496;6.6;60000;15.45;13.56
lr201;08R_08V_04I_03M;t2;0.05;24;1022.83;TRUE;124.34;lr201_t2_08R_08V_04I_03M;8;2401;5.34;60000;0;22.05
lr201;08R_08V_04I_04M;t2;0.05;24;1018.91;TRUE;127.47;lr201_t2_08R_08V_04I_04M;8;2401;5.47;60000;0;21.84
lr202;08R_08V_04I_03M;t2;0.05;24;796.84;TRUE;157.13;lr202_t2_08R_08V_04I_03M;8;19387;51.15;60000;0;25.18
lr202;08R_08V_04I_04M;t2;0.05;24;760.68;TRUE;162.73;lr202_t2_08R_08V_04I_04M;8;12987;35.64;60000;0;30.4
lr203;08R_08V_04I_03M;t2;0.05;24;684.38;TRUE;141.87;lr203_t2_08R_08V_04I_03M;8;492;1.48;60000;0;21
lr203;08R_08V_04I_04M;t2;0.05;24;683.66;TRUE;148.86;lr203_t2_08R_08V_04I_04M;8;492;1.54;60000;0;21.38
lr204;08R_08V_04I_03M;t2;0.05;24;725.42;TRUE;167.68;lr204_t2_08R_08V_04I_03M;8;954;3.04;60000;0;14.17
lr204;08R_08V_04I_04M;t2;0.05;24;725.42;TRUE;181.23;lr204_t2_08R_08V_04I_04M;8;954;3.29;60000;0;14.8
lr205;08R_08V_04I_03M;t2;0.05;24;662.24;TRUE;154.24;lr205_t2_08R_08V_04I_03M;8;6195;16.32;60000;0;27.61
lr205;08R_08V_04I_04M;t2;0.05;24;661.85;TRUE;160.42;lr205_t2_08R_08V_04I_04M;8;4460;12.53;60000;0;27.59
lr101;10R_10V_02I_03M;t1;0.05;24;1295.99;TRUE;15.75;lr101_t1_10R_10V_02I_03M;10;26776;7.15;60000;96.03;13.14
lr101;10R_10V_02I_04M;t1;0.05;24;1254.94;TRUE;61.62;lr101_t1_10R_10V_02I_04M;10;16354;17.15;60000;60.26;14.15
lr102;10R_10V_02I_03M;t1;0.05;24;1018.62;TRUE;123.85;lr102_t1_10R_10V_02I_03M;10;8;0.33;60000;0;11.56
lr102;10R_10V_02I_04M;t1;0.05;24;1018.62;TRUE;127.56;lr102_t1_10R_10V_02I_04M;10;8;0.33;60000;0;11.56
lr103;10R_10V_02I_03M;t1;0.05;24;610.04;TRUE;135.12;lr103_t1_10R_10V_02I_03M;10;14;0.36;60000;0.23;8.47
lr103;10R_10V_02I_04M;t1;0.05;24;610.04;TRUE;140.86;lr103_t1_10R_10V_02I_04M;10;14;0.32;60000;0;8.41
lr104;10R_10V_02I_03M;t1;0.05;24;687.39;TRUE;118.95;lr104_t1_10R_10V_02I_03M;10;21758;43.41;60000;0;6.38
lr104;10R_10V_02I_04M;t1;0.05;24;671.72;TRUE;125.32;lr104_t1_10R_10V_02I_04M;10;13278;28.3;60000;0;7.03
lr105;10R_10V_02I_03M;t1;0.05;24;671.01;TRUE;113.51;lr105_t1_10R_10V_02I_03M;10;287;0.86;60000;0;18.65
lr105;10R_10V_02I_04M;t1;0.05;24;671.01;TRUE;116.12;lr105_t1_10R_10V_02I_04M;10;287;0.85;60000;0;18.66
lr201;10R_10V_02I_03M;t2;0.05;24;1006.56;TRUE;129.13;lr201_t2_10R_10V_02I_03M;10;886;2.31;60000;0;26.48
lr201;10R_10V_02I_04M;t2;0.05;24;1005.86;TRUE;132.14;lr201_t2_10R_10V_02I_04M;10;886;2.42;60000;0;26.5
lr202;10R_10V_02I_03M;t2;0.05;24;810.23;TRUE;143.31;lr202_t2_10R_10V_02I_03M;10;30644;73.72;60000;0;27.68
lr202;10R_10V_02I_04M;t2;0.05;24;809.32;TRUE;150.09;lr202_t2_10R_10V_02I_04M;10;30644;77.4;60000;0;28.09
lr203;10R_10V_02I_03M;t2;0.05;24;756.99;TRUE;188.35;lr203_t2_10R_10V_02I_03M;10;2421;8.14;60000;0;19.72
lr203;10R_10V_02I_04M;t2;0.05;24;756.27;TRUE;199.08;lr203_t2_10R_10V_02I_04M;10;2421;8.47;60000;0;20.03
lr204;10R_10V_02I_03M;t2;0.05;24;761.82;TRUE;180.72;lr204_t2_10R_10V_02I_03M;10;11133;34.2;60000;0;8.79
lr204;10R_10V_02I_04M;t2;0.05;24;758.42;TRUE;194.33;lr204_t2_10R_10V_02I_04M;10;1838;6.47;60000;0;9.57
lr205;10R_10V_02I_03M;t2;0.05;24;757.24;TRUE;144.56;lr205_t2_10R_10V_02I_03M;10;26853;64.51;60000;0;31.29
lr205;10R_10V_02I_04M;t2;0.05;24;757.24;TRUE;150.55;lr205_t2_10R_10V_02I_04M;10;26853;67.76;60000;0;31.29
lr101;10R_10V_04I_03M;t1;0.05;24;1275.66;TRUE;14.01;lr101_t1_10R_10V_04I_03M;10;840;0.5;60000;99.69;22.14
lr101;10R_10V_04I_04M;t1;0.05;24;1207.27;TRUE;67.56;lr101_t1_10R_10V_04I_04M;10;1034;1.45;60000;60.3;21.12
lr102;10R_10V_04I_03M;t1;0.05;24;943.35;TRUE;54.38;lr102_t1_10R_10V_04I_03M;10;1066;1.27;60000;70.15;12.81
lr102;10R_10V_04I_04M;t1;0.05;24;938.67;TRUE;110.44;lr102_t1_10R_10V_04I_04M;10;17602;32.9;60000;29.74;12
lr103;10R_10V_04I_03M;t1;0.05;24;615.06;TRUE;121.94;lr103_t1_10R_10V_04I_03M;10;651;1.7;60000;23.11;15.05
lr103;10R_10V_04I_04M;t1;0.05;24;611.6;TRUE;151.43;lr103_t1_10R_10V_04I_04M;10;87;0.56;60000;4.34;13.77
lr104;10R_10V_04I_03M;t1;0.05;24;745.94;TRUE;134.18;lr104_t1_10R_10V_04I_03M;10;34747;78.1;60000;9.9;12.95
lr104;10R_10V_04I_04M;t1;0.05;24;745.94;TRUE;151.78;lr104_t1_10R_10V_04I_04M;10;9200;23.84;60000;0.1;12.74
lr105;10R_10V_04I_03M;t1;0.05;24;668.46;TRUE;53.8;lr105_t1_10R_10V_04I_03M;10;334;0.63;60000;66.58;14.35
lr105;10R_10V_04I_04M;t1;0.05;24;665.48;TRUE;122.99;lr105_t1_10R_10V_04I_04M;10;64;0.41;60000;9.28;15.57
lr201;10R_10V_04I_03M;t2;0.05;24;1271.26;TRUE;156.21;lr201_t2_10R_10V_04I_03M;10;10048;26.55;60000;0;21.91
lr201;10R_10V_04I_04M;t2;0.05;24;1271.26;TRUE;163.09;lr201_t2_10R_10V_04I_04M;10;5311;15.03;60000;0;22.1
lr202;10R_10V_04I_03M;t2;0.05;24;978.55;TRUE;123.75;lr202_t2_10R_10V_04I_03M;10;54816;113.07;60000;43.53;25.31
lr202;10R_10V_04I_04M;t2;0.05;24;944.47;TRUE;195.64;lr202_t2_10R_10V_04I_04M;10;50007;163.12;60000;2.94;27.84
lr203;10R_10V_04I_03M;t2;0.05;24;795.51;TRUE;230.13;lr203_t2_10R_10V_04I_03M;10;41027;157.39;60000;0;15.26
lr203;10R_10V_04I_04M;t2;0.05;24;787.74;TRUE;249.8;lr203_t2_10R_10V_04I_04M;10;7590;31.99;60000;0;16.69
lr204;10R_10V_04I_03M;t2;0.05;24;785.36;TRUE;247.27;lr204_t2_10R_10V_04I_03M;10;33888;139.98;60000;0;8.52
lr204;10R_10V_04I_04M;t2;0.05;24;775.54;TRUE;260.53;lr204_t2_10R_10V_04I_04M;10;1881;8.6;60000;0;8.27
lr205;10R_10V_04I_03M;t2;0.05;24;799.32;TRUE;181.7;lr205_t2_10R_10V_04I_03M;10;15114;46.22;60000;0;26.25
lr205;10R_10V_04I_04M;t2;0.05;24;793.52;TRUE;191.21;lr205_t2_10R_10V_04I_04M;10;50002;159.3;60000;0;26.56
lr101;12R_12V_02I_03M;t1;0.05;24;1432.08;TRUE;21.49;lr101_t1_12R_12V_02I_03M;12;58733;21.1;60000;94.36;15.99
lr101;12R_12V_02I_04M;t1;0.05;24;1391.03;TRUE;72.61;lr101_t1_12R_12V_02I_04M;12;3015;3.96;60000;58.18;16.83
lr102;12R_12V_02I_03M;t1;0.05;24;981.42;TRUE;127.59;lr102_t1_12R_12V_02I_03M;12;122;0.56;60000;6.18;14.77
lr102;12R_12V_02I_04M;t1;0.05;24;975.57;TRUE;140.57;lr102_t1_12R_12V_02I_04M;12;28;0.38;60000;0.29;14.45
lr103;12R_12V_02I_03M;t1;0.05;24;716.73;TRUE;151.5;lr103_t1_12R_12V_02I_03M;12;22505;57.58;60000;1.16;10.3
lr103;12R_12V_02I_04M;t1;0.05;24;714.59;TRUE;157.17;lr103_t1_12R_12V_02I_04M;12;4334;12.07;60000;0;10.65
lr104;12R_12V_02I_03M;t1;0.05;24;783.29;TRUE;159.49;lr104_t1_12R_12V_02I_03M;12;20154;53.97;60000;0.58;7.81
lr104;12R_12V_02I_04M;t1;0.05;24;776.1;TRUE;169.81;lr104_t1_12R_12V_02I_04M;12;43;0.4;60000;0;7.82
lr105;12R_12V_02I_03M;t1;0.05;24;1344.91;TRUE;14.53;lr105_t1_12R_12V_02I_03M;12;3874;1.29;60000;98.76;8.67
lr105;12R_12V_02I_04M;t1;0.05;24;1297.52;TRUE;33.61;lr105_t1_12R_12V_02I_04M;12;22105;12.27;60000;89.12;8.4
lr201;12R_12V_02I_03M;t2;0.05;24;1326.83;TRUE;149.77;lr201_t2_12R_12V_02I_03M;12;44841;111.88;60000;0;24.96
lr201;12R_12V_02I_04M;t2;0.05;24;1326.13;TRUE;154.97;lr201_t2_12R_12V_02I_04M;12;44841;115.93;60000;0;24.98
lr202;12R_12V_02I_03M;t2;0.05;24;885.14;TRUE;186.39;lr202_t2_12R_12V_02I_03M;12;19332;60.8;60000;0;25.59
lr202;12R_12V_02I_04M;t2;0.05;24;885.14;TRUE;195.83;lr202_t2_12R_12V_02I_04M;12;19332;63.02;60000;0;25.62
lr203;12R_12V_02I_03M;t2;0.05;24;1112.83;TRUE;222.88;lr203_t2_12R_12V_02I_03M;12;18372;68.85;60000;0;12.26
lr203;12R_12V_02I_04M;t2;0.05;24;1101.49;TRUE;237.6;lr203_t2_12R_12V_02I_04M;12;29242;115.95;60000;0;12.31
lr204;12R_12V_02I_03M;t2;0.05;24;838.34;TRUE;223.79;lr204_t2_12R_12V_02I_03M;12;8596;32.96;60000;0;5.29
lr204;12R_12V_02I_04M;t2;0.05;24;838.34;TRUE;238.71;lr204_t2_12R_12V_02I_04M;12;8596;35.05;60000;0;5.38
lr205;12R_12V_02I_03M;t2;0.05;24;903.33;TRUE;190.97;lr205_t2_12R_12V_02I_03M;12;48067;153.12;60000;0;24.46
lr205;12R_12V_02I_04M;t2;0.05;24;902.48;TRUE;202.99;lr205_t2_12R_12V_02I_04M;12;48067;162.57;60000;0;24.58
lr101;12R_12V_04I_03M;t1;0.05;24;1397.09;TRUE;14.46;lr101_t1_12R_12V_04I_03M;12;6086;1.76;60000;99.82;20
lr101;12R_12V_04I_04M;t1;0.05;24;1311.95;TRUE;37.22;lr101_t1_12R_12V_04I_04M;12;18932;12.17;60000;88.88;20.03
lr102;12R_12V_04I_03M;t1;0.05;24;993.9;TRUE;69.21;lr102_t1_12R_12V_04I_03M;12;5737;6.89;60000;62.48;12.2
lr102;12R_12V_04I_04M;t1;0.05;24;984.64;TRUE;132.36;lr102_t1_12R_12V_04I_04M;12;157;0.7;60000;18.52;13.44
lr103;12R_12V_04I_03M;t1;0.05;24;798.7;TRUE;108.25;lr103_t1_12R_12V_04I_03M;12;53272;96.15;60000;56.37;9.07
lr103;12R_12V_04I_04M;t1;0.05;24;793.44;TRUE;175.32;lr103_t1_12R_12V_04I_04M;12;26456;77.6;60000;17.64;8.55
lr104;12R_12V_04I_03M;t1;0.05;24;847.82;TRUE;177.97;lr104_t1_12R_12V_04I_03M;12;479;1.78;60000;8.07;7.85
lr104;12R_12V_04I_04M;t1;0.05;24;847.82;TRUE;195.83;lr104_t1_12R_12V_04I_04M;12;3883;13.08;60000;0.28;7.21
lr105;12R_12V_04I_03M;t1;0.05;24;834.01;TRUE;78.66;lr105_t1_12R_12V_04I_03M;12;31677;41.75;60000;58.24;16.1
lr105;12R_12V_04I_04M;t1;0.05;24;833.29;TRUE;145.11;lr105_t1_12R_12V_04I_04M;12;26445;64.6;60000;12.54;16.87
lr201;12R_12V_04I_03M;t2;0.05;24;1452.66;TRUE;184.65;lr201_t2_12R_12V_04I_03M;12;9896;31.11;60000;0;21.1
lr201;12R_12V_04I_04M;t2;0.05;24;1452.19;TRUE;195.2;lr201_t2_12R_12V_04I_04M;12;9896;32.83;60000;0;21.42
lr202;12R_12V_04I_03M;t2;0.05;24;1052.05;TRUE;194.41;lr202_t2_12R_12V_04I_03M;12;5583;18.35;60000;24.02;26.44
lr202;12R_12V_04I_04M;t2;0.05;24;1018.39;TRUE;247.42;lr202_t2_12R_12V_04I_04M;12;9874;40.92;60000;1.68;28.15
lr203;12R_12V_04I_03M;t2;0.05;24;882.13;TRUE;294.62;lr203_t2_12R_12V_04I_03M;12;20892;103.28;60000;0;14.4
lr203;12R_12V_04I_04M;t2;0.05;24;873.33;TRUE;317.37;lr203_t2_12R_12V_04I_04M;12;20892;111.37;60000;0;15.13
lr204;12R_12V_04I_03M;t2;0.05;24;895.29;TRUE;310.07;lr204_t2_12R_12V_04I_03M;12;37429;193.91;60000;0;3.72
lr204;12R_12V_04I_04M;t2;0.05;24;898.25;TRUE;338.6;lr204_t2_12R_12V_04I_04M;12;37429;212.1;60000;0;4.23
lr205;12R_12V_04I_03M;t2;0.05;24;980.74;TRUE;247.08;lr205_t2_12R_12V_04I_03M;12;29496;121.61;60000;0;20.96
lr205;12R_12V_04I_04M;t2;0.05;24;979.34;TRUE;263.71;lr205_t2_12R_12V_04I_04M;12;29496;129.96;60000;0;21.38
LR1_2_1;40R_40V_02I_05M;t1;0.05;24;8377.69;TRUE;84.12;LR1_2_1_t1_40R_40V_02I_05M;40;1;0.01;60000;100;6.09
LR1_2_1;40R_40V_02I_06M;t1;0.05;24;8377.69;TRUE;89.81;LR1_2_1_t1_40R_40V_02I_06M;40;1;0.01;60000;100;6.09
LR1_2_2;40R_40V_02I_05M;t1;0.05;24;7502.15;TRUE;95.4;LR1_2_2_t1_40R_40V_02I_05M;40;1;0.01;60000;100;5.62
LR1_2_2;40R_40V_02I_06M;t1;0.05;24;7505.6;TRUE;108.23;LR1_2_2_t1_40R_40V_02I_06M;40;1;0.01;60000;100;5.58
LR1_2_3;40R_40V_02I_05M;t1;0.05;24;4740.06;TRUE;217.66;LR1_2_3_t1_40R_40V_02I_05M;40;25999;94.26;60000;98.54;3.15
LR1_2_3;40R_40V_02I_06M;t1;0.05;24;4712.99;TRUE;231.02;LR1_2_3_t1_40R_40V_02I_06M;40;32238;124;60000;98.58;3.15
LR1_2_4;40R_40V_02I_05M;t1;0.05;24;3692.8;TRUE;603.92;LR1_2_4_t1_40R_40V_02I_05M;40;32198;323.25;60000;73.42;3.22
LR1_2_4;40R_40V_02I_06M;t1;0.05;24;3507.94;TRUE;997.72;LR1_2_4_t1_40R_40V_02I_06M;40;26395;438.91;60000;34.7;3.14
LR1_2_5;40R_40V_02I_05M;t1;0.05;24;6678.59;TRUE;113.48;LR1_2_5_t1_40R_40V_02I_05M;40;22702;43.37;60000;99.96;7.25
LR1_2_5;40R_40V_02I_06M;t1;0.05;24;6194.94;TRUE;191.88;LR1_2_5_t1_40R_40V_02I_06M;40;5534;17.73;60000;97.58;6.08
LR2_2_1;40R_40V_02I_05M;t2;0.05;24;7808.5;TRUE;1041.01;LR2_2_1_t2_40R_40V_02I_05M;40;26126;456.62;60000;0;6.74
LR2_2_1;40R_40V_02I_06M;t2;0.05;24;7801.98;TRUE;1127.63;LR2_2_1_t2_40R_40V_02I_06M;40;26126;493.12;60000;0;7.06
LR2_2_2;40R_40V_02I_05M;t2;0.05;24;6633.49;TRUE;1339.37;LR2_2_2_t2_40R_40V_02I_05M;40;18029;405.84;60000;0;7.33
LR2_2_2;40R_40V_02I_06M;t2;0.05;24;6595.87;TRUE;1460.89;LR2_2_2_t2_40R_40V_02I_06M;40;45044;1098.74;60000;0;7.6
LR2_2_3;40R_40V_02I_05M;t2;0.05;24;5757.57;TRUE;1845.83;LR2_2_3_t2_40R_40V_02I_05M;40;37208;1147.27;60000;0;3.84
LR2_2_3;40R_40V_02I_06M;t2;0.05;24;5615.17;TRUE;2023.93;LR2_2_3_t2_40R_40V_02I_06M;40;658;22.43;60000;0;4.01
LR2_2_4;40R_40V_02I_05M;t2;0.05;24;4111.86;TRUE;3266.88;LR2_2_4_t2_40R_40V_02I_05M;40;47438;2581.16;60000;0;1.86
LR2_2_4;40R_40V_02I_06M;t2;0.05;24;4111.86;TRUE;3462.3;LR2_2_4_t2_40R_40V_02I_06M;40;47438;2737.79;60000;0;1.86
LR2_2_5;40R_40V_02I_05M;t2;0.05;24;7595.62;TRUE;1233.04;LR2_2_5_t2_40R_40V_02I_05M;40;1191;25.15;60000;0;9.78
LR2_2_5;40R_40V_02I_06M;t2;0.05;24;7595.62;TRUE;1299.9;LR2_2_5_t2_40R_40V_02I_06M;40;1191;26.14;60000;0;9.78
LR1_2_1;40R_40V_04I_05M;t1;0.05;24;NA;FALSE;116.5;LR1_2_1_t1_40R_40V_04I_05M;40;0;0;60000;100;0
LR1_2_1;40R_40V_04I_06M;t1;0.05;24;7381.25;TRUE;175.74;LR1_2_1_t1_40R_40V_04I_06M;40;6705;20.08;60000;99.98;7.87
LR1_2_2;40R_40V_04I_05M;t1;0.05;24;NA;FALSE;126.41;LR1_2_2_t1_40R_40V_04I_05M;40;0;0;60000;100;0
LR1_2_2;40R_40V_04I_06M;t1;0.05;24;6129.57;TRUE;167.22;LR1_2_2_t1_40R_40V_04I_06M;40;54370;151.56;60000;99.99;7.99
LR1_2_3;40R_40V_04I_05M;t1;0.05;24;4674.72;TRUE;284.29;LR1_2_3_t1_40R_40V_04I_05M;40;38892;184.61;60000;99.45;5.91
LR1_2_3;40R_40V_04I_06M;t1;0.05;24;4742.64;TRUE;378.48;LR1_2_3_t1_40R_40V_04I_06M;40;19394;123.22;60000;97.72;5.3
LR1_2_4;40R_40V_04I_05M;t1;0.05;24;3677.89;TRUE;751.37;LR1_2_4_t1_40R_40V_04I_05M;40;22895;288.3;60000;88.18;3.68
LR1_2_4;40R_40V_04I_06M;t1;0.05;24;3701.8;TRUE;935.24;LR1_2_4_t1_40R_40V_04I_06M;40;12669;197.07;60000;78.54;3.11
LR1_2_5;40R_40V_04I_05M;t1;0.05;24;5816.59;TRUE;218.11;LR1_2_5_t1_40R_40V_04I_05M;40;40777;148.54;60000;99.99;9.82
LR1_2_5;40R_40V_04I_06M;t1;0.05;24;5390.8;TRUE;322.67;LR1_2_5_t1_40R_40V_04I_06M;40;3312;18.18;60000;98.96;8.6
LR2_2_1;40R_40V_04I_05M;t2;0.05;24;7989.89;TRUE;1441.53;LR2_2_1_t2_40R_40V_04I_05M;40;15675;378.83;60000;0;6.08
LR2_2_1;40R_40V_04I_06M;t2;0.05;24;7965;TRUE;1518.18;LR2_2_1_t2_40R_40V_04I_06M;40;15675;398.52;60000;0;6.35
LR2_2_2;40R_40V_04I_05M;t2;0.05;24;6798.85;TRUE;1535.55;LR2_2_2_t2_40R_40V_04I_05M;40;46585;1192.48;60000;33.28;6.75
LR2_2_2;40R_40V_04I_06M;t2;0.05;24;6687.94;TRUE;1994.96;LR2_2_2_t2_40R_40V_04I_06M;40;8453;281.6;60000;3.32;7.23
LR2_2_3;40R_40V_04I_05M;t2;0.05;24;5779.9;TRUE;3085.15;LR2_2_3_t2_40R_40V_04I_05M;40;36049;1853.38;60000;0;3.24
LR2_2_3;40R_40V_04I_06M;t2;0.05;24;5999.58;TRUE;3209.08;LR2_2_3_t2_40R_40V_04I_06M;40;9134;490.79;60000;0;3.38
LR2_2_4;40R_40V_04I_05M;t2;0.05;24;4397.02;TRUE;3600.06;LR2_2_4_t2_40R_40V_04I_05M;40;20639;1930.32;38529;0;1.43
LR2_2_4;40R_40V_04I_06M;t2;0.05;24;4387.17;TRUE;3600.04;LR2_2_4_t2_40R_40V_04I_06M;40;21295;2104.98;36430;0;1.49
LR2_2_5;40R_40V_04I_05M;t2;0.05;24;8090.72;TRUE;1717.51;LR2_2_5_t2_40R_40V_04I_05M;40;1267;36.38;60000;0;7.89
LR2_2_5;40R_40V_04I_06M;t2;0.05;24;7904.74;TRUE;1809.61;LR2_2_5_t2_40R_40V_04I_06M;40;45059;1360.04;60000;0;8.46
LR1_2_1;60R_60V_02I_05M;t1;0.05;24;12347;TRUE;181.15;LR1_2_1_t1_60R_60V_02I_05M;60;1;0.02;60000;100;6.92
LR1_2_1;60R_60V_02I_06M;t1;0.05;24;12282.42;TRUE;199.36;LR1_2_1_t1_60R_60V_02I_06M;60;1;0.02;60000;100;6.69
LR1_2_2;60R_60V_02I_05M;t1;0.05;24;7548.41;TRUE;512.57;LR1_2_2_t1_60R_60V_02I_05M;60;47025;402.1;60000;96.92;4.44
LR1_2_2;60R_60V_02I_06M;t1;0.05;24;7770.17;TRUE;566.59;LR1_2_2_t1_60R_60V_02I_06M;60;7240;68.82;60000;95.48;4.37
LR1_2_3;60R_60V_02I_05M;t1;0.05;24;8320.23;TRUE;248.2;LR1_2_3_t1_60R_60V_02I_05M;60;1;0.03;60000;100;1.86
LR1_2_3;60R_60V_02I_06M;t1;0.05;24;8725.41;TRUE;278.87;LR1_2_3_t1_60R_60V_02I_06M;60;1;0.03;60000;100;2.71
LR1_2_4;60R_60V_02I_05M;t1;0.05;24;5499;TRUE;1182.97;LR1_2_4_t1_60R_60V_02I_05M;60;22076;434.54;60000;90.49;1.91
LR1_2_4;60R_60V_02I_06M;t1;0.05;24;5462.17;TRUE;1294.91;LR1_2_4_t1_60R_60V_02I_06M;60;41152;887.79;60000;89.1;1.76
LR1_2_5;60R_60V_02I_05M;t1;0.05;24;7472.81;TRUE;782.17;LR1_2_5_t1_60R_60V_02I_05M;60;53073;690.38;60000;85.44;5.86
LR1_2_5;60R_60V_02I_06M;t1;0.05;24;7454.24;TRUE;1067.07;LR1_2_5_t1_60R_60V_02I_06M;60;16428;290.25;60000;66.4;5.66
LR2_2_1;60R_60V_02I_05M;t2;0.05;24;11882.88;TRUE;2263.23;LR2_2_1_t2_60R_60V_02I_05M;60;17798;676.9;60000;0;5.47
LR2_2_1;60R_60V_02I_06M;t2;0.05;24;11882.88;TRUE;2456.29;LR2_2_1_t2_60R_60V_02I_06M;60;17798;735.75;60000;0;5.79
LR2_2_2;60R_60V_02I_05M;t2;0.05;24;9527.57;TRUE;3071.48;LR2_2_2_t2_60R_60V_02I_05M;60;3504;180.05;60000;0;4.41
LR2_2_2;60R_60V_02I_06M;t2;0.05;24;9500.31;TRUE;3403.68;LR2_2_2_t2_60R_60V_02I_06M;60;35877;2037.76;60000;0;4.62
LR2_2_3;60R_60V_02I_05M;t2;0.05;24;9135.9;TRUE;3600.04;LR2_2_3_t2_60R_60V_02I_05M;60;23784;1629.61;52631;0;3.74
LR2_2_3;60R_60V_02I_06M;t2;0.05;24;9135.56;TRUE;3600.04;LR2_2_3_t2_60R_60V_02I_06M;60;23784;1703.62;50243;0;3.74
LR2_2_4;60R_60V_02I_05M;t2;0.05;24;6851.8;TRUE;3600.05;LR2_2_4_t2_60R_60V_02I_05M;60;32564;3089.66;37963;0;1.92
LR2_2_4;60R_60V_02I_06M;t2;0.05;24;6851.8;TRUE;3600.04;LR2_2_4_t2_60R_60V_02I_06M;60;32564;3284.56;35703;0;1.93
LR2_2_5;60R_60V_02I_05M;t2;0.05;24;11628.49;TRUE;2663.69;LR2_2_5_t2_60R_60V_02I_05M;60;9299;418.46;60000;0;8.23
LR2_2_5;60R_60V_02I_06M;t2;0.05;24;11628.34;TRUE;2852.2;LR2_2_5_t2_60R_60V_02I_06M;60;9299;446.62;60000;0;8.23
LR1_2_1;60R_60V_04I_05M;t1;0.05;24;NA;FALSE;354.51;LR1_2_1_t1_60R_60V_04I_05M;60;0;0;60000;100;0
LR1_2_1;60R_60V_04I_06M;t1;0.05;24;11470.17;TRUE;448.27;LR1_2_1_t1_60R_60V_04I_06M;60;9758;73.24;60000;100;10.56
LR1_2_2;60R_60V_04I_05M;t1;0.05;24;NA;FALSE;362.27;LR1_2_2_t1_60R_60V_04I_05M;60;0;0;60000;100;0
LR1_2_2;60R_60V_04I_06M;t1;0.05;24;8862.36;TRUE;524.98;LR1_2_2_t1_60R_60V_04I_06M;60;7984;70.65;60000;99.99;8.14
LR1_2_3;60R_60V_04I_05M;t1;0.05;24;7941.29;TRUE;628.57;LR1_2_3_t1_60R_60V_04I_05M;60;11255;119.43;60000;99.99;7
LR1_2_3;60R_60V_04I_06M;t1;0.05;24;7473.03;TRUE;819.91;LR1_2_3_t1_60R_60V_04I_06M;60;2476;34.5;60000;99.79;6.3
LR1_2_4;60R_60V_04I_05M;t1;0.05;24;5556.04;TRUE;1676.93;LR1_2_4_t1_60R_60V_04I_05M;60;31892;888.84;60000;96.63;4.68
LR1_2_4;60R_60V_04I_06M;t1;0.05;24;5496.35;TRUE;2226.01;LR1_2_4_t1_60R_60V_04I_06M;60;50996;1888.69;60000;91.02;3.99
LR1_2_5;60R_60V_04I_05M;t1;0.05;24;NA;FALSE;320.21;LR1_2_5_t1_60R_60V_04I_05M;60;0;0;60000;100;0
LR1_2_5;60R_60V_04I_06M;t1;0.05;24;8673.83;TRUE;463.25;LR1_2_5_t1_60R_60V_04I_06M;60;51696;398.64;60000;99.99;9.06
LR2_2_1;60R_60V_04I_05M;t2;0.05;24;11810.3;TRUE;2811.77;LR2_2_1_t2_60R_60V_04I_05M;60;16631;780.38;60000;24.98;5.71
LR2_2_1;60R_60V_04I_06M;t2;0.05;24;11864.88;TRUE;3390.89;LR2_2_1_t2_60R_60V_04I_06M;60;21223;1200.42;60000;7.98;5.94
LR2_2_2;60R_60V_04I_05M;t2;0.05;24;9881.67;TRUE;3186.41;LR2_2_2_t2_60R_60V_04I_05M;60;38879;2064.32;60000;50.9;5.35
LR2_2_2;60R_60V_04I_06M;t2;0.05;24;9984.31;TRUE;3600.06;LR2_2_2_t2_60R_60V_04I_06M;60;29590;2317.67;45960;7.54;5.57
LR2_2_3;60R_60V_04I_05M;t2;0.05;24;9906.03;TRUE;3600.09;LR2_2_3_t2_60R_60V_04I_05M;60;29861;3454.68;31126;0.34;3.24
LR2_2_3;60R_60V_04I_06M;t2;0.05;24;10014.97;TRUE;3600.03;LR2_2_3_t2_60R_60V_04I_06M;60;18109;2241.08;29109;0.03;3.45
LR2_2_4;60R_60V_04I_05M;t2;0.05;24;7039.95;TRUE;3600;LR2_2_4_t2_60R_60V_04I_05M;60;16558;3337.22;17863;0;1.14
LR2_2_4;60R_60V_04I_06M;t2;0.05;24;7089.68;TRUE;3600.01;LR2_2_4_t2_60R_60V_04I_06M;60;14459;3139.72;16576;0;1.21
LR2_2_5;60R_60V_04I_05M;t2;0.05;24;12347.86;TRUE;3600;LR2_2_5_t2_60R_60V_04I_05M;60;817;55.06;53953;0;5.61
LR2_2_5;60R_60V_04I_06M;t2;0.05;24;12624.12;TRUE;3600.05;LR2_2_5_t2_60R_60V_04I_06M;60;4695;334.46;50756;0;6.08
lr101;06R_06V_02I_03M;t1;0.05;41;784.11;TRUE;88.75;lr101_t1_06R_06V_02I_03M;6;1;0;60000;0;18.33
lr101;06R_06V_02I_04M;t1;0.05;41;763.79;TRUE;90.32;lr101_t1_06R_06V_02I_04M;6;2;0.28;60000;0;19.55
lr102;06R_06V_02I_03M;t1;0.05;41;542.25;TRUE;87.91;lr102_t1_06R_06V_02I_03M;6;5;0.32;60000;0;13.07
lr102;06R_06V_02I_04M;t1;0.05;41;542.25;TRUE;88.09;lr102_t1_06R_06V_02I_04M;6;5;0.29;60000;0;13.13
lr103;06R_06V_02I_03M;t1;0.05;41;455.04;TRUE;91.97;lr103_t1_06R_06V_02I_03M;6;19;0.34;60000;0;19.9
lr103;06R_06V_02I_04M;t1;0.05;41;452.25;TRUE;93.25;lr103_t1_06R_06V_02I_04M;6;35;0.37;60000;0;20.2
lr104;06R_06V_02I_03M;t1;0.05;41;431.14;TRUE;87.44;lr104_t1_06R_06V_02I_03M;6;3;0.29;60000;0;13.5
lr104;06R_06V_02I_04M;t1;0.05;41;426.97;TRUE;87.03;lr104_t1_06R_06V_02I_04M;6;3;0.3;60000;0;13.98
lr105;06R_06V_02I_03M;t1;0.05;41;472.54;TRUE;85.11;lr105_t1_06R_06V_02I_03M;6;17;0.35;60000;0;22.94
lr105;06R_06V_02I_04M;t1;0.05;41;471.8;TRUE;86.92;lr105_t1_06R_06V_02I_04M;6;17;0.31;60000;0;22.97
lr201;06R_06V_02I_03M;t2;0.05;41;841.88;TRUE;86.27;lr201_t2_06R_06V_02I_03M;6;154;0.53;60000;0;26.42
lr201;06R_06V_02I_04M;t2;0.05;41;840.13;TRUE;87.61;lr201_t2_06R_06V_02I_04M;6;154;0.51;60000;0;26.65
lr202;06R_06V_02I_03M;t2;0.05;41;606.04;TRUE;96.06;lr202_t2_06R_06V_02I_03M;6;53;0.36;60000;0;42.89
lr202;06R_06V_02I_04M;t2;0.05;41;606.04;TRUE;98.47;lr202_t2_06R_06V_02I_04M;6;53;0.42;60000;0;42.89
lr203;06R_06V_02I_03M;t2;0.05;41;676.69;TRUE;98.88;lr203_t2_06R_06V_02I_03M;6;150;0.55;60000;0;33.05
lr203;06R_06V_02I_04M;t2;0.05;41;676.69;TRUE;100.73;lr203_t2_06R_06V_02I_04M;6;150;0.6;60000;0;33.07
lr204;06R_06V_02I_03M;t2;0.05;41;559.82;TRUE;111.76;lr204_t2_06R_06V_02I_03M;6;5682;10.98;60000;0;23.56
lr204;06R_06V_02I_04M;t2;0.05;41;553.06;TRUE;114.16;lr204_t2_06R_06V_02I_04M;6;2387;4.93;60000;0;21.48
lr205;06R_06V_02I_03M;t2;0.05;41;551.63;TRUE;92.32;lr205_t2_06R_06V_02I_03M;6;10;0.31;60000;0;30.78
lr205;06R_06V_02I_04M;t2;0.05;41;549.2;TRUE;92.66;lr205_t2_06R_06V_02I_04M;6;10;0.3;60000;0;30.74
lr101;06R_06V_04I_03M;t1;0.05;41;784.7;TRUE;12.41;lr101_t1_06R_06V_04I_03M;6;48;0.3;60000;92.46;14.57
lr101;06R_06V_04I_04M;t1;0.05;41;757.4;TRUE;48.49;lr101_t1_06R_06V_04I_04M;6;256;0.5;60000;53.06;16.53
lr102;06R_06V_04I_03M;t1;0.05;41;619.93;TRUE;38.53;lr102_t1_06R_06V_04I_03M;6;37;0.32;60000;68.24;11.32
lr102;06R_06V_04I_04M;t1;0.05;41;613.22;TRUE;104.65;lr102_t1_06R_06V_04I_04M;6;1;0;60000;1.51;13.45
lr103;06R_06V_04I_03M;t1;0.05;41;448.87;TRUE;98.1;lr103_t1_06R_06V_04I_03M;6;1;0;60000;0;19.22
lr103;06R_06V_04I_04M;t1;0.05;41;446.87;TRUE;100.12;lr103_t1_06R_06V_04I_04M;6;1;0;60000;0;19.3
lr104;06R_06V_04I_03M;t1;0.05;41;469.54;TRUE;97.52;lr104_t1_06R_06V_04I_03M;6;11;0.3;60000;0;11.22
lr104;06R_06V_04I_04M;t1;0.05;41;465.1;TRUE;100.92;lr104_t1_06R_06V_04I_04M;6;11;0.3;60000;0;11.9
lr105;06R_06V_04I_03M;t1;0.05;41;521.52;TRUE;33.51;lr105_t1_06R_06V_04I_03M;6;32;0.31;60000;71.82;15.83
lr105;06R_06V_04I_04M;t1;0.05;41;513.23;TRUE;101.36;lr105_t1_06R_06V_04I_04M;6;229;0.71;60000;0;18.47
lr201;06R_06V_04I_03M;t2;0.05;41;903.79;TRUE;99.36;lr201_t2_06R_06V_04I_03M;6;5;0.34;60000;0;23.32
lr201;06R_06V_04I_04M;t2;0.05;41;895.88;TRUE;102.73;lr201_t2_06R_06V_04I_04M;6;154;0.55;60000;0;23.28
lr202;06R_06V_04I_03M;t2;0.05;41;547.87;TRUE;110.68;lr202_t2_06R_06V_04I_03M;6;30;0.35;60000;0;27.16
lr202;06R_06V_04I_04M;t2;0.05;41;547.87;TRUE;112.12;lr202_t2_06R_06V_04I_04M;6;30;0.35;60000;0;27.27
lr203;06R_06V_04I_03M;t2;0.05;41;685.01;TRUE;112.76;lr203_t2_06R_06V_04I_03M;6;34;0.35;60000;0;27.74
lr203;06R_06V_04I_04M;t2;0.05;41;681.89;TRUE;114.02;lr203_t2_06R_06V_04I_04M;6;34;0.35;60000;0;30.53
lr204;06R_06V_04I_03M;t2;0.05;41;610.47;TRUE;129.02;lr204_t2_06R_06V_04I_03M;6;2794;6.35;60000;0;21.61
lr204;06R_06V_04I_04M;t2;0.05;41;601.61;TRUE;134.87;lr204_t2_06R_06V_04I_04M;6;3749;8.96;60000;0;22.36
lr205;06R_06V_04I_03M;t2;0.05;41;535.22;TRUE;119.83;lr205_t2_06R_06V_04I_03M;6;113;0.54;60000;0;27.16
lr205;06R_06V_04I_04M;t2;0.05;41;535.22;TRUE;122.19;lr205_t2_06R_06V_04I_04M;6;34;0.35;60000;0;26.83
lr101;08R_08V_02I_03M;t1;0.05;41;946.87;TRUE;44.23;lr101_t1_08R_08V_02I_03M;8;32;0.31;60000;65.06;21.88
lr101;08R_08V_02I_04M;t1;0.05;41;948.49;TRUE;79.16;lr101_t1_08R_08V_02I_04M;8;182;0.54;60000;32.11;22.33
lr102;08R_08V_02I_03M;t1;0.05;41;770.92;TRUE;110.53;lr102_t1_08R_08V_02I_03M;8;1189;2.62;60000;0;15.31
lr102;08R_08V_02I_04M;t1;0.05;41;770.92;TRUE;111.76;lr102_t1_08R_08V_02I_04M;8;1189;2.59;60000;0;15.31
lr103;08R_08V_02I_03M;t1;0.05;41;546.38;TRUE;117.57;lr103_t1_08R_08V_02I_03M;8;14;0.33;60000;0.07;12.26
lr103;08R_08V_02I_04M;t1;0.05;41;546.38;TRUE;121.26;lr103_t1_08R_08V_02I_04M;8;14;0.32;60000;0;12.08
lr104;08R_08V_02I_03M;t1;0.05;41;558.37;TRUE;109.12;lr104_t1_08R_08V_02I_03M;8;65;0.45;60000;0;12.95
lr104;08R_08V_02I_04M;t1;0.05;41;558.37;TRUE;112.28;lr104_t1_08R_08V_02I_04M;8;65;0.42;60000;0;13.15
lr105;08R_08V_02I_03M;t1;0.05;41;557.04;TRUE;100.96;lr105_t1_08R_08V_02I_03M;8;77;0.42;60000;0;18.41
lr105;08R_08V_02I_04M;t1;0.05;41;556.3;TRUE;102.66;lr105_t1_08R_08V_02I_04M;8;77;0.45;60000;0;18.43
lr201;08R_08V_02I_03M;t2;0.05;41;948.1;TRUE;102.99;lr201_t2_08R_08V_02I_03M;8;42;0.39;60000;0;26.91
lr201;08R_08V_02I_04M;t2;0.05;41;944.72;TRUE;104.48;lr201_t2_08R_08V_02I_04M;8;42;0.37;60000;0;26.87
lr202;08R_08V_02I_03M;t2;0.05;41;694.1;TRUE;129.18;lr202_t2_08R_08V_02I_03M;8;9528;20.83;60000;0;34.72
lr202;08R_08V_02I_04M;t2;0.05;41;694.1;TRUE;134.59;lr202_t2_08R_08V_02I_04M;8;9528;21.86;60000;0;34.73
lr203;08R_08V_02I_03M;t2;0.05;41;685.02;TRUE;131.96;lr203_t2_08R_08V_02I_03M;8;621;1.73;60000;0;23.93
lr203;08R_08V_02I_04M;t2;0.05;41;684.26;TRUE;135.07;lr203_t2_08R_08V_02I_04M;8;621;1.75;60000;0;24.25
lr204;08R_08V_02I_03M;t2;0.05;41;683.79;TRUE;141.07;lr204_t2_08R_08V_02I_03M;8;517;1.53;60000;0;13.11
lr204;08R_08V_02I_04M;t2;0.05;41;682.02;TRUE;144.62;lr204_t2_08R_08V_02I_04M;8;4440;10.84;60000;0;13.2
lr205;08R_08V_02I_03M;t2;0.05;41;649.01;TRUE;126.42;lr205_t2_08R_08V_02I_03M;8;29339;61.81;60000;0;28.09
lr205;08R_08V_02I_04M;t2;0.05;41;639.95;TRUE;133.88;lr205_t2_08R_08V_02I_04M;8;19744;44.43;60000;0;27.42
lr101;08R_08V_04I_03M;t1;0.05;41;1155.57;TRUE;7.37;lr101_t1_08R_08V_04I_03M;8;1179;0.45;60000;99.59;16.73
lr101;08R_08V_04I_04M;t1;0.05;41;1067.57;TRUE;45.26;lr101_t1_08R_08V_04I_04M;8;13225;10.27;60000;69.62;19.6
lr102;08R_08V_04I_03M;t1;0.05;41;772.63;TRUE;62.83;lr102_t1_08R_08V_04I_03M;8;5820;6.34;60000;51.04;14.59
lr102;08R_08V_04I_04M;t1;0.05;41;773.21;TRUE;65.48;lr102_t1_08R_08V_04I_04M;8;479;0.85;60000;50.12;14.34
lr103;08R_08V_04I_03M;t1;0.05;41;563.98;TRUE;107.4;lr103_t1_08R_08V_04I_03M;8;731;1.62;60000;19.99;11.52
lr103;08R_08V_04I_04M;t1;0.05;41;562.45;TRUE;131.09;lr103_t1_08R_08V_04I_04M;8;277;0.9;60000;1.3;10.59
lr104;08R_08V_04I_03M;t1;0.05;41;649.57;TRUE;112.26;lr104_t1_08R_08V_04I_03M;8;1049;2.36;60000;18.56;16.2
lr104;08R_08V_04I_04M;t1;0.05;41;649.55;TRUE;133.16;lr104_t1_08R_08V_04I_04M;8;186;0.72;60000;3.33;10.61
lr105;08R_08V_04I_03M;t1;0.05;41;754.77;TRUE;27.34;lr105_t1_08R_08V_04I_03M;8;3973;2.21;60000;86.16;14.36
lr105;08R_08V_04I_04M;t1;0.05;41;751.51;TRUE;105.68;lr105_t1_08R_08V_04I_04M;8;12855;22.96;60000;15.33;13.56
lr201;08R_08V_04I_03M;t2;0.05;41;1022.83;TRUE;125.71;lr201_t2_08R_08V_04I_03M;8;36;0.36;60000;0;22.06
lr201;08R_08V_04I_04M;t2;0.05;41;1018.91;TRUE;128.83;lr201_t2_08R_08V_04I_04M;8;36;0.37;60000;0;21.85
lr202;08R_08V_04I_03M;t2;0.05;41;773.98;TRUE;158.19;lr202_t2_08R_08V_04I_03M;8;23587;62.31;60000;0;25.16
lr202;08R_08V_04I_04M;t2;0.05;41;760.68;TRUE;166.93;lr202_t2_08R_08V_04I_04M;8;20169;56.51;60000;0;30.43
lr203;08R_08V_04I_03M;t2;0.05;41;684.38;TRUE;142.61;lr203_t2_08R_08V_04I_03M;8;4351;10.66;60000;0;20.99
lr203;08R_08V_04I_04M;t2;0.05;41;683.66;TRUE;147.17;lr203_t2_08R_08V_04I_04M;8;11133;27.59;60000;0;21.36
lr204;08R_08V_04I_03M;t2;0.05;41;721.23;TRUE;170.48;lr204_t2_08R_08V_04I_03M;8;24810;70.29;60000;0;14.17
lr204;08R_08V_04I_04M;t2;0.05;41;720.9;TRUE;180.05;lr204_t2_08R_08V_04I_04M;8;24810;74.43;60000;0;14.78
lr205;08R_08V_04I_03M;t2;0.05;41;662.24;TRUE;156.96;lr205_t2_08R_08V_04I_03M;8;2393;6.57;60000;0;27.58
lr205;08R_08V_04I_04M;t2;0.05;41;661.85;TRUE;160.86;lr205_t2_08R_08V_04I_04M;8;3763;10.31;60000;0;27.58
lr101;10R_10V_02I_03M;t1;0.05;41;1295.99;TRUE;15.29;lr101_t1_10R_10V_02I_03M;10;12169;3.45;60000;96.12;13.12
lr101;10R_10V_02I_04M;t1;0.05;41;1254.94;TRUE;62.52;lr101_t1_10R_10V_02I_04M;10;4138;4.56;60000;60.36;14.15
lr102;10R_10V_02I_03M;t1;0.05;41;1018.62;TRUE;123.07;lr102_t1_10R_10V_02I_03M;10;42;0.42;60000;0;11.56
lr102;10R_10V_02I_04M;t1;0.05;41;1018.62;TRUE;127.42;lr102_t1_10R_10V_02I_04M;10;42;0.4;60000;0;11.56
lr103;10R_10V_02I_03M;t1;0.05;41;610.04;TRUE;135.23;lr103_t1_10R_10V_02I_03M;10;34;0.37;60000;0.18;8.5
lr103;10R_10V_02I_04M;t1;0.05;41;610.04;TRUE;140.59;lr103_t1_10R_10V_02I_04M;10;34;0.4;60000;0;8.4
lr104;10R_10V_02I_03M;t1;0.05;41;687.39;TRUE;119.81;lr104_t1_10R_10V_02I_03M;10;35112;70.07;60000;0;6.41
lr104;10R_10V_02I_04M;t1;0.05;41;671.72;TRUE;125.35;lr104_t1_10R_10V_02I_04M;10;34231;71.22;60000;0;7.06
lr105;10R_10V_02I_03M;t1;0.05;41;671.01;TRUE;113.32;lr105_t1_10R_10V_02I_03M;10;51;0.41;60000;0;18.65
lr105;10R_10V_02I_04M;t1;0.05;41;671.01;TRUE;115.69;lr105_t1_10R_10V_02I_04M;10;51;0.38;60000;0;18.65
lr201;10R_10V_02I_03M;t2;0.05;41;1006.56;TRUE;128.97;lr201_t2_10R_10V_02I_03M;10;433;1.23;60000;0;26.51
lr201;10R_10V_02I_04M;t2;0.05;41;1005.86;TRUE;133.07;lr201_t2_10R_10V_02I_04M;10;433;1.28;60000;0;26.52
lr202;10R_10V_02I_03M;t2;0.05;41;810.23;TRUE;143.39;lr202_t2_10R_10V_02I_03M;10;33902;81.03;60000;0;27.71
lr202;10R_10V_02I_04M;t2;0.05;41;809.32;TRUE;149.13;lr202_t2_10R_10V_02I_04M;10;33902;84.38;60000;0;28.1
lr203;10R_10V_02I_03M;t2;0.05;41;756.99;TRUE;189.96;lr203_t2_10R_10V_02I_03M;10;3074;10.11;60000;0;19.71
lr203;10R_10V_02I_04M;t2;0.05;41;756.27;TRUE;196.45;lr203_t2_10R_10V_02I_04M;10;3074;10.32;60000;0;20.01
lr204;10R_10V_02I_03M;t2;0.05;41;751.71;TRUE;183.12;lr204_t2_10R_10V_02I_03M;10;40040;122.33;60000;0;8.77
lr204;10R_10V_02I_04M;t2;0.05;41;747.79;TRUE;193.67;lr204_t2_10R_10V_02I_04M;10;40040;129.62;60000;0;9.5
lr205;10R_10V_02I_03M;t2;0.05;41;761.09;TRUE;144.4;lr205_t2_10R_10V_02I_03M;10;16172;39.42;60000;0;31.29
lr205;10R_10V_02I_04M;t2;0.05;41;761.09;TRUE;149.28;lr205_t2_10R_10V_02I_04M;10;16172;40.45;60000;0;31.29
lr101;10R_10V_04I_03M;t1;0.05;41;1275.66;TRUE;14.05;lr101_t1_10R_10V_04I_03M;10;4734;1.42;60000;99.68;22.18
lr101;10R_10V_04I_04M;t1;0.05;41;1207.27;TRUE;68.22;lr101_t1_10R_10V_04I_04M;10;124;0.48;60000;60.18;21.11
lr102;10R_10V_04I_03M;t1;0.05;41;943.35;TRUE;54.48;lr102_t1_10R_10V_04I_03M;10;24431;22.16;60000;70.02;12.76
lr102;10R_10V_04I_04M;t1;0.05;41;938.67;TRUE;108.67;lr102_t1_10R_10V_04I_04M;10;5634;10.57;60000;29.98;12.09
lr103;10R_10V_04I_03M;t1;0.05;41;615.06;TRUE;122.43;lr103_t1_10R_10V_04I_03M;10;37;0.37;60000;22.86;15.03
lr103;10R_10V_04I_04M;t1;0.05;41;611.6;TRUE;151.89;lr103_t1_10R_10V_04I_04M;10;37;0.38;60000;4.42;13.73
lr104;10R_10V_04I_03M;t1;0.05;41;745.94;TRUE;134.3;lr104_t1_10R_10V_04I_03M;10;16225;36.6;60000;9.71;12.92
lr104;10R_10V_04I_04M;t1;0.05;41;745.94;TRUE;150.69;lr104_t1_10R_10V_04I_04M;10;22617;57.09;60000;0.09;12.75
lr105;10R_10V_04I_03M;t1;0.05;41;668.46;TRUE;54.07;lr105_t1_10R_10V_04I_03M;10;53;0.35;60000;66.29;14.36
lr105;10R_10V_04I_04M;t1;0.05;41;665.48;TRUE;123.87;lr105_t1_10R_10V_04I_04M;10;25;0.34;60000;9.2;15.57
lr201;10R_10V_04I_03M;t2;0.05;41;1271.26;TRUE;155.73;lr201_t2_10R_10V_04I_03M;10;3134;8.52;60000;0;21.9
lr201;10R_10V_04I_04M;t2;0.05;41;1271.26;TRUE;161.5;lr201_t2_10R_10V_04I_04M;10;3134;8.97;60000;0;22.08
lr202;10R_10V_04I_03M;t2;0.05;41;978.55;TRUE;122.97;lr202_t2_10R_10V_04I_03M;10;4151;8.9;60000;43.61;25.41
lr202;10R_10V_04I_04M;t2;0.05;41;944.88;TRUE;193.63;lr202_t2_10R_10V_04I_04M;10;37472;121.22;60000;2.85;27.83
lr203;10R_10V_04I_03M;t2;0.05;41;795.51;TRUE;231.28;lr203_t2_10R_10V_04I_03M;10;50105;193.33;60000;0;15.24
lr203;10R_10V_04I_04M;t2;0.05;41;787.01;TRUE;248.61;lr203_t2_10R_10V_04I_04M;10;22069;92.55;60000;0;16.69
lr204;10R_10V_04I_03M;t2;0.05;41;784.9;TRUE;250.64;lr204_t2_10R_10V_04I_03M;10;27159;113.83;60000;0;8.45
lr204;10R_10V_04I_04M;t2;0.05;41;786.54;TRUE;263.01;lr204_t2_10R_10V_04I_04M;10;18377;80.73;60000;0;8.23
lr205;10R_10V_04I_03M;t2;0.05;41;787.07;TRUE;181.14;lr205_t2_10R_10V_04I_03M;10;9156;27.82;60000;0;26.25
lr205;10R_10V_04I_04M;t2;0.05;41;788.21;TRUE;191.84;lr205_t2_10R_10V_04I_04M;10;55827;178.23;60000;0;26.59
lr101;12R_12V_02I_03M;t1;0.05;41;1432.08;TRUE;21.46;lr101_t1_12R_12V_02I_03M;12;2835;1.34;60000;94.22;16
lr101;12R_12V_02I_04M;t1;0.05;41;1391.03;TRUE;73.38;lr101_t1_12R_12V_02I_04M;12;567;1;60000;57.79;16.84
lr102;12R_12V_02I_03M;t1;0.05;41;981.42;TRUE;129.16;lr102_t1_12R_12V_02I_03M;12;227;0.79;60000;6.48;14.77
lr102;12R_12V_02I_04M;t1;0.05;41;975.57;TRUE;140.26;lr102_t1_12R_12V_02I_04M;12;178;0.69;60000;0.29;14.44
lr103;12R_12V_02I_03M;t1;0.05;41;717.1;TRUE;148.49;lr103_t1_12R_12V_02I_03M;12;283;1.01;60000;1.23;10.32
lr103;12R_12V_02I_04M;t1;0.05;41;714.59;TRUE;157.21;lr103_t1_12R_12V_02I_04M;12;19634;51.48;60000;0;10.61
lr104;12R_12V_02I_03M;t1;0.05;41;778.92;TRUE;161.51;lr104_t1_12R_12V_02I_03M;12;42344;114.07;60000;0.47;7.84
lr104;12R_12V_02I_04M;t1;0.05;41;771.33;TRUE;169.36;lr104_t1_12R_12V_02I_04M;12;36457;102.96;60000;0;7.84
lr105;12R_12V_02I_03M;t1;0.05;41;1344.91;TRUE;14.25;lr105_t1_12R_12V_02I_03M;12;36812;9.01;60000;98.84;8.7
lr105;12R_12V_02I_04M;t1;0.05;41;1297.52;TRUE;33.43;lr105_t1_12R_12V_02I_04M;12;19603;11.1;60000;89.32;8.4
lr201;12R_12V_02I_03M;t2;0.05;41;1327.28;TRUE;149.39;lr201_t2_12R_12V_02I_03M;12;8894;22.66;60000;0;24.96
lr201;12R_12V_02I_04M;t2;0.05;41;1326.58;TRUE;156.26;lr201_t2_12R_12V_02I_04M;12;8894;23.44;60000;0;24.98
lr202;12R_12V_02I_03M;t2;0.05;41;890.06;TRUE;187.26;lr202_t2_12R_12V_02I_03M;12;45790;143.19;60000;0;25.56
lr202;12R_12V_02I_04M;t2;0.05;41;890.06;TRUE;197.38;lr202_t2_12R_12V_02I_04M;12;45790;151.04;60000;0;25.59
lr203;12R_12V_02I_03M;t2;0.05;41;1137.19;TRUE;223.34;lr203_t2_12R_12V_02I_03M;12;32985;123.17;60000;0;12.25
lr203;12R_12V_02I_04M;t2;0.05;41;1102.23;TRUE;235.52;lr203_t2_12R_12V_02I_04M;12;54989;215.9;60000;0;12.29
lr204;12R_12V_02I_03M;t2;0.05;41;834.5;TRUE;224.75;lr204_t2_12R_12V_02I_03M;12;4629;18.21;60000;0;5.24
lr204;12R_12V_02I_04M;t2;0.05;41;834.5;TRUE;241.49;lr204_t2_12R_12V_02I_04M;12;4629;19.46;60000;0;5.33
lr205;12R_12V_02I_03M;t2;0.05;41;912.26;TRUE;192.68;lr205_t2_12R_12V_02I_03M;12;50117;160.78;60000;0;24.47
lr205;12R_12V_02I_04M;t2;0.05;41;912.26;TRUE;200.85;lr205_t2_12R_12V_02I_04M;12;50117;167.59;60000;0;24.6
lr101;12R_12V_04I_03M;t1;0.05;41;1368.7;TRUE;13.87;lr101_t1_12R_12V_04I_03M;12;46874;10.94;60000;99.83;19.85
lr101;12R_12V_04I_04M;t1;0.05;41;1310.09;TRUE;37.68;lr101_t1_12R_12V_04I_04M;12;9592;6.23;60000;88.85;20.09
lr102;12R_12V_04I_03M;t1;0.05;41;993.9;TRUE;68.8;lr102_t1_12R_12V_04I_03M;12;3972;4.86;60000;62.88;12.19
lr102;12R_12V_04I_04M;t1;0.05;41;984.64;TRUE;133.73;lr102_t1_12R_12V_04I_04M;12;605;1.66;60000;18.61;13.43
lr103;12R_12V_04I_03M;t1;0.05;41;796.75;TRUE;108.89;lr103_t1_12R_12V_04I_03M;12;57026;103.43;60000;56.28;9.13
lr103;12R_12V_04I_04M;t1;0.05;41;794.52;TRUE;173.95;lr103_t1_12R_12V_04I_04M;12;11150;32.65;60000;17.57;8.55
lr104;12R_12V_04I_03M;t1;0.05;41;847.82;TRUE;175.92;lr104_t1_12R_12V_04I_03M;12;2385;7.32;60000;8.14;7.85
lr104;12R_12V_04I_04M;t1;0.05;41;847.82;TRUE;193.69;lr104_t1_12R_12V_04I_04M;12;1058;3.76;60000;0.3;7.22
lr105;12R_12V_04I_03M;t1;0.05;41;834.01;TRUE;78.72;lr105_t1_12R_12V_04I_03M;12;30285;39.88;60000;57.74;16.1
lr105;12R_12V_04I_04M;t1;0.05;41;833.29;TRUE;144.36;lr105_t1_12R_12V_04I_04M;12;34240;82.37;60000;12.45;16.87
lr201;12R_12V_04I_03M;t2;0.05;41;1462.63;TRUE;185.59;lr201_t2_12R_12V_04I_03M;12;50230;155.37;60000;0;21.1
lr201;12R_12V_04I_04M;t2;0.05;41;1462.16;TRUE;193.21;lr201_t2_12R_12V_04I_04M;12;50230;161.77;60000;0;21.42
lr202;12R_12V_04I_03M;t2;0.05;41;1048.37;TRUE;193.36;lr202_t2_12R_12V_04I_03M;12;25801;83.32;60000;24.28;26.48
lr202;12R_12V_04I_04M;t2;0.05;41;1019.39;TRUE;244.61;lr202_t2_12R_12V_04I_04M;12;33475;136.99;60000;1.72;28.1
lr203;12R_12V_04I_03M;t2;0.05;41;900.87;TRUE;296.66;lr203_t2_12R_12V_04I_03M;12;9804;49.3;60000;0;14.39
lr203;12R_12V_04I_04M;t2;0.05;41;868.61;TRUE;317.05;lr203_t2_12R_12V_04I_04M;12;46340;245.45;60000;0;15.13
lr204;12R_12V_04I_03M;t2;0.05;41;906.72;TRUE;315.31;lr204_t2_12R_12V_04I_03M;12;23660;124.82;60000;0;3.65
lr204;12R_12V_04I_04M;t2;0.05;41;906.28;TRUE;341.32;lr204_t2_12R_12V_04I_04M;12;54482;310.13;60000;0;4.18
lr205;12R_12V_04I_03M;t2;0.05;41;990.52;TRUE;247.12;lr205_t2_12R_12V_04I_03M;12;41296;170.18;60000;0;20.94
lr205;12R_12V_04I_04M;t2;0.05;41;988.81;TRUE;262.11;lr205_t2_12R_12V_04I_04M;12;41296;180.23;60000;0;21.35
LR1_2_1;40R_40V_02I_05M;t1;0.05;41;8377.69;TRUE;84.42;LR1_2_1_t1_40R_40V_02I_05M;40;1;0.01;60000;100;5.48
LR1_2_1;40R_40V_02I_06M;t1;0.05;41;8377.69;TRUE;88.33;LR1_2_1_t1_40R_40V_02I_06M;40;1;0.01;60000;100;5.82
LR1_2_2;40R_40V_02I_05M;t1;0.05;41;7502.15;TRUE;95.15;LR1_2_2_t1_40R_40V_02I_05M;40;1;0.01;60000;100;5.62
LR1_2_2;40R_40V_02I_06M;t1;0.05;41;7505.6;TRUE;108.27;LR1_2_2_t1_40R_40V_02I_06M;40;1;0.01;60000;100;5.58
LR1_2_3;40R_40V_02I_05M;t1;0.05;41;4913.16;TRUE;221.39;LR1_2_3_t1_40R_40V_02I_05M;40;34742;128.3;60000;98.58;3.05
LR1_2_3;40R_40V_02I_06M;t1;0.05;41;4600.5;TRUE;230.13;LR1_2_3_t1_40R_40V_02I_06M;40;20734;78.76;60000;98.67;3.07
LR1_2_4;40R_40V_02I_05M;t1;0.05;41;3785.5;TRUE;603.64;LR1_2_4_t1_40R_40V_02I_05M;40;15931;160.49;60000;73.4;3.21
LR1_2_4;40R_40V_02I_06M;t1;0.05;41;3596.3;TRUE;1007.1;LR1_2_4_t1_40R_40V_02I_06M;40;14228;239.43;60000;34.71;3.14
LR1_2_5;40R_40V_02I_05M;t1;0.05;41;6640.15;TRUE;112.87;LR1_2_5_t1_40R_40V_02I_05M;40;1150;2.29;60000;99.96;6.26
LR1_2_5;40R_40V_02I_06M;t1;0.05;41;6276.45;TRUE;190.65;LR1_2_5_t1_40R_40V_02I_06M;40;7645;24.31;60000;97.74;6.06
LR2_2_1;40R_40V_02I_05M;t2;0.05;41;7853.97;TRUE;1059.03;LR2_2_1_t2_40R_40V_02I_05M;40;29064;516.03;60000;0;6.76
LR2_2_1;40R_40V_02I_06M;t2;0.05;41;7852.22;TRUE;1131.18;LR2_2_1_t2_40R_40V_02I_06M;40;29064;550.05;60000;0;7.06
LR2_2_2;40R_40V_02I_05M;t2;0.05;41;6665.6;TRUE;1328.03;LR2_2_2_t2_40R_40V_02I_05M;40;20532;458.02;60000;0;7.34
LR2_2_2;40R_40V_02I_06M;t2;0.05;41;6413.42;TRUE;1459.83;LR2_2_2_t2_40R_40V_02I_06M;40;9398;230;60000;0;7.6
LR2_2_3;40R_40V_02I_05M;t2;0.05;41;5626.52;TRUE;1846.21;LR2_2_3_t2_40R_40V_02I_05M;40;26318;811.93;60000;0;3.85
LR2_2_3;40R_40V_02I_06M;t2;0.05;41;5809.36;TRUE;2020.91;LR2_2_3_t2_40R_40V_02I_06M;40;20660;696.84;60000;0;4.01
LR2_2_4;40R_40V_02I_05M;t2;0.05;41;4043.47;TRUE;3294.62;LR2_2_4_t2_40R_40V_02I_05M;40;1462;80.67;60000;0;1.86
LR2_2_4;40R_40V_02I_06M;t2;0.05;41;4043.47;TRUE;3443.75;LR2_2_4_t2_40R_40V_02I_06M;40;1462;84.32;60000;0;1.86
LR2_2_5;40R_40V_02I_05M;t2;0.05;41;7641.79;TRUE;1220.35;LR2_2_5_t2_40R_40V_02I_05M;40;49258;1002.98;60000;0;9.75
LR2_2_5;40R_40V_02I_06M;t2;0.05;41;7641.79;TRUE;1308.33;LR2_2_5_t2_40R_40V_02I_06M;40;49258;1075.13;60000;0;9.75
LR1_2_1;40R_40V_04I_05M;t1;0.05;41;NA;FALSE;114.97;LR1_2_1_t1_40R_40V_04I_05M;40;0;0;60000;100;0
LR1_2_1;40R_40V_04I_06M;t1;0.05;41;7607.68;TRUE;177.32;LR1_2_1_t1_40R_40V_04I_06M;40;40084;118.28;60000;99.98;7.35
LR1_2_2;40R_40V_04I_05M;t1;0.05;41;NA;FALSE;126.61;LR1_2_2_t1_40R_40V_04I_05M;40;0;0;60000;100;0
LR1_2_2;40R_40V_04I_06M;t1;0.05;41;5867.31;TRUE;170.02;LR1_2_2_t1_40R_40V_04I_06M;40;2389;6.84;60000;100;7.55
LR1_2_3;40R_40V_04I_05M;t1;0.05;41;4708.74;TRUE;287.69;LR1_2_3_t1_40R_40V_04I_05M;40;34822;167.43;60000;99.47;6.17
LR1_2_3;40R_40V_04I_06M;t1;0.05;41;4618.46;TRUE;370.01;LR1_2_3_t1_40R_40V_04I_06M;40;49037;302.61;60000;97.74;5.17
LR1_2_4;40R_40V_04I_05M;t1;0.05;41;3722.75;TRUE;737.08;LR1_2_4_t1_40R_40V_04I_05M;40;23214;284.02;60000;88.65;3.74
LR1_2_4;40R_40V_04I_06M;t1;0.05;41;3778.76;TRUE;929.26;LR1_2_4_t1_40R_40V_04I_06M;40;28923;447.73;60000;78.72;3.15
LR1_2_5;40R_40V_04I_05M;t1;0.05;41;5778.81;TRUE;216.33;LR1_2_5_t1_40R_40V_04I_05M;40;29194;105.46;60000;99.99;8.02
LR1_2_5;40R_40V_04I_06M;t1;0.05;41;5161.72;TRUE;314.41;LR1_2_5_t1_40R_40V_04I_06M;40;57140;299;60000;98.98;8.55
LR2_2_1;40R_40V_04I_05M;t2;0.05;41;8034.78;TRUE;1419.29;LR2_2_1_t2_40R_40V_04I_05M;40;58611;1386.44;60000;0;6.08
LR2_2_1;40R_40V_04I_06M;t2;0.05;41;8094.2;TRUE;1520.57;LR2_2_1_t2_40R_40V_04I_06M;40;26547;673.98;60000;0;6.34
LR2_2_2;40R_40V_04I_05M;t2;0.05;41;6793.78;TRUE;1536.41;LR2_2_2_t2_40R_40V_04I_05M;40;14987;382.8;60000;33.32;6.75
LR2_2_2;40R_40V_04I_06M;t2;0.05;41;6394.94;TRUE;2008.63;LR2_2_2_t2_40R_40V_04I_06M;40;32250;1082.34;60000;3.26;7.24
LR2_2_3;40R_40V_04I_05M;t2;0.05;41;5981.05;TRUE;3009.08;LR2_2_3_t2_40R_40V_04I_05M;40;47404;2379.45;60000;0;3.24
LR2_2_3;40R_40V_04I_06M;t2;0.05;41;5957.01;TRUE;3194.31;LR2_2_3_t2_40R_40V_04I_06M;40;54494;2902.48;60000;0;3.4
LR2_2_4;40R_40V_04I_05M;t2;0.05;41;4445.09;TRUE;3600.06;LR2_2_4_t2_40R_40V_04I_05M;40;5629;523.97;38481;0;1.43
LR2_2_4;40R_40V_04I_06M;t2;0.05;41;4492.78;TRUE;3600.08;LR2_2_4_t2_40R_40V_04I_06M;40;1533;150.63;36573;0;1.49
LR2_2_5;40R_40V_04I_05M;t2;0.05;41;8142.61;TRUE;1723.25;LR2_2_5_t2_40R_40V_04I_05M;40;36130;1040.52;60000;0;7.88
LR2_2_5;40R_40V_04I_06M;t2;0.05;41;8026.77;TRUE;1850.57;LR2_2_5_t2_40R_40V_04I_06M;40;44415;1369.93;60000;0;8.45
LR1_2_1;60R_60V_02I_05M;t1;0.05;41;12347;TRUE;181.12;LR1_2_1_t1_60R_60V_02I_05M;60;1;0.06;60000;100;6.92
LR1_2_1;60R_60V_02I_06M;t1;0.05;41;12282.42;TRUE;200.44;LR1_2_1_t1_60R_60V_02I_06M;60;1;0.02;60000;100;6.69
LR1_2_2;60R_60V_02I_05M;t1;0.05;41;7609.07;TRUE;500.99;LR1_2_2_t1_60R_60V_02I_05M;60;29446;246.25;60000;96.98;4.44
LR1_2_2;60R_60V_02I_06M;t1;0.05;41;7406.43;TRUE;560.55;LR1_2_2_t1_60R_60V_02I_06M;60;2475;23.76;60000;95.3;4.37
LR1_2_3;60R_60V_02I_05M;t1;0.05;41;8320.23;TRUE;248.03;LR1_2_3_t1_60R_60V_02I_05M;60;1;0.03;60000;100;1.71
LR1_2_3;60R_60V_02I_06M;t1;0.05;41;8725.41;TRUE;281.12;LR1_2_3_t1_60R_60V_02I_06M;60;1;0.03;60000;100;2.31
LR1_2_4;60R_60V_02I_05M;t1;0.05;41;5471.49;TRUE;1197.66;LR1_2_4_t1_60R_60V_02I_05M;60;9423;188.44;60000;90.3;1.92
LR1_2_4;60R_60V_02I_06M;t1;0.05;41;5484.74;TRUE;1296.07;LR1_2_4_t1_60R_60V_02I_06M;60;315;7.51;60000;89.11;1.77
LR1_2_5;60R_60V_02I_05M;t1;0.05;41;7498.41;TRUE;797.46;LR1_2_5_t1_60R_60V_02I_05M;60;11396;151.98;60000;85.72;5.82
LR1_2_5;60R_60V_02I_06M;t1;0.05;41;7333.32;TRUE;1061.26;LR1_2_5_t1_60R_60V_02I_06M;60;3168;56.4;60000;66.27;5.69
LR2_2_1;60R_60V_02I_05M;t2;0.05;41;12106.75;TRUE;2252.77;LR2_2_1_t2_60R_60V_02I_05M;60;50756;1908.41;60000;0;5.48
LR2_2_1;60R_60V_02I_06M;t2;0.05;41;12106.51;TRUE;2429.9;LR2_2_1_t2_60R_60V_02I_06M;60;50756;2058.34;60000;0;5.78
LR2_2_2;60R_60V_02I_05M;t2;0.05;41;9553.37;TRUE;3041.68;LR2_2_2_t2_60R_60V_02I_05M;60;14366;730.87;60000;0;4.41
LR2_2_2;60R_60V_02I_06M;t2;0.05;41;9468.03;TRUE;3301.76;LR2_2_2_t2_60R_60V_02I_06M;60;48703;2684.21;60000;0;4.62
LR2_2_3;60R_60V_02I_05M;t2;0.05;41;9161.55;TRUE;3600.08;LR2_2_3_t2_60R_60V_02I_05M;60;20878;1422.49;52973;0;3.73
LR2_2_3;60R_60V_02I_06M;t2;0.05;41;8836.35;TRUE;3600;LR2_2_3_t2_60R_60V_02I_06M;60;28552;2057.17;50006;0;3.74
LR2_2_4;60R_60V_02I_05M;t2;0.05;41;6541.03;TRUE;3600.08;LR2_2_4_t2_60R_60V_02I_05M;60;1050;100.73;37703;0;1.93
LR2_2_4;60R_60V_02I_06M;t2;0.05;41;6541.03;TRUE;3600.06;LR2_2_4_t2_60R_60V_02I_06M;60;1050;106.17;35689;0;1.93
LR2_2_5;60R_60V_02I_05M;t2;0.05;41;12215.95;TRUE;2731.25;LR2_2_5_t2_60R_60V_02I_05M;60;50070;2282.93;60000;0;8.23
LR2_2_5;60R_60V_02I_06M;t2;0.05;41;12215.95;TRUE;2847.52;LR2_2_5_t2_60R_60V_02I_06M;60;50070;2379.07;60000;0;8.23
LR1_2_1;60R_60V_04I_05M;t1;0.05;41;NA;FALSE;351.95;LR1_2_1_t1_60R_60V_04I_05M;60;0;0;60000;100;0
LR1_2_1;60R_60V_04I_06M;t1;0.05;41;11446.55;TRUE;449.46;LR1_2_1_t1_60R_60V_04I_06M;60;49940;373.54;60000;100;14.4
LR1_2_2;60R_60V_04I_05M;t1;0.05;41;NA;FALSE;362.53;LR1_2_2_t1_60R_60V_04I_05M;60;0;0;60000;100;0
LR1_2_2;60R_60V_04I_06M;t1;0.05;41;9657.53;TRUE;530.96;LR1_2_2_t1_60R_60V_04I_06M;60;43263;382.23;60000;99.99;9.45
LR1_2_3;60R_60V_04I_05M;t1;0.05;41;7844.67;TRUE;634.81;LR1_2_3_t1_60R_60V_04I_05M;60;44205;469.97;60000;99.98;6.71
LR1_2_3;60R_60V_04I_06M;t1;0.05;41;7619.7;TRUE;822.65;LR1_2_3_t1_60R_60V_04I_06M;60;32163;442.13;60000;99.79;6.52
LR1_2_4;60R_60V_04I_05M;t1;0.05;41;5457.64;TRUE;1700.64;LR1_2_4_t1_60R_60V_04I_05M;60;59597;1689.79;60000;96.59;4.73
LR1_2_4;60R_60V_04I_06M;t1;0.05;41;5515.92;TRUE;2233.43;LR1_2_4_t1_60R_60V_04I_06M;60;37942;1409.18;60000;90.95;4.08
LR1_2_5;60R_60V_04I_05M;t1;0.05;41;NA;FALSE;322.01;LR1_2_5_t1_60R_60V_04I_05M;60;0;0;60000;100;0
LR1_2_5;60R_60V_04I_06M;t1;0.05;41;8412.56;TRUE;461.01;LR1_2_5_t1_60R_60V_04I_06M;60;56271;432.27;60000;99.99;10.18
LR2_2_1;60R_60V_04I_05M;t2;0.05;41;12081.05;TRUE;2810.37;LR2_2_1_t2_60R_60V_04I_05M;60;18215;855.98;60000;25.14;5.71
LR2_2_1;60R_60V_04I_06M;t2;0.05;41;12030.82;TRUE;3419.27;LR2_2_1_t2_60R_60V_04I_06M;60;14426;824.69;60000;7.96;5.94
LR2_2_2;60R_60V_04I_05M;t2;0.05;41;10096.04;TRUE;3187.13;LR2_2_2_t2_60R_60V_04I_05M;60;59583;3165.31;60000;50.85;5.33
LR2_2_2;60R_60V_04I_06M;t2;0.05;41;9415.13;TRUE;3600.01;LR2_2_2_t2_60R_60V_04I_06M;60;40545;3132.27;46604;7.45;5.57
LR2_2_3;60R_60V_04I_05M;t2;0.05;41;10025.08;TRUE;3600.05;LR2_2_3_t2_60R_60V_04I_05M;60;26669;3050.53;31471;0.42;3.24
LR2_2_3;60R_60V_04I_06M;t2;0.05;41;9793.01;TRUE;3600.11;LR2_2_3_t2_60R_60V_04I_06M;60;22882;2818.53;29259;0.04;3.44
LR2_2_4;60R_60V_04I_05M;t2;0.05;41;7226.66;TRUE;3600.05;LR2_2_4_t2_60R_60V_04I_05M;60;11715;2362.84;17833;0;1.13
LR2_2_4;60R_60V_04I_06M;t2;0.05;41;6944.33;TRUE;3600.02;LR2_2_4_t2_60R_60V_04I_06M;60;13113;2841.17;16621;0;1.19
LR2_2_5;60R_60V_04I_05M;t2;0.05;41;12183.51;TRUE;3600.05;LR2_2_5_t2_60R_60V_04I_05M;60;47415;3137.15;54437;0;5.61
LR2_2_5;60R_60V_04I_06M;t2;0.05;41;11947.06;TRUE;3600.04;LR2_2_5_t2_60R_60V_04I_06M;60;47415;3350.95;51119;0;6.08
lr101;06R_06V_02I_03M;t1;0.05;58;784.11;TRUE;89.26;lr101_t1_06R_06V_02I_03M;6;1;0;60000;0;18.33
lr101;06R_06V_02I_04M;t1;0.05;58;763.79;TRUE;90.34;lr101_t1_06R_06V_02I_04M;6;8;0.3;60000;0;19.55
lr102;06R_06V_02I_03M;t1;0.05;58;542.25;TRUE;86.52;lr102_t1_06R_06V_02I_03M;6;4;0.32;60000;0;13.07
lr102;06R_06V_02I_04M;t1;0.05;58;542.25;TRUE;88.06;lr102_t1_06R_06V_02I_04M;6;4;0.32;60000;0;13.13
lr103;06R_06V_02I_03M;t1;0.05;58;455.04;TRUE;92.37;lr103_t1_06R_06V_02I_03M;6;30;0.37;60000;0;19.87
lr103;06R_06V_02I_04M;t1;0.05;58;452.25;TRUE;92.87;lr103_t1_06R_06V_02I_04M;6;45;0.37;60000;0;20.18
lr104;06R_06V_02I_03M;t1;0.05;58;431.14;TRUE;88.39;lr104_t1_06R_06V_02I_03M;6;94;0.45;60000;0;13.49
lr104;06R_06V_02I_04M;t1;0.05;58;426.97;TRUE;87.66;lr104_t1_06R_06V_02I_04M;6;94;0.47;60000;0;13.98
lr105;06R_06V_02I_03M;t1;0.05;58;472.54;TRUE;85.94;lr105_t1_06R_06V_02I_03M;6;69;0.35;60000;0;22.93
lr105;06R_06V_02I_04M;t1;0.05;58;471.8;TRUE;86.99;lr105_t1_06R_06V_02I_04M;6;69;0.43;60000;0;22.96
lr201;06R_06V_02I_03M;t2;0.05;58;841.88;TRUE;85.74;lr201_t2_06R_06V_02I_03M;6;43;0.38;60000;0;26.45
lr201;06R_06V_02I_04M;t2;0.05;58;840.13;TRUE;87.36;lr201_t2_06R_06V_02I_04M;6;43;0.34;60000;0;26.68
lr202;06R_06V_02I_03M;t2;0.05;58;606.04;TRUE;96.16;lr202_t2_06R_06V_02I_03M;6;65;0.42;60000;0;42.88
lr202;06R_06V_02I_04M;t2;0.05;58;606.04;TRUE;99.02;lr202_t2_06R_06V_02I_04M;6;65;0.41;60000;0;42.88
lr203;06R_06V_02I_03M;t2;0.05;58;676.69;TRUE;98.39;lr203_t2_06R_06V_02I_03M;6;21;0.35;60000;0;33.02
lr203;06R_06V_02I_04M;t2;0.05;58;676.69;TRUE;99.66;lr203_t2_06R_06V_02I_04M;6;21;0.33;60000;0;33.05
lr204;06R_06V_02I_03M;t2;0.05;58;559.82;TRUE;113.34;lr204_t2_06R_06V_02I_03M;6;5126;10.03;60000;0;23.57
lr204;06R_06V_02I_04M;t2;0.05;58;553.06;TRUE;115.61;lr204_t2_06R_06V_02I_04M;6;896;2.05;60000;0;21.48
lr205;06R_06V_02I_03M;t2;0.05;58;551.63;TRUE;91.42;lr205_t2_06R_06V_02I_03M;6;20;0.32;60000;0;30.77
lr205;06R_06V_02I_04M;t2;0.05;58;549.2;TRUE;93.29;lr205_t2_06R_06V_02I_04M;6;20;0.33;60000;0;30.74
lr101;06R_06V_04I_03M;t1;0.05;58;784.7;TRUE;12.12;lr101_t1_06R_06V_04I_03M;6;275;0.35;60000;92.57;14.63
lr101;06R_06V_04I_04M;t1;0.05;58;757.4;TRUE;48.55;lr101_t1_06R_06V_04I_04M;6;95;0.39;60000;53.36;16.51
lr102;06R_06V_04I_03M;t1;0.05;58;619.93;TRUE;38.64;lr102_t1_06R_06V_04I_03M;6;20;0.3;60000;68.15;11.36
lr102;06R_06V_04I_04M;t1;0.05;58;613.22;TRUE;104.94;lr102_t1_06R_06V_04I_04M;6;1;0;60000;1.46;13.4
lr103;06R_06V_04I_03M;t1;0.05;58;448.87;TRUE;99.08;lr103_t1_06R_06V_04I_03M;6;1;0;60000;0;19.22
lr103;06R_06V_04I_04M;t1;0.05;58;446.87;TRUE;100.43;lr103_t1_06R_06V_04I_04M;6;1;0;60000;0;19.3
lr104;06R_06V_04I_03M;t1;0.05;58;469.54;TRUE;98.21;lr104_t1_06R_06V_04I_03M;6;2;0.29;60000;0;11.22
lr104;06R_06V_04I_04M;t1;0.05;58;465.1;TRUE;100.13;lr104_t1_06R_06V_04I_04M;6;2;0.29;60000;0;11.91
lr105;06R_06V_04I_03M;t1;0.05;58;521.52;TRUE;33.45;lr105_t1_06R_06V_04I_03M;6;13;0.33;60000;71.89;15.84
lr105;06R_06V_04I_04M;t1;0.05;58;513.23;TRUE;101.92;lr105_t1_06R_06V_04I_04M;6;641;1.46;60000;0;18.48
lr201;06R_06V_04I_03M;t2;0.05;58;903.79;TRUE;99.58;lr201_t2_06R_06V_04I_03M;6;2;0.29;60000;0;23.31
lr201;06R_06V_04I_04M;t2;0.05;58;895.88;TRUE;101.23;lr201_t2_06R_06V_04I_04M;6;43;0.36;60000;0;23.27
lr202;06R_06V_04I_03M;t2;0.05;58;547.87;TRUE;108.48;lr202_t2_06R_06V_04I_03M;6;43;0.36;60000;0;27.12
lr202;06R_06V_04I_04M;t2;0.05;58;547.87;TRUE;111.99;lr202_t2_06R_06V_04I_04M;6;43;0.41;60000;0;27.24
lr203;06R_06V_04I_03M;t2;0.05;58;685.01;TRUE;112.16;lr203_t2_06R_06V_04I_03M;6;21;0.34;60000;0;27.78
lr203;06R_06V_04I_04M;t2;0.05;58;681.89;TRUE;114.41;lr203_t2_06R_06V_04I_04M;6;21;0.32;60000;0;30.56
lr204;06R_06V_04I_03M;t2;0.05;58;610.47;TRUE;130.56;lr204_t2_06R_06V_04I_03M;6;682;1.93;60000;0;21.58
lr204;06R_06V_04I_04M;t2;0.05;58;601.61;TRUE;134.52;lr204_t2_06R_06V_04I_04M;6;538;1.56;60000;0;22.37
lr205;06R_06V_04I_03M;t2;0.05;58;535.22;TRUE;120.06;lr205_t2_06R_06V_04I_03M;6;1196;2.83;60000;0;27.12
lr205;06R_06V_04I_04M;t2;0.05;58;535.22;TRUE;123.8;lr205_t2_06R_06V_04I_04M;6;105;0.5;60000;0;26.82
lr101;08R_08V_02I_03M;t1;0.05;58;946.87;TRUE;44.37;lr101_t1_08R_08V_02I_03M;8;667;0.84;60000;65.17;21.89
lr101;08R_08V_02I_04M;t1;0.05;58;948.49;TRUE;78.43;lr101_t1_08R_08V_02I_04M;8;108;0.42;60000;32.64;22.34
lr102;08R_08V_02I_03M;t1;0.05;58;770.92;TRUE;111.78;lr102_t1_08R_08V_02I_03M;8;582;1.37;60000;0;15.31
lr102;08R_08V_02I_04M;t1;0.05;58;770.92;TRUE;112.57;lr102_t1_08R_08V_02I_04M;8;582;1.4;60000;0;15.31
lr103;08R_08V_02I_03M;t1;0.05;58;546.38;TRUE;118.01;lr103_t1_08R_08V_02I_03M;8;60;0.4;60000;0.06;12.25
lr103;08R_08V_02I_04M;t1;0.05;58;546.38;TRUE;119.47;lr103_t1_08R_08V_02I_04M;8;274;0.86;60000;0;12.08
lr104;08R_08V_02I_03M;t1;0.05;58;558.37;TRUE;108.96;lr104_t1_08R_08V_02I_03M;8;14;0.32;60000;0;12.95
lr104;08R_08V_02I_04M;t1;0.05;58;558.37;TRUE;112.07;lr104_t1_08R_08V_02I_04M;8;14;0.35;60000;0;13.16
lr105;08R_08V_02I_03M;t1;0.05;58;557.04;TRUE;99.39;lr105_t1_08R_08V_02I_03M;8;139;0.53;60000;0;18.4
lr105;08R_08V_02I_04M;t1;0.05;58;556.3;TRUE;103.63;lr105_t1_08R_08V_02I_04M;8;139;0.58;60000;0;18.42
lr201;08R_08V_02I_03M;t2;0.05;58;948.1;TRUE;102.51;lr201_t2_08R_08V_02I_03M;8;167;0.61;60000;0;26.93
lr201;08R_08V_02I_04M;t2;0.05;58;944.72;TRUE;105.73;lr201_t2_08R_08V_02I_04M;8;167;0.61;60000;0;26.88
lr202;08R_08V_02I_03M;t2;0.05;58;694.1;TRUE;129.62;lr202_t2_08R_08V_02I_03M;8;14090;30.77;60000;0;34.81
lr202;08R_08V_02I_04M;t2;0.05;58;694.1;TRUE;134.94;lr202_t2_08R_08V_02I_04M;8;14090;32.11;60000;0;34.82
lr203;08R_08V_02I_03M;t2;0.05;58;685.02;TRUE;130.99;lr203_t2_08R_08V_02I_03M;8;76;0.49;60000;0;23.97
lr203;08R_08V_02I_04M;t2;0.05;58;684.26;TRUE;135.25;lr203_t2_08R_08V_02I_04M;8;76;0.52;60000;0;24.3
lr204;08R_08V_02I_03M;t2;0.05;58;683.79;TRUE;139.89;lr204_t2_08R_08V_02I_03M;8;14646;34.57;60000;0;13.08
lr204;08R_08V_02I_04M;t2;0.05;58;682.02;TRUE;144.47;lr204_t2_08R_08V_02I_04M;8;4027;9.99;60000;0;13.15
lr205;08R_08V_02I_03M;t2;0.05;58;659.45;TRUE;125.94;lr205_t2_08R_08V_02I_03M;8;46583;98.17;60000;0;28.09
lr205;08R_08V_02I_04M;t2;0.05;58;639.95;TRUE;131.07;lr205_t2_08R_08V_02I_04M;8;36121;79.02;60000;0;27.4
lr101;08R_08V_04I_03M;t1;0.05;58;1155.57;TRUE;7.32;lr101_t1_08R_08V_04I_03M;8;1424;0.51;60000;99.58;16.66
lr101;08R_08V_04I_04M;t1;0.05;58;1067.57;TRUE;45.34;lr101_t1_08R_08V_04I_04M;8;4293;3.58;60000;69.17;19.6
lr102;08R_08V_04I_03M;t1;0.05;58;772.63;TRUE;63.19;lr102_t1_08R_08V_04I_03M;8;10936;11.73;60000;51.3;14.58
lr102;08R_08V_04I_04M;t1;0.05;58;773.21;TRUE;64.77;lr102_t1_08R_08V_04I_04M;8;126;0.45;60000;50.6;14.35
lr103;08R_08V_04I_03M;t1;0.05;58;563.98;TRUE;107.64;lr103_t1_08R_08V_04I_03M;8;57;0.38;60000;19.9;11.53
lr103;08R_08V_04I_04M;t1;0.05;58;562.45;TRUE;130.55;lr103_t1_08R_08V_04I_04M;8;254;0.85;60000;1.36;10.6
lr104;08R_08V_04I_03M;t1;0.05;58;649.57;TRUE;110.77;lr104_t1_08R_08V_04I_03M;8;28;0.36;60000;18.98;16.25
lr104;08R_08V_04I_04M;t1;0.05;58;649.55;TRUE;132.72;lr104_t1_08R_08V_04I_04M;8;632;1.72;60000;3.41;10.62
lr105;08R_08V_04I_03M;t1;0.05;58;754.77;TRUE;27.11;lr105_t1_08R_08V_04I_03M;8;1003;0.82;60000;86.3;14.35
lr105;08R_08V_04I_04M;t1;0.05;58;751.51;TRUE;107.29;lr105_t1_08R_08V_04I_04M;8;8796;16.09;60000;15.31;13.56
lr201;08R_08V_04I_03M;t2;0.05;58;1022.83;TRUE;124.25;lr201_t2_08R_08V_04I_03M;8;2447;5.36;60000;0;22.1
lr201;08R_08V_04I_04M;t2;0.05;58;1018.91;TRUE;125.97;lr201_t2_08R_08V_04I_04M;8;2447;5.47;60000;0;21.88
lr202;08R_08V_04I_03M;t2;0.05;58;785.03;TRUE;157.63;lr202_t2_08R_08V_04I_03M;8;4889;13.2;60000;0;25.22
lr202;08R_08V_04I_04M;t2;0.05;58;760.68;TRUE;162.24;lr202_t2_08R_08V_04I_04M;8;22435;61.1;60000;0;30.5
lr203;08R_08V_04I_03M;t2;0.05;58;684.38;TRUE;141.53;lr203_t2_08R_08V_04I_03M;8;2775;7.02;60000;0;20.94
lr203;08R_08V_04I_04M;t2;0.05;58;683.66;TRUE;145.83;lr203_t2_08R_08V_04I_04M;8;1638;4.42;60000;0;21.32
lr204;08R_08V_04I_03M;t2;0.05;58;719.46;TRUE;168.9;lr204_t2_08R_08V_04I_03M;8;2288;6.97;60000;0;14.14
lr204;08R_08V_04I_04M;t2;0.05;58;719.13;TRUE;178.06;lr204_t2_08R_08V_04I_04M;8;2288;7.33;60000;0;14.77
lr205;08R_08V_04I_03M;t2;0.05;58;662.24;TRUE;154.52;lr205_t2_08R_08V_04I_03M;8;8305;21.87;60000;0;27.45
lr205;08R_08V_04I_04M;t2;0.05;58;661.85;TRUE;161.75;lr205_t2_08R_08V_04I_04M;8;8191;22.76;60000;0;27.44
lr101;10R_10V_02I_03M;t1;0.05;58;1295.99;TRUE;15.69;lr101_t1_10R_10V_02I_03M;10;50100;13.17;60000;96.07;13.13
lr101;10R_10V_02I_04M;t1;0.05;58;1254.94;TRUE;61.83;lr101_t1_10R_10V_02I_04M;10;2297;2.76;60000;60.29;14.14
lr102;10R_10V_02I_03M;t1;0.05;58;1018.62;TRUE;123.95;lr102_t1_10R_10V_02I_03M;10;69;0.47;60000;0;11.56
lr102;10R_10V_02I_04M;t1;0.05;58;1018.62;TRUE;128.08;lr102_t1_10R_10V_02I_04M;10;69;0.45;60000;0;11.56
lr103;10R_10V_02I_03M;t1;0.05;58;610.04;TRUE;133.51;lr103_t1_10R_10V_02I_03M;10;75;0.46;60000;0.21;8.48
lr103;10R_10V_02I_04M;t1;0.05;58;610.04;TRUE;139.24;lr103_t1_10R_10V_02I_04M;10;75;0.47;60000;0;8.41
lr104;10R_10V_02I_03M;t1;0.05;58;687.39;TRUE;120.85;lr104_t1_10R_10V_02I_03M;10;97;0.53;60000;0;6.38
lr104;10R_10V_02I_04M;t1;0.05;58;671.72;TRUE;126.49;lr104_t1_10R_10V_02I_04M;10;14545;31.32;60000;0;7.04
lr105;10R_10V_02I_03M;t1;0.05;58;671.01;TRUE;113.72;lr105_t1_10R_10V_02I_03M;10;131;0.53;60000;0;18.63
lr105;10R_10V_02I_04M;t1;0.05;58;671.01;TRUE;116.46;lr105_t1_10R_10V_02I_04M;10;131;0.56;60000;0;18.64
lr201;10R_10V_02I_03M;t2;0.05;58;1006.56;TRUE;128.83;lr201_t2_10R_10V_02I_03M;10;299;0.97;60000;0;26.51
lr201;10R_10V_02I_04M;t2;0.05;58;1005.86;TRUE;133.83;lr201_t2_10R_10V_02I_04M;10;299;1.08;60000;0;26.53
lr202;10R_10V_02I_03M;t2;0.05;58;810.23;TRUE;142.8;lr202_t2_10R_10V_02I_03M;10;3011;7.87;60000;0;27.65
lr202;10R_10V_02I_04M;t2;0.05;58;809.32;TRUE;148.63;lr202_t2_10R_10V_02I_04M;10;3011;8.01;60000;0;28.07
lr203;10R_10V_02I_03M;t2;0.05;58;756.99;TRUE;189.49;lr203_t2_10R_10V_02I_03M;10;6082;19.81;60000;0;19.67
lr203;10R_10V_02I_04M;t2;0.05;58;756.27;TRUE;198.43;lr203_t2_10R_10V_02I_04M;10;6082;20.45;60000;0;19.96
lr204;10R_10V_02I_03M;t2;0.05;58;762.31;TRUE;180.83;lr204_t2_10R_10V_02I_03M;10;4291;13.74;60000;0;8.78
lr204;10R_10V_02I_04M;t2;0.05;58;758.42;TRUE;194.56;lr204_t2_10R_10V_02I_04M;10;4291;14.46;60000;0;9.55
lr205;10R_10V_02I_03M;t2;0.05;58;761.09;TRUE;144.65;lr205_t2_10R_10V_02I_03M;10;5979;14.66;60000;0;31.28
lr205;10R_10V_02I_04M;t2;0.05;58;761.09;TRUE;149.01;lr205_t2_10R_10V_02I_04M;10;5979;15.14;60000;0;31.29
lr101;10R_10V_04I_03M;t1;0.05;58;1275.66;TRUE;14.15;lr101_t1_10R_10V_04I_03M;10;14811;3.71;60000;99.71;22.07
lr101;10R_10V_04I_04M;t1;0.05;58;1207.27;TRUE;68.05;lr101_t1_10R_10V_04I_04M;10;2952;3.96;60000;60.41;21.14
lr102;10R_10V_04I_03M;t1;0.05;58;943.35;TRUE;54.1;lr102_t1_10R_10V_04I_03M;10;10010;9.51;60000;70.04;12.79
lr102;10R_10V_04I_04M;t1;0.05;58;938.67;TRUE;109.53;lr102_t1_10R_10V_04I_04M;10;6019;11.52;60000;29.66;12.05
lr103;10R_10V_04I_03M;t1;0.05;58;615.06;TRUE;121.54;lr103_t1_10R_10V_04I_03M;10;89;0.48;60000;22.76;15.05
lr103;10R_10V_04I_04M;t1;0.05;58;611.6;TRUE;151.23;lr103_t1_10R_10V_04I_04M;10;88;0.57;60000;4.37;13.76
lr104;10R_10V_04I_03M;t1;0.05;58;745.94;TRUE;136.39;lr104_t1_10R_10V_04I_03M;10;13280;30.6;60000;9.68;12.95
lr104;10R_10V_04I_04M;t1;0.05;58;745.94;TRUE;151.55;lr104_t1_10R_10V_04I_04M;10;3285;8.66;60000;0.11;12.74
lr105;10R_10V_04I_03M;t1;0.05;58;668.46;TRUE;53.55;lr105_t1_10R_10V_04I_03M;10;119;0.38;60000;66.79;14.36
lr105;10R_10V_04I_04M;t1;0.05;58;665.48;TRUE;124.76;lr105_t1_10R_10V_04I_04M;10;31;0.35;60000;9.44;15.55
lr201;10R_10V_04I_03M;t2;0.05;58;1271.26;TRUE;156.29;lr201_t2_10R_10V_04I_03M;10;5675;15.15;60000;0;21.92
lr201;10R_10V_04I_04M;t2;0.05;58;1271.26;TRUE;159.87;lr201_t2_10R_10V_04I_04M;10;1278;3.79;60000;0;22.1
lr202;10R_10V_04I_03M;t2;0.05;58;973.26;TRUE;122.38;lr202_t2_10R_10V_04I_03M;10;27021;55.27;60000;43.99;25.48
lr202;10R_10V_04I_04M;t2;0.05;58;947.59;TRUE;195.64;lr202_t2_10R_10V_04I_04M;10;16002;52.69;60000;2.89;27.84
lr203;10R_10V_04I_03M;t2;0.05;58;806.55;TRUE;231.8;lr203_t2_10R_10V_04I_03M;10;44999;173.41;60000;0;15.28
lr203;10R_10V_04I_04M;t2;0.05;58;788.44;TRUE;248.58;lr203_t2_10R_10V_04I_04M;10;1005;4.59;60000;0;16.74
lr204;10R_10V_04I_03M;t2;0.05;58;785.29;TRUE;247.27;lr204_t2_10R_10V_04I_03M;10;7071;29.52;60000;0;8.48
lr204;10R_10V_04I_04M;t2;0.05;58;780.56;TRUE;260.2;lr204_t2_10R_10V_04I_04M;10;7071;31.25;60000;0;8.26
lr205;10R_10V_04I_03M;t2;0.05;58;785.35;TRUE;182.17;lr205_t2_10R_10V_04I_03M;10;45190;137.34;60000;0;26.27
lr205;10R_10V_04I_04M;t2;0.05;58;794.98;TRUE;191.4;lr205_t2_10R_10V_04I_04M;10;45190;144.08;60000;0;26.58
lr101;12R_12V_02I_03M;t1;0.05;58;1432.08;TRUE;21.66;lr101_t1_12R_12V_02I_03M;12;14002;5.39;60000;94.33;16
lr101;12R_12V_02I_04M;t1;0.05;58;1391.03;TRUE;73.14;lr101_t1_12R_12V_02I_04M;12;7182;9.11;60000;57.96;16.84
lr102;12R_12V_02I_03M;t1;0.05;58;981.42;TRUE;127.33;lr102_t1_12R_12V_02I_03M;12;5;0.33;60000;6.43;14.79
lr102;12R_12V_02I_04M;t1;0.05;58;975.57;TRUE;141.15;lr102_t1_12R_12V_02I_04M;12;5;0.33;60000;0.3;14.43
lr103;12R_12V_02I_03M;t1;0.05;58;716.73;TRUE;149.39;lr103_t1_12R_12V_02I_03M;12;15135;38.42;60000;1.15;10.31
lr103;12R_12V_02I_04M;t1;0.05;58;714.59;TRUE;157.25;lr103_t1_12R_12V_02I_04M;12;2822;8.03;60000;0;10.63
lr104;12R_12V_02I_03M;t1;0.05;58;778.66;TRUE;162.71;lr104_t1_12R_12V_02I_03M;12;51219;138.9;60000;0.49;7.81
lr104;12R_12V_02I_04M;t1;0.05;58;771.33;TRUE;170.16;lr104_t1_12R_12V_02I_04M;12;29009;82.85;60000;0.01;7.82
lr105;12R_12V_02I_03M;t1;0.05;58;1344.91;TRUE;14.65;lr105_t1_12R_12V_02I_03M;12;33181;8.27;60000;98.82;8.75
lr105;12R_12V_02I_04M;t1;0.05;58;1297.52;TRUE;33.69;lr105_t1_12R_12V_02I_04M;12;15068;8.73;60000;89.21;8.38
lr201;12R_12V_02I_03M;t2;0.05;58;1329.16;TRUE;150.83;lr201_t2_12R_12V_02I_03M;12;17723;45.18;60000;0;24.99
lr201;12R_12V_02I_04M;t2;0.05;58;1328.46;TRUE;155.97;lr201_t2_12R_12V_02I_04M;12;17723;46.42;60000;0;25.01
lr202;12R_12V_02I_03M;t2;0.05;58;885.14;TRUE;186;lr202_t2_12R_12V_02I_03M;12;7680;24.32;60000;0;25.57
lr202;12R_12V_02I_04M;t2;0.05;58;885.14;TRUE;195.35;lr202_t2_12R_12V_02I_04M;12;7680;25.17;60000;0;25.6
lr203;12R_12V_02I_03M;t2;0.05;58;1137.98;TRUE;224.82;lr203_t2_12R_12V_02I_03M;12;36028;135.32;60000;0;12.2
lr203;12R_12V_02I_04M;t2;0.05;58;1111.81;TRUE;235.77;lr203_t2_12R_12V_02I_04M;12;42736;168.05;60000;0;12.26
lr204;12R_12V_02I_03M;t2;0.05;58;837.33;TRUE;224.64;lr204_t2_12R_12V_02I_03M;12;48819;182.77;60000;0;5.22
lr204;12R_12V_02I_04M;t2;0.05;58;837.33;TRUE;236.78;lr204_t2_12R_12V_02I_04M;12;48819;192.61;60000;0;5.32
lr205;12R_12V_02I_03M;t2;0.05;58;899.13;TRUE;192.15;lr205_t2_12R_12V_02I_03M;12;628;2.41;60000;0;24.48
lr205;12R_12V_02I_04M;t2;0.05;58;899.13;TRUE;203.19;lr205_t2_12R_12V_02I_04M;12;628;2.5;60000;0;24.6
lr101;12R_12V_04I_03M;t1;0.05;58;1375.35;TRUE;14.38;lr101_t1_12R_12V_04I_03M;12;8586;2.37;60000;99.85;19.76
lr101;12R_12V_04I_04M;t1;0.05;58;1311.85;TRUE;37.6;lr101_t1_12R_12V_04I_04M;12;43491;27.42;60000;88.87;20.05
lr102;12R_12V_04I_03M;t1;0.05;58;993.9;TRUE;68.61;lr102_t1_12R_12V_04I_03M;12;9752;11.64;60000;62.98;12.19
lr102;12R_12V_04I_04M;t1;0.05;58;984.64;TRUE;133.56;lr102_t1_12R_12V_04I_04M;12;245;0.87;60000;18.67;13.4
lr103;12R_12V_04I_03M;t1;0.05;58;799.41;TRUE;108.24;lr103_t1_12R_12V_04I_03M;12;10321;19.1;60000;56.3;9.09
lr103;12R_12V_04I_04M;t1;0.05;58;794.52;TRUE;174.95;lr103_t1_12R_12V_04I_04M;12;33920;98.83;60000;17.56;8.53
lr104;12R_12V_04I_03M;t1;0.05;58;847.82;TRUE;175.4;lr104_t1_12R_12V_04I_03M;12;1024;3.39;60000;8.17;7.87
lr104;12R_12V_04I_04M;t1;0.05;58;847.82;TRUE;194.55;lr104_t1_12R_12V_04I_04M;12;2719;9.27;60000;0.25;7.19
lr105;12R_12V_04I_03M;t1;0.05;58;834.01;TRUE;77.99;lr105_t1_12R_12V_04I_03M;12;10944;14.79;60000;58.21;16.1
lr105;12R_12V_04I_04M;t1;0.05;58;833.13;TRUE;145.42;lr105_t1_12R_12V_04I_04M;12;54099;131.38;60000;12.33;16.86
lr201;12R_12V_04I_03M;t2;0.05;58;1452.66;TRUE;185.41;lr201_t2_12R_12V_04I_03M;12;31942;99.07;60000;0;21.1
lr201;12R_12V_04I_04M;t2;0.05;58;1452.19;TRUE;192.8;lr201_t2_12R_12V_04I_04M;12;31942;103.09;60000;0;21.43
lr202;12R_12V_04I_03M;t2;0.05;58;1051.44;TRUE;194.27;lr202_t2_12R_12V_04I_03M;12;16790;54.61;60000;24.37;26.41
lr202;12R_12V_04I_04M;t2;0.05;58;1012.48;TRUE;247.38;lr202_t2_12R_12V_04I_04M;12;16940;70.51;60000;1.64;28.17
lr203;12R_12V_04I_03M;t2;0.05;58;867.66;TRUE;299.06;lr203_t2_12R_12V_04I_03M;12;59021;294.02;60000;0;14.35
lr203;12R_12V_04I_04M;t2;0.05;58;871.58;TRUE;315.6;lr203_t2_12R_12V_04I_04M;12;43003;226.92;60000;0;15.1
lr204;12R_12V_04I_03M;t2;0.05;58;901.07;TRUE;315.86;lr204_t2_12R_12V_04I_03M;12;10671;56.62;60000;0;3.67
lr204;12R_12V_04I_04M;t2;0.05;58;901.93;TRUE;335.95;lr204_t2_12R_12V_04I_04M;12;31859;178.77;60000;0;4.17
lr205;12R_12V_04I_03M;t2;0.05;58;984.7;TRUE;247.27;lr205_t2_12R_12V_04I_03M;12;36121;149.42;60000;0;20.95
lr205;12R_12V_04I_04M;t2;0.05;58;983.34;TRUE;261.56;lr205_t2_12R_12V_04I_04M;12;36121;157.52;60000;0;21.37
LR1_2_1;40R_40V_02I_05M;t1;0.05;58;8377.69;TRUE;84.77;LR1_2_1_t1_40R_40V_02I_05M;40;1;0.01;60000;100;6.09
LR1_2_1;40R_40V_02I_06M;t1;0.05;58;8377.69;TRUE;89.98;LR1_2_1_t1_40R_40V_02I_06M;40;1;0.01;60000;100;6.09
LR1_2_2;40R_40V_02I_05M;t1;0.05;58;7502.15;TRUE;95.79;LR1_2_2_t1_40R_40V_02I_05M;40;1;0.01;60000;100;5.62
LR1_2_2;40R_40V_02I_06M;t1;0.05;58;7505.6;TRUE;106.87;LR1_2_2_t1_40R_40V_02I_06M;40;1;0.01;60000;100;5.38
LR1_2_3;40R_40V_02I_05M;t1;0.05;58;4844.75;TRUE;217.8;LR1_2_3_t1_40R_40V_02I_05M;40;29080;105.85;60000;98.55;3.13
LR1_2_3;40R_40V_02I_06M;t1;0.05;58;4709.67;TRUE;232.9;LR1_2_3_t1_40R_40V_02I_06M;40;20275;77.79;60000;98.61;3.08
LR1_2_4;40R_40V_02I_05M;t1;0.05;58;3625.22;TRUE;605.15;LR1_2_4_t1_40R_40V_02I_05M;40;49751;501.86;60000;73.53;3.22
LR1_2_4;40R_40V_02I_06M;t1;0.05;58;3735.74;TRUE;1010.54;LR1_2_4_t1_40R_40V_02I_06M;40;59785;1006.88;60000;34.71;3.14
LR1_2_5;40R_40V_02I_05M;t1;0.05;58;6645.91;TRUE;111.99;LR1_2_5_t1_40R_40V_02I_05M;40;18782;35.93;60000;99.97;5.82
LR1_2_5;40R_40V_02I_06M;t1;0.05;58;6325.34;TRUE;191.03;LR1_2_5_t1_40R_40V_02I_06M;40;19584;61.57;60000;97.62;6.11
LR2_2_1;40R_40V_02I_05M;t2;0.05;58;7954.02;TRUE;1050.87;LR2_2_1_t2_40R_40V_02I_05M;40;12724;225.5;60000;0;6.74
LR2_2_1;40R_40V_02I_06M;t2;0.05;58;7933.47;TRUE;1132.6;LR2_2_1_t2_40R_40V_02I_06M;40;12724;242.06;60000;0;7.05
LR2_2_2;40R_40V_02I_05M;t2;0.05;58;6685.94;TRUE;1335.83;LR2_2_2_t2_40R_40V_02I_05M;40;50150;1117.84;60000;0;7.33
LR2_2_2;40R_40V_02I_06M;t2;0.05;58;6586.31;TRUE;1467.71;LR2_2_2_t2_40R_40V_02I_06M;40;51488;1260.1;60000;0;7.62
LR2_2_3;40R_40V_02I_05M;t2;0.05;58;5842.7;TRUE;1858.27;LR2_2_3_t2_40R_40V_02I_05M;40;50106;1552.23;60000;0;3.84
LR2_2_3;40R_40V_02I_06M;t2;0.05;58;5809.74;TRUE;2012.11;LR2_2_3_t2_40R_40V_02I_06M;40;38116;1279.96;60000;0;4.01
LR2_2_4;40R_40V_02I_05M;t2;0.05;58;4072.71;TRUE;3325.21;LR2_2_4_t2_40R_40V_02I_05M;40;45384;2513.72;60000;0;1.85
LR2_2_4;40R_40V_02I_06M;t2;0.05;58;4072.71;TRUE;3465.17;LR2_2_4_t2_40R_40V_02I_06M;40;45384;2622.81;60000;0;1.85
LR2_2_5;40R_40V_02I_05M;t2;0.05;58;7581.69;TRUE;1224.66;LR2_2_5_t2_40R_40V_02I_05M;40;59395;1212.27;60000;0;9.78
LR2_2_5;40R_40V_02I_06M;t2;0.05;58;7581.69;TRUE;1309.86;LR2_2_5_t2_40R_40V_02I_06M;40;59395;1296.62;60000;0;9.78
LR1_2_1;40R_40V_04I_05M;t1;0.05;58;NA;FALSE;116.76;LR1_2_1_t1_40R_40V_04I_05M;40;0;0;60000;100;0
LR1_2_1;40R_40V_04I_06M;t1;0.05;58;7180.2;TRUE;174.92;LR1_2_1_t1_40R_40V_04I_06M;40;54757;159.65;60000;99.98;7.87
LR1_2_2;40R_40V_04I_05M;t1;0.05;58;NA;FALSE;126.21;LR1_2_2_t1_40R_40V_04I_05M;40;0;0;60000;100;0
LR1_2_2;40R_40V_04I_06M;t1;0.05;58;6238.32;TRUE;169.68;LR1_2_2_t1_40R_40V_04I_06M;40;43009;121.6;60000;100;8.77
LR1_2_3;40R_40V_04I_05M;t1;0.05;58;4707.54;TRUE;283.05;LR1_2_3_t1_40R_40V_04I_05M;40;610;3.26;60000;99.45;5.96
LR1_2_3;40R_40V_04I_06M;t1;0.05;58;4722.42;TRUE;373.41;LR1_2_3_t1_40R_40V_04I_06M;40;20481;126.81;60000;97.82;5.26
LR1_2_4;40R_40V_04I_05M;t1;0.05;58;3669.81;TRUE;747.45;LR1_2_4_t1_40R_40V_04I_05M;40;38711;480.47;60000;88.21;3.75
LR1_2_4;40R_40V_04I_06M;t1;0.05;58;3740.55;TRUE;966.83;LR1_2_4_t1_40R_40V_04I_06M;40;19431;314.13;60000;78.44;3.1
LR1_2_5;40R_40V_04I_05M;t1;0.05;58;5843.49;TRUE;217.6;LR1_2_5_t1_40R_40V_04I_05M;40;20039;72.67;60000;100;9.05
LR1_2_5;40R_40V_04I_06M;t1;0.05;58;5095.82;TRUE;319.29;LR1_2_5_t1_40R_40V_04I_06M;40;49216;260.95;60000;98.96;8.57
LR2_2_1;40R_40V_04I_05M;t2;0.05;58;8115.09;TRUE;1432.46;LR2_2_1_t2_40R_40V_04I_05M;40;30957;740.2;60000;0;6.08
LR2_2_1;40R_40V_04I_06M;t2;0.05;58;7994.51;TRUE;1536.85;LR2_2_1_t2_40R_40V_04I_06M;40;28018;720.28;60000;0;6.35
LR2_2_2;40R_40V_04I_05M;t2;0.05;58;6624.77;TRUE;1546.44;LR2_2_2_t2_40R_40V_04I_05M;40;30291;780.11;60000;33.18;6.74
LR2_2_2;40R_40V_04I_06M;t2;0.05;58;6683.62;TRUE;2014.51;LR2_2_2_t2_40R_40V_04I_06M;40;42415;1425.65;60000;3.34;7.23
LR2_2_3;40R_40V_04I_05M;t2;0.05;58;6023.42;TRUE;3010.77;LR2_2_3_t2_40R_40V_04I_05M;40;3971;198.94;60000;0;3.23
LR2_2_3;40R_40V_04I_06M;t2;0.05;58;6031.92;TRUE;3190.81;LR2_2_3_t2_40R_40V_04I_06M;40;47568;2531;60000;0;3.4
LR2_2_4;40R_40V_04I_05M;t2;0.05;58;4365.41;TRUE;3600.02;LR2_2_4_t2_40R_40V_04I_05M;40;10068;937.69;38654;0;1.41
LR2_2_4;40R_40V_04I_06M;t2;0.05;58;4363.44;TRUE;3600.06;LR2_2_4_t2_40R_40V_04I_06M;40;10068;1002.97;36197;0;1.47
LR2_2_5;40R_40V_04I_05M;t2;0.05;58;8204.54;TRUE;1730.31;LR2_2_5_t2_40R_40V_04I_05M;40;42177;1217.44;60000;0;7.87
LR2_2_5;40R_40V_04I_06M;t2;0.05;58;7821.92;TRUE;1803.03;LR2_2_5_t2_40R_40V_04I_06M;40;58286;1750.94;60000;0;8.43
LR1_2_1;60R_60V_02I_05M;t1;0.05;58;12347;TRUE;184.91;LR1_2_1_t1_60R_60V_02I_05M;60;1;0.06;60000;100;6.92
LR1_2_1;60R_60V_02I_06M;t1;0.05;58;12282.42;TRUE;200.4;LR1_2_1_t1_60R_60V_02I_06M;60;1;0.02;60000;100;6.69
LR1_2_2;60R_60V_02I_05M;t1;0.05;58;7789.74;TRUE;504.04;LR1_2_2_t1_60R_60V_02I_05M;60;11254;95.22;60000;96.95;4.38
LR1_2_2;60R_60V_02I_06M;t1;0.05;58;7653.48;TRUE;559.67;LR1_2_2_t1_60R_60V_02I_06M;60;19273;180.16;60000;95.47;4.35
LR1_2_3;60R_60V_02I_05M;t1;0.05;58;8320.23;TRUE;247.76;LR1_2_3_t1_60R_60V_02I_05M;60;1;0.06;60000;100;1.71
LR1_2_3;60R_60V_02I_06M;t1;0.05;58;8725.41;TRUE;278.05;LR1_2_3_t1_60R_60V_02I_06M;60;1;0.03;60000;100;2.82
LR1_2_4;60R_60V_02I_05M;t1;0.05;58;5462.15;TRUE;1190.41;LR1_2_4_t1_60R_60V_02I_05M;60;33016;654.33;60000;90.5;1.92
LR1_2_4;60R_60V_02I_06M;t1;0.05;58;5392.82;TRUE;1302.44;LR1_2_4_t1_60R_60V_02I_06M;60;10003;218.62;60000;89.13;1.79
LR1_2_5;60R_60V_02I_05M;t1;0.05;58;7590.1;TRUE;783.8;LR1_2_5_t1_60R_60V_02I_05M;60;37406;488.76;60000;85.72;5.81
LR1_2_5;60R_60V_02I_06M;t1;0.05;58;7494.64;TRUE;1068.18;LR1_2_5_t1_60R_60V_02I_06M;60;21282;378.81;60000;66.43;5.67
LR2_2_1;60R_60V_02I_05M;t2;0.05;58;12136.71;TRUE;2241.3;LR2_2_1_t2_60R_60V_02I_05M;60;17454;657.51;60000;0;5.49
LR2_2_1;60R_60V_02I_06M;t2;0.05;58;12136.71;TRUE;2431.58;LR2_2_1_t2_60R_60V_02I_06M;60;17454;712.11;60000;0;5.8
LR2_2_2;60R_60V_02I_05M;t2;0.05;58;9486;TRUE;3037.85;LR2_2_2_t2_60R_60V_02I_05M;60;23871;1211;60000;0;4.41
LR2_2_2;60R_60V_02I_06M;t2;0.05;58;8907.85;TRUE;3279.53;LR2_2_2_t2_60R_60V_02I_06M;60;55934;3058.95;60000;0;4.63
LR2_2_3;60R_60V_02I_05M;t2;0.05;58;8753.22;TRUE;3600.06;LR2_2_3_t2_60R_60V_02I_05M;60;39101;2663.94;52928;0;3.72
LR2_2_3;60R_60V_02I_06M;t2;0.05;58;8753.22;TRUE;3600.06;LR2_2_3_t2_60R_60V_02I_06M;60;39101;2802.72;50287;0;3.73
LR2_2_4;60R_60V_02I_05M;t2;0.05;58;6871.09;TRUE;3600.05;LR2_2_4_t2_60R_60V_02I_05M;60;13896;1334.42;37630;0;1.94
LR2_2_4;60R_60V_02I_06M;t2;0.05;58;6871.09;TRUE;3600.07;LR2_2_4_t2_60R_60V_02I_06M;60;13896;1402.24;35764;0;1.94
LR2_2_5;60R_60V_02I_05M;t2;0.05;58;12228.87;TRUE;2657.24;LR2_2_5_t2_60R_60V_02I_05M;60;51155;2268.46;60000;0;8.22
LR2_2_5;60R_60V_02I_06M;t2;0.05;58;12228.87;TRUE;2830.35;LR2_2_5_t2_60R_60V_02I_06M;60;51155;2414.49;60000;0;8.22
LR1_2_1;60R_60V_04I_05M;t1;0.05;58;NA;FALSE;363.62;LR1_2_1_t1_60R_60V_04I_05M;60;0;0;60000;100;0
LR1_2_1;60R_60V_04I_06M;t1;0.05;58;12156.19;TRUE;450.69;LR1_2_1_t1_60R_60V_04I_06M;60;3923;30.31;60000;100;11.04
LR1_2_2;60R_60V_04I_05M;t1;0.05;58;NA;FALSE;363.25;LR1_2_2_t1_60R_60V_04I_05M;60;0;0;60000;100;0
LR1_2_2;60R_60V_04I_06M;t1;0.05;58;9317.19;TRUE;521.54;LR1_2_2_t1_60R_60V_04I_06M;60;6882;60.66;60000;99.99;9.06
LR1_2_3;60R_60V_04I_05M;t1;0.05;58;7544.98;TRUE;628.85;LR1_2_3_t1_60R_60V_04I_05M;60;9237;96.78;60000;99.99;7.32
LR1_2_3;60R_60V_04I_06M;t1;0.05;58;7515.58;TRUE;819.28;LR1_2_3_t1_60R_60V_04I_06M;60;25612;349.13;60000;99.79;6.39
LR1_2_4;60R_60V_04I_05M;t1;0.05;58;5473.68;TRUE;1692.82;LR1_2_4_t1_60R_60V_04I_05M;60;28429;803.05;60000;96.77;4.64
LR1_2_4;60R_60V_04I_06M;t1;0.05;58;5392.35;TRUE;2259.88;LR1_2_4_t1_60R_60V_04I_06M;60;9009;339.82;60000;91.12;4.03
LR1_2_5;60R_60V_04I_05M;t1;0.05;58;NA;FALSE;320.18;LR1_2_5_t1_60R_60V_04I_05M;60;0;0;60000;100;0
LR1_2_5;60R_60V_04I_06M;t1;0.05;58;8358.71;TRUE;461.03;LR1_2_5_t1_60R_60V_04I_06M;60;35291;271.72;60000;99.99;7.98
LR2_2_1;60R_60V_04I_05M;t2;0.05;58;11957.42;TRUE;2844.05;LR2_2_1_t2_60R_60V_04I_05M;60;59826;2835.81;60000;24.9;5.72
LR2_2_1;60R_60V_04I_06M;t2;0.05;58;11901;TRUE;3377;LR2_2_1_t2_60R_60V_04I_06M;60;23201;1310.31;60000;7.92;5.94
LR2_2_2;60R_60V_04I_05M;t2;0.05;58;9853.66;TRUE;3184.13;LR2_2_2_t2_60R_60V_04I_05M;60;30002;1596.42;60000;50.7;5.34
LR2_2_2;60R_60V_04I_06M;t2;0.05;58;9604.73;TRUE;3600.01;LR2_2_2_t2_60R_60V_04I_06M;60;36415;2797.37;46821;7.62;5.57
LR2_2_3;60R_60V_04I_05M;t2;0.05;58;9910.68;TRUE;3600.01;LR2_2_3_t2_60R_60V_04I_05M;60;23626;2697.53;31538;0.4;3.25
LR2_2_3;60R_60V_04I_06M;t2;0.05;58;9849.87;TRUE;3600.11;LR2_2_3_t2_60R_60V_04I_06M;60;21579;2703.91;28774;0.03;3.44
LR2_2_4;60R_60V_04I_05M;t2;0.05;58;6409.37;TRUE;3600.16;LR2_2_4_t2_60R_60V_04I_05M;60;5058;1016.86;17901;0;1.13
LR2_2_4;60R_60V_04I_06M;t2;0.05;58;7125.22;TRUE;3600.24;LR2_2_4_t2_60R_60V_04I_06M;60;1805;399.97;16220;0;1.2
LR2_2_5;60R_60V_04I_05M;t2;0.05;58;12609.21;TRUE;3600.05;LR2_2_5_t2_60R_60V_04I_05M;60;32032;2156.75;53512;0;5.6
LR2_2_5;60R_60V_04I_06M;t2;0.05;58;12399.21;TRUE;3600.03;LR2_2_5_t2_60R_60V_04I_06M;60;47776;3412.7;50405;0;6.09
lr101;06R_06V_02I_03M;t1;0.05;75;784.11;TRUE;89.03;lr101_t1_06R_06V_02I_03M;6;1;0;60000;0;18.34
lr101;06R_06V_02I_04M;t1;0.05;75;763.79;TRUE;89.39;lr101_t1_06R_06V_02I_04M;6;6;0.28;60000;0;19.55
lr102;06R_06V_02I_03M;t1;0.05;75;542.25;TRUE;87.51;lr102_t1_06R_06V_02I_03M;6;3;0.29;60000;0;13.07
lr102;06R_06V_02I_04M;t1;0.05;75;542.25;TRUE;88.36;lr102_t1_06R_06V_02I_04M;6;3;0.32;60000;0;13.12
lr103;06R_06V_02I_03M;t1;0.05;75;455.04;TRUE;92.96;lr103_t1_06R_06V_02I_03M;6;154;0.56;60000;0;19.89
lr103;06R_06V_02I_04M;t1;0.05;75;452.25;TRUE;91.66;lr103_t1_06R_06V_02I_04M;6;215;0.61;60000;0;20.21
lr104;06R_06V_02I_03M;t1;0.05;75;431.14;TRUE;88.27;lr104_t1_06R_06V_02I_03M;6;2;0.32;60000;0;13.47
lr104;06R_06V_02I_04M;t1;0.05;75;426.97;TRUE;88.03;lr104_t1_06R_06V_02I_04M;6;2;0.32;60000;0;13.96
lr105;06R_06V_02I_03M;t1;0.05;75;472.54;TRUE;85.25;lr105_t1_06R_06V_02I_03M;6;13;0.35;60000;0;22.96
lr105;06R_06V_02I_04M;t1;0.05;75;471.8;TRUE;87.16;lr105_t1_06R_06V_02I_04M;6;13;0.32;60000;0;22.99
lr201;06R_06V_02I_03M;t2;0.05;75;841.88;TRUE;87.09;lr201_t2_06R_06V_02I_03M;6;110;0.5;60000;0;26.46
lr201;06R_06V_02I_04M;t2;0.05;75;840.13;TRUE;88.64;lr201_t2_06R_06V_02I_04M;6;110;0.46;60000;0;26.69
lr202;06R_06V_02I_03M;t2;0.05;75;606.04;TRUE;96.51;lr202_t2_06R_06V_02I_03M;6;17;0.32;60000;0;42.91
lr202;06R_06V_02I_04M;t2;0.05;75;606.04;TRUE;97.59;lr202_t2_06R_06V_02I_04M;6;17;0.33;60000;0;42.91
lr203;06R_06V_02I_03M;t2;0.05;75;676.69;TRUE;99.9;lr203_t2_06R_06V_02I_03M;6;38;0.34;60000;0;33.06
lr203;06R_06V_02I_04M;t2;0.05;75;676.69;TRUE;100.61;lr203_t2_06R_06V_02I_04M;6;38;0.33;60000;0;33.09
lr204;06R_06V_02I_03M;t2;0.05;75;559.82;TRUE;110.67;lr204_t2_06R_06V_02I_03M;6;27992;52.03;60000;0;23.57
lr204;06R_06V_02I_04M;t2;0.05;75;553.06;TRUE;114.81;lr204_t2_06R_06V_02I_04M;6;4928;9.83;60000;0;21.5
lr205;06R_06V_02I_03M;t2;0.05;75;551.63;TRUE;92.45;lr205_t2_06R_06V_02I_03M;6;33;0.35;60000;0;30.71
lr205;06R_06V_02I_04M;t2;0.05;75;549.2;TRUE;94.92;lr205_t2_06R_06V_02I_04M;6;28;0.34;60000;0;30.67
lr101;06R_06V_04I_03M;t1;0.05;75;784.7;TRUE;12.27;lr101_t1_06R_06V_04I_03M;6;8;0.3;60000;92.44;14.64
lr101;06R_06V_04I_04M;t1;0.05;75;757.4;TRUE;48.69;lr101_t1_06R_06V_04I_04M;6;16;0.31;60000;53.56;16.49
lr102;06R_06V_04I_03M;t1;0.05;75;619.93;TRUE;38.41;lr102_t1_06R_06V_04I_03M;6;93;0.35;60000;68.22;11.37
lr102;06R_06V_04I_04M;t1;0.05;75;613.22;TRUE;103.36;lr102_t1_06R_06V_04I_04M;6;1;0;60000;1.42;13.41
lr103;06R_06V_04I_03M;t1;0.05;75;448.87;TRUE;98.98;lr103_t1_06R_06V_04I_03M;6;1;0;60000;0;19.24
lr103;06R_06V_04I_04M;t1;0.05;75;446.87;TRUE;100.68;lr103_t1_06R_06V_04I_04M;6;1;0;60000;0;19.31
lr104;06R_06V_04I_03M;t1;0.05;75;469.54;TRUE;98.51;lr104_t1_06R_06V_04I_03M;6;10;0.31;60000;0;11.22
lr104;06R_06V_04I_04M;t1;0.05;75;465.1;TRUE;100.48;lr104_t1_06R_06V_04I_04M;6;10;0.33;60000;0;11.91
lr105;06R_06V_04I_03M;t1;0.05;75;521.52;TRUE;33.96;lr105_t1_06R_06V_04I_03M;6;58;0.37;60000;71.57;15.85
lr105;06R_06V_04I_04M;t1;0.05;75;513.23;TRUE;101.48;lr105_t1_06R_06V_04I_04M;6;499;1.21;60000;0;18.49
lr201;06R_06V_04I_03M;t2;0.05;75;903.79;TRUE;101.05;lr201_t2_06R_06V_04I_03M;6;9;0.3;60000;0;23.28
lr201;06R_06V_04I_04M;t2;0.05;75;895.88;TRUE;100.69;lr201_t2_06R_06V_04I_04M;6;110;0.48;60000;0;23.23
lr202;06R_06V_04I_03M;t2;0.05;75;547.87;TRUE;110.47;lr202_t2_06R_06V_04I_03M;6;19;0.33;60000;0;27.19
lr202;06R_06V_04I_04M;t2;0.05;75;547.87;TRUE;112.86;lr202_t2_06R_06V_04I_04M;6;19;0.31;60000;0;27.27
lr203;06R_06V_04I_03M;t2;0.05;75;685.01;TRUE;111.51;lr203_t2_06R_06V_04I_03M;6;33;0.35;60000;0;27.71
lr203;06R_06V_04I_04M;t2;0.05;75;681.89;TRUE;115.52;lr203_t2_06R_06V_04I_04M;6;33;0.35;60000;0;30.52
lr204;06R_06V_04I_03M;t2;0.05;75;610.47;TRUE;129.04;lr204_t2_06R_06V_04I_03M;6;14131;30.94;60000;0;21.49
lr204;06R_06V_04I_04M;t2;0.05;75;601.61;TRUE;133.39;lr204_t2_06R_06V_04I_04M;6;714;2.06;60000;0;22.27
lr205;06R_06V_04I_03M;t2;0.05;75;535.22;TRUE;120.14;lr205_t2_06R_06V_04I_03M;6;140;0.61;60000;0;27.09
lr205;06R_06V_04I_04M;t2;0.05;75;535.22;TRUE;124.54;lr205_t2_06R_06V_04I_04M;6;140;0.63;60000;0;26.77
lr101;08R_08V_02I_03M;t1;0.05;75;946.87;TRUE;44.21;lr101_t1_08R_08V_02I_03M;8;198;0.45;60000;64.84;21.89
lr101;08R_08V_02I_04M;t1;0.05;75;948.49;TRUE;78.45;lr101_t1_08R_08V_02I_04M;8;6;0.29;60000;32.3;22.34
lr102;08R_08V_02I_03M;t1;0.05;75;770.92;TRUE;110.51;lr102_t1_08R_08V_02I_03M;8;200;0.7;60000;0;15.31
lr102;08R_08V_02I_04M;t1;0.05;75;770.92;TRUE;111.58;lr102_t1_08R_08V_02I_04M;8;200;0.7;60000;0;15.31
lr103;08R_08V_02I_03M;t1;0.05;75;546.38;TRUE;116.23;lr103_t1_08R_08V_02I_03M;8;86;0.47;60000;0.05;12.29
lr103;08R_08V_02I_04M;t1;0.05;75;546.38;TRUE;119.97;lr103_t1_08R_08V_02I_04M;8;86;0.5;60000;0;12.14
lr104;08R_08V_02I_03M;t1;0.05;75;558.37;TRUE;109.05;lr104_t1_08R_08V_02I_03M;8;11;0.31;60000;0;12.94
lr104;08R_08V_02I_04M;t1;0.05;75;558.37;TRUE;112.04;lr104_t1_08R_08V_02I_04M;8;11;0.32;60000;0;13.14
lr105;08R_08V_02I_03M;t1;0.05;75;557.04;TRUE;102.36;lr105_t1_08R_08V_02I_03M;8;7;0.31;60000;0;18.43
lr105;08R_08V_02I_04M;t1;0.05;75;556.3;TRUE;103.96;lr105_t1_08R_08V_02I_04M;8;7;0.35;60000;0;18.44
lr201;08R_08V_02I_03M;t2;0.05;75;948.1;TRUE;102.16;lr201_t2_08R_08V_02I_03M;8;464;1.13;60000;0;26.92
lr201;08R_08V_02I_04M;t2;0.05;75;944.72;TRUE;105.19;lr201_t2_08R_08V_02I_04M;8;182;0.67;60000;0;26.87
lr202;08R_08V_02I_03M;t2;0.05;75;694.1;TRUE;130.18;lr202_t2_08R_08V_02I_03M;8;21928;47.92;60000;0;34.77
lr202;08R_08V_02I_04M;t2;0.05;75;694.1;TRUE;134.67;lr202_t2_08R_08V_02I_04M;8;21928;49.73;60000;0;34.78
lr203;08R_08V_02I_03M;t2;0.05;75;685.02;TRUE;129.18;lr203_t2_08R_08V_02I_03M;8;13;0.32;60000;0;23.96
lr203;08R_08V_02I_04M;t2;0.05;75;684.26;TRUE;134.7;lr203_t2_08R_08V_02I_04M;8;13;0.31;60000;0;24.27
lr204;08R_08V_02I_03M;t2;0.05;75;683.79;TRUE;140.03;lr204_t2_08R_08V_02I_03M;8;8401;20.15;60000;0;13.06
lr204;08R_08V_02I_04M;t2;0.05;75;682.02;TRUE;146.78;lr204_t2_08R_08V_02I_04M;8;5150;13.04;60000;0;13.09
lr205;08R_08V_02I_03M;t2;0.05;75;646.08;TRUE;125.87;lr205_t2_08R_08V_02I_03M;8;50774;106.54;60000;0;28.05
lr205;08R_08V_02I_04M;t2;0.05;75;636.25;TRUE;130.24;lr205_t2_08R_08V_02I_04M;8;50774;110.26;60000;0;27.37
lr101;08R_08V_04I_03M;t1;0.05;75;1155.57;TRUE;7.42;lr101_t1_08R_08V_04I_03M;8;984;0.44;60000;99.57;16.74
lr101;08R_08V_04I_04M;t1;0.05;75;1067.57;TRUE;45.81;lr101_t1_08R_08V_04I_04M;8;1540;1.53;60000;69.31;19.61
lr102;08R_08V_04I_03M;t1;0.05;75;772.63;TRUE;62.75;lr102_t1_08R_08V_04I_03M;8;8621;9.3;60000;51.39;14.59
lr102;08R_08V_04I_04M;t1;0.05;75;773.21;TRUE;65.59;lr102_t1_08R_08V_04I_04M;8;796;1.22;60000;50.54;14.35
lr103;08R_08V_04I_03M;t1;0.05;75;563.98;TRUE;108.77;lr103_t1_08R_08V_04I_03M;8;13;0.35;60000;19.72;11.53
lr103;08R_08V_04I_04M;t1;0.05;75;562.45;TRUE;131.44;lr103_t1_08R_08V_04I_04M;8;13;0.32;60000;1.34;10.62
lr104;08R_08V_04I_03M;t1;0.05;75;649.57;TRUE;112.22;lr104_t1_08R_08V_04I_03M;8;213;0.73;60000;18.56;16.25
lr104;08R_08V_04I_04M;t1;0.05;75;649.55;TRUE;132.76;lr104_t1_08R_08V_04I_04M;8;29;0.39;60000;3.3;10.64
lr105;08R_08V_04I_03M;t1;0.05;75;754.77;TRUE;26.94;lr105_t1_08R_08V_04I_03M;8;324;0.46;60000;86.33;14.37
lr105;08R_08V_04I_04M;t1;0.05;75;751.51;TRUE;106.16;lr105_t1_08R_08V_04I_04M;8;2933;5.53;60000;15.47;13.55
lr201;08R_08V_04I_03M;t2;0.05;75;1022.83;TRUE;126.03;lr201_t2_08R_08V_04I_03M;8;1459;3.49;60000;0;22.07
lr201;08R_08V_04I_04M;t2;0.05;75;1018.91;TRUE;127.18;lr201_t2_08R_08V_04I_04M;8;1459;3.39;60000;0;21.85
lr202;08R_08V_04I_03M;t2;0.05;75;773.98;TRUE;158.59;lr202_t2_08R_08V_04I_03M;8;10597;28.15;60000;0;25.16
lr202;08R_08V_04I_04M;t2;0.05;75;760.68;TRUE;163.29;lr202_t2_08R_08V_04I_04M;8;57623;156.86;60000;0;30.44
lr203;08R_08V_04I_03M;t2;0.05;75;684.38;TRUE;139.9;lr203_t2_08R_08V_04I_03M;8;6647;15.95;60000;0;20.83
lr203;08R_08V_04I_04M;t2;0.05;75;683.66;TRUE;146.61;lr203_t2_08R_08V_04I_04M;8;6647;16.81;60000;0;21.24
lr204;08R_08V_04I_03M;t2;0.05;75;719.46;TRUE;170.92;lr204_t2_08R_08V_04I_03M;8;4963;14.8;60000;0;14.14
lr204;08R_08V_04I_04M;t2;0.05;75;720.9;TRUE;179.06;lr204_t2_08R_08V_04I_04M;8;37590;112.51;60000;0;14.77
lr205;08R_08V_04I_03M;t2;0.05;75;662.24;TRUE;154.41;lr205_t2_08R_08V_04I_03M;8;2414;6.7;60000;0;27.59
lr205;08R_08V_04I_04M;t2;0.05;75;661.85;TRUE;163.36;lr205_t2_08R_08V_04I_04M;8;2414;7.06;60000;0;27.57
lr101;10R_10V_02I_03M;t1;0.05;75;1295.99;TRUE;15.55;lr101_t1_10R_10V_02I_03M;10;5061;1.66;60000;96.09;13.14
lr101;10R_10V_02I_04M;t1;0.05;75;1254.94;TRUE;61.75;lr101_t1_10R_10V_02I_04M;10;1962;2.38;60000;60.12;14.15
lr102;10R_10V_02I_03M;t1;0.05;75;1018.62;TRUE;125.13;lr102_t1_10R_10V_02I_03M;10;22;0.36;60000;0;11.56
lr102;10R_10V_02I_04M;t1;0.05;75;1018.62;TRUE;125.96;lr102_t1_10R_10V_02I_04M;10;22;0.33;60000;0;11.56
lr103;10R_10V_02I_03M;t1;0.05;75;610.04;TRUE;136;lr103_t1_10R_10V_02I_03M;10;137;0.64;60000;0.17;8.51
lr103;10R_10V_02I_04M;t1;0.05;75;610.04;TRUE;138.86;lr103_t1_10R_10V_02I_04M;10;137;0.65;60000;0;8.44
lr104;10R_10V_02I_03M;t1;0.05;75;687.39;TRUE;119.66;lr104_t1_10R_10V_02I_03M;10;10779;22.31;60000;0;6.37
lr104;10R_10V_02I_04M;t1;0.05;75;671.72;TRUE;124.3;lr104_t1_10R_10V_02I_04M;10;12141;25.94;60000;0;7.03
lr105;10R_10V_02I_03M;t1;0.05;75;671.01;TRUE;113.93;lr105_t1_10R_10V_02I_03M;10;133;0.58;60000;0;18.65
lr105;10R_10V_02I_04M;t1;0.05;75;671.01;TRUE;117.17;lr105_t1_10R_10V_02I_04M;10;133;0.58;60000;0;18.66
lr201;10R_10V_02I_03M;t2;0.05;75;1006.56;TRUE;129.2;lr201_t2_10R_10V_02I_03M;10;248;0.89;60000;0;26.52
lr201;10R_10V_02I_04M;t2;0.05;75;1005.86;TRUE;135.57;lr201_t2_10R_10V_02I_04M;10;248;0.9;60000;0;26.53
lr202;10R_10V_02I_03M;t2;0.05;75;810.23;TRUE;143.87;lr202_t2_10R_10V_02I_03M;10;27360;65.96;60000;0;27.69
lr202;10R_10V_02I_04M;t2;0.05;75;809.32;TRUE;150.32;lr202_t2_10R_10V_02I_04M;10;27360;69.07;60000;0;28.13
lr203;10R_10V_02I_03M;t2;0.05;75;756.99;TRUE;186.95;lr203_t2_10R_10V_02I_03M;10;297;1.28;60000;0;19.69
lr203;10R_10V_02I_04M;t2;0.05;75;756.27;TRUE;199.55;lr203_t2_10R_10V_02I_04M;10;297;1.31;60000;0;19.99
lr204;10R_10V_02I_03M;t2;0.05;75;762.31;TRUE;182.67;lr204_t2_10R_10V_02I_03M;10;656;2.66;60000;0;8.79
lr204;10R_10V_02I_04M;t2;0.05;75;758.42;TRUE;193.52;lr204_t2_10R_10V_02I_04M;10;656;2.55;60000;0;9.56
lr205;10R_10V_02I_03M;t2;0.05;75;761.35;TRUE;144.56;lr205_t2_10R_10V_02I_03M;10;10514;25.69;60000;0;31.3
lr205;10R_10V_02I_04M;t2;0.05;75;761.35;TRUE;150.16;lr205_t2_10R_10V_02I_04M;10;10514;26.63;60000;0;31.3
lr101;10R_10V_04I_03M;t1;0.05;75;1275.66;TRUE;14.08;lr101_t1_10R_10V_04I_03M;10;5077;1.46;60000;99.66;22.13
lr101;10R_10V_04I_04M;t1;0.05;75;1207.27;TRUE;66.8;lr101_t1_10R_10V_04I_04M;10;1294;1.88;60000;60.42;21.13
lr102;10R_10V_04I_03M;t1;0.05;75;943.35;TRUE;54.22;lr102_t1_10R_10V_04I_03M;10;49475;44.79;60000;69.83;12.66
lr102;10R_10V_04I_04M;t1;0.05;75;938.67;TRUE;109.37;lr102_t1_10R_10V_04I_04M;10;23003;42.36;60000;29.59;12.09
lr103;10R_10V_04I_03M;t1;0.05;75;615.06;TRUE;122.31;lr103_t1_10R_10V_04I_03M;10;335;1.06;60000;22.82;15.03
lr103;10R_10V_04I_04M;t1;0.05;75;611.6;TRUE;150.25;lr103_t1_10R_10V_04I_04M;10;26;0.39;60000;4.51;13.76
lr104;10R_10V_04I_03M;t1;0.05;75;745.94;TRUE;133.94;lr104_t1_10R_10V_04I_03M;10;9567;21.84;60000;9.79;12.95
lr104;10R_10V_04I_04M;t1;0.05;75;746.3;TRUE;151.57;lr104_t1_10R_10V_04I_04M;10;1970;5.54;60000;0.08;12.77
lr105;10R_10V_04I_03M;t1;0.05;75;668.46;TRUE;54.46;lr105_t1_10R_10V_04I_03M;10;10;0.33;60000;66.6;14.35
lr105;10R_10V_04I_04M;t1;0.05;75;665.48;TRUE;123.84;lr105_t1_10R_10V_04I_04M;10;141;0.62;60000;9.2;15.55
lr201;10R_10V_04I_03M;t2;0.05;75;1271.26;TRUE;153.72;lr201_t2_10R_10V_04I_03M;10;2672;7.16;60000;0;21.92
lr201;10R_10V_04I_04M;t2;0.05;75;1271.26;TRUE;160.62;lr201_t2_10R_10V_04I_04M;10;1601;4.73;60000;0;22.11
lr202;10R_10V_04I_03M;t2;0.05;75;980.32;TRUE;122.72;lr202_t2_10R_10V_04I_03M;10;30098;61.69;60000;43.85;25.38
lr202;10R_10V_04I_04M;t2;0.05;75;947.36;TRUE;195.93;lr202_t2_10R_10V_04I_04M;10;19187;63.25;60000;2.75;27.89
lr203;10R_10V_04I_03M;t2;0.05;75;807.04;TRUE;232.93;lr203_t2_10R_10V_04I_03M;10;33298;129.47;60000;0;15.32
lr203;10R_10V_04I_04M;t2;0.05;75;788.89;TRUE;248.25;lr203_t2_10R_10V_04I_04M;10;51398;212.92;60000;0;16.66
lr204;10R_10V_04I_03M;t2;0.05;75;781.9;TRUE;246.01;lr204_t2_10R_10V_04I_03M;10;37027;152.23;60000;0;8.56
lr204;10R_10V_04I_04M;t2;0.05;75;780.56;TRUE;262.53;lr204_t2_10R_10V_04I_04M;10;7227;32.03;60000;0;8.31
lr205;10R_10V_04I_03M;t2;0.05;75;791.27;TRUE;180.32;lr205_t2_10R_10V_04I_03M;10;34626;104.29;60000;0;26.22
lr205;10R_10V_04I_04M;t2;0.05;75;786.93;TRUE;189.58;lr205_t2_10R_10V_04I_04M;10;34626;109.3;60000;0;26.55
lr101;12R_12V_02I_03M;t1;0.05;75;1432.08;TRUE;21.51;lr101_t1_12R_12V_02I_03M;12;8794;3.42;60000;94.19;16
lr101;12R_12V_02I_04M;t1;0.05;75;1391.03;TRUE;73.1;lr101_t1_12R_12V_02I_04M;12;9161;11.65;60000;57.75;16.84
lr102;12R_12V_02I_03M;t1;0.05;75;981.42;TRUE;129.77;lr102_t1_12R_12V_02I_03M;12;6;0.33;60000;6.29;14.79
lr102;12R_12V_02I_04M;t1;0.05;75;975.57;TRUE;141.78;lr102_t1_12R_12V_02I_04M;12;111;0.61;60000;0.25;14.45
lr103;12R_12V_02I_03M;t1;0.05;75;716.73;TRUE;151.65;lr103_t1_12R_12V_02I_03M;12;705;2.17;60000;1.25;10.31
lr103;12R_12V_02I_04M;t1;0.05;75;714.59;TRUE;157.49;lr103_t1_12R_12V_02I_04M;12;5875;15.9;60000;0;10.62
lr104;12R_12V_02I_03M;t1;0.05;75;778.66;TRUE;159.08;lr104_t1_12R_12V_02I_03M;12;31171;82.81;60000;0.52;7.81
lr104;12R_12V_02I_04M;t1;0.05;75;771.33;TRUE;170.77;lr104_t1_12R_12V_02I_04M;12;32142;92.33;60000;0;7.84
lr105;12R_12V_02I_03M;t1;0.05;75;1344.91;TRUE;14.4;lr105_t1_12R_12V_02I_03M;12;34660;8.39;60000;98.88;8.69
lr105;12R_12V_02I_04M;t1;0.05;75;1297.52;TRUE;32.99;lr105_t1_12R_12V_02I_04M;12;39177;21.53;60000;89.61;8.41
lr201;12R_12V_02I_03M;t2;0.05;75;1329.16;TRUE;148.33;lr201_t2_12R_12V_02I_03M;12;9579;24.41;60000;0;24.97
lr201;12R_12V_02I_04M;t2;0.05;75;1328.46;TRUE;157.49;lr201_t2_12R_12V_02I_04M;12;9579;25.7;60000;0;24.98
lr202;12R_12V_02I_03M;t2;0.05;75;885.14;TRUE;184.89;lr202_t2_12R_12V_02I_03M;12;4904;15.55;60000;0;25.61
lr202;12R_12V_02I_04M;t2;0.05;75;885.14;TRUE;195.37;lr202_t2_12R_12V_02I_04M;12;4904;16.36;60000;0;25.64
lr203;12R_12V_02I_03M;t2;0.05;75;1107.84;TRUE;223.29;lr203_t2_12R_12V_02I_03M;12;33753;126.11;60000;0;12.2
lr203;12R_12V_02I_04M;t2;0.05;75;1124.79;TRUE;235.35;lr203_t2_12R_12V_02I_04M;12;34586;135.59;60000;0;12.28
lr204;12R_12V_02I_03M;t2;0.05;75;848.18;TRUE;227.71;lr204_t2_12R_12V_02I_03M;12;48105;182.82;60000;0;5.22
lr204;12R_12V_02I_04M;t2;0.05;75;848.18;TRUE;238.27;lr204_t2_12R_12V_02I_04M;12;48105;190.7;60000;0;5.32
lr205;12R_12V_02I_03M;t2;0.05;75;912.98;TRUE;190;lr205_t2_12R_12V_02I_03M;12;11776;37.72;60000;0;24.49
lr205;12R_12V_02I_04M;t2;0.05;75;912.24;TRUE;201.23;lr205_t2_12R_12V_02I_04M;12;11776;40.02;60000;0;24.61
lr101;12R_12V_04I_03M;t1;0.05;75;1368.7;TRUE;14.56;lr101_t1_12R_12V_04I_03M;12;53571;13.04;60000;99.8;19.65
lr101;12R_12V_04I_04M;t1;0.05;75;1311.95;TRUE;36.92;lr101_t1_12R_12V_04I_04M;12;2492;1.83;60000;88.99;20.06
lr102;12R_12V_04I_03M;t1;0.05;75;992.09;TRUE;68.64;lr102_t1_12R_12V_04I_03M;12;16723;19.65;60000;62.7;12.18
lr102;12R_12V_04I_04M;t1;0.05;75;984.64;TRUE;133.16;lr102_t1_12R_12V_04I_04M;12;1241;3.1;60000;18.72;13.41
lr103;12R_12V_04I_03M;t1;0.05;75;798.62;TRUE;108.31;lr103_t1_12R_12V_04I_03M;12;38888;70.52;60000;56.17;9.1
lr103;12R_12V_04I_04M;t1;0.05;75;794.52;TRUE;174.83;lr103_t1_12R_12V_04I_04M;12;1561;5.01;60000;17.8;8.56
lr104;12R_12V_04I_03M;t1;0.05;75;847.82;TRUE;178.08;lr104_t1_12R_12V_04I_03M;12;6500;19.8;60000;8.12;7.84
lr104;12R_12V_04I_04M;t1;0.05;75;847.82;TRUE;195.61;lr104_t1_12R_12V_04I_04M;12;21144;69.25;60000;0.28;7.21
lr105;12R_12V_04I_03M;t1;0.05;75;834.01;TRUE;77.99;lr105_t1_12R_12V_04I_03M;12;2602;3.77;60000;58;16.1
lr105;12R_12V_04I_04M;t1;0.05;75;833.13;TRUE;143.81;lr105_t1_12R_12V_04I_04M;12;43121;103.75;60000;12.29;16.86
lr201;12R_12V_04I_03M;t2;0.05;75;1452.46;TRUE;188.43;lr201_t2_12R_12V_04I_03M;12;14545;46.55;60000;0;21.1
lr201;12R_12V_04I_04M;t2;0.05;75;1451.99;TRUE;195.34;lr201_t2_12R_12V_04I_04M;12;14545;47.95;60000;0;21.42
lr202;12R_12V_04I_03M;t2;0.05;75;1051.88;TRUE;193.9;lr202_t2_12R_12V_04I_03M;12;36795;119.77;60000;24.45;26.42
lr202;12R_12V_04I_04M;t2;0.05;75;1009.47;TRUE;246.69;lr202_t2_12R_12V_04I_04M;12;43383;178.8;60000;1.76;28.18
lr203;12R_12V_04I_03M;t2;0.05;75;903.93;TRUE;295.31;lr203_t2_12R_12V_04I_03M;12;54670;269.14;60000;0;14.36
lr203;12R_12V_04I_04M;t2;0.05;75;891.29;TRUE;316.42;lr203_t2_12R_12V_04I_04M;12;16877;89.84;60000;0;15.11
lr204;12R_12V_04I_03M;t2;0.05;75;903.58;TRUE;311.47;lr204_t2_12R_12V_04I_03M;12;26714;138.72;60000;0;3.69
lr204;12R_12V_04I_04M;t2;0.05;75;896.73;TRUE;339.18;lr204_t2_12R_12V_04I_04M;12;26714;151.84;60000;0;4.18
lr205;12R_12V_04I_03M;t2;0.05;75;997.44;TRUE;249.68;lr205_t2_12R_12V_04I_03M;12;30704;128.26;60000;0;20.92
lr205;12R_12V_04I_04M;t2;0.05;75;998.82;TRUE;262.34;lr205_t2_12R_12V_04I_04M;12;746;3.61;60000;0;21.34
LR1_2_1;40R_40V_02I_05M;t1;0.05;75;8377.69;TRUE;84.94;LR1_2_1_t1_40R_40V_02I_05M;40;1;0.01;60000;100;6.09
LR1_2_1;40R_40V_02I_06M;t1;0.05;75;8377.69;TRUE;89.29;LR1_2_1_t1_40R_40V_02I_06M;40;1;0.01;60000;100;6.09
LR1_2_2;40R_40V_02I_05M;t1;0.05;75;7502.15;TRUE;98.24;LR1_2_2_t1_40R_40V_02I_05M;40;1;0.01;60000;100;5.62
LR1_2_2;40R_40V_02I_06M;t1;0.05;75;7505.6;TRUE;106.59;LR1_2_2_t1_40R_40V_02I_06M;40;1;0.01;60000;100;5.27
LR1_2_3;40R_40V_02I_05M;t1;0.05;75;4739.93;TRUE;219.05;LR1_2_3_t1_40R_40V_02I_05M;40;42176;154.17;60000;98.66;3.15
LR1_2_3;40R_40V_02I_06M;t1;0.05;75;4857.7;TRUE;231.25;LR1_2_3_t1_40R_40V_02I_06M;40;31233;119.47;60000;98.69;3.06
LR1_2_4;40R_40V_02I_05M;t1;0.05;75;3799.17;TRUE;600.04;LR1_2_4_t1_40R_40V_02I_05M;40;31866;316.8;60000;73.5;3.22
LR1_2_4;40R_40V_02I_06M;t1;0.05;75;3689.31;TRUE;1000.92;LR1_2_4_t1_40R_40V_02I_06M;40;13177;219.97;60000;34.67;3.15
LR1_2_5;40R_40V_02I_05M;t1;0.05;75;6981.62;TRUE;113.64;LR1_2_5_t1_40R_40V_02I_05M;40;27215;51.88;60000;99.96;7.28
LR1_2_5;40R_40V_02I_06M;t1;0.05;75;6295.71;TRUE;191.9;LR1_2_5_t1_40R_40V_02I_06M;40;32364;102.56;60000;97.77;6.1
LR2_2_1;40R_40V_02I_05M;t2;0.05;75;7811.95;TRUE;1049.08;LR2_2_1_t2_40R_40V_02I_05M;40;46970;822.04;60000;0;6.75
LR2_2_1;40R_40V_02I_06M;t2;0.05;75;7806.16;TRUE;1118.84;LR2_2_1_t2_40R_40V_02I_06M;40;46970;877.04;60000;0;7.05
LR2_2_2;40R_40V_02I_05M;t2;0.05;75;6624.39;TRUE;1328.61;LR2_2_2_t2_40R_40V_02I_05M;40;19155;427.07;60000;0;7.32
LR2_2_2;40R_40V_02I_06M;t2;0.05;75;6375.82;TRUE;1493.27;LR2_2_2_t2_40R_40V_02I_06M;40;32583;813.48;60000;0;7.63
LR2_2_3;40R_40V_02I_05M;t2;0.05;75;5707.65;TRUE;1829.24;LR2_2_3_t2_40R_40V_02I_05M;40;3421;104.89;60000;0;3.81
LR2_2_3;40R_40V_02I_06M;t2;0.05;75;5660.53;TRUE;2028.02;LR2_2_3_t2_40R_40V_02I_06M;40;31479;1063.39;60000;0;4
LR2_2_4;40R_40V_02I_05M;t2;0.05;75;4102.53;TRUE;3283.03;LR2_2_4_t2_40R_40V_02I_05M;40;22157;1211.52;60000;0;1.86
LR2_2_4;40R_40V_02I_06M;t2;0.05;75;4102.53;TRUE;3485.74;LR2_2_4_t2_40R_40V_02I_06M;40;22157;1288.91;60000;0;1.86
LR2_2_5;40R_40V_02I_05M;t2;0.05;75;7658.91;TRUE;1208.56;LR2_2_5_t2_40R_40V_02I_05M;40;4453;89.99;60000;0;9.78
LR2_2_5;40R_40V_02I_06M;t2;0.05;75;7658.91;TRUE;1301.91;LR2_2_5_t2_40R_40V_02I_06M;40;4453;97.12;60000;0;9.78
LR1_2_1;40R_40V_04I_05M;t1;0.05;75;NA;FALSE;116.4;LR1_2_1_t1_40R_40V_04I_05M;40;0;0;60000;100;0
LR1_2_1;40R_40V_04I_06M;t1;0.05;75;7435.5;TRUE;175.78;LR1_2_1_t1_40R_40V_04I_06M;40;20588;60.91;60000;99.98;7.23
LR1_2_2;40R_40V_04I_05M;t1;0.05;75;NA;FALSE;125.44;LR1_2_2_t1_40R_40V_04I_05M;40;0;0;60000;100;0
LR1_2_2;40R_40V_04I_06M;t1;0.05;75;6064.53;TRUE;169.59;LR1_2_2_t1_40R_40V_04I_06M;40;14937;42.36;60000;100;7.3
LR1_2_3;40R_40V_04I_05M;t1;0.05;75;4764.89;TRUE;286.43;LR1_2_3_t1_40R_40V_04I_05M;40;49501;236.66;60000;99.52;5.98
LR1_2_3;40R_40V_04I_06M;t1;0.05;75;4637.8;TRUE;371.29;LR1_2_3_t1_40R_40V_04I_06M;40;13292;82.4;60000;97.72;5.25
LR1_2_4;40R_40V_04I_05M;t1;0.05;75;3654.69;TRUE;748.3;LR1_2_4_t1_40R_40V_04I_05M;40;16503;206.19;60000;88.24;3.73
LR1_2_4;40R_40V_04I_06M;t1;0.05;75;3772.13;TRUE;933.01;LR1_2_4_t1_40R_40V_04I_06M;40;30329;472.04;60000;78.62;3.11
LR1_2_5;40R_40V_04I_05M;t1;0.05;75;5721.08;TRUE;216.96;LR1_2_5_t1_40R_40V_04I_05M;40;19489;70.9;60000;99.99;7.6
LR1_2_5;40R_40V_04I_06M;t1;0.05;75;5050.15;TRUE;318.2;LR1_2_5_t1_40R_40V_04I_06M;40;49656;263.02;60000;99.02;8.59
LR2_2_1;40R_40V_04I_05M;t2;0.05;75;8137.87;TRUE;1421.88;LR2_2_1_t2_40R_40V_04I_05M;40;18640;443.58;60000;0;6.08
LR2_2_1;40R_40V_04I_06M;t2;0.05;75;8022.46;TRUE;1539.87;LR2_2_1_t2_40R_40V_04I_06M;40;42329;1087.72;60000;0;6.35
LR2_2_2;40R_40V_04I_05M;t2;0.05;75;6369.08;TRUE;1556.47;LR2_2_2_t2_40R_40V_04I_05M;40;11327;293.49;60000;33.48;6.74
LR2_2_2;40R_40V_04I_06M;t2;0.05;75;6761.86;TRUE;1997.26;LR2_2_2_t2_40R_40V_04I_06M;40;30416;1014.34;60000;3.45;7.24
LR2_2_3;40R_40V_04I_05M;t2;0.05;75;5945.54;TRUE;3004.74;LR2_2_3_t2_40R_40V_04I_05M;40;56755;2841.96;60000;0;3.24
LR2_2_3;40R_40V_04I_06M;t2;0.05;75;5963.4;TRUE;3191.19;LR2_2_3_t2_40R_40V_04I_06M;40;9644;513.72;60000;0;3.39
LR2_2_4;40R_40V_04I_05M;t2;0.05;75;4465.3;TRUE;3600.08;LR2_2_4_t2_40R_40V_04I_05M;40;1490;137.81;38947;0;1.43
LR2_2_4;40R_40V_04I_06M;t2;0.05;75;4506.96;TRUE;3600.01;LR2_2_4_t2_40R_40V_04I_06M;40;17409;1728.98;36254;0;1.49
LR2_2_5;40R_40V_04I_05M;t2;0.05;75;7613.01;TRUE;1783.77;LR2_2_5_t2_40R_40V_04I_05M;40;6117;182.38;60000;0;7.87
LR2_2_5;40R_40V_04I_06M;t2;0.05;75;7596.1;TRUE;1805.89;LR2_2_5_t2_40R_40V_04I_06M;40;6117;185.49;60000;0;8.44
LR1_2_1;60R_60V_02I_05M;t1;0.05;75;12347;TRUE;181.74;LR1_2_1_t1_60R_60V_02I_05M;60;1;0.02;60000;100;6.92
LR1_2_1;60R_60V_02I_06M;t1;0.05;75;12282.42;TRUE;203.64;LR1_2_1_t1_60R_60V_02I_06M;60;1;0.02;60000;100;6.69
LR1_2_2;60R_60V_02I_05M;t1;0.05;75;7695.89;TRUE;507.15;LR1_2_2_t1_60R_60V_02I_05M;60;50497;426.89;60000;96.9;4.45
LR1_2_2;60R_60V_02I_06M;t1;0.05;75;7717.38;TRUE;561.97;LR1_2_2_t1_60R_60V_02I_06M;60;2437;23.43;60000;95.34;4.36
LR1_2_3;60R_60V_02I_05M;t1;0.05;75;8320.23;TRUE;248.31;LR1_2_3_t1_60R_60V_02I_05M;60;1;0.02;60000;100;1.71
LR1_2_3;60R_60V_02I_06M;t1;0.05;75;8725.41;TRUE;280.46;LR1_2_3_t1_60R_60V_02I_06M;60;1;0.03;60000;100;2.53
LR1_2_4;60R_60V_02I_05M;t1;0.05;75;5423.41;TRUE;1185.57;LR1_2_4_t1_60R_60V_02I_05M;60;5414;108.05;60000;90.48;1.93
LR1_2_4;60R_60V_02I_06M;t1;0.05;75;5220.96;TRUE;1302.9;LR1_2_4_t1_60R_60V_02I_06M;60;49973;1084.33;60000;88.98;1.77
LR1_2_5;60R_60V_02I_05M;t1;0.05;75;7466.16;TRUE;783.68;LR1_2_5_t1_60R_60V_02I_05M;60;47816;623.99;60000;85.82;5.82
LR1_2_5;60R_60V_02I_06M;t1;0.05;75;7435.99;TRUE;1066.87;LR1_2_5_t1_60R_60V_02I_06M;60;23848;424.19;60000;66.66;5.68
LR2_2_1;60R_60V_02I_05M;t2;0.05;75;11788.79;TRUE;2264.29;LR2_2_1_t2_60R_60V_02I_05M;60;45300;1713.46;60000;0;5.48
LR2_2_1;60R_60V_02I_06M;t2;0.05;75;11788.79;TRUE;2416.92;LR2_2_1_t2_60R_60V_02I_06M;60;45300;1828;60000;0;5.79
LR2_2_2;60R_60V_02I_05M;t2;0.05;75;9250.72;TRUE;3055.83;LR2_2_2_t2_60R_60V_02I_05M;60;15211;778.83;60000;0;4.4
LR2_2_2;60R_60V_02I_06M;t2;0.05;75;9541.65;TRUE;3297.9;LR2_2_2_t2_60R_60V_02I_06M;60;927;51.03;60000;0;4.61
LR2_2_3;60R_60V_02I_05M;t2;0.05;75;9366.61;TRUE;3600.02;LR2_2_3_t2_60R_60V_02I_05M;60;23513;1592.92;53191;0;3.72
LR2_2_3;60R_60V_02I_06M;t2;0.05;75;9386.34;TRUE;3600.06;LR2_2_3_t2_60R_60V_02I_06M;60;24784;1781.23;50209;0;3.72
LR2_2_4;60R_60V_02I_05M;t2;0.05;75;6937.52;TRUE;3600.08;LR2_2_4_t2_60R_60V_02I_05M;60;31007;2981.34;37436;0;1.93
LR2_2_4;60R_60V_02I_06M;t2;0.05;75;6937.17;TRUE;3600.01;LR2_2_4_t2_60R_60V_02I_06M;60;31007;3126.01;35734;0;1.93
LR2_2_5;60R_60V_02I_05M;t2;0.05;75;12106.05;TRUE;2671.51;LR2_2_5_t2_60R_60V_02I_05M;60;33365;1490.12;60000;0;8.23
LR2_2_5;60R_60V_02I_06M;t2;0.05;75;12106.05;TRUE;2848.83;LR2_2_5_t2_60R_60V_02I_06M;60;33365;1585.46;60000;0;8.23
LR1_2_1;60R_60V_04I_05M;t1;0.05;75;NA;FALSE;351.61;LR1_2_1_t1_60R_60V_04I_05M;60;0;0;60000;100;0
LR1_2_1;60R_60V_04I_06M;t1;0.05;75;11681.35;TRUE;453.21;LR1_2_1_t1_60R_60V_04I_06M;60;49010;370.08;60000;100;10.09
LR1_2_2;60R_60V_04I_05M;t1;0.05;75;NA;FALSE;361.71;LR1_2_2_t1_60R_60V_04I_05M;60;0;0;60000;100;0
LR1_2_2;60R_60V_04I_06M;t1;0.05;75;9666.91;TRUE;518.5;LR1_2_2_t1_60R_60V_04I_06M;60;56616;489.22;60000;100;8.55
LR1_2_3;60R_60V_04I_05M;t1;0.05;75;7998.57;TRUE;629.11;LR1_2_3_t1_60R_60V_04I_05M;60;42981;452.33;60000;99.99;7.78
LR1_2_3;60R_60V_04I_06M;t1;0.05;75;7591.94;TRUE;830.86;LR1_2_3_t1_60R_60V_04I_06M;60;14072;196.65;60000;99.82;6.73
LR1_2_4;60R_60V_04I_05M;t1;0.05;75;5578.88;TRUE;1681.97;LR1_2_4_t1_60R_60V_04I_05M;60;12662;357.46;60000;96.77;4.7
LR1_2_4;60R_60V_04I_06M;t1;0.05;75;5410.74;TRUE;2244.69;LR1_2_4_t1_60R_60V_04I_06M;60;20170;756.41;60000;91.15;3.99
LR1_2_5;60R_60V_04I_05M;t1;0.05;75;NA;FALSE;319.19;LR1_2_5_t1_60R_60V_04I_05M;60;0;0;60000;100;0
LR1_2_5;60R_60V_04I_06M;t1;0.05;75;8772.82;TRUE;461.33;LR1_2_5_t1_60R_60V_04I_06M;60;35586;273.62;60000;99.98;9.97
LR2_2_1;60R_60V_04I_05M;t2;0.05;75;12028.65;TRUE;2820.7;LR2_2_1_t2_60R_60V_04I_05M;60;55297;2601.59;60000;24.78;5.72
LR2_2_1;60R_60V_04I_06M;t2;0.05;75;11948.46;TRUE;3402.36;LR2_2_1_t2_60R_60V_04I_06M;60;47149;2678.22;60000;8.07;5.95
LR2_2_2;60R_60V_04I_05M;t2;0.05;75;9349.84;TRUE;3205.35;LR2_2_2_t2_60R_60V_04I_05M;60;14216;757.54;60000;51.14;5.34
LR2_2_2;60R_60V_04I_06M;t2;0.05;75;9504.69;TRUE;3600;LR2_2_2_t2_60R_60V_04I_06M;60;22554;1754.08;46261;7.47;5.57
LR2_2_3;60R_60V_04I_05M;t2;0.05;75;9996.61;TRUE;3600.08;LR2_2_3_t2_60R_60V_04I_05M;60;29994;3479.48;31030;0.38;3.24
LR2_2_3;60R_60V_04I_06M;t2;0.05;75;9801.95;TRUE;3600.11;LR2_2_3_t2_60R_60V_04I_06M;60;18009;2239.81;28986;0.02;3.44
LR2_2_4;60R_60V_04I_05M;t2;0.05;75;7033.14;TRUE;3600.12;LR2_2_4_t2_60R_60V_04I_05M;60;2361;478.07;17825;0;1.14
LR2_2_4;60R_60V_04I_06M;t2;0.05;75;7148.5;TRUE;3600.18;LR2_2_4_t2_60R_60V_04I_06M;60;3421;737.67;16695;0;1.19
LR2_2_5;60R_60V_04I_05M;t2;0.05;75;12729.85;TRUE;3600.07;LR2_2_5_t2_60R_60V_04I_05M;60;38907;2620.19;53468;0;5.6
LR2_2_5;60R_60V_04I_06M;t2;0.05;75;12556.34;TRUE;3600.04;LR2_2_5_t2_60R_60V_04I_06M;60;21176;1502.03;50828;0;6.08
lr101;06R_06V_02I_03M;t1;0.05;92;784.11;TRUE;89.09;lr101_t1_06R_06V_02I_03M;6;1;0;60000;0;18.33
lr101;06R_06V_02I_04M;t1;0.05;92;763.79;TRUE;89.96;lr101_t1_06R_06V_02I_04M;6;4;0.29;60000;0;19.55
lr102;06R_06V_02I_03M;t1;0.05;92;542.25;TRUE;87.22;lr102_t1_06R_06V_02I_03M;6;4;0.33;60000;0;13.09
lr102;06R_06V_02I_04M;t1;0.05;92;542.25;TRUE;88.58;lr102_t1_06R_06V_02I_04M;6;4;0.29;60000;0;13.14
lr103;06R_06V_02I_03M;t1;0.05;92;455.04;TRUE;91.19;lr103_t1_06R_06V_02I_03M;6;21;0.32;60000;0;19.89
lr103;06R_06V_02I_04M;t1;0.05;92;452.25;TRUE;92.6;lr103_t1_06R_06V_02I_04M;6;37;0.36;60000;0;20.2
lr104;06R_06V_02I_03M;t1;0.05;92;431.14;TRUE;88.03;lr104_t1_06R_06V_02I_03M;6;7;0.33;60000;0;13.48
lr104;06R_06V_02I_04M;t1;0.05;92;426.97;TRUE;88.86;lr104_t1_06R_06V_02I_04M;6;7;0.3;60000;0;13.96
lr105;06R_06V_02I_03M;t1;0.05;92;472.54;TRUE;85.21;lr105_t1_06R_06V_02I_03M;6;49;0.35;60000;0;22.95
lr105;06R_06V_02I_04M;t1;0.05;92;471.8;TRUE;87.1;lr105_t1_06R_06V_02I_04M;6;49;0.35;60000;0;22.98
lr201;06R_06V_02I_03M;t2;0.05;92;841.88;TRUE;85.53;lr201_t2_06R_06V_02I_03M;6;160;0.52;60000;0;26.45
lr201;06R_06V_02I_04M;t2;0.05;92;840.13;TRUE;87.33;lr201_t2_06R_06V_02I_04M;6;160;0.52;60000;0;26.69
lr202;06R_06V_02I_03M;t2;0.05;92;606.04;TRUE;95.54;lr202_t2_06R_06V_02I_03M;6;52;0.38;60000;0;42.91
lr202;06R_06V_02I_04M;t2;0.05;92;606.04;TRUE;97.31;lr202_t2_06R_06V_02I_04M;6;52;0.39;60000;0;42.91
lr203;06R_06V_02I_03M;t2;0.05;92;676.69;TRUE;98.22;lr203_t2_06R_06V_02I_03M;6;123;0.51;60000;0;33.07
lr203;06R_06V_02I_04M;t2;0.05;92;676.69;TRUE;100.32;lr203_t2_06R_06V_02I_04M;6;123;0.5;60000;0;33.11
lr204;06R_06V_02I_03M;t2;0.05;92;559.82;TRUE;110.36;lr204_t2_06R_06V_02I_03M;6;1614;3.23;60000;0;23.6
lr204;06R_06V_02I_04M;t2;0.05;92;553.06;TRUE;114.45;lr204_t2_06R_06V_02I_04M;6;3247;6.61;60000;0;21.54
lr205;06R_06V_02I_03M;t2;0.05;92;551.63;TRUE;91.62;lr205_t2_06R_06V_02I_03M;6;21;0.36;60000;0;30.75
lr205;06R_06V_02I_04M;t2;0.05;92;549.2;TRUE;93.42;lr205_t2_06R_06V_02I_04M;6;18;0.35;60000;0;30.73
lr101;06R_06V_04I_03M;t1;0.05;92;784.7;TRUE;12.28;lr101_t1_06R_06V_04I_03M;6;103;0.32;60000;92.43;14.63
lr101;06R_06V_04I_04M;t1;0.05;92;757.4;TRUE;47.81;lr101_t1_06R_06V_04I_04M;6;166;0.45;60000;53.34;16.52
lr102;06R_06V_04I_03M;t1;0.05;92;619.93;TRUE;38.92;lr102_t1_06R_06V_04I_03M;6;173;0.39;60000;67.88;11.34
lr102;06R_06V_04I_04M;t1;0.05;92;613.22;TRUE;104.37;lr102_t1_06R_06V_04I_04M;6;1;0;60000;1.4;13.44
lr103;06R_06V_04I_03M;t1;0.05;92;448.87;TRUE;99.79;lr103_t1_06R_06V_04I_03M;6;1;0;60000;0;19.22
lr103;06R_06V_04I_04M;t1;0.05;92;446.87;TRUE;99.82;lr103_t1_06R_06V_04I_04M;6;1;0;60000;0;19.3
lr104;06R_06V_04I_03M;t1;0.05;92;469.54;TRUE;98.36;lr104_t1_06R_06V_04I_03M;6;11;0.31;60000;0;11.22
lr104;06R_06V_04I_04M;t1;0.05;92;465.1;TRUE;101.13;lr104_t1_06R_06V_04I_04M;6;11;0.3;60000;0;11.91
lr105;06R_06V_04I_03M;t1;0.05;92;521.52;TRUE;33.41;lr105_t1_06R_06V_04I_03M;6;129;0.35;60000;72.21;15.81
lr105;06R_06V_04I_04M;t1;0.05;92;513.23;TRUE;101.45;lr105_t1_06R_06V_04I_04M;6;419;1.03;60000;0;18.47
lr201;06R_06V_04I_03M;t2;0.05;92;903.79;TRUE;100.48;lr201_t2_06R_06V_04I_03M;6;2;0.29;60000;0;23.27
lr201;06R_06V_04I_04M;t2;0.05;92;895.88;TRUE;102.53;lr201_t2_06R_06V_04I_04M;6;152;0.56;60000;0;23.23
lr202;06R_06V_04I_03M;t2;0.05;92;547.87;TRUE;110.41;lr202_t2_06R_06V_04I_03M;6;27;0.34;60000;0;27.12
lr202;06R_06V_04I_04M;t2;0.05;92;547.87;TRUE;111.62;lr202_t2_06R_06V_04I_04M;6;27;0.34;60000;0;27.23
lr203;06R_06V_04I_03M;t2;0.05;92;685.01;TRUE;111.91;lr203_t2_06R_06V_04I_03M;6;52;0.39;60000;0;27.75
lr203;06R_06V_04I_04M;t2;0.05;92;681.89;TRUE;115.31;lr203_t2_06R_06V_04I_04M;6;52;0.38;60000;0;30.52
lr204;06R_06V_04I_03M;t2;0.05;92;610.47;TRUE;130;lr204_t2_06R_06V_04I_03M;6;5613;12.39;60000;0;21.49
lr204;06R_06V_04I_04M;t2;0.05;92;601.61;TRUE;134.84;lr204_t2_06R_06V_04I_04M;6;6211;14.17;60000;0;22.39
lr205;06R_06V_04I_03M;t2;0.05;92;535.22;TRUE;120.34;lr205_t2_06R_06V_04I_03M;6;484;1.27;60000;0;27.13
lr205;06R_06V_04I_04M;t2;0.05;92;535.22;TRUE;122.99;lr205_t2_06R_06V_04I_04M;6;118;0.55;60000;0;26.82
lr101;08R_08V_02I_03M;t1;0.05;92;946.87;TRUE;43.94;lr101_t1_08R_08V_02I_03M;8;353;0.57;60000;65.1;21.88
lr101;08R_08V_02I_04M;t1;0.05;92;948.49;TRUE;78.19;lr101_t1_08R_08V_02I_04M;8;31;0.34;60000;32.58;22.31
lr102;08R_08V_02I_03M;t1;0.05;92;770.92;TRUE;108.26;lr102_t1_08R_08V_02I_03M;8;72;0.42;60000;0;15.31
lr102;08R_08V_02I_04M;t1;0.05;92;770.92;TRUE;112.37;lr102_t1_08R_08V_02I_04M;8;72;0.42;60000;0;15.31
lr103;08R_08V_02I_03M;t1;0.05;92;546.38;TRUE;118.52;lr103_t1_08R_08V_02I_03M;8;487;1.35;60000;0.07;12.27
lr103;08R_08V_02I_04M;t1;0.05;92;546.38;TRUE;119.78;lr103_t1_08R_08V_02I_04M;8;242;0.82;60000;0;12.12
lr104;08R_08V_02I_03M;t1;0.05;92;558.37;TRUE;109.13;lr104_t1_08R_08V_02I_03M;8;42;0.36;60000;0;12.94
lr104;08R_08V_02I_04M;t1;0.05;92;558.37;TRUE;111.93;lr104_t1_08R_08V_02I_04M;8;42;0.37;60000;0;13.14
lr105;08R_08V_02I_03M;t1;0.05;92;557.04;TRUE;100.54;lr105_t1_08R_08V_02I_03M;8;148;0.57;60000;0;18.4
lr105;08R_08V_02I_04M;t1;0.05;92;556.3;TRUE;103.01;lr105_t1_08R_08V_02I_04M;8;148;0.59;60000;0;18.42
lr201;08R_08V_02I_03M;t2;0.05;92;948.1;TRUE;101.83;lr201_t2_08R_08V_02I_03M;8;169;0.6;60000;0;26.93
lr201;08R_08V_02I_04M;t2;0.05;92;944.72;TRUE;105.88;lr201_t2_08R_08V_02I_04M;8;169;0.64;60000;0;26.88
lr202;08R_08V_02I_03M;t2;0.05;92;694.1;TRUE;129.77;lr202_t2_08R_08V_02I_03M;8;3503;7.96;60000;0;34.77
lr202;08R_08V_02I_04M;t2;0.05;92;694.1;TRUE;136.24;lr202_t2_08R_08V_02I_04M;8;3503;8.4;60000;0;34.78
lr203;08R_08V_02I_03M;t2;0.05;92;685.02;TRUE;131.02;lr203_t2_08R_08V_02I_03M;8;1915;4.56;60000;0;23.91
lr203;08R_08V_02I_04M;t2;0.05;92;684.26;TRUE;135.03;lr203_t2_08R_08V_02I_04M;8;1915;4.71;60000;0;24.26
lr204;08R_08V_02I_03M;t2;0.05;92;683.79;TRUE;140.5;lr204_t2_08R_08V_02I_03M;8;9736;23.31;60000;0;13.09
lr204;08R_08V_02I_04M;t2;0.05;92;682.02;TRUE;146.64;lr204_t2_08R_08V_02I_04M;8;89;0.53;60000;0;13.14
lr205;08R_08V_02I_03M;t2;0.05;92;655.35;TRUE;127.89;lr205_t2_08R_08V_02I_03M;8;7254;15.97;60000;0;28.1
lr205;08R_08V_02I_04M;t2;0.05;92;639.95;TRUE;130.72;lr205_t2_08R_08V_02I_04M;8;2905;6.57;60000;0;27.45
lr101;08R_08V_04I_03M;t1;0.05;92;1155.57;TRUE;7.38;lr101_t1_08R_08V_04I_03M;8;1979;0.55;60000;99.6;16.71
lr101;08R_08V_04I_04M;t1;0.05;92;1067.57;TRUE;44.96;lr101_t1_08R_08V_04I_04M;8;7349;5.85;60000;69.68;19.6
lr102;08R_08V_04I_03M;t1;0.05;92;772.63;TRUE;62.64;lr102_t1_08R_08V_04I_03M;8;10702;11.48;60000;51.6;14.58
lr102;08R_08V_04I_04M;t1;0.05;92;773.21;TRUE;65.14;lr102_t1_08R_08V_04I_04M;8;84;0.37;60000;50.88;14.35
lr103;08R_08V_04I_03M;t1;0.05;92;563.98;TRUE;108.35;lr103_t1_08R_08V_04I_03M;8;74;0.44;60000;19.8;11.53
lr103;08R_08V_04I_04M;t1;0.05;92;562.45;TRUE;131.56;lr103_t1_08R_08V_04I_04M;8;133;0.6;60000;1.26;10.6
lr104;08R_08V_04I_03M;t1;0.05;92;649.57;TRUE;113.11;lr104_t1_08R_08V_04I_03M;8;1245;2.68;60000;18.4;16.28
lr104;08R_08V_04I_04M;t1;0.05;92;649.55;TRUE;132.6;lr104_t1_08R_08V_04I_04M;8;43;0.38;60000;3.37;10.59
lr105;08R_08V_04I_03M;t1;0.05;92;754.77;TRUE;27.56;lr105_t1_08R_08V_04I_03M;8;3366;1.86;60000;85.97;14.39
lr105;08R_08V_04I_04M;t1;0.05;92;751.51;TRUE;104.74;lr105_t1_08R_08V_04I_04M;8;8157;14.51;60000;15.55;13.56
lr201;08R_08V_04I_03M;t2;0.05;92;1022.83;TRUE;124.09;lr201_t2_08R_08V_04I_03M;8;8608;18.11;60000;0;22.09
lr201;08R_08V_04I_04M;t2;0.05;92;1018.91;TRUE;126.89;lr201_t2_08R_08V_04I_04M;8;8608;18.67;60000;0;21.86
lr202;08R_08V_04I_03M;t2;0.05;92;773.98;TRUE;157.89;lr202_t2_08R_08V_04I_03M;8;42537;111.91;60000;0;25.2
lr202;08R_08V_04I_04M;t2;0.05;92;760.72;TRUE;163.68;lr202_t2_08R_08V_04I_04M;8;16301;45.13;60000;0;30.47
lr203;08R_08V_04I_03M;t2;0.05;92;684.38;TRUE;141.57;lr203_t2_08R_08V_04I_03M;8;789;2.28;60000;0;20.94
lr203;08R_08V_04I_04M;t2;0.05;92;683.66;TRUE;147.33;lr203_t2_08R_08V_04I_04M;8;789;2.33;60000;0;21.32
lr204;08R_08V_04I_03M;t2;0.05;92;719.46;TRUE;169.8;lr204_t2_08R_08V_04I_03M;8;22498;63.92;60000;0;14.1
lr204;08R_08V_04I_04M;t2;0.05;92;719.13;TRUE;179;lr204_t2_08R_08V_04I_04M;8;22498;67.56;60000;0;14.74
lr205;08R_08V_04I_03M;t2;0.05;92;662.24;TRUE;154.98;lr205_t2_08R_08V_04I_03M;8;3379;9.25;60000;0;27.55
lr205;08R_08V_04I_04M;t2;0.05;92;661.85;TRUE;162.66;lr205_t2_08R_08V_04I_04M;8;3379;9.73;60000;0;27.54
lr101;10R_10V_02I_03M;t1;0.05;92;1295.99;TRUE;15.97;lr101_t1_10R_10V_02I_03M;10;7201;2.23;60000;95.96;13.12
lr101;10R_10V_02I_04M;t1;0.05;92;1254.94;TRUE;63.31;lr101_t1_10R_10V_02I_04M;10;24270;26.12;60000;59.72;14.15
lr102;10R_10V_02I_03M;t1;0.05;92;1018.62;TRUE;123.43;lr102_t1_10R_10V_02I_03M;10;7;0.3;60000;0;11.56
lr102;10R_10V_02I_04M;t1;0.05;92;1018.62;TRUE;127.28;lr102_t1_10R_10V_02I_04M;10;7;0.32;60000;0;11.56
lr103;10R_10V_02I_03M;t1;0.05;92;610.04;TRUE;136.83;lr103_t1_10R_10V_02I_03M;10;23;0.37;60000;0.16;8.48
lr103;10R_10V_02I_04M;t1;0.05;92;610.04;TRUE;139.64;lr103_t1_10R_10V_02I_04M;10;23;0.34;60000;0;8.39
lr104;10R_10V_02I_03M;t1;0.05;92;687.39;TRUE;119.76;lr104_t1_10R_10V_02I_03M;10;17153;34.91;60000;0;6.38
lr104;10R_10V_02I_04M;t1;0.05;92;673.9;TRUE;125.24;lr104_t1_10R_10V_02I_04M;10;1494;3.54;60000;0;7.05
lr105;10R_10V_02I_03M;t1;0.05;92;671.01;TRUE;112.92;lr105_t1_10R_10V_02I_03M;10;6;0.3;60000;0;18.64
lr105;10R_10V_02I_04M;t1;0.05;92;671.01;TRUE;117.58;lr105_t1_10R_10V_02I_04M;10;6;0.34;60000;0;18.65
lr201;10R_10V_02I_03M;t2;0.05;92;1006.56;TRUE;129.78;lr201_t2_10R_10V_02I_03M;10;44;0.4;60000;0;26.49
lr201;10R_10V_02I_04M;t2;0.05;92;1005.86;TRUE;135.12;lr201_t2_10R_10V_02I_04M;10;44;0.42;60000;0;26.51
lr202;10R_10V_02I_03M;t2;0.05;92;810.23;TRUE;144.28;lr202_t2_10R_10V_02I_03M;10;8725;21.59;60000;0;27.71
lr202;10R_10V_02I_04M;t2;0.05;92;809.32;TRUE;152.49;lr202_t2_10R_10V_02I_04M;10;8725;22.52;60000;0;28.12
lr203;10R_10V_02I_03M;t2;0.05;92;756.99;TRUE;188.74;lr203_t2_10R_10V_02I_03M;10;289;1.2;60000;0;19.69
lr203;10R_10V_02I_04M;t2;0.05;92;756.27;TRUE;198.59;lr203_t2_10R_10V_02I_04M;10;289;1.29;60000;0;20.01
lr204;10R_10V_02I_03M;t2;0.05;92;762.31;TRUE;179.97;lr204_t2_10R_10V_02I_03M;10;7876;24.46;60000;0;8.81
lr204;10R_10V_02I_04M;t2;0.05;92;754.85;TRUE;193.62;lr204_t2_10R_10V_02I_04M;10;46440;150.17;60000;0;9.53
lr205;10R_10V_02I_03M;t2;0.05;92;761.09;TRUE;144.94;lr205_t2_10R_10V_02I_03M;10;22558;54.51;60000;0;31.28
lr205;10R_10V_02I_04M;t2;0.05;92;761.09;TRUE;150.23;lr205_t2_10R_10V_02I_04M;10;22558;56.54;60000;0;31.28
lr101;10R_10V_04I_03M;t1;0.05;92;1275.66;TRUE;14.09;lr101_t1_10R_10V_04I_03M;10;5326;1.54;60000;99.64;22.05
lr101;10R_10V_04I_04M;t1;0.05;92;1207.27;TRUE;67.43;lr101_t1_10R_10V_04I_04M;10;60;0.35;60000;60.27;21.12
lr102;10R_10V_04I_03M;t1;0.05;92;943.35;TRUE;54.01;lr102_t1_10R_10V_04I_03M;10;45169;40.69;60000;70.14;12.74
lr102;10R_10V_04I_04M;t1;0.05;92;938.67;TRUE;109.39;lr102_t1_10R_10V_04I_04M;10;39308;71.7;60000;29.54;12.08
lr103;10R_10V_04I_03M;t1;0.05;92;615.06;TRUE;121.86;lr103_t1_10R_10V_04I_03M;10;82;0.46;60000;22.67;15.02
lr103;10R_10V_04I_04M;t1;0.05;92;611.6;TRUE;150.69;lr103_t1_10R_10V_04I_04M;10;73;0.48;60000;4.55;13.74
lr104;10R_10V_04I_03M;t1;0.05;92;745.94;TRUE;134.75;lr104_t1_10R_10V_04I_03M;10;26758;60.27;60000;9.78;12.94
lr104;10R_10V_04I_04M;t1;0.05;92;746.3;TRUE;151.41;lr104_t1_10R_10V_04I_04M;10;9478;24.51;60000;0.09;12.73
lr105;10R_10V_04I_03M;t1;0.05;92;668.46;TRUE;54.16;lr105_t1_10R_10V_04I_03M;10;20;0.3;60000;66.89;14.37
lr105;10R_10V_04I_04M;t1;0.05;92;665.48;TRUE;124.17;lr105_t1_10R_10V_04I_04M;10;71;0.44;60000;9.13;15.57
lr201;10R_10V_04I_03M;t2;0.05;92;1271.26;TRUE;154.2;lr201_t2_10R_10V_04I_03M;10;678;2.11;60000;0;21.91
lr201;10R_10V_04I_04M;t2;0.05;92;1271.26;TRUE;161.94;lr201_t2_10R_10V_04I_04M;10;678;2.31;60000;0;22.1
lr202;10R_10V_04I_03M;t2;0.05;92;978.55;TRUE;123.61;lr202_t2_10R_10V_04I_03M;10;13371;28.1;60000;43.13;25.42
lr202;10R_10V_04I_04M;t2;0.05;92;944.47;TRUE;195.08;lr202_t2_10R_10V_04I_04M;10;1924;6.7;60000;2.88;27.81
lr203;10R_10V_04I_03M;t2;0.05;92;827.82;TRUE;231.83;lr203_t2_10R_10V_04I_03M;10;13425;52.04;60000;0;15.23
lr203;10R_10V_04I_04M;t2;0.05;92;787.01;TRUE;251.54;lr203_t2_10R_10V_04I_04M;10;59281;248.49;60000;0;16.64
lr204;10R_10V_04I_03M;t2;0.05;92;782.88;TRUE;247.58;lr204_t2_10R_10V_04I_03M;10;30904;128.14;60000;0;8.51
lr204;10R_10V_04I_04M;t2;0.05;92;772.61;TRUE;260.52;lr204_t2_10R_10V_04I_04M;10;48087;208.89;60000;0;8.26
lr205;10R_10V_04I_03M;t2;0.05;92;787.61;TRUE;180.57;lr205_t2_10R_10V_04I_03M;10;31548;95.1;60000;0;26.23
lr205;10R_10V_04I_04M;t2;0.05;92;783.27;TRUE;191.14;lr205_t2_10R_10V_04I_04M;10;31548;100.3;60000;0;26.52
lr101;12R_12V_02I_03M;t1;0.05;92;1432.08;TRUE;21.44;lr101_t1_12R_12V_02I_03M;12;21213;7.82;60000;94.3;15.97
lr101;12R_12V_02I_04M;t1;0.05;92;1391.03;TRUE;73.69;lr101_t1_12R_12V_02I_04M;12;1118;1.8;60000;57.65;16.83
lr102;12R_12V_02I_03M;t1;0.05;92;981.42;TRUE;128.53;lr102_t1_12R_12V_02I_03M;12;173;0.71;60000;6.34;14.78
lr102;12R_12V_02I_04M;t1;0.05;92;975.57;TRUE;140.83;lr102_t1_12R_12V_02I_04M;12;69;0.48;60000;0.25;14.44
lr103;12R_12V_02I_03M;t1;0.05;92;716.73;TRUE;148.71;lr103_t1_12R_12V_02I_03M;12;29185;72.65;60000;1.27;10.3
lr103;12R_12V_02I_04M;t1;0.05;92;714.59;TRUE;157.03;lr103_t1_12R_12V_02I_04M;12;11174;30.12;60000;0;10.64
lr104;12R_12V_02I_03M;t1;0.05;92;783.03;TRUE;160.61;lr104_t1_12R_12V_02I_03M;12;41851;112.34;60000;0.56;7.81
lr104;12R_12V_02I_04M;t1;0.05;92;771.33;TRUE;168.34;lr104_t1_12R_12V_02I_04M;12;37931;106.78;60000;0;7.82
lr105;12R_12V_02I_03M;t1;0.05;92;1344.91;TRUE;14.47;lr105_t1_12R_12V_02I_03M;12;16449;4.07;60000;98.85;8.64
lr105;12R_12V_02I_04M;t1;0.05;92;1297.52;TRUE;34.11;lr105_t1_12R_12V_02I_04M;12;17055;9.81;60000;89.04;8.4
lr201;12R_12V_02I_03M;t2;0.05;92;1329.16;TRUE;150.02;lr201_t2_12R_12V_02I_03M;12;5628;14.58;60000;0;24.98
lr201;12R_12V_02I_04M;t2;0.05;92;1328.46;TRUE;155.51;lr201_t2_12R_12V_02I_04M;12;5628;15.21;60000;0;25
lr202;12R_12V_02I_03M;t2;0.05;92;885.14;TRUE;186.52;lr202_t2_12R_12V_02I_03M;12;1492;5.1;60000;0;25.56
lr202;12R_12V_02I_04M;t2;0.05;92;885.14;TRUE;196.18;lr202_t2_12R_12V_02I_04M;12;1492;5.38;60000;0;25.59
lr203;12R_12V_02I_03M;t2;0.05;92;1124.79;TRUE;222.85;lr203_t2_12R_12V_02I_03M;12;42621;158.26;60000;0;12.25
lr203;12R_12V_02I_04M;t2;0.05;92;1104.4;TRUE;234.86;lr203_t2_12R_12V_02I_04M;12;34332;134.45;60000;0;12.31
lr204;12R_12V_02I_03M;t2;0.05;92;822.71;TRUE;223.08;lr204_t2_12R_12V_02I_03M;12;51278;191.05;60000;0;5.2
lr204;12R_12V_02I_04M;t2;0.05;92;822.71;TRUE;236.44;lr204_t2_12R_12V_02I_04M;12;51278;201.96;60000;0;5.29
lr205;12R_12V_02I_03M;t2;0.05;92;915.19;TRUE;189.69;lr205_t2_12R_12V_02I_03M;12;50068;158.52;60000;0;24.43
lr205;12R_12V_02I_04M;t2;0.05;92;902.48;TRUE;201.5;lr205_t2_12R_12V_02I_04M;12;12403;42.18;60000;0;24.54
lr101;12R_12V_04I_03M;t1;0.05;92;1368.7;TRUE;14.43;lr101_t1_12R_12V_04I_03M;12;236;0.05;60000;99.81;19.49
lr101;12R_12V_04I_04M;t1;0.05;92;1310.09;TRUE;37.56;lr101_t1_12R_12V_04I_04M;12;7784;5.24;60000;88.84;20.07
lr102;12R_12V_04I_03M;t1;0.05;92;993.9;TRUE;69.13;lr102_t1_12R_12V_04I_03M;12;35465;41.21;60000;62.7;12.19
lr102;12R_12V_04I_04M;t1;0.05;92;984.64;TRUE;132.87;lr102_t1_12R_12V_04I_04M;12;57;0.45;60000;18.7;13.42
lr103;12R_12V_04I_03M;t1;0.05;92;799.75;TRUE;109;lr103_t1_12R_12V_04I_03M;12;33630;61.42;60000;56.22;9.08
lr103;12R_12V_04I_04M;t1;0.05;92;795.1;TRUE;175.26;lr103_t1_12R_12V_04I_04M;12;2883;9;60000;17.46;8.55
lr104;12R_12V_04I_03M;t1;0.05;92;847.82;TRUE;176.86;lr104_t1_12R_12V_04I_03M;12;4299;13.25;60000;8.08;7.84
lr104;12R_12V_04I_04M;t1;0.05;92;847.82;TRUE;197.61;lr104_t1_12R_12V_04I_04M;12;8767;29.25;60000;0.26;7.2
lr105;12R_12V_04I_03M;t1;0.05;92;834.01;TRUE;78.45;lr105_t1_12R_12V_04I_03M;12;2956;4.33;60000;58.01;16.09
lr105;12R_12V_04I_04M;t1;0.05;92;833.93;TRUE;144.68;lr105_t1_12R_12V_04I_04M;12;38733;93.54;60000;12.28;16.88
lr201;12R_12V_04I_03M;t2;0.05;92;1452.46;TRUE;187.34;lr201_t2_12R_12V_04I_03M;12;45736;143.33;60000;0;21.13
lr201;12R_12V_04I_04M;t2;0.05;92;1451.99;TRUE;192.9;lr201_t2_12R_12V_04I_04M;12;45736;147.27;60000;0;21.44
lr202;12R_12V_04I_03M;t2;0.05;92;1053.31;TRUE;194.06;lr202_t2_12R_12V_04I_03M;12;12946;42.42;60000;24.12;26.42
lr202;12R_12V_04I_04M;t2;0.05;92;1014.88;TRUE;246.45;lr202_t2_12R_12V_04I_04M;12;58841;241.6;60000;1.72;28.15
lr203;12R_12V_04I_03M;t2;0.05;92;901.14;TRUE;295.71;lr203_t2_12R_12V_04I_03M;12;40369;199.38;60000;0;14.38
lr203;12R_12V_04I_04M;t2;0.05;92;890.13;TRUE;315.53;lr203_t2_12R_12V_04I_04M;12;49495;260.74;60000;0;15.14
lr204;12R_12V_04I_03M;t2;0.05;92;899.65;TRUE;311.19;lr204_t2_12R_12V_04I_03M;12;6981;36.55;60000;0;3.68
lr204;12R_12V_04I_04M;t2;0.05;92;890.84;TRUE;341.31;lr204_t2_12R_12V_04I_04M;12;21720;124.38;60000;0;4.17
lr205;12R_12V_04I_03M;t2;0.05;92;975.75;TRUE;248.51;lr205_t2_12R_12V_04I_03M;12;50454;208.95;60000;0;21
lr205;12R_12V_04I_04M;t2;0.05;92;974.29;TRUE;264.1;lr205_t2_12R_12V_04I_04M;12;50454;222.19;60000;0;21.4
LR1_2_1;40R_40V_02I_05M;t1;0.05;92;8377.69;TRUE;83.61;LR1_2_1_t1_40R_40V_02I_05M;40;1;0.01;60000;100;6.09
LR1_2_1;40R_40V_02I_06M;t1;0.05;92;8283.68;TRUE;88.76;LR1_2_1_t1_40R_40V_02I_06M;40;41089;61.18;60000;100;5.86
LR1_2_2;40R_40V_02I_05M;t1;0.05;92;7502.15;TRUE;95.44;LR1_2_2_t1_40R_40V_02I_05M;40;1;0.01;60000;100;5.62
LR1_2_2;40R_40V_02I_06M;t1;0.05;92;7043.18;TRUE;107.89;LR1_2_2_t1_40R_40V_02I_06M;40;58771;105.73;60000;100;5.62
LR1_2_3;40R_40V_02I_05M;t1;0.05;92;4742.82;TRUE;220.17;LR1_2_3_t1_40R_40V_02I_05M;40;23922;87.92;60000;98.64;3.02
LR1_2_3;40R_40V_02I_06M;t1;0.05;92;4569.12;TRUE;233.39;LR1_2_3_t1_40R_40V_02I_06M;40;40234;156.29;60000;98.63;3.04
LR1_2_4;40R_40V_02I_05M;t1;0.05;92;3678.75;TRUE;603.44;LR1_2_4_t1_40R_40V_02I_05M;40;15302;153.91;60000;73.32;3.22
LR1_2_4;40R_40V_02I_06M;t1;0.05;92;3663.61;TRUE;1010.24;LR1_2_4_t1_40R_40V_02I_06M;40;37683;634.62;60000;34.8;3.12
LR1_2_5;40R_40V_02I_05M;t1;0.05;92;6913;TRUE;112.77;LR1_2_5_t1_40R_40V_02I_05M;40;8814;17.18;60000;99.98;5.83
LR1_2_5;40R_40V_02I_06M;t1;0.05;92;6286.45;TRUE;190.71;LR1_2_5_t1_40R_40V_02I_06M;40;47638;151.4;60000;97.51;6.14
LR2_2_1;40R_40V_02I_05M;t2;0.05;92;7929.68;TRUE;1047;LR2_2_1_t2_40R_40V_02I_05M;40;39263;687.97;60000;0;6.75
LR2_2_1;40R_40V_02I_06M;t2;0.05;92;7924.91;TRUE;1116.7;LR2_2_1_t2_40R_40V_02I_06M;40;39263;732.65;60000;0;7.07
LR2_2_2;40R_40V_02I_05M;t2;0.05;92;6568.48;TRUE;1352.89;LR2_2_2_t2_40R_40V_02I_05M;40;6118;140.77;60000;0;7.33
LR2_2_2;40R_40V_02I_06M;t2;0.05;92;6681.38;TRUE;1460.12;LR2_2_2_t2_40R_40V_02I_06M;40;7351;179.65;60000;0;7.6
LR2_2_3;40R_40V_02I_05M;t2;0.05;92;5750.71;TRUE;1842.33;LR2_2_3_t2_40R_40V_02I_05M;40;25356;780.61;60000;0;3.82
LR2_2_3;40R_40V_02I_06M;t2;0.05;92;5779.94;TRUE;2022.39;LR2_2_3_t2_40R_40V_02I_06M;40;28434;959.36;60000;0;3.99
LR2_2_4;40R_40V_02I_05M;t2;0.05;92;4007.43;TRUE;3302.9;LR2_2_4_t2_40R_40V_02I_05M;40;52289;2880.29;60000;0;1.87
LR2_2_4;40R_40V_02I_06M;t2;0.05;92;4007.43;TRUE;3464.16;LR2_2_4_t2_40R_40V_02I_06M;40;52289;3021.92;60000;0;1.87
LR2_2_5;40R_40V_02I_05M;t2;0.05;92;7325.59;TRUE;1211.38;LR2_2_5_t2_40R_40V_02I_05M;40;11660;236.89;60000;0;9.76
LR2_2_5;40R_40V_02I_06M;t2;0.05;92;7325.59;TRUE;1311.69;LR2_2_5_t2_40R_40V_02I_06M;40;11660;255.48;60000;0;9.76
LR1_2_1;40R_40V_04I_05M;t1;0.05;92;NA;FALSE;115.4;LR1_2_1_t1_40R_40V_04I_05M;40;0;0;60000;100;0
LR1_2_1;40R_40V_04I_06M;t1;0.05;92;7359.6;TRUE;177.89;LR1_2_1_t1_40R_40V_04I_06M;40;11062;33.14;60000;99.98;7.98
LR1_2_2;40R_40V_04I_05M;t1;0.05;92;NA;FALSE;127.02;LR1_2_2_t1_40R_40V_04I_05M;40;0;0;60000;100;0
LR1_2_2;40R_40V_04I_06M;t1;0.05;92;6128.6;TRUE;169.67;LR1_2_2_t1_40R_40V_04I_06M;40;14780;42.32;60000;100;10.72
LR1_2_3;40R_40V_04I_05M;t1;0.05;92;4813.66;TRUE;281.98;LR1_2_3_t1_40R_40V_04I_05M;40;19168;91.25;60000;99.48;5.87
LR1_2_3;40R_40V_04I_06M;t1;0.05;92;4704.42;TRUE;370.72;LR1_2_3_t1_40R_40V_04I_06M;40;34632;213.34;60000;97.79;5.35
LR1_2_4;40R_40V_04I_05M;t1;0.05;92;3603.33;TRUE;742.87;LR1_2_4_t1_40R_40V_04I_05M;40;57248;709.17;60000;88.52;3.75
LR1_2_4;40R_40V_04I_06M;t1;0.05;92;3804.86;TRUE;934.75;LR1_2_4_t1_40R_40V_04I_06M;40;16355;252.7;60000;78.66;3.14
LR1_2_5;40R_40V_04I_05M;t1;0.05;92;5800.15;TRUE;220.52;LR1_2_5_t1_40R_40V_04I_05M;40;49409;181.99;60000;99.99;8.93
LR1_2_5;40R_40V_04I_06M;t1;0.05;92;5064.84;TRUE;318.23;LR1_2_5_t1_40R_40V_04I_06M;40;5405;29.28;60000;98.98;8.71
LR2_2_1;40R_40V_04I_05M;t2;0.05;92;8041.17;TRUE;1424.87;LR2_2_1_t2_40R_40V_04I_05M;40;51487;1223.45;60000;0;6.09
LR2_2_1;40R_40V_04I_06M;t2;0.05;92;8015.24;TRUE;1523.02;LR2_2_1_t2_40R_40V_04I_06M;40;51487;1307.96;60000;0;6.36
LR2_2_2;40R_40V_04I_05M;t2;0.05;92;6631.85;TRUE;1545.74;LR2_2_2_t2_40R_40V_04I_05M;40;45037;1163.11;60000;33.24;6.76
LR2_2_2;40R_40V_04I_06M;t2;0.05;92;6754.06;TRUE;1997.44;LR2_2_2_t2_40R_40V_04I_06M;40;34268;1142.04;60000;3.35;7.22
LR2_2_3;40R_40V_04I_05M;t2;0.05;92;5772.82;TRUE;3018.46;LR2_2_3_t2_40R_40V_04I_05M;40;37504;1888.08;60000;0;3.25
LR2_2_3;40R_40V_04I_06M;t2;0.05;92;5834.33;TRUE;3228.92;LR2_2_3_t2_40R_40V_04I_06M;40;31577;1699.21;60000;0;3.39
LR2_2_4;40R_40V_04I_05M;t2;0.05;92;4155.61;TRUE;3600.01;LR2_2_4_t2_40R_40V_04I_05M;40;31166;2921.92;38405;0;1.43
LR2_2_4;40R_40V_04I_06M;t2;0.05;92;4412.62;TRUE;3600.11;LR2_2_4_t2_40R_40V_04I_06M;40;31167;3097.21;36249;0;1.49
LR2_2_5;40R_40V_04I_05M;t2;0.05;92;7966.82;TRUE;1740.91;LR2_2_5_t2_40R_40V_04I_05M;40;40812;1185.09;60000;0;7.9
LR2_2_5;40R_40V_04I_06M;t2;0.05;92;7948.31;TRUE;1816.62;LR2_2_5_t2_40R_40V_04I_06M;40;40812;1237.01;60000;0;8.45
LR1_2_1;60R_60V_02I_05M;t1;0.05;92;12347;TRUE;182.03;LR1_2_1_t1_60R_60V_02I_05M;60;1;0.02;60000;100;6.92
LR1_2_1;60R_60V_02I_06M;t1;0.05;92;12282.42;TRUE;199.01;LR1_2_1_t1_60R_60V_02I_06M;60;1;0.02;60000;100;6.69
LR1_2_2;60R_60V_02I_05M;t1;0.05;92;7607.18;TRUE;501.58;LR1_2_2_t1_60R_60V_02I_05M;60;45721;383.26;60000;97.07;4.42
LR1_2_2;60R_60V_02I_06M;t1;0.05;92;7709.18;TRUE;563.69;LR1_2_2_t1_60R_60V_02I_06M;60;27926;262.53;60000;95.48;4.4
LR1_2_3;60R_60V_02I_05M;t1;0.05;92;8320.23;TRUE;248.37;LR1_2_3_t1_60R_60V_02I_05M;60;1;0.03;60000;100;1.71
LR1_2_3;60R_60V_02I_06M;t1;0.05;92;8725.41;TRUE;282.02;LR1_2_3_t1_60R_60V_02I_06M;60;1;0.03;60000;100;2.74
LR1_2_4;60R_60V_02I_05M;t1;0.05;92;5419.36;TRUE;1192.14;LR1_2_4_t1_60R_60V_02I_05M;60;19617;388.99;60000;90.4;1.94
LR1_2_4;60R_60V_02I_06M;t1;0.05;92;5281.61;TRUE;1325.54;LR1_2_4_t1_60R_60V_02I_06M;60;9555;212.36;60000;88.78;1.78
LR1_2_5;60R_60V_02I_05M;t1;0.05;92;7513.24;TRUE;791.49;LR1_2_5_t1_60R_60V_02I_05M;60;41591;548.85;60000;85.5;5.8
LR1_2_5;60R_60V_02I_06M;t1;0.05;92;7428.35;TRUE;1072.53;LR1_2_5_t1_60R_60V_02I_06M;60;30835;552.51;60000;66.47;5.69
LR2_2_1;60R_60V_02I_05M;t2;0.05;92;12039.87;TRUE;2266.17;LR2_2_1_t2_60R_60V_02I_05M;60;57743;2181.74;60000;0;5.5
LR2_2_1;60R_60V_02I_06M;t2;0.05;92;12039.87;TRUE;2423.87;LR2_2_1_t2_60R_60V_02I_06M;60;57743;2333.55;60000;0;5.8
LR2_2_2;60R_60V_02I_05M;t2;0.05;92;9493.75;TRUE;3042.1;LR2_2_2_t2_60R_60V_02I_05M;60;30848;1566.42;60000;0;4.4
LR2_2_2;60R_60V_02I_06M;t2;0.05;92;9326.86;TRUE;3294.78;LR2_2_2_t2_60R_60V_02I_06M;60;25697;1417.64;60000;0;4.62
LR2_2_3;60R_60V_02I_05M;t2;0.05;92;9064.09;TRUE;3600.05;LR2_2_3_t2_60R_60V_02I_05M;60;51176;3480.07;52945;0;3.72
LR2_2_3;60R_60V_02I_06M;t2;0.05;92;9110.75;TRUE;3600.03;LR2_2_3_t2_60R_60V_02I_06M;60;42857;3073.62;50264;0;3.72
LR2_2_4;60R_60V_02I_05M;t2;0.05;92;6512.06;TRUE;3600.02;LR2_2_4_t2_60R_60V_02I_05M;60;30225;2882.74;37750;0;1.93
LR2_2_4;60R_60V_02I_06M;t2;0.05;92;6512.06;TRUE;3600.07;LR2_2_4_t2_60R_60V_02I_06M;60;30225;3070.34;35452;0;1.92
LR2_2_5;60R_60V_02I_05M;t2;0.05;92;12120.24;TRUE;2644.78;LR2_2_5_t2_60R_60V_02I_05M;60;21290;944.81;60000;0;8.24
LR2_2_5;60R_60V_02I_06M;t2;0.05;92;12120.09;TRUE;2865.2;LR2_2_5_t2_60R_60V_02I_06M;60;21290;1020.83;60000;0;8.24
LR1_2_1;60R_60V_04I_05M;t1;0.05;92;NA;FALSE;355.96;LR1_2_1_t1_60R_60V_04I_05M;60;0;0;60000;100;0
LR1_2_1;60R_60V_04I_06M;t1;0.05;92;11822.84;TRUE;461.18;LR1_2_1_t1_60R_60V_04I_06M;60;28195;216.79;60000;100;8.61
LR1_2_2;60R_60V_04I_05M;t1;0.05;92;NA;FALSE;366.03;LR1_2_2_t1_60R_60V_04I_05M;60;0;0;60000;100;0
LR1_2_2;60R_60V_04I_06M;t1;0.05;92;8946.78;TRUE;521.91;LR1_2_2_t1_60R_60V_04I_06M;60;55945;486.31;60000;99.99;8.14
LR1_2_3;60R_60V_04I_05M;t1;0.05;92;7777.12;TRUE;623.61;LR1_2_3_t1_60R_60V_04I_05M;60;53625;557.72;60000;99.98;7.14
LR1_2_3;60R_60V_04I_06M;t1;0.05;92;7526.48;TRUE;827.22;LR1_2_3_t1_60R_60V_04I_06M;60;40906;563.33;60000;99.84;6.72
LR1_2_4;60R_60V_04I_05M;t1;0.05;92;5508.22;TRUE;1685.87;LR1_2_4_t1_60R_60V_04I_05M;60;16030;451.25;60000;96.76;4.64
LR1_2_4;60R_60V_04I_06M;t1;0.05;92;5444.99;TRUE;2227.48;LR1_2_4_t1_60R_60V_04I_06M;60;30767;1141.07;60000;91.1;4.05
LR1_2_5;60R_60V_04I_05M;t1;0.05;92;NA;FALSE;321;LR1_2_5_t1_60R_60V_04I_05M;60;0;0;60000;100;0
LR1_2_5;60R_60V_04I_06M;t1;0.05;92;8502.18;TRUE;460.63;LR1_2_5_t1_60R_60V_04I_06M;60;47134;361.49;60000;99.99;8.72
LR2_2_1;60R_60V_04I_05M;t2;0.05;92;12059.22;TRUE;2839.73;LR2_2_1_t2_60R_60V_04I_05M;60;40949;1941.34;60000;24.7;5.71
LR2_2_1;60R_60V_04I_06M;t2;0.05;92;11897.36;TRUE;3404.45;LR2_2_1_t2_60R_60V_04I_06M;60;29077;1655.97;60000;7.82;5.94
LR2_2_2;60R_60V_04I_05M;t2;0.05;92;9873.76;TRUE;3183.91;LR2_2_2_t2_60R_60V_04I_05M;60;13693;731.75;60000;50.74;5.34
LR2_2_2;60R_60V_04I_06M;t2;0.05;92;9394.63;TRUE;3600.03;LR2_2_2_t2_60R_60V_04I_06M;60;21342;1671.91;45985;7.46;5.57
LR2_2_3;60R_60V_04I_05M;t2;0.05;92;10021.25;TRUE;3600.08;LR2_2_3_t2_60R_60V_04I_05M;60;9467;1094.03;31235;0.46;3.25
LR2_2_3;60R_60V_04I_06M;t2;0.05;92;9834.59;TRUE;3600.02;LR2_2_3_t2_60R_60V_04I_06M;60;18669;2307.65;29172;0.05;3.46
LR2_2_4;60R_60V_04I_05M;t2;0.05;92;7075.11;TRUE;3600.17;LR2_2_4_t2_60R_60V_04I_05M;60;14960;3057.02;17636;0;1.13
LR2_2_4;60R_60V_04I_06M;t2;0.05;92;6886.81;TRUE;3600.15;LR2_2_4_t2_60R_60V_04I_06M;60;13988;3029.14;16653;0;1.19
LR2_2_5;60R_60V_04I_05M;t2;0.05;92;12455.92;TRUE;3600.04;LR2_2_5_t2_60R_60V_04I_05M;60;24739;1632.68;54600;0;5.6
LR2_2_5;60R_60V_04I_06M;t2;0.05;92;12429.72;TRUE;3600.04;LR2_2_5_t2_60R_60V_04I_06M;60;42660;3011.99;51000;0;6.07
lr101;06R_06V_02I_03M;t1;0.05;109;784.11;TRUE;89.77;lr101_t1_06R_06V_02I_03M;6;1;0;60000;0;18.33
lr101;06R_06V_02I_04M;t1;0.05;109;763.79;TRUE;91.08;lr101_t1_06R_06V_02I_04M;6;10;0.33;60000;0;19.55
lr102;06R_06V_02I_03M;t1;0.05;109;542.25;TRUE;85.89;lr102_t1_06R_06V_02I_03M;6;2;0.32;60000;0;13.07
lr102;06R_06V_02I_04M;t1;0.05;109;542.25;TRUE;86.65;lr102_t1_06R_06V_02I_04M;6;2;0.29;60000;0;13.13
lr103;06R_06V_02I_03M;t1;0.05;109;455.04;TRUE;90.75;lr103_t1_06R_06V_02I_03M;6;30;0.34;60000;0;19.89
lr103;06R_06V_02I_04M;t1;0.05;109;452.25;TRUE;91.99;lr103_t1_06R_06V_02I_04M;6;58;0.41;60000;0;20.2
lr104;06R_06V_02I_03M;t1;0.05;109;431.14;TRUE;86.13;lr104_t1_06R_06V_02I_03M;6;63;0.38;60000;0;13.49
lr104;06R_06V_02I_04M;t1;0.05;109;426.97;TRUE;88.63;lr104_t1_06R_06V_02I_04M;6;63;0.41;60000;0;13.98
lr105;06R_06V_02I_03M;t1;0.05;109;472.54;TRUE;89.57;lr105_t1_06R_06V_02I_03M;6;20;0.32;60000;0;22.94
lr105;06R_06V_02I_04M;t1;0.05;109;471.8;TRUE;83.55;lr105_t1_06R_06V_02I_04M;6;20;0.32;60000;0;22.96
lr201;06R_06V_02I_03M;t2;0.05;109;841.88;TRUE;84.5;lr201_t2_06R_06V_02I_03M;6;35;0.32;60000;0;26.43
lr201;06R_06V_02I_04M;t2;0.05;109;840.13;TRUE;85.59;lr201_t2_06R_06V_02I_04M;6;35;0.34;60000;0;26.66
lr202;06R_06V_02I_03M;t2;0.05;109;606.04;TRUE;94.46;lr202_t2_06R_06V_02I_03M;6;80;0.39;60000;0;42.9
lr202;06R_06V_02I_04M;t2;0.05;109;606.04;TRUE;97.16;lr202_t2_06R_06V_02I_04M;6;80;0.41;60000;0;42.9
lr203;06R_06V_02I_03M;t2;0.05;109;676.69;TRUE;97.73;lr203_t2_06R_06V_02I_03M;6;236;0.68;60000;0;33.01
lr203;06R_06V_02I_04M;t2;0.05;109;676.69;TRUE;99.63;lr203_t2_06R_06V_02I_04M;6;236;0.73;60000;0;33.04
lr204;06R_06V_02I_03M;t2;0.05;109;559.82;TRUE;109.16;lr204_t2_06R_06V_02I_03M;6;15361;28.2;60000;0;23.56
lr204;06R_06V_02I_04M;t2;0.05;109;553.06;TRUE;112.24;lr204_t2_06R_06V_02I_04M;6;3011;5.95;60000;0;21.44
lr205;06R_06V_02I_03M;t2;0.05;109;551.63;TRUE;89.29;lr205_t2_06R_06V_02I_03M;6;25;0.33;60000;0;30.75
lr205;06R_06V_02I_04M;t2;0.05;109;549.2;TRUE;91.9;lr205_t2_06R_06V_02I_04M;6;25;0.33;60000;0;30.72
lr101;06R_06V_04I_03M;t1;0.05;109;784.7;TRUE;12.24;lr101_t1_06R_06V_04I_03M;6;144;0.35;60000;92.39;14.59
lr101;06R_06V_04I_04M;t1;0.05;109;757.4;TRUE;47.88;lr101_t1_06R_06V_04I_04M;6;46;0.34;60000;53.4;16.55
lr102;06R_06V_04I_03M;t1;0.05;109;619.93;TRUE;37.46;lr102_t1_06R_06V_04I_03M;6;43;0.3;60000;68.51;11.37
lr102;06R_06V_04I_04M;t1;0.05;109;613.22;TRUE;103.13;lr102_t1_06R_06V_04I_04M;6;1;0;60000;1.38;13.41
lr103;06R_06V_04I_03M;t1;0.05;109;448.87;TRUE;97.85;lr103_t1_06R_06V_04I_03M;6;1;0;60000;0;19.22
lr103;06R_06V_04I_04M;t1;0.05;109;446.87;TRUE;99.21;lr103_t1_06R_06V_04I_04M;6;1;0;60000;0;19.3
lr104;06R_06V_04I_03M;t1;0.05;109;469.54;TRUE;97.46;lr104_t1_06R_06V_04I_03M;6;4;0.29;60000;0;11.21
lr104;06R_06V_04I_04M;t1;0.05;109;465.1;TRUE;98.85;lr104_t1_06R_06V_04I_04M;6;4;0.33;60000;0;11.9
lr105;06R_06V_04I_03M;t1;0.05;109;521.52;TRUE;32.75;lr105_t1_06R_06V_04I_03M;6;14;0.33;60000;71.65;15.84
lr105;06R_06V_04I_04M;t1;0.05;109;513.23;TRUE;100.28;lr105_t1_06R_06V_04I_04M;6;17;0.32;60000;0;18.48
lr201;06R_06V_04I_03M;t2;0.05;109;903.79;TRUE;97.81;lr201_t2_06R_06V_04I_03M;6;4;0.31;60000;0;23.31
lr201;06R_06V_04I_04M;t2;0.05;109;895.88;TRUE;101.3;lr201_t2_06R_06V_04I_04M;6;35;0.37;60000;0;23.28
lr202;06R_06V_04I_03M;t2;0.05;109;547.87;TRUE;106.9;lr202_t2_06R_06V_04I_03M;6;27;0.34;60000;0;27.14
lr202;06R_06V_04I_04M;t2;0.05;109;547.87;TRUE;109.36;lr202_t2_06R_06V_04I_04M;6;27;0.37;60000;0;27.27
lr203;06R_06V_04I_03M;t2;0.05;109;685.01;TRUE;109.7;lr203_t2_06R_06V_04I_03M;6;25;0.34;60000;0;27.73
lr203;06R_06V_04I_04M;t2;0.05;109;681.89;TRUE;113.35;lr203_t2_06R_06V_04I_04M;6;25;0.34;60000;0;30.51
lr204;06R_06V_04I_03M;t2;0.05;109;610.47;TRUE;125.99;lr204_t2_06R_06V_04I_03M;6;78;0.45;60000;0;21.57
lr204;06R_06V_04I_04M;t2;0.05;109;601.61;TRUE;132.96;lr204_t2_06R_06V_04I_04M;6;78;0.5;60000;0;22.4
lr205;06R_06V_04I_03M;t2;0.05;109;535.22;TRUE;117.99;lr205_t2_06R_06V_04I_03M;6;1126;2.55;60000;0;27.09
lr205;06R_06V_04I_04M;t2;0.05;109;535.22;TRUE;121.35;lr205_t2_06R_06V_04I_04M;6;85;0.47;60000;0;26.78
lr101;08R_08V_02I_03M;t1;0.05;109;946.87;TRUE;43.11;lr101_t1_08R_08V_02I_03M;8;2;0.33;60000;65.11;21.89
lr101;08R_08V_02I_04M;t1;0.05;109;948.49;TRUE;77.14;lr101_t1_08R_08V_02I_04M;8;24;0.34;60000;32.65;22.34
lr102;08R_08V_02I_03M;t1;0.05;109;770.92;TRUE;107.26;lr102_t1_08R_08V_02I_03M;8;568;1.34;60000;0;15.31
lr102;08R_08V_02I_04M;t1;0.05;109;770.92;TRUE;110.48;lr102_t1_08R_08V_02I_04M;8;568;1.41;60000;0;15.31
lr103;08R_08V_02I_03M;t1;0.05;109;546.38;TRUE;115.16;lr103_t1_08R_08V_02I_03M;8;311;0.98;60000;0.06;12.28
lr103;08R_08V_02I_04M;t1;0.05;109;546.38;TRUE;117.32;lr103_t1_08R_08V_02I_04M;8;188;0.74;60000;0;12.11
lr104;08R_08V_02I_03M;t1;0.05;109;558.37;TRUE;107.14;lr104_t1_08R_08V_02I_03M;8;56;0.39;60000;0;12.96
lr104;08R_08V_02I_04M;t1;0.05;109;558.37;TRUE;110.5;lr104_t1_08R_08V_02I_04M;8;56;0.39;60000;0;13.16
lr105;08R_08V_02I_03M;t1;0.05;109;557.04;TRUE;98.91;lr105_t1_08R_08V_02I_03M;8;91;0.47;60000;0;18.4
lr105;08R_08V_02I_04M;t1;0.05;109;556.3;TRUE;100.78;lr105_t1_08R_08V_02I_04M;8;91;0.43;60000;0;18.42
lr201;08R_08V_02I_03M;t2;0.05;109;948.1;TRUE;102.34;lr201_t2_08R_08V_02I_03M;8;392;0.89;60000;0;26.91
lr201;08R_08V_02I_04M;t2;0.05;109;944.72;TRUE;105.27;lr201_t2_08R_08V_02I_04M;8;392;1.06;60000;0;26.86
lr202;08R_08V_02I_03M;t2;0.05;109;694.1;TRUE;128.37;lr202_t2_08R_08V_02I_03M;8;9828;21.23;60000;0;34.78
lr202;08R_08V_02I_04M;t2;0.05;109;694.1;TRUE;132.76;lr202_t2_08R_08V_02I_04M;8;9828;21.93;60000;0;34.8
lr203;08R_08V_02I_03M;t2;0.05;109;685.02;TRUE;126.88;lr203_t2_08R_08V_02I_03M;8;224;0.78;60000;0;24
lr203;08R_08V_02I_04M;t2;0.05;109;684.26;TRUE;132.7;lr203_t2_08R_08V_02I_04M;8;224;0.79;60000;0;24.32
lr204;08R_08V_02I_03M;t2;0.05;109;683.79;TRUE;138.11;lr204_t2_08R_08V_02I_03M;8;13828;32.29;60000;0;13.08
lr204;08R_08V_02I_04M;t2;0.05;109;682.02;TRUE;141.46;lr204_t2_08R_08V_02I_04M;8;7107;17.13;60000;0;13.18
lr205;08R_08V_02I_03M;t2;0.05;109;654.5;TRUE;124.28;lr205_t2_08R_08V_02I_03M;8;10428;22.17;60000;0;28.07
lr205;08R_08V_02I_04M;t2;0.05;109;639.29;TRUE;128.57;lr205_t2_08R_08V_02I_04M;8;10428;23;60000;0;27.38
lr101;08R_08V_04I_03M;t1;0.05;109;1155.57;TRUE;7.12;lr101_t1_08R_08V_04I_03M;8;6335;1.08;60000;99.56;16.76
lr101;08R_08V_04I_04M;t1;0.05;109;1067.57;TRUE;44.25;lr101_t1_08R_08V_04I_04M;8;3302;2.87;60000;69.28;19.59
lr102;08R_08V_04I_03M;t1;0.05;109;772.63;TRUE;61.86;lr102_t1_08R_08V_04I_03M;8;1955;2.43;60000;51.24;14.59
lr102;08R_08V_04I_04M;t1;0.05;109;773.21;TRUE;63.93;lr102_t1_08R_08V_04I_04M;8;646;1.07;60000;50.72;14.35
lr103;08R_08V_04I_03M;t1;0.05;109;563.98;TRUE;106.18;lr103_t1_08R_08V_04I_03M;8;602;1.41;60000;19.88;11.56
lr103;08R_08V_04I_04M;t1;0.05;109;562.45;TRUE;127.98;lr103_t1_08R_08V_04I_04M;8;119;0.61;60000;1.33;10.6
lr104;08R_08V_04I_03M;t1;0.05;109;649.57;TRUE;109.29;lr104_t1_08R_08V_04I_03M;8;202;0.73;60000;18.56;16.23
lr104;08R_08V_04I_04M;t1;0.05;109;649.55;TRUE;129.59;lr104_t1_08R_08V_04I_04M;8;2622;6.11;60000;3.3;10.62
lr105;08R_08V_04I_03M;t1;0.05;109;754.77;TRUE;26.48;lr105_t1_08R_08V_04I_03M;8;750;0.65;60000;86.31;14.35
lr105;08R_08V_04I_04M;t1;0.05;109;751.51;TRUE;105.2;lr105_t1_08R_08V_04I_04M;8;4367;8.15;60000;15.15;13.56
lr201;08R_08V_04I_03M;t2;0.05;109;1022.83;TRUE;122.99;lr201_t2_08R_08V_04I_03M;8;242;0.83;60000;0;22.09
lr201;08R_08V_04I_04M;t2;0.05;109;1018.91;TRUE;124.77;lr201_t2_08R_08V_04I_04M;8;242;0.82;60000;0;21.86
lr202;08R_08V_04I_03M;t2;0.05;109;794.6;TRUE;155.75;lr202_t2_08R_08V_04I_03M;8;47834;124.25;60000;0;25.18
lr202;08R_08V_04I_04M;t2;0.05;109;760.68;TRUE;158.18;lr202_t2_08R_08V_04I_04M;8;31855;84.12;60000;0;30.46
lr203;08R_08V_04I_03M;t2;0.05;109;684.38;TRUE;137.65;lr203_t2_08R_08V_04I_03M;8;4326;10.42;60000;0;21.01
lr203;08R_08V_04I_04M;t2;0.05;109;683.66;TRUE;143.65;lr203_t2_08R_08V_04I_04M;8;582;1.71;60000;0;21.35
lr204;08R_08V_04I_03M;t2;0.05;109;719.46;TRUE;167.04;lr204_t2_08R_08V_04I_03M;8;25873;72.19;60000;0;14.2
lr204;08R_08V_04I_04M;t2;0.05;109;721.16;TRUE;173.2;lr204_t2_08R_08V_04I_04M;8;15893;46.3;60000;0;14.83
lr205;08R_08V_04I_03M;t2;0.05;109;662.24;TRUE;149.78;lr205_t2_08R_08V_04I_03M;8;2078;5.75;60000;0;27.57
lr205;08R_08V_04I_04M;t2;0.05;109;661.85;TRUE;158.31;lr205_t2_08R_08V_04I_04M;8;2078;6.13;60000;0;27.55
lr101;10R_10V_02I_03M;t1;0.05;109;1295.99;TRUE;15.29;lr101_t1_10R_10V_02I_03M;10;9631;2.67;60000;95.92;13.12
lr101;10R_10V_02I_04M;t1;0.05;109;1254.94;TRUE;60.46;lr101_t1_10R_10V_02I_04M;10;8317;8.65;60000;60.06;14.14
lr102;10R_10V_02I_03M;t1;0.05;109;1018.62;TRUE;121.33;lr102_t1_10R_10V_02I_03M;10;27;0.35;60000;0;11.56
lr102;10R_10V_02I_04M;t1;0.05;109;1018.62;TRUE;124.36;lr102_t1_10R_10V_02I_04M;10;27;0.38;60000;0;11.56
lr103;10R_10V_02I_03M;t1;0.05;109;610.04;TRUE;133.27;lr103_t1_10R_10V_02I_03M;10;34;0.4;60000;0.2;8.47
lr103;10R_10V_02I_04M;t1;0.05;109;610.04;TRUE;138.23;lr103_t1_10R_10V_02I_04M;10;34;0.4;60000;0;8.4
lr104;10R_10V_02I_03M;t1;0.05;109;687.39;TRUE;117.29;lr104_t1_10R_10V_02I_03M;10;3467;7.32;60000;0;6.38
lr104;10R_10V_02I_04M;t1;0.05;109;671.72;TRUE;121.78;lr104_t1_10R_10V_02I_04M;10;3467;7.57;60000;0;7.04
lr105;10R_10V_02I_03M;t1;0.05;109;671.01;TRUE;111.09;lr105_t1_10R_10V_02I_03M;10;489;1.24;60000;0;18.63
lr105;10R_10V_02I_04M;t1;0.05;109;671.01;TRUE;114.3;lr105_t1_10R_10V_02I_04M;10;489;1.25;60000;0;18.64
lr201;10R_10V_02I_03M;t2;0.05;109;1006.56;TRUE;126.82;lr201_t2_10R_10V_02I_03M;10;91;0.5;60000;0;26.52
lr201;10R_10V_02I_04M;t2;0.05;109;1005.86;TRUE;130.83;lr201_t2_10R_10V_02I_04M;10;91;0.51;60000;0;26.54
lr202;10R_10V_02I_03M;t2;0.05;109;810.23;TRUE;140.52;lr202_t2_10R_10V_02I_03M;10;5234;12.8;60000;0;27.7
lr202;10R_10V_02I_04M;t2;0.05;109;809.32;TRUE;146.72;lr202_t2_10R_10V_02I_04M;10;5234;13.51;60000;0;28.11
lr203;10R_10V_02I_03M;t2;0.05;109;756.99;TRUE;183.09;lr203_t2_10R_10V_02I_03M;10;11762;36.36;60000;0;19.67
lr203;10R_10V_02I_04M;t2;0.05;109;756.27;TRUE;192.48;lr203_t2_10R_10V_02I_04M;10;11762;38.06;60000;0;19.99
lr204;10R_10V_02I_03M;t2;0.05;109;746.96;TRUE;174.93;lr204_t2_10R_10V_02I_03M;10;41307;120.94;60000;0;8.84
lr204;10R_10V_02I_04M;t2;0.05;109;744.08;TRUE;188.02;lr204_t2_10R_10V_02I_04M;10;41307;129.78;60000;0;9.58
lr205;10R_10V_02I_03M;t2;0.05;109;761.35;TRUE;141.79;lr205_t2_10R_10V_02I_03M;10;10788;25.83;60000;0;31.32
lr205;10R_10V_02I_04M;t2;0.05;109;761.35;TRUE;146.17;lr205_t2_10R_10V_02I_04M;10;10788;26.62;60000;0;31.33
lr101;10R_10V_04I_03M;t1;0.05;109;1275.66;TRUE;13.77;lr101_t1_10R_10V_04I_03M;10;542;0.43;60000;99.7;22.21
lr101;10R_10V_04I_04M;t1;0.05;109;1207.27;TRUE;65.87;lr101_t1_10R_10V_04I_04M;10;15127;17.26;60000;60.02;21.12
lr102;10R_10V_04I_03M;t1;0.05;109;943.35;TRUE;53.38;lr102_t1_10R_10V_04I_03M;10;7842;7.55;60000;70.06;12.76
lr102;10R_10V_04I_04M;t1;0.05;109;938.67;TRUE;104.18;lr102_t1_10R_10V_04I_04M;10;7642;13.9;60000;30.02;12.05
lr103;10R_10V_04I_03M;t1;0.05;109;615.06;TRUE;119.85;lr103_t1_10R_10V_04I_03M;10;267;0.89;60000;23.02;15.02
lr103;10R_10V_04I_04M;t1;0.05;109;611.6;TRUE;146.87;lr103_t1_10R_10V_04I_04M;10;59;0.43;60000;4.47;13.77
lr104;10R_10V_04I_03M;t1;0.05;109;745.94;TRUE;132.82;lr104_t1_10R_10V_04I_03M;10;11573;26.26;60000;9.76;12.95
lr104;10R_10V_04I_04M;t1;0.05;109;745.94;TRUE;148.82;lr104_t1_10R_10V_04I_04M;10;25099;62.52;60000;0.11;12.77
lr105;10R_10V_04I_03M;t1;0.05;109;668.46;TRUE;53.21;lr105_t1_10R_10V_04I_03M;10;79;0.34;60000;66.47;14.34
lr105;10R_10V_04I_04M;t1;0.05;109;665.48;TRUE;122.14;lr105_t1_10R_10V_04I_04M;10;5;0.32;60000;9.18;15.58
lr201;10R_10V_04I_03M;t2;0.05;109;1271.26;TRUE;152.17;lr201_t2_10R_10V_04I_03M;10;4492;11.69;60000;0;21.86
lr201;10R_10V_04I_04M;t2;0.05;109;1271.26;TRUE;158.18;lr201_t2_10R_10V_04I_04M;10;4492;12.12;60000;0;22.05
lr202;10R_10V_04I_03M;t2;0.05;109;975.58;TRUE;120.93;lr202_t2_10R_10V_04I_03M;10;6323;13.27;60000;43.54;25.51
lr202;10R_10V_04I_04M;t2;0.05;109;944.7;TRUE;190.49;lr202_t2_10R_10V_04I_04M;10;837;3.04;60000;2.92;27.86
lr203;10R_10V_04I_03M;t2;0.05;109;819.81;TRUE;224.46;lr203_t2_10R_10V_04I_03M;10;30937;115.75;60000;0;15.26
lr203;10R_10V_04I_04M;t2;0.05;109;787.01;TRUE;240.22;lr203_t2_10R_10V_04I_04M;10;32269;129.22;60000;0;16.72
lr204;10R_10V_04I_03M;t2;0.05;109;791.82;TRUE;238.01;lr204_t2_10R_10V_04I_03M;10;11724;47.08;60000;0;8.53
lr204;10R_10V_04I_04M;t2;0.05;109;782.35;TRUE;255.19;lr204_t2_10R_10V_04I_04M;10;50390;214.65;60000;0;8.27
lr205;10R_10V_04I_03M;t2;0.05;109;799.46;TRUE;177.43;lr205_t2_10R_10V_04I_03M;10;56863;167.96;60000;0;26.23
lr205;10R_10V_04I_04M;t2;0.05;109;788.07;TRUE;188.95;lr205_t2_10R_10V_04I_04M;10;52944;166.67;60000;0;26.58
lr101;12R_12V_02I_03M;t1;0.05;109;1432.08;TRUE;21.16;lr101_t1_12R_12V_02I_03M;12;13159;4.86;60000;94.3;16
lr101;12R_12V_02I_04M;t1;0.05;109;1391.03;TRUE;71.93;lr101_t1_12R_12V_02I_04M;12;1124;1.68;60000;57.97;16.84
lr102;12R_12V_02I_03M;t1;0.05;109;981.42;TRUE;125.87;lr102_t1_12R_12V_02I_03M;12;10;0.31;60000;6.38;14.77
lr102;12R_12V_02I_04M;t1;0.05;109;975.57;TRUE;138.65;lr102_t1_12R_12V_02I_04M;12;28;0.35;60000;0.31;14.45
lr103;12R_12V_02I_03M;t1;0.05;109;716.73;TRUE;146.27;lr103_t1_12R_12V_02I_03M;12;37239;90.41;60000;1.17;10.31
lr103;12R_12V_02I_04M;t1;0.05;109;714.59;TRUE;154.96;lr103_t1_12R_12V_02I_04M;12;7016;18.47;60000;0;10.62
lr104;12R_12V_02I_03M;t1;0.05;109;778.66;TRUE;156.52;lr104_t1_12R_12V_02I_03M;12;28339;74.1;60000;0.57;7.81
lr104;12R_12V_02I_04M;t1;0.05;109;775.7;TRUE;167.27;lr104_t1_12R_12V_02I_04M;12;53392;148.7;60000;0;7.81
lr105;12R_12V_02I_03M;t1;0.05;109;1344.91;TRUE;13.87;lr105_t1_12R_12V_02I_03M;12;3533;1.14;60000;98.88;8.68
lr105;12R_12V_02I_04M;t1;0.05;109;1297.52;TRUE;32.71;lr105_t1_12R_12V_02I_04M;12;21448;11.81;60000;89.24;8.39
lr201;12R_12V_02I_03M;t2;0.05;109;1329.16;TRUE;146.01;lr201_t2_12R_12V_02I_03M;12;4424;11.21;60000;0;24.97
lr201;12R_12V_02I_04M;t2;0.05;109;1328.46;TRUE;154.15;lr201_t2_12R_12V_02I_04M;12;4424;11.76;60000;0;24.99
lr202;12R_12V_02I_03M;t2;0.05;109;885.14;TRUE;184.58;lr202_t2_12R_12V_02I_03M;12;11680;36.14;60000;0;25.58
lr202;12R_12V_02I_04M;t2;0.05;109;885.14;TRUE;193.19;lr202_t2_12R_12V_02I_04M;12;11680;37.97;60000;0;25.61
lr203;12R_12V_02I_03M;t2;0.05;109;1119.65;TRUE;214.85;lr203_t2_12R_12V_02I_03M;12;17523;63.21;60000;0;12.23
lr203;12R_12V_02I_04M;t2;0.05;109;1095.81;TRUE;228.19;lr203_t2_12R_12V_02I_04M;12;44780;170.31;60000;0;12.31
lr204;12R_12V_02I_03M;t2;0.05;109;834.3;TRUE;218.87;lr204_t2_12R_12V_02I_03M;12;25490;93.82;60000;0;5.28
lr204;12R_12V_02I_04M;t2;0.05;109;833.7;TRUE;230.76;lr204_t2_12R_12V_02I_04M;12;25490;98.8;60000;0;5.37
lr205;12R_12V_02I_03M;t2;0.05;109;908.23;TRUE;185.29;lr205_t2_12R_12V_02I_03M;12;17251;53.31;60000;0;24.51
lr205;12R_12V_02I_04M;t2;0.05;109;907.38;TRUE;196.26;lr205_t2_12R_12V_02I_04M;12;17251;56.75;60000;0;24.63
lr101;12R_12V_04I_03M;t1;0.05;109;1368.7;TRUE;14.09;lr101_t1_12R_12V_04I_03M;12;30879;7.4;60000;99.81;19.42
lr101;12R_12V_04I_04M;t1;0.05;109;1310.09;TRUE;36.88;lr101_t1_12R_12V_04I_04M;12;36627;22.5;60000;88.71;20.08
lr102;12R_12V_04I_03M;t1;0.05;109;993.9;TRUE;67.45;lr102_t1_12R_12V_04I_03M;12;5696;6.81;60000;62.85;12.19
lr102;12R_12V_04I_04M;t1;0.05;109;984.64;TRUE;129.63;lr102_t1_12R_12V_04I_04M;12;325;1.02;60000;18.51;13.41
lr103;12R_12V_04I_03M;t1;0.05;109;796.75;TRUE;106.35;lr103_t1_12R_12V_04I_03M;12;400;1.06;60000;56.16;9.13
lr103;12R_12V_04I_04M;t1;0.05;109;795.1;TRUE;172.5;lr103_t1_12R_12V_04I_04M;12;31023;89.39;60000;17.68;8.54
lr104;12R_12V_04I_03M;t1;0.05;109;847.82;TRUE;171.93;lr104_t1_12R_12V_04I_03M;12;1737;5.4;60000;8.18;7.83
lr104;12R_12V_04I_04M;t1;0.05;109;847.82;TRUE;190.53;lr104_t1_12R_12V_04I_04M;12;1816;6.36;60000;0.32;7.21
lr105;12R_12V_04I_03M;t1;0.05;109;834.17;TRUE;76.4;lr105_t1_12R_12V_04I_03M;12;25197;32.44;60000;58.27;16.07
lr105;12R_12V_04I_04M;t1;0.05;109;833.29;TRUE;140.64;lr105_t1_12R_12V_04I_04M;12;3833;9.41;60000;12.32;16.87
lr201;12R_12V_04I_03M;t2;0.05;109;1452.66;TRUE;180.81;lr201_t2_12R_12V_04I_03M;12;6721;20.67;60000;0;21.1
lr201;12R_12V_04I_04M;t2;0.05;109;1452.19;TRUE;189.8;lr201_t2_12R_12V_04I_04M;12;6721;21.64;60000;0;21.42
lr202;12R_12V_04I_03M;t2;0.05;109;1052.05;TRUE;189.78;lr202_t2_12R_12V_04I_03M;12;3451;11.36;60000;24.3;26.42
lr202;12R_12V_04I_04M;t2;0.05;109;1006.44;TRUE;240;lr202_t2_12R_12V_04I_04M;12;14512;58.26;60000;1.73;28.2
lr203;12R_12V_04I_03M;t2;0.05;109;897.46;TRUE;286.11;lr203_t2_12R_12V_04I_03M;12;19696;94.43;60000;0;14.35
lr203;12R_12V_04I_04M;t2;0.05;109;891.62;TRUE;304.28;lr203_t2_12R_12V_04I_04M;12;17581;89.94;60000;0;15.11
lr204;12R_12V_04I_03M;t2;0.05;109;895.68;TRUE;301.19;lr204_t2_12R_12V_04I_03M;12;191;1.29;60000;0;3.7
lr204;12R_12V_04I_04M;t2;0.05;109;910.07;TRUE;326.57;lr204_t2_12R_12V_04I_04M;12;40692;221.7;60000;0;4.19
lr205;12R_12V_04I_03M;t2;0.05;109;975.75;TRUE;238.84;lr205_t2_12R_12V_04I_03M;12;26024;104.01;60000;0;20.9
lr205;12R_12V_04I_04M;t2;0.05;109;992.22;TRUE;253.53;lr205_t2_12R_12V_04I_04M;12;26323;111.88;60000;0;21.32
LR1_2_1;40R_40V_02I_05M;t1;0.05;109;8377.69;TRUE;81.69;LR1_2_1_t1_40R_40V_02I_05M;40;1;0.01;60000;100;4.71
LR1_2_1;40R_40V_02I_06M;t1;0.05;109;8377.69;TRUE;85.58;LR1_2_1_t1_40R_40V_02I_06M;40;1;0.01;60000;100;6.09
LR1_2_2;40R_40V_02I_05M;t1;0.05;109;7502.15;TRUE;91.52;LR1_2_2_t1_40R_40V_02I_05M;40;1;0.01;60000;100;5.62
LR1_2_2;40R_40V_02I_06M;t1;0.05;109;7505.6;TRUE;104.11;LR1_2_2_t1_40R_40V_02I_06M;40;1;0.01;60000;100;5.58
LR1_2_3;40R_40V_02I_05M;t1;0.05;109;4722.46;TRUE;211.3;LR1_2_3_t1_40R_40V_02I_05M;40;12349;44.07;60000;98.67;3.08
LR1_2_3;40R_40V_02I_06M;t1;0.05;109;4773.81;TRUE;224.84;LR1_2_3_t1_40R_40V_02I_06M;40;55224;206.86;60000;98.64;3.09
LR1_2_4;40R_40V_02I_05M;t1;0.05;109;3749.2;TRUE;581.82;LR1_2_4_t1_40R_40V_02I_05M;40;17513;170.06;60000;73.5;3.21
LR1_2_4;40R_40V_02I_06M;t1;0.05;109;3606.49;TRUE;976.53;LR1_2_4_t1_40R_40V_02I_06M;40;12322;200.18;60000;34.69;3.14
LR1_2_5;40R_40V_02I_05M;t1;0.05;109;6687.25;TRUE;110.54;LR1_2_5_t1_40R_40V_02I_05M;40;11041;20.85;60000;99.96;6.22
LR1_2_5;40R_40V_02I_06M;t1;0.05;109;6328.71;TRUE;182.9;LR1_2_5_t1_40R_40V_02I_06M;40;16175;50.09;60000;97.6;6.15
LR2_2_1;40R_40V_02I_05M;t2;0.05;109;7769.71;TRUE;1018.62;LR2_2_1_t2_40R_40V_02I_05M;40;41614;707.92;60000;0;6.75
LR2_2_1;40R_40V_02I_06M;t2;0.05;109;7768.1;TRUE;1097.77;LR2_2_1_t2_40R_40V_02I_06M;40;41614;762.62;60000;0;7.06
LR2_2_2;40R_40V_02I_05M;t2;0.05;109;6579.18;TRUE;1285.55;LR2_2_2_t2_40R_40V_02I_05M;40;956;21.16;60000;0;7.34
LR2_2_2;40R_40V_02I_06M;t2;0.05;109;6506.92;TRUE;1409.59;LR2_2_2_t2_40R_40V_02I_06M;40;30589;720.22;60000;0;7.61
LR2_2_3;40R_40V_02I_05M;t2;0.05;109;5644.61;TRUE;1793.57;LR2_2_3_t2_40R_40V_02I_05M;40;39342;1176.71;60000;0;3.83
LR2_2_3;40R_40V_02I_06M;t2;0.05;109;5800.05;TRUE;1953.17;LR2_2_3_t2_40R_40V_02I_06M;40;24834;809.98;60000;0;4
LR2_2_4;40R_40V_02I_05M;t2;0.05;109;4004.37;TRUE;3219.28;LR2_2_4_t2_40R_40V_02I_05M;40;13116;703.8;60000;0;1.85
LR2_2_4;40R_40V_02I_06M;t2;0.05;109;4004.37;TRUE;3312.05;LR2_2_4_t2_40R_40V_02I_06M;40;13116;722.88;60000;0;1.85
LR2_2_5;40R_40V_02I_05M;t2;0.05;109;7508.28;TRUE;1176.76;LR2_2_5_t2_40R_40V_02I_05M;40;44135;867;60000;0;9.78
LR2_2_5;40R_40V_02I_06M;t2;0.05;109;7508.28;TRUE;1268.41;LR2_2_5_t2_40R_40V_02I_06M;40;44135;933.18;60000;0;9.78
LR1_2_1;40R_40V_04I_05M;t1;0.05;109;NA;FALSE;111.37;LR1_2_1_t1_40R_40V_04I_05M;40;0;0;60000;100;0
LR1_2_1;40R_40V_04I_06M;t1;0.05;109;7669.45;TRUE;170.5;LR1_2_1_t1_40R_40V_04I_06M;40;44007;125.21;60000;99.98;8.26
LR1_2_2;40R_40V_04I_05M;t1;0.05;109;NA;FALSE;124;LR1_2_2_t1_40R_40V_04I_05M;40;0;0;60000;100;0
LR1_2_2;40R_40V_04I_06M;t1;0.05;109;6184.44;TRUE;162.8;LR1_2_2_t1_40R_40V_04I_06M;40;21000;57.28;60000;99.99;9.18
LR1_2_3;40R_40V_04I_05M;t1;0.05;109;4662.29;TRUE;276.68;LR1_2_3_t1_40R_40V_04I_05M;40;18938;87.49;60000;99.5;5.94
LR1_2_3;40R_40V_04I_06M;t1;0.05;109;4621.06;TRUE;357.35;LR1_2_3_t1_40R_40V_04I_06M;40;30137;179.92;60000;97.76;5.24
LR1_2_4;40R_40V_04I_05M;t1;0.05;109;3804.8;TRUE;717.66;LR1_2_4_t1_40R_40V_04I_05M;40;16190;194.21;60000;88.53;3.72
LR1_2_4;40R_40V_04I_06M;t1;0.05;109;3677.27;TRUE;910.76;LR1_2_4_t1_40R_40V_04I_06M;40;30357;458.68;60000;78.58;3.11
LR1_2_5;40R_40V_04I_05M;t1;0.05;109;5709.21;TRUE;210.87;LR1_2_5_t1_40R_40V_04I_05M;40;53201;187.03;60000;99.99;8.71
LR1_2_5;40R_40V_04I_06M;t1;0.05;109;5078.93;TRUE;308.26;LR1_2_5_t1_40R_40V_04I_06M;40;2054;10.9;60000;99.1;8.54
LR2_2_1;40R_40V_04I_05M;t2;0.05;109;7938.14;TRUE;1383.8;LR2_2_1_t2_40R_40V_04I_05M;40;7738;179.63;60000;0;6.08
LR2_2_1;40R_40V_04I_06M;t2;0.05;109;7979.11;TRUE;1471.07;LR2_2_1_t2_40R_40V_04I_06M;40;7738;190.66;60000;0;6.35
LR2_2_2;40R_40V_04I_05M;t2;0.05;109;6686.23;TRUE;1499.55;LR2_2_2_t2_40R_40V_04I_05M;40;12538;313.64;60000;33.26;6.73
LR2_2_2;40R_40V_04I_06M;t2;0.05;109;6518.86;TRUE;1924.65;LR2_2_2_t2_40R_40V_04I_06M;40;31916;1027.93;60000;3.36;7.23
LR2_2_3;40R_40V_04I_05M;t2;0.05;109;5885.75;TRUE;2883.39;LR2_2_3_t2_40R_40V_04I_05M;40;35392;1702.64;60000;0;3.25
LR2_2_3;40R_40V_04I_06M;t2;0.05;109;6010.65;TRUE;3067.77;LR2_2_3_t2_40R_40V_04I_06M;40;7074;361.75;60000;0;3.4
LR2_2_4;40R_40V_04I_05M;t2;0.05;109;4412.99;TRUE;3600.08;LR2_2_4_t2_40R_40V_04I_05M;40;27014;2410.53;40311;0;1.4
LR2_2_4;40R_40V_04I_06M;t2;0.05;109;4315.08;TRUE;3600.03;LR2_2_4_t2_40R_40V_04I_06M;40;27014;2558.42;37962;0;1.47
LR2_2_5;40R_40V_04I_05M;t2;0.05;109;7873.4;TRUE;1660.91;LR2_2_5_t2_40R_40V_04I_05M;40;15500;430.64;60000;0;7.87
LR2_2_5;40R_40V_04I_06M;t2;0.05;109;8024.49;TRUE;1757.13;LR2_2_5_t2_40R_40V_04I_06M;40;47312;1383.26;60000;0;8.45
LR1_2_1;60R_60V_02I_05M;t1;0.05;109;12347;TRUE;177.34;LR1_2_1_t1_60R_60V_02I_05M;60;1;0.02;60000;100;6.92
LR1_2_1;60R_60V_02I_06M;t1;0.05;109;12282.42;TRUE;192.94;LR1_2_1_t1_60R_60V_02I_06M;60;1;0.02;60000;100;6.69
LR1_2_2;60R_60V_02I_05M;t1;0.05;109;7571.92;TRUE;488.45;LR1_2_2_t1_60R_60V_02I_05M;60;14235;115.44;60000;97;4.46
LR1_2_2;60R_60V_02I_06M;t1;0.05;109;7637.33;TRUE;550.07;LR1_2_2_t1_60R_60V_02I_06M;60;45422;415.57;60000;95.36;4.39
LR1_2_3;60R_60V_02I_05M;t1;0.05;109;8320.23;TRUE;244.69;LR1_2_3_t1_60R_60V_02I_05M;60;1;0.02;60000;100;1.71
LR1_2_3;60R_60V_02I_06M;t1;0.05;109;8725.41;TRUE;270.78;LR1_2_3_t1_60R_60V_02I_06M;60;1;0.03;60000;100;2.74
LR1_2_4;60R_60V_02I_05M;t1;0.05;109;5446.9;TRUE;1156.48;LR1_2_4_t1_60R_60V_02I_05M;60;59867;1153.79;60000;90.46;1.92
LR1_2_4;60R_60V_02I_06M;t1;0.05;109;5534.44;TRUE;1259.67;LR1_2_4_t1_60R_60V_02I_06M;60;18848;391.64;60000;89.35;1.76
LR1_2_5;60R_60V_02I_05M;t1;0.05;109;7350.59;TRUE;767.09;LR1_2_5_t1_60R_60V_02I_05M;60;12013;154.36;60000;85.62;5.81
LR1_2_5;60R_60V_02I_06M;t1;0.05;109;7288.73;TRUE;1038.82;LR1_2_5_t1_60R_60V_02I_06M;60;1059;19.02;60000;66.27;5.66
LR2_2_1;60R_60V_02I_05M;t2;0.05;109;11502.67;TRUE;2180.2;LR2_2_1_t2_60R_60V_02I_05M;60;56900;2068.64;60000;0;5.47
LR2_2_1;60R_60V_02I_06M;t2;0.05;109;11502.67;TRUE;2360.63;LR2_2_1_t2_60R_60V_02I_06M;60;56900;2239.97;60000;0;5.78
LR2_2_2;60R_60V_02I_05M;t2;0.05;109;9456.35;TRUE;2961.09;LR2_2_2_t2_60R_60V_02I_05M;60;17786;878.19;60000;0;4.4
LR2_2_2;60R_60V_02I_06M;t2;0.05;109;9397.78;TRUE;3226.05;LR2_2_2_t2_60R_60V_02I_06M;60;49353;2658.86;60000;0;4.63
LR2_2_3;60R_60V_02I_05M;t2;0.05;109;9040;TRUE;3600.04;LR2_2_3_t2_60R_60V_02I_05M;60;52232;3439.36;54686;0;3.72
LR2_2_3;60R_60V_02I_06M;t2;0.05;109;9172.96;TRUE;3600.01;LR2_2_3_t2_60R_60V_02I_06M;60;13802;955.03;52065;0;3.72
LR2_2_4;60R_60V_02I_05M;t2;0.05;109;6921.06;TRUE;3600.02;LR2_2_4_t2_60R_60V_02I_05M;60;16840;1566.2;38801;0;1.94
LR2_2_4;60R_60V_02I_06M;t2;0.05;109;6921.06;TRUE;3600.08;LR2_2_4_t2_60R_60V_02I_06M;60;16840;1666.64;36343;0;1.95
LR2_2_5;60R_60V_02I_05M;t2;0.05;109;11730.6;TRUE;2582.66;LR2_2_5_t2_60R_60V_02I_05M;60;19342;838.06;60000;0;8.21
LR2_2_5;60R_60V_02I_06M;t2;0.05;109;11730.6;TRUE;2783.82;LR2_2_5_t2_60R_60V_02I_06M;60;19342;904.37;60000;0;8.21
LR1_2_1;60R_60V_04I_05M;t1;0.05;109;NA;FALSE;344.98;LR1_2_1_t1_60R_60V_04I_05M;60;0;0;60000;100;0
LR1_2_1;60R_60V_04I_06M;t1;0.05;109;NA;FALSE;437.45;LR1_2_1_t1_60R_60V_04I_06M;60;0;0;60000;100;0
LR1_2_2;60R_60V_04I_05M;t1;0.05;109;NA;FALSE;352.53;LR1_2_2_t1_60R_60V_04I_05M;60;0;0;60000;100;0
LR1_2_2;60R_60V_04I_06M;t1;0.05;109;9375.14;TRUE;504.09;LR1_2_2_t1_60R_60V_04I_06M;60;33017;277.47;60000;99.98;9.32
LR1_2_3;60R_60V_04I_05M;t1;0.05;109;7835.81;TRUE;606.63;LR1_2_3_t1_60R_60V_04I_05M;60;6671;67.88;60000;99.98;7.47
LR1_2_3;60R_60V_04I_06M;t1;0.05;109;7587.39;TRUE;799.8;LR1_2_3_t1_60R_60V_04I_06M;60;34082;453.98;60000;99.8;6.46
LR1_2_4;60R_60V_04I_05M;t1;0.05;109;5404.92;TRUE;1652.57;LR1_2_4_t1_60R_60V_04I_05M;60;41542;1143.57;60000;96.68;4.72
LR1_2_4;60R_60V_04I_06M;t1;0.05;109;5418.09;TRUE;2161.32;LR1_2_4_t1_60R_60V_04I_06M;60;18647;670.31;60000;90.97;4.04
LR1_2_5;60R_60V_04I_05M;t1;0.05;109;NA;FALSE;311.87;LR1_2_5_t1_60R_60V_04I_05M;60;0;0;60000;100;0
LR1_2_5;60R_60V_04I_06M;t1;0.05;109;8334.71;TRUE;449.32;LR1_2_5_t1_60R_60V_04I_06M;60;58327;436.69;60000;99.98;9.5
LR2_2_1;60R_60V_04I_05M;t2;0.05;109;12254.51;TRUE;2719.01;LR2_2_1_t2_60R_60V_04I_05M;60;12507;568.68;60000;24.8;5.72
LR2_2_1;60R_60V_04I_06M;t2;0.05;109;11737.91;TRUE;3270.86;LR2_2_1_t2_60R_60V_04I_06M;60;29817;1630.92;60000;7.97;5.94
LR2_2_2;60R_60V_04I_05M;t2;0.05;109;9522.31;TRUE;3063.67;LR2_2_2_t2_60R_60V_04I_05M;60;36642;1871.37;60000;50.89;5.34
LR2_2_2;60R_60V_04I_06M;t2;0.05;109;9727.02;TRUE;3600.03;LR2_2_2_t2_60R_60V_04I_06M;60;40924;3065.27;48077;7.77;5.57
LR2_2_3;60R_60V_04I_05M;t2;0.05;109;9639.36;TRUE;3600.06;LR2_2_3_t2_60R_60V_04I_05M;60;21685;2459.03;31760;0.4;3.24
LR2_2_3;60R_60V_04I_06M;t2;0.05;109;9812.55;TRUE;3600.05;LR2_2_3_t2_60R_60V_04I_06M;60;13506;1615.09;30115;0.03;3.44
LR2_2_4;60R_60V_04I_05M;t2;0.05;109;7059.65;TRUE;3600.18;LR2_2_4_t2_60R_60V_04I_05M;60;2662;513.25;18610;0;1.14
LR2_2_4;60R_60V_04I_06M;t2;0.05;109;7135.64;TRUE;3600;LR2_2_4_t2_60R_60V_04I_06M;60;5818;1223.67;17072;0;1.21
LR2_2_5;60R_60V_04I_05M;t2;0.05;109;12412.31;TRUE;3600.03;LR2_2_5_t2_60R_60V_04I_05M;60;38040;2497.14;54914;0;5.6
LR2_2_5;60R_60V_04I_06M;t2;0.05;109;12321.32;TRUE;3600.02;LR2_2_5_t2_60R_60V_04I_06M;60;47803;3261.78;52919;0;6.08
lr101;06R_06V_02I_03M;t1;0.05;126;784.11;TRUE;89.67;lr101_t1_06R_06V_02I_03M;6;1;0;60000;0;18.34
lr101;06R_06V_02I_04M;t1;0.05;126;763.79;TRUE;90.85;lr101_t1_06R_06V_02I_04M;6;3;0.32;60000;0;19.55
lr102;06R_06V_02I_03M;t1;0.05;126;542.25;TRUE;86.19;lr102_t1_06R_06V_02I_03M;6;5;0.29;60000;0;13.08
lr102;06R_06V_02I_04M;t1;0.05;126;542.25;TRUE;87.04;lr102_t1_06R_06V_02I_04M;6;5;0.3;60000;0;13.13
lr103;06R_06V_02I_03M;t1;0.05;126;455.04;TRUE;91.22;lr103_t1_06R_06V_02I_03M;6;6;0.32;60000;0;19.89
lr103;06R_06V_02I_04M;t1;0.05;126;452.25;TRUE;91.35;lr103_t1_06R_06V_02I_04M;6;57;0.37;60000;0;20.2
lr104;06R_06V_02I_03M;t1;0.05;126;431.14;TRUE;86.43;lr104_t1_06R_06V_02I_03M;6;9;0.33;60000;0;13.48
lr104;06R_06V_02I_04M;t1;0.05;126;426.97;TRUE;88.66;lr104_t1_06R_06V_02I_04M;6;9;0.29;60000;0;13.97
lr105;06R_06V_02I_03M;t1;0.05;126;472.54;TRUE;90.75;lr105_t1_06R_06V_02I_03M;6;9;0.3;60000;0;22.95
lr105;06R_06V_02I_04M;t1;0.05;126;471.8;TRUE;83.43;lr105_t1_06R_06V_02I_04M;6;9;0.3;60000;0;22.97
lr201;06R_06V_02I_03M;t2;0.05;126;841.88;TRUE;83.55;lr201_t2_06R_06V_02I_03M;6;26;0.34;60000;0;26.43
lr201;06R_06V_02I_04M;t2;0.05;126;840.13;TRUE;86.01;lr201_t2_06R_06V_02I_04M;6;26;0.33;60000;0;26.66
lr202;06R_06V_02I_03M;t2;0.05;126;606.04;TRUE;95.07;lr202_t2_06R_06V_02I_03M;6;96;0.47;60000;0;42.92
lr202;06R_06V_02I_04M;t2;0.05;126;606.04;TRUE;95.53;lr202_t2_06R_06V_02I_04M;6;96;0.48;60000;0;42.92
lr203;06R_06V_02I_03M;t2;0.05;126;676.69;TRUE;98.01;lr203_t2_06R_06V_02I_03M;6;68;0.41;60000;0;33.1
lr203;06R_06V_02I_04M;t2;0.05;126;676.69;TRUE;98.87;lr203_t2_06R_06V_02I_04M;6;68;0.41;60000;0;33.14
lr204;06R_06V_02I_03M;t2;0.05;126;559.82;TRUE;110.18;lr204_t2_06R_06V_02I_03M;6;23572;43.96;60000;0;23.62
lr204;06R_06V_02I_04M;t2;0.05;126;553.06;TRUE;113.66;lr204_t2_06R_06V_02I_04M;6;2533;5.24;60000;0;21.46
lr205;06R_06V_02I_03M;t2;0.05;126;551.63;TRUE;89.26;lr205_t2_06R_06V_02I_03M;6;11;0.3;60000;0;30.77
lr205;06R_06V_02I_04M;t2;0.05;126;549.2;TRUE;91.69;lr205_t2_06R_06V_02I_04M;6;11;0.32;60000;0;30.71
lr101;06R_06V_04I_03M;t1;0.05;126;784.7;TRUE;12.21;lr101_t1_06R_06V_04I_03M;6;100;0.33;60000;92.51;14.66
lr101;06R_06V_04I_04M;t1;0.05;126;757.4;TRUE;47.97;lr101_t1_06R_06V_04I_04M;6;295;0.57;60000;53.25;16.54
lr102;06R_06V_04I_03M;t1;0.05;126;619.93;TRUE;38.37;lr102_t1_06R_06V_04I_03M;6;22;0.3;60000;68;11.35
lr102;06R_06V_04I_04M;t1;0.05;126;613.22;TRUE;102.45;lr102_t1_06R_06V_04I_04M;6;1;0;60000;1.31;13.44
lr103;06R_06V_04I_03M;t1;0.05;126;448.87;TRUE;97.72;lr103_t1_06R_06V_04I_03M;6;1;0;60000;0;19.23
lr103;06R_06V_04I_04M;t1;0.05;126;446.87;TRUE;98.83;lr103_t1_06R_06V_04I_04M;6;1;0;60000;0;19.31
lr104;06R_06V_04I_03M;t1;0.05;126;469.54;TRUE;97.99;lr104_t1_06R_06V_04I_03M;6;8;0.33;60000;0;11.21
lr104;06R_06V_04I_04M;t1;0.05;126;465.1;TRUE;98.86;lr104_t1_06R_06V_04I_04M;6;8;0.34;60000;0;11.91
lr105;06R_06V_04I_03M;t1;0.05;126;521.52;TRUE;32.8;lr105_t1_06R_06V_04I_03M;6;17;0.29;60000;71.97;15.8
lr105;06R_06V_04I_04M;t1;0.05;126;513.23;TRUE;100.5;lr105_t1_06R_06V_04I_04M;6;1743;3.25;60000;0;18.48
lr201;06R_06V_04I_03M;t2;0.05;126;903.79;TRUE;98.3;lr201_t2_06R_06V_04I_03M;6;40;0.35;60000;0;23.32
lr201;06R_06V_04I_04M;t2;0.05;126;895.88;TRUE;99.42;lr201_t2_06R_06V_04I_04M;6;12;0.33;60000;0;23.27
lr202;06R_06V_04I_03M;t2;0.05;126;547.87;TRUE;107.06;lr202_t2_06R_06V_04I_03M;6;97;0.46;60000;0;27.17
lr202;06R_06V_04I_04M;t2;0.05;126;547.87;TRUE;111.05;lr202_t2_06R_06V_04I_04M;6;97;0.48;60000;0;27.28
lr203;06R_06V_04I_03M;t2;0.05;126;685.01;TRUE;108.59;lr203_t2_06R_06V_04I_03M;6;54;0.37;60000;0;27.8
lr203;06R_06V_04I_04M;t2;0.05;126;681.89;TRUE;112.19;lr203_t2_06R_06V_04I_04M;6;54;0.39;60000;0;30.53
lr204;06R_06V_04I_03M;t2;0.05;126;610.47;TRUE;126.11;lr204_t2_06R_06V_04I_03M;6;1325;3.31;60000;0;21.53
lr204;06R_06V_04I_04M;t2;0.05;126;601.61;TRUE;130.29;lr204_t2_06R_06V_04I_04M;6;937;2.56;60000;0;22.35
lr205;06R_06V_04I_03M;t2;0.05;126;535.22;TRUE;116.42;lr205_t2_06R_06V_04I_03M;6;325;0.99;60000;0;27.14
lr205;06R_06V_04I_04M;t2;0.05;126;535.22;TRUE;121.07;lr205_t2_06R_06V_04I_04M;6;89;0.49;60000;0;26.83
lr101;08R_08V_02I_03M;t1;0.05;126;946.87;TRUE;43.42;lr101_t1_08R_08V_02I_03M;8;250;0.53;60000;64.96;21.9
lr101;08R_08V_02I_04M;t1;0.05;126;948.49;TRUE;77.63;lr101_t1_08R_08V_02I_04M;8;261;0.69;60000;32.39;22.33
lr102;08R_08V_02I_03M;t1;0.05;126;770.92;TRUE;107.56;lr102_t1_08R_08V_02I_03M;8;380;1.05;60000;0;15.31
lr102;08R_08V_02I_04M;t1;0.05;126;770.92;TRUE;109.68;lr102_t1_08R_08V_02I_04M;8;380;1.05;60000;0;15.31
lr103;08R_08V_02I_03M;t1;0.05;126;546.38;TRUE;115.07;lr103_t1_08R_08V_02I_03M;8;452;1.25;60000;0.06;12.32
lr103;08R_08V_02I_04M;t1;0.05;126;546.38;TRUE;118.05;lr103_t1_08R_08V_02I_04M;8;156;0.68;60000;0;12.16
lr104;08R_08V_02I_03M;t1;0.05;126;558.37;TRUE;107.14;lr104_t1_08R_08V_02I_03M;8;4;0.33;60000;0;12.94
lr104;08R_08V_02I_04M;t1;0.05;126;558.37;TRUE;109.32;lr104_t1_08R_08V_02I_04M;8;4;0.29;60000;0;13.15
lr105;08R_08V_02I_03M;t1;0.05;126;557.04;TRUE;99.31;lr105_t1_08R_08V_02I_03M;8;142;0.56;60000;0;18.44
lr105;08R_08V_02I_04M;t1;0.05;126;556.3;TRUE;101.24;lr105_t1_08R_08V_02I_04M;8;142;0.53;60000;0;18.46
lr201;08R_08V_02I_03M;t2;0.05;126;948.1;TRUE;102.97;lr201_t2_08R_08V_02I_03M;8;58;0.42;60000;0;26.91
lr201;08R_08V_02I_04M;t2;0.05;126;944.72;TRUE;103.03;lr201_t2_08R_08V_02I_04M;8;58;0.42;60000;0;26.86
lr202;08R_08V_02I_03M;t2;0.05;126;694.1;TRUE;128.05;lr202_t2_08R_08V_02I_03M;8;12536;27.24;60000;0;34.79
lr202;08R_08V_02I_04M;t2;0.05;126;694.1;TRUE;131.49;lr202_t2_08R_08V_02I_04M;8;12536;27.67;60000;0;34.81
lr203;08R_08V_02I_03M;t2;0.05;126;685.02;TRUE;128.07;lr203_t2_08R_08V_02I_03M;8;279;0.92;60000;0;23.98
lr203;08R_08V_02I_04M;t2;0.05;126;684.26;TRUE;131.42;lr203_t2_08R_08V_02I_04M;8;279;0.94;60000;0;24.3
lr204;08R_08V_02I_03M;t2;0.05;126;682.41;TRUE;137.8;lr204_t2_08R_08V_02I_03M;8;21339;49.37;60000;0;13.09
lr204;08R_08V_02I_04M;t2;0.05;126;679.68;TRUE;140.71;lr204_t2_08R_08V_02I_04M;8;11669;27.82;60000;0;13.19
lr205;08R_08V_02I_03M;t2;0.05;126;646.08;TRUE;124.14;lr205_t2_08R_08V_02I_03M;8;11126;23.76;60000;0;28.08
lr205;08R_08V_02I_04M;t2;0.05;126;636.25;TRUE;129.38;lr205_t2_08R_08V_02I_04M;8;11126;24.38;60000;0;27.37
lr101;08R_08V_04I_03M;t1;0.05;126;1155.57;TRUE;7.07;lr101_t1_08R_08V_04I_03M;8;5666;0.97;60000;99.6;16.76
lr101;08R_08V_04I_04M;t1;0.05;126;1067.57;TRUE;45.24;lr101_t1_08R_08V_04I_04M;8;2944;2.45;60000;69.4;19.6
lr102;08R_08V_04I_03M;t1;0.05;126;772.63;TRUE;62.46;lr102_t1_08R_08V_04I_03M;8;41043;42.98;60000;51.56;14.59
lr102;08R_08V_04I_04M;t1;0.05;126;773.21;TRUE;63.63;lr102_t1_08R_08V_04I_04M;8;145;0.45;60000;50.92;14.34
lr103;08R_08V_04I_03M;t1;0.05;126;563.98;TRUE;105.71;lr103_t1_08R_08V_04I_03M;8;464;1.14;60000;19.52;11.5
lr103;08R_08V_04I_04M;t1;0.05;126;562.45;TRUE;128.23;lr103_t1_08R_08V_04I_04M;8;17;0.36;60000;1.4;10.62
lr104;08R_08V_04I_03M;t1;0.05;126;649.57;TRUE;109.35;lr104_t1_08R_08V_04I_03M;8;348;0.93;60000;18.7;16.23
lr104;08R_08V_04I_04M;t1;0.05;126;649.55;TRUE;130.46;lr104_t1_08R_08V_04I_04M;8;154;0.68;60000;3.38;10.61
lr105;08R_08V_04I_03M;t1;0.05;126;754.77;TRUE;26.39;lr105_t1_08R_08V_04I_03M;8;439;0.51;60000;86.3;14.4
lr105;08R_08V_04I_04M;t1;0.05;126;751.51;TRUE;104.2;lr105_t1_08R_08V_04I_04M;8;602;1.32;60000;15.07;13.56
lr201;08R_08V_04I_03M;t2;0.05;126;1022.83;TRUE;122.21;lr201_t2_08R_08V_04I_03M;8;305;0.94;60000;0;22.06
lr201;08R_08V_04I_04M;t2;0.05;126;1018.91;TRUE;124.41;lr201_t2_08R_08V_04I_04M;8;305;0.98;60000;0;21.82
lr202;08R_08V_04I_03M;t2;0.05;126;773.98;TRUE;154.02;lr202_t2_08R_08V_04I_03M;8;43251;111.26;60000;0;25.18
lr202;08R_08V_04I_04M;t2;0.05;126;760.72;TRUE;160.52;lr202_t2_08R_08V_04I_04M;8;1466;4.34;60000;0;30.45
lr203;08R_08V_04I_03M;t2;0.05;126;684.38;TRUE;137.6;lr203_t2_08R_08V_04I_03M;8;13553;31.55;60000;0;20.99
lr203;08R_08V_04I_04M;t2;0.05;126;683.66;TRUE;144.56;lr203_t2_08R_08V_04I_04M;8;10341;25.3;60000;0;21.36
lr204;08R_08V_04I_03M;t2;0.05;126;719.46;TRUE;164.85;lr204_t2_08R_08V_04I_03M;8;39088;107.6;60000;0;14.14
lr204;08R_08V_04I_04M;t2;0.05;126;719.13;TRUE;174.17;lr204_t2_08R_08V_04I_04M;8;39088;113.8;60000;0;14.76
lr205;08R_08V_04I_03M;t2;0.05;126;662.24;TRUE;150.46;lr205_t2_08R_08V_04I_03M;8;5226;13.69;60000;0;27.57
lr205;08R_08V_04I_04M;t2;0.05;126;661.85;TRUE;158.39;lr205_t2_08R_08V_04I_04M;8;5226;14.81;60000;0;27.55
lr101;10R_10V_02I_03M;t1;0.05;126;1295.99;TRUE;15.02;lr101_t1_10R_10V_02I_03M;10;1994;0.8;60000;96.14;13.12
lr101;10R_10V_02I_04M;t1;0.05;126;1254.94;TRUE;60.06;lr101_t1_10R_10V_02I_04M;10;19796;20.08;60000;60.68;14.14
lr102;10R_10V_02I_03M;t1;0.05;126;1018.62;TRUE;121.87;lr102_t1_10R_10V_02I_03M;10;27;0.33;60000;0;11.56
lr102;10R_10V_02I_04M;t1;0.05;126;1018.62;TRUE;125.69;lr102_t1_10R_10V_02I_04M;10;27;0.39;60000;0;11.56
lr103;10R_10V_02I_03M;t1;0.05;126;610.04;TRUE;134.44;lr103_t1_10R_10V_02I_03M;10;266;0.93;60000;0.18;8.51
lr103;10R_10V_02I_04M;t1;0.05;126;610.04;TRUE;137.39;lr103_t1_10R_10V_02I_04M;10;206;0.8;60000;0;8.44
lr104;10R_10V_02I_03M;t1;0.05;126;687.39;TRUE;117.09;lr104_t1_10R_10V_02I_03M;10;19019;37.37;60000;0;6.37
lr104;10R_10V_02I_04M;t1;0.05;126;671.72;TRUE;122.15;lr104_t1_10R_10V_02I_04M;10;17236;35.39;60000;0;7.03
lr105;10R_10V_02I_03M;t1;0.05;126;671.01;TRUE;110.64;lr105_t1_10R_10V_02I_03M;10;785;1.83;60000;0;18.64
lr105;10R_10V_02I_04M;t1;0.05;126;671.01;TRUE;114.23;lr105_t1_10R_10V_02I_04M;10;785;1.84;60000;0;18.65
lr201;10R_10V_02I_03M;t2;0.05;126;1006.56;TRUE;125.93;lr201_t2_10R_10V_02I_03M;10;473;1.33;60000;0;26.48
lr201;10R_10V_02I_04M;t2;0.05;126;1005.86;TRUE;130.01;lr201_t2_10R_10V_02I_04M;10;473;1.43;60000;0;26.5
lr202;10R_10V_02I_03M;t2;0.05;126;810.23;TRUE;139.38;lr202_t2_10R_10V_02I_03M;10;495;1.58;60000;0;27.68
lr202;10R_10V_02I_04M;t2;0.05;126;809.32;TRUE;144.95;lr202_t2_10R_10V_02I_04M;10;495;1.59;60000;0;28.11
lr203;10R_10V_02I_03M;t2;0.05;126;756.99;TRUE;183.03;lr203_t2_10R_10V_02I_03M;10;3295;10.73;60000;0;19.66
lr203;10R_10V_02I_04M;t2;0.05;126;756.27;TRUE;191.82;lr203_t2_10R_10V_02I_04M;10;3295;11.03;60000;0;19.98
lr204;10R_10V_02I_03M;t2;0.05;126;762.31;TRUE;178.91;lr204_t2_10R_10V_02I_03M;10;2799;8.97;60000;0;8.77
lr204;10R_10V_02I_04M;t2;0.05;126;754.85;TRUE;188.06;lr204_t2_10R_10V_02I_04M;10;39658;124.66;60000;0;9.53
lr205;10R_10V_02I_03M;t2;0.05;126;761.09;TRUE;140.69;lr205_t2_10R_10V_02I_03M;10;17565;41.7;60000;0;31.29
lr205;10R_10V_02I_04M;t2;0.05;126;761.09;TRUE;146.53;lr205_t2_10R_10V_02I_04M;10;17565;43.24;60000;0;31.29
lr101;10R_10V_04I_03M;t1;0.05;126;1275.66;TRUE;13.63;lr101_t1_10R_10V_04I_03M;10;836;0.48;60000;99.71;22.05
lr101;10R_10V_04I_04M;t1;0.05;126;1207.27;TRUE;65.87;lr101_t1_10R_10V_04I_04M;10;2761;3.47;60000;60.22;21.1
lr102;10R_10V_04I_03M;t1;0.05;126;943.35;TRUE;53.06;lr102_t1_10R_10V_04I_03M;10;1377;1.62;60000;70.19;12.72
lr102;10R_10V_04I_04M;t1;0.05;126;938.67;TRUE;105.37;lr102_t1_10R_10V_04I_04M;10;52286;91.64;60000;29.92;12.05
lr103;10R_10V_04I_03M;t1;0.05;126;615.06;TRUE;119.28;lr103_t1_10R_10V_04I_03M;10;130;0.56;60000;22.73;15.06
lr103;10R_10V_04I_04M;t1;0.05;126;611.6;TRUE;148.64;lr103_t1_10R_10V_04I_04M;10;79;0.54;60000;4.46;13.74
lr104;10R_10V_04I_03M;t1;0.05;126;745.94;TRUE;133.87;lr104_t1_10R_10V_04I_03M;10;843;2.2;60000;9.64;12.94
lr104;10R_10V_04I_04M;t1;0.05;126;745.94;TRUE;147.66;lr104_t1_10R_10V_04I_04M;10;20014;49.37;60000;0.1;12.72
lr105;10R_10V_04I_03M;t1;0.05;126;668.46;TRUE;53.43;lr105_t1_10R_10V_04I_03M;10;214;0.51;60000;66.54;14.38
lr105;10R_10V_04I_04M;t1;0.05;126;665.48;TRUE;121.26;lr105_t1_10R_10V_04I_04M;10;101;0.5;60000;9.25;15.57
lr201;10R_10V_04I_03M;t2;0.05;126;1271.26;TRUE;151.37;lr201_t2_10R_10V_04I_03M;10;19966;50.56;60000;0;21.92
lr201;10R_10V_04I_04M;t2;0.05;126;1271.26;TRUE;158.6;lr201_t2_10R_10V_04I_04M;10;10139;27.23;60000;0;22.1
lr202;10R_10V_04I_03M;t2;0.05;126;976.7;TRUE;119.89;lr202_t2_10R_10V_04I_03M;10;47351;94.68;60000;43.7;25.43
lr202;10R_10V_04I_04M;t2;0.05;126;947.36;TRUE;190.52;lr202_t2_10R_10V_04I_04M;10;24535;78.39;60000;2.87;27.81
lr203;10R_10V_04I_03M;t2;0.05;126;827.82;TRUE;224.85;lr203_t2_10R_10V_04I_03M;10;46325;173.68;60000;0;15.28
lr203;10R_10V_04I_04M;t2;0.05;126;787.99;TRUE;241.43;lr203_t2_10R_10V_04I_04M;10;57471;231.47;60000;0;16.75
lr204;10R_10V_04I_03M;t2;0.05;126;785.59;TRUE;237.85;lr204_t2_10R_10V_04I_03M;10;7705;31.35;60000;0;8.51
lr204;10R_10V_04I_04M;t2;0.05;126;789.21;TRUE;254.21;lr204_t2_10R_10V_04I_04M;10;38907;164.99;60000;0;8.26
lr205;10R_10V_04I_03M;t2;0.05;126;799.46;TRUE;175.64;lr205_t2_10R_10V_04I_03M;10;26271;77.32;60000;0;26.25
lr205;10R_10V_04I_04M;t2;0.05;126;787.93;TRUE;187.44;lr205_t2_10R_10V_04I_04M;10;32529;101.43;60000;0;26.61
lr101;12R_12V_02I_03M;t1;0.05;126;1432.08;TRUE;20.66;lr101_t1_12R_12V_02I_03M;12;22090;7.8;60000;94.46;15.97
lr101;12R_12V_02I_04M;t1;0.05;126;1391.03;TRUE;71.58;lr101_t1_12R_12V_02I_04M;12;1736;2.46;60000;57.45;16.86
lr102;12R_12V_02I_03M;t1;0.05;126;981.42;TRUE;126.53;lr102_t1_12R_12V_02I_03M;12;62;0.42;60000;6.48;14.79
lr102;12R_12V_02I_04M;t1;0.05;126;975.57;TRUE;138.33;lr102_t1_12R_12V_02I_04M;12;217;0.84;60000;0.24;14.47
lr103;12R_12V_02I_03M;t1;0.05;126;716.73;TRUE;147.82;lr103_t1_12R_12V_02I_03M;12;7462;19.22;60000;1.22;10.28
lr103;12R_12V_02I_04M;t1;0.05;126;714.59;TRUE;154.61;lr103_t1_12R_12V_02I_04M;12;19851;51.57;60000;0;10.62
lr104;12R_12V_02I_03M;t1;0.05;126;778.92;TRUE;158.06;lr104_t1_12R_12V_02I_03M;12;24457;65.1;60000;0.52;7.8
lr104;12R_12V_02I_04M;t1;0.05;126;771.33;TRUE;165.11;lr104_t1_12R_12V_02I_04M;12;42633;117.32;60000;0;7.82
lr105;12R_12V_02I_03M;t1;0.05;126;1344.91;TRUE;14.11;lr105_t1_12R_12V_02I_03M;12;12022;3.05;60000;98.85;8.66
lr105;12R_12V_02I_04M;t1;0.05;126;1297.52;TRUE;32.74;lr105_t1_12R_12V_02I_04M;12;7044;4.17;60000;89.11;8.42
lr201;12R_12V_02I_03M;t2;0.05;126;1326.83;TRUE;145.87;lr201_t2_12R_12V_02I_03M;12;20068;49.07;60000;0;24.96
lr201;12R_12V_02I_04M;t2;0.05;126;1326.13;TRUE;152.59;lr201_t2_12R_12V_02I_04M;12;20068;51.35;60000;0;24.98
lr202;12R_12V_02I_03M;t2;0.05;126;885.14;TRUE;182.07;lr202_t2_12R_12V_02I_03M;12;20842;63.51;60000;0;25.55
lr202;12R_12V_02I_04M;t2;0.05;126;885.14;TRUE;192.03;lr202_t2_12R_12V_02I_04M;12;20842;67.01;60000;0;25.58
lr203;12R_12V_02I_03M;t2;0.05;126;1112.86;TRUE;219.68;lr203_t2_12R_12V_02I_03M;12;25870;94.96;60000;0;12.21
lr203;12R_12V_02I_04M;t2;0.05;126;1109.23;TRUE;228.71;lr203_t2_12R_12V_02I_04M;12;57568;219.54;60000;0;12.28
lr204;12R_12V_02I_03M;t2;0.05;126;831.24;TRUE;219.49;lr204_t2_12R_12V_02I_03M;12;59706;218.44;60000;0;5.2
lr204;12R_12V_02I_04M;t2;0.05;126;830.64;TRUE;233.63;lr204_t2_12R_12V_02I_04M;12;59706;232.41;60000;0;5.29
lr205;12R_12V_02I_03M;t2;0.05;126;919.82;TRUE;188.17;lr205_t2_12R_12V_02I_03M;12;2831;9.3;60000;0;24.5
lr205;12R_12V_02I_04M;t2;0.05;126;919.82;TRUE;195.85;lr205_t2_12R_12V_02I_04M;12;2831;9.72;60000;0;24.62
lr101;12R_12V_04I_03M;t1;0.05;126;1368.7;TRUE;13.97;lr101_t1_12R_12V_04I_03M;12;296;0.4;60000;99.83;19.73
lr101;12R_12V_04I_04M;t1;0.05;126;1311.85;TRUE;36.42;lr101_t1_12R_12V_04I_04M;12;23730;14.6;60000;88.7;20.06
lr102;12R_12V_04I_03M;t1;0.05;126;993.85;TRUE;66.96;lr102_t1_12R_12V_04I_03M;12;32694;36.62;60000;62.98;12.2
lr102;12R_12V_04I_04M;t1;0.05;126;984.64;TRUE;129.76;lr102_t1_12R_12V_04I_04M;12;816;2.11;60000;18.73;13.41
lr103;12R_12V_04I_03M;t1;0.05;126;800.9;TRUE;106.02;lr103_t1_12R_12V_04I_03M;12;47969;84.88;60000;56.48;9.09
lr103;12R_12V_04I_04M;t1;0.05;126;794.52;TRUE;170.33;lr103_t1_12R_12V_04I_04M;12;28667;81.92;60000;17.71;8.54
lr104;12R_12V_04I_03M;t1;0.05;126;847.82;TRUE;173.27;lr104_t1_12R_12V_04I_03M;12;1829;5.72;60000;8.02;7.85
lr104;12R_12V_04I_04M;t1;0.05;126;847.82;TRUE;190.66;lr104_t1_12R_12V_04I_04M;12;1829;6.3;60000;0.26;7.2
lr105;12R_12V_04I_03M;t1;0.05;126;834.01;TRUE;77.51;lr105_t1_12R_12V_04I_03M;12;26656;34.82;60000;58.3;16.11
lr105;12R_12V_04I_04M;t1;0.05;126;833.29;TRUE;143.63;lr105_t1_12R_12V_04I_04M;12;22798;55.07;60000;12.13;16.87
lr201;12R_12V_04I_03M;t2;0.05;126;1452.66;TRUE;181.25;lr201_t2_12R_12V_04I_03M;12;55935;168.95;60000;0;21.11
lr201;12R_12V_04I_04M;t2;0.05;126;1452.19;TRUE;187.11;lr201_t2_12R_12V_04I_04M;12;55935;174.45;60000;0;21.43
lr202;12R_12V_04I_03M;t2;0.05;126;1053.72;TRUE;187.02;lr202_t2_12R_12V_04I_03M;12;7886;25.29;60000;24.36;26.43
lr202;12R_12V_04I_04M;t2;0.05;126;1012.91;TRUE;240.92;lr202_t2_12R_12V_04I_04M;12;47198;189.48;60000;1.69;28.17
lr203;12R_12V_04I_03M;t2;0.05;126;910.46;TRUE;286.56;lr203_t2_12R_12V_04I_03M;12;56821;271.42;60000;0;14.39
lr203;12R_12V_04I_04M;t2;0.05;126;890.87;TRUE;306.97;lr203_t2_12R_12V_04I_04M;12;23708;121.74;60000;0;15.13
lr204;12R_12V_04I_03M;t2;0.05;126;894.48;TRUE;310.67;lr204_t2_12R_12V_04I_03M;12;2268;12.13;60000;0;3.7
lr204;12R_12V_04I_04M;t2;0.05;126;908.79;TRUE;326.27;lr204_t2_12R_12V_04I_04M;12;50994;277.38;60000;0;4.18
lr205;12R_12V_04I_03M;t2;0.05;126;988.94;TRUE;240.06;lr205_t2_12R_12V_04I_03M;12;32423;129.4;60000;0;20.96
lr205;12R_12V_04I_04M;t2;0.05;126;987.92;TRUE;255.73;lr205_t2_12R_12V_04I_04M;12;32423;138.87;60000;0;21.37
LR1_2_1;40R_40V_02I_05M;t1;0.05;126;8377.69;TRUE;81.55;LR1_2_1_t1_40R_40V_02I_05M;40;1;0.01;60000;100;4.97
LR1_2_1;40R_40V_02I_06M;t1;0.05;126;8377.69;TRUE;86.36;LR1_2_1_t1_40R_40V_02I_06M;40;1;0.01;60000;100;4.84
LR1_2_2;40R_40V_02I_05M;t1;0.05;126;7502.15;TRUE;91.64;LR1_2_2_t1_40R_40V_02I_05M;40;1;0.01;60000;100;5.62
LR1_2_2;40R_40V_02I_06M;t1;0.05;126;7393.36;TRUE;104.06;LR1_2_2_t1_40R_40V_02I_06M;40;53380;92.73;60000;100;6.02
LR1_2_3;40R_40V_02I_05M;t1;0.05;126;4811;TRUE;213.04;LR1_2_3_t1_40R_40V_02I_05M;40;9659;34.45;60000;98.56;3.07
LR1_2_3;40R_40V_02I_06M;t1;0.05;126;4799.54;TRUE;225.61;LR1_2_3_t1_40R_40V_02I_06M;40;2586;9.84;60000;98.51;2.99
LR1_2_4;40R_40V_02I_05M;t1;0.05;126;3695.94;TRUE;587.45;LR1_2_4_t1_40R_40V_02I_05M;40;50034;489.32;60000;73.32;3.21
LR1_2_4;40R_40V_02I_06M;t1;0.05;126;3580.03;TRUE;964.47;LR1_2_4_t1_40R_40V_02I_06M;40;49607;796.58;60000;34.57;3.15
LR1_2_5;40R_40V_02I_05M;t1;0.05;126;6951.3;TRUE;109.55;LR1_2_5_t1_40R_40V_02I_05M;40;29984;55.18;60000;99.97;6.42
LR1_2_5;40R_40V_02I_06M;t1;0.05;126;6379.07;TRUE;185.87;LR1_2_5_t1_40R_40V_02I_06M;40;47778;147.89;60000;97.73;6.11
LR2_2_1;40R_40V_02I_05M;t2;0.05;126;7743.87;TRUE;1011.64;LR2_2_1_t2_40R_40V_02I_05M;40;4554;78.52;60000;0;6.76
LR2_2_1;40R_40V_02I_06M;t2;0.05;126;7742.21;TRUE;1092.99;LR2_2_1_t2_40R_40V_02I_06M;40;4554;83.8;60000;0;7.07
LR2_2_2;40R_40V_02I_05M;t2;0.05;126;6554.36;TRUE;1298.27;LR2_2_2_t2_40R_40V_02I_05M;40;57828;1251.62;60000;0;7.35
LR2_2_2;40R_40V_02I_06M;t2;0.05;126;6614.58;TRUE;1422.88;LR2_2_2_t2_40R_40V_02I_06M;40;5826;138.5;60000;0;7.62
LR2_2_3;40R_40V_02I_05M;t2;0.05;126;5767.04;TRUE;1842.33;LR2_2_3_t2_40R_40V_02I_05M;40;21302;654.74;60000;0;3.83
LR2_2_3;40R_40V_02I_06M;t2;0.05;126;5409.31;TRUE;1951.95;LR2_2_3_t2_40R_40V_02I_06M;40;13285;433.16;60000;0;4.01
LR2_2_4;40R_40V_02I_05M;t2;0.05;126;4079.69;TRUE;3146.8;LR2_2_4_t2_40R_40V_02I_05M;40;25645;1344.87;60000;0;1.83
LR2_2_4;40R_40V_02I_06M;t2;0.05;126;4079.69;TRUE;3327.85;LR2_2_4_t2_40R_40V_02I_06M;40;25645;1422.6;60000;0;1.83
LR2_2_5;40R_40V_02I_05M;t2;0.05;126;7618.43;TRUE;1169.65;LR2_2_5_t2_40R_40V_02I_05M;40;55175;1076.28;60000;0;9.77
LR2_2_5;40R_40V_02I_06M;t2;0.05;126;7618.43;TRUE;1256.58;LR2_2_5_t2_40R_40V_02I_06M;40;55175;1156.27;60000;0;9.77
LR1_2_1;40R_40V_04I_05M;t1;0.05;126;NA;FALSE;112.09;LR1_2_1_t1_40R_40V_04I_05M;40;0;0;60000;100;0
LR1_2_1;40R_40V_04I_06M;t1;0.05;126;7259.85;TRUE;169.98;LR1_2_1_t1_40R_40V_04I_06M;40;49833;141.36;60000;99.97;8.09
LR1_2_2;40R_40V_04I_05M;t1;0.05;126;NA;FALSE;123.6;LR1_2_2_t1_40R_40V_04I_05M;40;0;0;60000;100;0
LR1_2_2;40R_40V_04I_06M;t1;0.05;126;6382.78;TRUE;162.87;LR1_2_2_t1_40R_40V_04I_06M;40;16903;46.42;60000;99.99;8.23
LR1_2_3;40R_40V_04I_05M;t1;0.05;126;4656.86;TRUE;275.6;LR1_2_3_t1_40R_40V_04I_05M;40;1626;7.92;60000;99.42;6.05
LR1_2_3;40R_40V_04I_06M;t1;0.05;126;4637.76;TRUE;355.82;LR1_2_3_t1_40R_40V_04I_06M;40;17957;106.1;60000;97.7;5.24
LR1_2_4;40R_40V_04I_05M;t1;0.05;126;3592.31;TRUE;723.3;LR1_2_4_t1_40R_40V_04I_05M;40;58709;707.14;60000;88.4;3.69
LR1_2_4;40R_40V_04I_06M;t1;0.05;126;3731.05;TRUE;902.6;LR1_2_4_t1_40R_40V_04I_06M;40;31172;468.16;60000;78.57;3.15
LR1_2_5;40R_40V_04I_05M;t1;0.05;126;5742.25;TRUE;211.89;LR1_2_5_t1_40R_40V_04I_05M;40;55203;194.85;60000;99.98;10.55
LR1_2_5;40R_40V_04I_06M;t1;0.05;126;5346.07;TRUE;305.47;LR1_2_5_t1_40R_40V_04I_06M;40;2843;14.86;60000;99.1;8.5
LR2_2_1;40R_40V_04I_05M;t2;0.05;126;7741.31;TRUE;1369.99;LR2_2_1_t2_40R_40V_04I_05M;40;6113;141.41;60000;0;6.08
LR2_2_1;40R_40V_04I_06M;t2;0.05;126;7956.11;TRUE;1474.83;LR2_2_1_t2_40R_40V_04I_06M;40;37903;932.78;60000;0;6.35
LR2_2_2;40R_40V_04I_05M;t2;0.05;126;6820.26;TRUE;1493.93;LR2_2_2_t2_40R_40V_04I_05M;40;34960;872.16;60000;33;6.74
LR2_2_2;40R_40V_04I_06M;t2;0.05;126;6559.93;TRUE;1922.93;LR2_2_2_t2_40R_40V_04I_06M;40;22551;726.04;60000;3.31;7.22
LR2_2_3;40R_40V_04I_05M;t2;0.05;126;5988.93;TRUE;2917.26;LR2_2_3_t2_40R_40V_04I_05M;40;41996;2044.68;60000;0;3.24
LR2_2_3;40R_40V_04I_06M;t2;0.05;126;5863.74;TRUE;3064.18;LR2_2_3_t2_40R_40V_04I_06M;40;41996;2146.69;60000;0;3.39
LR2_2_4;40R_40V_04I_05M;t2;0.05;126;4416.34;TRUE;3600.09;LR2_2_4_t2_40R_40V_04I_05M;40;321;28.28;40286;0;1.41
LR2_2_4;40R_40V_04I_06M;t2;0.05;126;4479.37;TRUE;3600.09;LR2_2_4_t2_40R_40V_04I_06M;40;11785;1111.59;38135;0;1.46
LR2_2_5;40R_40V_04I_05M;t2;0.05;126;8168.76;TRUE;1669.99;LR2_2_5_t2_40R_40V_04I_05M;40;56795;1581.35;60000;0;7.88
LR2_2_5;40R_40V_04I_06M;t2;0.05;126;8151.33;TRUE;1737.49;LR2_2_5_t2_40R_40V_04I_06M;40;10704;312.44;60000;0;8.45
LR1_2_1;60R_60V_02I_05M;t1;0.05;126;12347;TRUE;177.85;LR1_2_1_t1_60R_60V_02I_05M;60;1;0.02;60000;100;6.92
LR1_2_1;60R_60V_02I_06M;t1;0.05;126;12282.42;TRUE;197.43;LR1_2_1_t1_60R_60V_02I_06M;60;1;0.02;60000;100;6.69
LR1_2_2;60R_60V_02I_05M;t1;0.05;126;7693.56;TRUE;491;LR1_2_2_t1_60R_60V_02I_05M;60;46991;385.23;60000;96.96;4.38
LR1_2_2;60R_60V_02I_06M;t1;0.05;126;7553.65;TRUE;543.27;LR1_2_2_t1_60R_60V_02I_06M;60;53536;484.9;60000;95.35;4.38
LR1_2_3;60R_60V_02I_05M;t1;0.05;126;8320.23;TRUE;240.5;LR1_2_3_t1_60R_60V_02I_05M;60;1;0.02;60000;100;1.71
LR1_2_3;60R_60V_02I_06M;t1;0.05;126;8725.41;TRUE;276.6;LR1_2_3_t1_60R_60V_02I_06M;60;1;0.03;60000;100;2.52
LR1_2_4;60R_60V_02I_05M;t1;0.05;126;5542.17;TRUE;1148.67;LR1_2_4_t1_60R_60V_02I_05M;60;54124;1035.05;60000;90.42;1.91
LR1_2_4;60R_60V_02I_06M;t1;0.05;126;5404.63;TRUE;1260.01;LR1_2_4_t1_60R_60V_02I_06M;60;4785;100.73;60000;89.09;1.79
LR1_2_5;60R_60V_02I_05M;t1;0.05;126;7534.07;TRUE;767.85;LR1_2_5_t1_60R_60V_02I_05M;60;21486;274.3;60000;85.66;5.82
LR1_2_5;60R_60V_02I_06M;t1;0.05;126;7478.07;TRUE;1049.82;LR1_2_5_t1_60R_60V_02I_06M;60;21786;380.6;60000;66.27;5.67
LR2_2_1;60R_60V_02I_05M;t2;0.05;126;12261.9;TRUE;2194.75;LR2_2_1_t2_60R_60V_02I_05M;60;43640;1601.86;60000;0;5.47
LR2_2_1;60R_60V_02I_06M;t2;0.05;126;12261.67;TRUE;2357.81;LR2_2_1_t2_60R_60V_02I_06M;60;43640;1719.56;60000;0;5.78
LR2_2_2;60R_60V_02I_05M;t2;0.05;126;9094.04;TRUE;2965.05;LR2_2_2_t2_60R_60V_02I_05M;60;35366;1750.25;60000;0;4.39
LR2_2_2;60R_60V_02I_06M;t2;0.05;126;9480.18;TRUE;3144.45;LR2_2_2_t2_60R_60V_02I_06M;60;6325;335.32;60000;0;4.64
LR2_2_3;60R_60V_02I_05M;t2;0.05;126;8939.27;TRUE;3600.02;LR2_2_3_t2_60R_60V_02I_05M;60;48107;3165.29;54749;0;3.74
LR2_2_3;60R_60V_02I_06M;t2;0.05;126;8939.12;TRUE;3600.06;LR2_2_3_t2_60R_60V_02I_06M;60;48107;3356.34;51604;0;3.74
LR2_2_4;60R_60V_02I_05M;t2;0.05;126;6827.68;TRUE;3600.03;LR2_2_4_t2_60R_60V_02I_05M;60;13317;1234.04;38807;0;1.92
LR2_2_4;60R_60V_02I_06M;t2;0.05;126;6827.64;TRUE;3600.08;LR2_2_4_t2_60R_60V_02I_06M;60;13317;1296.02;36948;0;1.92
LR2_2_5;60R_60V_02I_05M;t2;0.05;126;11922.06;TRUE;2562.05;LR2_2_5_t2_60R_60V_02I_05M;60;38627;1654.5;60000;0;8.23
LR2_2_5;60R_60V_02I_06M;t2;0.05;126;11922.06;TRUE;2752.11;LR2_2_5_t2_60R_60V_02I_06M;60;38627;1774.93;60000;0;8.23
LR1_2_1;60R_60V_04I_05M;t1;0.05;126;NA;FALSE;340.51;LR1_2_1_t1_60R_60V_04I_05M;60;0;0;60000;100;0
LR1_2_1;60R_60V_04I_06M;t1;0.05;126;12004.33;TRUE;439.95;LR1_2_1_t1_60R_60V_04I_06M;60;41390;304.54;60000;100;8.88
LR1_2_2;60R_60V_04I_05M;t1;0.05;126;NA;FALSE;349.01;LR1_2_2_t1_60R_60V_04I_05M;60;0;0;60000;100;0
LR1_2_2;60R_60V_04I_06M;t1;0.05;126;9191.23;TRUE;509.43;LR1_2_2_t1_60R_60V_04I_06M;60;46659;395.92;60000;100;6.74
LR1_2_3;60R_60V_04I_05M;t1;0.05;126;7470.22;TRUE;609.65;LR1_2_3_t1_60R_60V_04I_05M;60;35553;362.02;60000;99.99;6.82
LR1_2_3;60R_60V_04I_06M;t1;0.05;126;7474.82;TRUE;789.83;LR1_2_3_t1_60R_60V_04I_06M;60;16656;219.82;60000;99.84;6.56
LR1_2_4;60R_60V_04I_05M;t1;0.05;126;5573.36;TRUE;1614.77;LR1_2_4_t1_60R_60V_04I_05M;60;32828;885.65;60000;96.72;4.66
LR1_2_4;60R_60V_04I_06M;t1;0.05;126;5266.91;TRUE;2166;LR1_2_4_t1_60R_60V_04I_06M;60;46755;1687.76;60000;90.84;4.02
LR1_2_5;60R_60V_04I_05M;t1;0.05;126;NA;FALSE;312.83;LR1_2_5_t1_60R_60V_04I_05M;60;0;0;60000;100;0
LR1_2_5;60R_60V_04I_06M;t1;0.05;126;8520.58;TRUE;441.94;LR1_2_5_t1_60R_60V_04I_06M;60;25819;191.1;60000;99.99;8.84
LR2_2_1;60R_60V_04I_05M;t2;0.05;126;12079.5;TRUE;2781.01;LR2_2_1_t2_60R_60V_04I_05M;60;9810;456.47;60000;24.36;5.72
LR2_2_1;60R_60V_04I_06M;t2;0.05;126;12187.38;TRUE;3308.95;LR2_2_1_t2_60R_60V_04I_06M;60;31280;1732.16;60000;8.11;5.94
LR2_2_2;60R_60V_04I_05M;t2;0.05;126;9633.24;TRUE;3060.9;LR2_2_2_t2_60R_60V_04I_05M;60;9810;502.14;60000;50.87;5.34
LR2_2_2;60R_60V_04I_06M;t2;0.05;126;9947.84;TRUE;3600.02;LR2_2_2_t2_60R_60V_04I_06M;60;31038;2322.12;48129;7.55;5.56
LR2_2_3;60R_60V_04I_05M;t2;0.05;126;10068.22;TRUE;3600.02;LR2_2_3_t2_60R_60V_04I_05M;60;30652;3422.45;32251;0.42;3.24
LR2_2_3;60R_60V_04I_06M;t2;0.05;126;9915.27;TRUE;3600.06;LR2_2_3_t2_60R_60V_04I_06M;60;23936;2849.53;30225;0.04;3.45
LR2_2_4;60R_60V_04I_05M;t2;0.05;126;6943.76;TRUE;3600.08;LR2_2_4_t2_60R_60V_04I_05M;60;10646;2081.33;18397;0;1.15
LR2_2_4;60R_60V_04I_06M;t2;0.05;126;7056.53;TRUE;3600.09;LR2_2_4_t2_60R_60V_04I_06M;60;13314;2828.65;16939;0;1.18
LR2_2_5;60R_60V_04I_05M;t2;0.05;126;12410.25;TRUE;3600.02;LR2_2_5_t2_60R_60V_04I_05M;60;7503;481.43;56247;0;5.61
LR2_2_5;60R_60V_04I_06M;t2;0.05;126;12280.75;TRUE;3600.03;LR2_2_5_t2_60R_60V_04I_06M;60;7503;514.3;52844;0;6.08
lr101;06R_06V_02I_03M;t1;0.05;143;784.11;TRUE;89.54;lr101_t1_06R_06V_02I_03M;6;1;0;60000;0;18.33
lr101;06R_06V_02I_04M;t1;0.05;143;763.79;TRUE;91.4;lr101_t1_06R_06V_02I_04M;6;2;0.32;60000;0;19.55
lr102;06R_06V_02I_03M;t1;0.05;143;542.25;TRUE;86.64;lr102_t1_06R_06V_02I_03M;6;4;0.33;60000;0;13.08
lr102;06R_06V_02I_04M;t1;0.05;143;542.25;TRUE;87.78;lr102_t1_06R_06V_02I_04M;6;4;0.29;60000;0;13.14
lr103;06R_06V_02I_03M;t1;0.05;143;455.04;TRUE;90.79;lr103_t1_06R_06V_02I_03M;6;7;0.33;60000;0;19.87
lr103;06R_06V_02I_04M;t1;0.05;143;452.25;TRUE;91.82;lr103_t1_06R_06V_02I_04M;6;7;0.3;60000;0;20.18
lr104;06R_06V_02I_03M;t1;0.05;143;431.14;TRUE;86.21;lr104_t1_06R_06V_02I_03M;6;8;0.3;60000;0;13.47
lr104;06R_06V_02I_04M;t1;0.05;143;426.97;TRUE;89.31;lr104_t1_06R_06V_02I_04M;6;8;0.3;60000;0;13.96
lr105;06R_06V_02I_03M;t1;0.05;143;472.54;TRUE;89.79;lr105_t1_06R_06V_02I_03M;6;14;0.31;60000;0;22.94
lr105;06R_06V_02I_04M;t1;0.05;143;471.8;TRUE;83.79;lr105_t1_06R_06V_02I_04M;6;14;0.34;60000;0;22.96
lr201;06R_06V_02I_03M;t2;0.05;143;841.88;TRUE;84.34;lr201_t2_06R_06V_02I_03M;6;80;0.4;60000;0;26.43
lr201;06R_06V_02I_04M;t2;0.05;143;840.13;TRUE;86.54;lr201_t2_06R_06V_02I_04M;6;80;0.39;60000;0;26.67
lr202;06R_06V_02I_03M;t2;0.05;143;606.04;TRUE;95.23;lr202_t2_06R_06V_02I_03M;6;240;0.67;60000;0;42.95
lr202;06R_06V_02I_04M;t2;0.05;143;606.04;TRUE;96.58;lr202_t2_06R_06V_02I_04M;6;240;0.73;60000;0;42.95
lr203;06R_06V_02I_03M;t2;0.05;143;676.69;TRUE;96.47;lr203_t2_06R_06V_02I_03M;6;161;0.59;60000;0;32.99
lr203;06R_06V_02I_04M;t2;0.05;143;676.69;TRUE;98.85;lr203_t2_06R_06V_02I_04M;6;161;0.57;60000;0;33.02
lr204;06R_06V_02I_03M;t2;0.05;143;559.82;TRUE;109.4;lr204_t2_06R_06V_02I_03M;6;2292;4.75;60000;0;23.61
lr204;06R_06V_02I_04M;t2;0.05;143;553.06;TRUE;111.39;lr204_t2_06R_06V_02I_04M;6;297;0.91;60000;0;21.46
lr205;06R_06V_02I_03M;t2;0.05;143;551.63;TRUE;90.02;lr205_t2_06R_06V_02I_03M;6;6;0.29;60000;0;30.75
lr205;06R_06V_02I_04M;t2;0.05;143;549.2;TRUE;92.65;lr205_t2_06R_06V_02I_04M;6;6;0.34;60000;0;30.73
lr101;06R_06V_04I_03M;t1;0.05;143;784.7;TRUE;12.14;lr101_t1_06R_06V_04I_03M;6;233;0.36;60000;92.57;14.67
lr101;06R_06V_04I_04M;t1;0.05;143;757.4;TRUE;48.18;lr101_t1_06R_06V_04I_04M;6;27;0.3;60000;53.21;16.53
lr102;06R_06V_04I_03M;t1;0.05;143;619.93;TRUE;37.76;lr102_t1_06R_06V_04I_03M;6;361;0.5;60000;68.17;11.34
lr102;06R_06V_04I_04M;t1;0.05;143;613.22;TRUE;102.92;lr102_t1_06R_06V_04I_04M;6;1;0;60000;1.4;13.45
lr103;06R_06V_04I_03M;t1;0.05;143;448.87;TRUE;97.24;lr103_t1_06R_06V_04I_03M;6;1;0;60000;0;19.23
lr103;06R_06V_04I_04M;t1;0.05;143;446.87;TRUE;98.55;lr103_t1_06R_06V_04I_04M;6;1;0;60000;0;19.3
lr104;06R_06V_04I_03M;t1;0.05;143;469.54;TRUE;97.24;lr104_t1_06R_06V_04I_03M;6;19;0.3;60000;0;11.19
lr104;06R_06V_04I_04M;t1;0.05;143;465.1;TRUE;99.06;lr104_t1_06R_06V_04I_04M;6;19;0.29;60000;0;11.89
lr105;06R_06V_04I_03M;t1;0.05;143;521.52;TRUE;32.54;lr105_t1_06R_06V_04I_03M;6;42;0.35;60000;71.81;15.85
lr105;06R_06V_04I_04M;t1;0.05;143;513.23;TRUE;100.18;lr105_t1_06R_06V_04I_04M;6;247;0.71;60000;0;18.48
lr201;06R_06V_04I_03M;t2;0.05;143;903.79;TRUE;97.72;lr201_t2_06R_06V_04I_03M;6;22;0.36;60000;0;23.28
lr201;06R_06V_04I_04M;t2;0.05;143;895.88;TRUE;99.62;lr201_t2_06R_06V_04I_04M;6;80;0.44;60000;0;23.25
lr202;06R_06V_04I_03M;t2;0.05;143;547.87;TRUE;106.54;lr202_t2_06R_06V_04I_03M;6;52;0.39;60000;0;27.14
lr202;06R_06V_04I_04M;t2;0.05;143;547.87;TRUE;109.08;lr202_t2_06R_06V_04I_04M;6;52;0.42;60000;0;27.24
lr203;06R_06V_04I_03M;t2;0.05;143;685.01;TRUE;109.98;lr203_t2_06R_06V_04I_03M;6;16;0.35;60000;0;27.74
lr203;06R_06V_04I_04M;t2;0.05;143;681.89;TRUE;113.31;lr203_t2_06R_06V_04I_04M;6;16;0.35;60000;0;30.54
lr204;06R_06V_04I_03M;t2;0.05;143;610.47;TRUE;126.29;lr204_t2_06R_06V_04I_03M;6;7240;15.41;60000;0;21.49
lr204;06R_06V_04I_04M;t2;0.05;143;601.61;TRUE;130.44;lr204_t2_06R_06V_04I_04M;6;4929;11.06;60000;0;22.4
lr205;06R_06V_04I_03M;t2;0.05;143;535.22;TRUE;116.83;lr205_t2_06R_06V_04I_03M;6;1508;3.33;60000;0;27.1
lr205;06R_06V_04I_04M;t2;0.05;143;535.22;TRUE;120.22;lr205_t2_06R_06V_04I_04M;6;73;0.47;60000;0;26.79
lr101;08R_08V_02I_03M;t1;0.05;143;946.87;TRUE;43.53;lr101_t1_08R_08V_02I_03M;8;100;0.35;60000;64.66;21.9
lr101;08R_08V_02I_04M;t1;0.05;143;948.49;TRUE;77.38;lr101_t1_08R_08V_02I_04M;8;18;0.34;60000;32.6;22.33
lr102;08R_08V_02I_03M;t1;0.05;143;770.92;TRUE;107.63;lr102_t1_08R_08V_02I_03M;8;293;0.86;60000;0;15.31
lr102;08R_08V_02I_04M;t1;0.05;143;770.92;TRUE;109.66;lr102_t1_08R_08V_02I_04M;8;293;0.84;60000;0;15.31
lr103;08R_08V_02I_03M;t1;0.05;143;546.38;TRUE;116.24;lr103_t1_08R_08V_02I_03M;8;449;1.17;60000;0.06;12.28
lr103;08R_08V_02I_04M;t1;0.05;143;546.38;TRUE;118.37;lr103_t1_08R_08V_02I_04M;8;449;1.21;60000;0;12.12
lr104;08R_08V_02I_03M;t1;0.05;143;558.37;TRUE;106.82;lr104_t1_08R_08V_02I_03M;8;10;0.3;60000;0;12.96
lr104;08R_08V_02I_04M;t1;0.05;143;558.37;TRUE;109.39;lr104_t1_08R_08V_02I_04M;8;10;0.32;60000;0;13.16
lr105;08R_08V_02I_03M;t1;0.05;143;557.04;TRUE;99.25;lr105_t1_08R_08V_02I_03M;8;16;0.32;60000;0;18.42
lr105;08R_08V_02I_04M;t1;0.05;143;556.3;TRUE;101.61;lr105_t1_08R_08V_02I_04M;8;16;0.31;60000;0;18.44
lr201;08R_08V_02I_03M;t2;0.05;143;948.1;TRUE;101.54;lr201_t2_08R_08V_02I_03M;8;32;0.38;60000;0;26.91
lr201;08R_08V_02I_04M;t2;0.05;143;944.72;TRUE;101.93;lr201_t2_08R_08V_02I_04M;8;32;0.37;60000;0;26.87
lr202;08R_08V_02I_03M;t2;0.05;143;694.1;TRUE;127.76;lr202_t2_08R_08V_02I_03M;8;30164;64.3;60000;0;34.8
lr202;08R_08V_02I_04M;t2;0.05;143;694.1;TRUE;131.8;lr202_t2_08R_08V_02I_04M;8;30164;66.27;60000;0;34.81
lr203;08R_08V_02I_03M;t2;0.05;143;685.02;TRUE;128.8;lr203_t2_08R_08V_02I_03M;8;879;2.33;60000;0;23.97
lr203;08R_08V_02I_04M;t2;0.05;143;684.26;TRUE;130.81;lr203_t2_08R_08V_02I_04M;8;879;2.31;60000;0;24.26
lr204;08R_08V_02I_03M;t2;0.05;143;683.79;TRUE;137.82;lr204_t2_08R_08V_02I_03M;8;35090;80.73;60000;0;13.13
lr204;08R_08V_02I_04M;t2;0.05;143;682.02;TRUE;142.19;lr204_t2_08R_08V_02I_04M;8;985;2.74;60000;0;13.18
lr205;08R_08V_02I_03M;t2;0.05;143;654.88;TRUE;123.69;lr205_t2_08R_08V_02I_03M;8;53527;110.39;60000;0;28.13
lr205;08R_08V_02I_04M;t2;0.05;143;639.95;TRUE;128.54;lr205_t2_08R_08V_02I_04M;8;5436;12.13;60000;0;27.44
lr101;08R_08V_04I_03M;t1;0.05;143;1155.57;TRUE;7.08;lr101_t1_08R_08V_04I_03M;8;1517;0.48;60000;99.63;16.72
lr101;08R_08V_04I_04M;t1;0.05;143;1067.57;TRUE;44.42;lr101_t1_08R_08V_04I_04M;8;65;0.34;60000;69.22;19.6
lr102;08R_08V_04I_03M;t1;0.05;143;772.63;TRUE;62.14;lr102_t1_08R_08V_04I_03M;8;38070;39.31;60000;51.07;14.56
lr102;08R_08V_04I_04M;t1;0.05;143;773.21;TRUE;64.82;lr102_t1_08R_08V_04I_04M;8;165;0.54;60000;50.38;14.34
lr103;08R_08V_04I_03M;t1;0.05;143;563.98;TRUE;104.92;lr103_t1_08R_08V_04I_03M;8;139;0.6;60000;19.63;11.54
lr103;08R_08V_04I_04M;t1;0.05;143;562.45;TRUE;129.26;lr103_t1_08R_08V_04I_04M;8;65;0.47;60000;1.38;10.6
lr104;08R_08V_04I_03M;t1;0.05;143;649.57;TRUE;107.71;lr104_t1_08R_08V_04I_03M;8;408;1.04;60000;18.89;16.3
lr104;08R_08V_04I_04M;t1;0.05;143;649.55;TRUE;129.27;lr104_t1_08R_08V_04I_04M;8;205;0.77;60000;3.27;10.63
lr105;08R_08V_04I_03M;t1;0.05;143;754.77;TRUE;26.61;lr105_t1_08R_08V_04I_03M;8;691;0.62;60000;86.11;14.4
lr105;08R_08V_04I_04M;t1;0.05;143;751.51;TRUE;104.57;lr105_t1_08R_08V_04I_04M;8;1745;3.42;60000;15.31;13.56
lr201;08R_08V_04I_03M;t2;0.05;143;1022.83;TRUE;122.65;lr201_t2_08R_08V_04I_03M;8;3840;8.37;60000;0;22.06
lr201;08R_08V_04I_04M;t2;0.05;143;1018.91;TRUE;124.53;lr201_t2_08R_08V_04I_04M;8;3840;8.28;60000;0;21.84
lr202;08R_08V_04I_03M;t2;0.05;143;772.88;TRUE;154.11;lr202_t2_08R_08V_04I_03M;8;27469;70.65;60000;0;25.16
lr202;08R_08V_04I_04M;t2;0.05;143;760.72;TRUE;159.47;lr202_t2_08R_08V_04I_04M;8;11346;30.48;60000;0;30.51
lr203;08R_08V_04I_03M;t2;0.05;143;684.38;TRUE;138.94;lr203_t2_08R_08V_04I_03M;8;2163;5.32;60000;0;20.91
lr203;08R_08V_04I_04M;t2;0.05;143;683.66;TRUE;143.95;lr203_t2_08R_08V_04I_04M;8;523;1.58;60000;0;21.26
lr204;08R_08V_04I_03M;t2;0.05;143;721.23;TRUE;165.89;lr204_t2_08R_08V_04I_03M;8;5455;15.45;60000;0;14.13
lr204;08R_08V_04I_04M;t2;0.05;143;720.9;TRUE;174.62;lr204_t2_08R_08V_04I_04M;8;5455;16.34;60000;0;14.76
lr205;08R_08V_04I_03M;t2;0.05;143;662.24;TRUE;152.24;lr205_t2_08R_08V_04I_03M;8;32;0.37;60000;0;27.54
lr205;08R_08V_04I_04M;t2;0.05;143;661.85;TRUE;157.74;lr205_t2_08R_08V_04I_04M;8;32;0.37;60000;0;27.55
lr101;10R_10V_02I_03M;t1;0.05;143;1295.99;TRUE;15.32;lr101_t1_10R_10V_02I_03M;10;7179;2.15;60000;96.11;13.11
lr101;10R_10V_02I_04M;t1;0.05;143;1254.94;TRUE;60.4;lr101_t1_10R_10V_02I_04M;10;4354;4.87;60000;60.31;14.14
lr102;10R_10V_02I_03M;t1;0.05;143;1018.62;TRUE;121.04;lr102_t1_10R_10V_02I_03M;10;6;0.3;60000;0;11.56
lr102;10R_10V_02I_04M;t1;0.05;143;1018.62;TRUE;126.43;lr102_t1_10R_10V_02I_04M;10;6;0.33;60000;0;11.56
lr103;10R_10V_02I_03M;t1;0.05;143;610.04;TRUE;132.99;lr103_t1_10R_10V_02I_03M;10;14;0.32;60000;0.19;8.47
lr103;10R_10V_02I_04M;t1;0.05;143;610.04;TRUE;137.16;lr103_t1_10R_10V_02I_04M;10;14;0.35;60000;0;8.4
lr104;10R_10V_02I_03M;t1;0.05;143;687.39;TRUE;116.48;lr104_t1_10R_10V_02I_03M;10;6359;12.86;60000;0;6.37
lr104;10R_10V_02I_04M;t1;0.05;143;671.72;TRUE;121.35;lr104_t1_10R_10V_02I_04M;10;22310;45.36;60000;0;7.04
lr105;10R_10V_02I_03M;t1;0.05;143;671.01;TRUE;111.8;lr105_t1_10R_10V_02I_03M;10;59;0.39;60000;0;18.65
lr105;10R_10V_02I_04M;t1;0.05;143;671.01;TRUE;114.44;lr105_t1_10R_10V_02I_04M;10;59;0.41;60000;0;18.66
lr201;10R_10V_02I_03M;t2;0.05;143;1006.56;TRUE;125.49;lr201_t2_10R_10V_02I_03M;10;172;0.72;60000;0;26.5
lr201;10R_10V_02I_04M;t2;0.05;143;1005.86;TRUE;129.61;lr201_t2_10R_10V_02I_04M;10;172;0.67;60000;0;26.52
lr202;10R_10V_02I_03M;t2;0.05;143;810.23;TRUE;139.77;lr202_t2_10R_10V_02I_03M;10;2666;6.63;60000;0;27.75
lr202;10R_10V_02I_04M;t2;0.05;143;809.32;TRUE;146.83;lr202_t2_10R_10V_02I_04M;10;2666;6.85;60000;0;28.17
lr203;10R_10V_02I_03M;t2;0.05;143;756.99;TRUE;181.87;lr203_t2_10R_10V_02I_03M;10;24668;75.03;60000;0;19.71
lr203;10R_10V_02I_04M;t2;0.05;143;756.27;TRUE;191.47;lr203_t2_10R_10V_02I_04M;10;24668;79.13;60000;0;20.02
lr204;10R_10V_02I_03M;t2;0.05;143;762.31;TRUE;178.79;lr204_t2_10R_10V_02I_03M;10;448;2.02;60000;0;8.78
lr204;10R_10V_02I_04M;t2;0.05;143;751.48;TRUE;189.15;lr204_t2_10R_10V_02I_04M;10;46876;147.96;60000;0;9.52
lr205;10R_10V_02I_03M;t2;0.05;143;758.33;TRUE;140.9;lr205_t2_10R_10V_02I_03M;10;16254;38.43;60000;0;31.32
lr205;10R_10V_02I_04M;t2;0.05;143;758.33;TRUE;145.22;lr205_t2_10R_10V_02I_04M;10;16254;39.76;60000;0;31.32
lr101;10R_10V_04I_03M;t1;0.05;143;1275.66;TRUE;13.67;lr101_t1_10R_10V_04I_03M;10;1232;0.54;60000;99.65;22.08
lr101;10R_10V_04I_04M;t1;0.05;143;1207.27;TRUE;66.15;lr101_t1_10R_10V_04I_04M;10;1770;2.37;60000;60.25;21.11
lr102;10R_10V_04I_03M;t1;0.05;143;943.35;TRUE;53.03;lr102_t1_10R_10V_04I_03M;10;7078;6.71;60000;70.26;12.73
lr102;10R_10V_04I_04M;t1;0.05;143;938.67;TRUE;106.77;lr102_t1_10R_10V_04I_04M;10;597;1.44;60000;29.99;12.08
lr103;10R_10V_04I_03M;t1;0.05;143;615.06;TRUE;119.1;lr103_t1_10R_10V_04I_03M;10;391;1.13;60000;23.06;15.05
lr103;10R_10V_04I_04M;t1;0.05;143;611.6;TRUE;148.87;lr103_t1_10R_10V_04I_04M;10;15;0.35;60000;4.27;13.73
lr104;10R_10V_04I_03M;t1;0.05;143;745.94;TRUE;133.11;lr104_t1_10R_10V_04I_03M;10;27514;61.28;60000;9.6;12.91
lr104;10R_10V_04I_04M;t1;0.05;143;745.94;TRUE;149.87;lr104_t1_10R_10V_04I_04M;10;17395;43.96;60000;0.09;12.77
lr105;10R_10V_04I_03M;t1;0.05;143;668.46;TRUE;53.51;lr105_t1_10R_10V_04I_03M;10;61;0.35;60000;66.35;14.35
lr105;10R_10V_04I_04M;t1;0.05;143;665.48;TRUE;122.58;lr105_t1_10R_10V_04I_04M;10;72;0.47;60000;9.33;15.57
lr201;10R_10V_04I_03M;t2;0.05;143;1271.26;TRUE;151.94;lr201_t2_10R_10V_04I_03M;10;5991;15.46;60000;0;21.89
lr201;10R_10V_04I_04M;t2;0.05;143;1271.26;TRUE;156.13;lr201_t2_10R_10V_04I_04M;10;3254;8.87;60000;0;22.08
lr202;10R_10V_04I_03M;t2;0.05;143;975.58;TRUE;120.49;lr202_t2_10R_10V_04I_03M;10;28754;57.59;60000;43.69;25.43
lr202;10R_10V_04I_04M;t2;0.05;143;947.77;TRUE;190.68;lr202_t2_10R_10V_04I_04M;10;44397;141.19;60000;2.88;27.83
lr203;10R_10V_04I_03M;t2;0.05;143;814.83;TRUE;227.63;lr203_t2_10R_10V_04I_03M;10;5035;19.63;60000;0;15.29
lr203;10R_10V_04I_04M;t2;0.05;143;789.94;TRUE;240.64;lr203_t2_10R_10V_04I_04M;10;52360;210.12;60000;0;16.7
lr204;10R_10V_04I_03M;t2;0.05;143;783.21;TRUE;239.6;lr204_t2_10R_10V_04I_03M;10;8707;35.45;60000;0;8.55
lr204;10R_10V_04I_04M;t2;0.05;143;778.87;TRUE;250.73;lr204_t2_10R_10V_04I_04M;10;8707;37.05;60000;0;8.3
lr205;10R_10V_04I_03M;t2;0.05;143;791.27;TRUE;176.87;lr205_t2_10R_10V_04I_03M;10;50979;150.43;60000;0;26.25
lr205;10R_10V_04I_04M;t2;0.05;143;784.55;TRUE;185.69;lr205_t2_10R_10V_04I_04M;10;35473;110;60000;0;26.58
lr101;12R_12V_02I_03M;t1;0.05;143;1432.08;TRUE;20.78;lr101_t1_12R_12V_02I_03M;12;18565;6.82;60000;94.39;15.98
lr101;12R_12V_02I_04M;t1;0.05;143;1391.03;TRUE;71.47;lr101_t1_12R_12V_02I_04M;12;846;1.38;60000;58.09;16.84
lr102;12R_12V_02I_03M;t1;0.05;143;981.42;TRUE;125.94;lr102_t1_12R_12V_02I_03M;12;37;0.39;60000;6.52;14.78
lr102;12R_12V_02I_04M;t1;0.05;143;975.57;TRUE;138.07;lr102_t1_12R_12V_02I_04M;12;66;0.48;60000;0.24;14.45
lr103;12R_12V_02I_03M;t1;0.05;143;716.73;TRUE;146.97;lr103_t1_12R_12V_02I_03M;12;16462;40.81;60000;1.2;10.28
lr103;12R_12V_02I_04M;t1;0.05;143;714.59;TRUE;155.63;lr103_t1_12R_12V_02I_04M;12;27776;72.58;60000;0;10.62
lr104;12R_12V_02I_03M;t1;0.05;143;778.66;TRUE;159.99;lr104_t1_12R_12V_02I_03M;12;17096;46.03;60000;0.46;7.81
lr104;12R_12V_02I_04M;t1;0.05;143;771.73;TRUE;166.69;lr104_t1_12R_12V_02I_04M;12;34710;96.68;60000;0;7.81
lr105;12R_12V_02I_03M;t1;0.05;143;1344.91;TRUE;13.87;lr105_t1_12R_12V_02I_03M;12;10961;2.84;60000;98.8;8.7
lr105;12R_12V_02I_04M;t1;0.05;143;1297.52;TRUE;33.2;lr105_t1_12R_12V_02I_04M;12;49372;27.37;60000;89.24;8.39
lr201;12R_12V_02I_03M;t2;0.05;143;1329.16;TRUE;148.22;lr201_t2_12R_12V_02I_03M;12;3470;8.99;60000;0;24.98
lr201;12R_12V_02I_04M;t2;0.05;143;1328.46;TRUE;152.65;lr201_t2_12R_12V_02I_04M;12;2322;6.38;60000;0;25
lr202;12R_12V_02I_03M;t2;0.05;143;885.14;TRUE;181.38;lr202_t2_12R_12V_02I_03M;12;27537;83.21;60000;0;25.59
lr202;12R_12V_02I_04M;t2;0.05;143;885.14;TRUE;190.9;lr202_t2_12R_12V_02I_04M;12;27537;87.86;60000;0;25.62
lr203;12R_12V_02I_03M;t2;0.05;143;1092.81;TRUE;220.18;lr203_t2_12R_12V_02I_03M;12;30461;112.06;60000;0;12.24
lr203;12R_12V_02I_04M;t2;0.05;143;1104.73;TRUE;230.58;lr203_t2_12R_12V_02I_04M;12;51792;198.94;60000;0;12.3
lr204;12R_12V_02I_03M;t2;0.05;143;836.56;TRUE;221.16;lr204_t2_12R_12V_02I_03M;12;24741;91.7;60000;0;5.25
lr204;12R_12V_02I_04M;t2;0.05;143;836.56;TRUE;231.67;lr204_t2_12R_12V_02I_04M;12;24741;96.54;60000;0;5.34
lr205;12R_12V_02I_03M;t2;0.05;143;906.55;TRUE;189.54;lr205_t2_12R_12V_02I_03M;12;34491;109.23;60000;0;24.48
lr205;12R_12V_02I_04M;t2;0.05;143;906.55;TRUE;198.56;lr205_t2_12R_12V_02I_04M;12;34491;114.38;60000;0;24.6
lr101;12R_12V_04I_03M;t1;0.05;143;1363.96;TRUE;13.81;lr101_t1_12R_12V_04I_03M;12;42746;10.01;60000;99.8;19.6
lr101;12R_12V_04I_04M;t1;0.05;143;1310.09;TRUE;36.51;lr101_t1_12R_12V_04I_04M;12;35796;21.92;60000;88.77;20.1
lr102;12R_12V_04I_03M;t1;0.05;143;992.09;TRUE;66.98;lr102_t1_12R_12V_04I_03M;12;44623;49.86;60000;62.58;12.2
lr102;12R_12V_04I_04M;t1;0.05;143;984.64;TRUE;129.18;lr102_t1_12R_12V_04I_04M;12;812;2.08;60000;18.69;13.4
lr103;12R_12V_04I_03M;t1;0.05;143;800.07;TRUE;106.22;lr103_t1_12R_12V_04I_03M;12;37078;65.43;60000;56.3;9.1
lr103;12R_12V_04I_04M;t1;0.05;143;794.52;TRUE;170.37;lr103_t1_12R_12V_04I_04M;12;30343;86.48;60000;17.6;8.54
lr104;12R_12V_04I_03M;t1;0.05;143;847.82;TRUE;171.88;lr104_t1_12R_12V_04I_03M;12;1695;5.3;60000;8.19;7.84
lr104;12R_12V_04I_04M;t1;0.05;143;847.82;TRUE;191.45;lr104_t1_12R_12V_04I_04M;12;5740;18.84;60000;0.26;7.2
lr105;12R_12V_04I_03M;t1;0.05;143;834.01;TRUE;76.66;lr105_t1_12R_12V_04I_03M;12;10267;13.57;60000;57.92;16.09
lr105;12R_12V_04I_04M;t1;0.05;143;833.13;TRUE;141.61;lr105_t1_12R_12V_04I_04M;12;11979;28.64;60000;12.26;16.87
lr201;12R_12V_04I_03M;t2;0.05;143;1452.66;TRUE;181.04;lr201_t2_12R_12V_04I_03M;12;14425;43.59;60000;0;21.11
lr201;12R_12V_04I_04M;t2;0.05;143;1452.19;TRUE;187.94;lr201_t2_12R_12V_04I_04M;12;14425;45.36;60000;0;21.43
lr202;12R_12V_04I_03M;t2;0.05;143;1042.21;TRUE;186.76;lr202_t2_12R_12V_04I_03M;12;9530;30.13;60000;24.49;26.48
lr202;12R_12V_04I_04M;t2;0.05;143;1015.88;TRUE;241.78;lr202_t2_12R_12V_04I_04M;12;24156;98.58;60000;1.64;28.18
lr203;12R_12V_04I_03M;t2;0.05;143;903.12;TRUE;287.44;lr203_t2_12R_12V_04I_03M;12;12659;61.08;60000;0;14.36
lr203;12R_12V_04I_04M;t2;0.05;143;898.74;TRUE;309.88;lr203_t2_12R_12V_04I_04M;12;15058;78.27;60000;0;15.09
lr204;12R_12V_04I_03M;t2;0.05;143;894.24;TRUE;302.63;lr204_t2_12R_12V_04I_03M;12;53218;268.38;60000;0;3.71
lr204;12R_12V_04I_04M;t2;0.05;143;882.98;TRUE;329.58;lr204_t2_12R_12V_04I_04M;12;57618;316.56;60000;0;4.2
lr205;12R_12V_04I_03M;t2;0.05;143;958.14;TRUE;242.46;lr205_t2_12R_12V_04I_03M;12;21041;85.64;60000;0;20.96
lr205;12R_12V_04I_04M;t2;0.05;143;956.68;TRUE;255.87;lr205_t2_12R_12V_04I_04M;12;21041;90.25;60000;0;21.38
LR1_2_1;40R_40V_02I_05M;t1;0.05;143;8377.69;TRUE;81.65;LR1_2_1_t1_40R_40V_02I_05M;40;1;0.01;60000;100;5.38
LR1_2_1;40R_40V_02I_06M;t1;0.05;143;8377.69;TRUE;84.62;LR1_2_1_t1_40R_40V_02I_06M;40;1;0.01;60000;100;5.66
LR1_2_2;40R_40V_02I_05M;t1;0.05;143;7502.15;TRUE;91.54;LR1_2_2_t1_40R_40V_02I_05M;40;1;0.01;60000;100;5.62
LR1_2_2;40R_40V_02I_06M;t1;0.05;143;7268.26;TRUE;103.74;LR1_2_2_t1_40R_40V_02I_06M;40;42650;74.03;60000;100;4.78
LR1_2_3;40R_40V_02I_05M;t1;0.05;143;4678.94;TRUE;210.91;LR1_2_3_t1_40R_40V_02I_05M;40;48796;171.19;60000;98.67;3.04
LR1_2_3;40R_40V_02I_06M;t1;0.05;143;4786.3;TRUE;221.7;LR1_2_3_t1_40R_40V_02I_06M;40;13707;50.18;60000;98.71;3.04
LR1_2_4;40R_40V_02I_05M;t1;0.05;143;3678.28;TRUE;584.38;LR1_2_4_t1_40R_40V_02I_05M;40;31035;301.37;60000;73.3;3.22
LR1_2_4;40R_40V_02I_06M;t1;0.05;143;3483.08;TRUE;972.34;LR1_2_4_t1_40R_40V_02I_06M;40;50171;812.79;60000;34.41;3.12
LR1_2_5;40R_40V_02I_05M;t1;0.05;143;6847.59;TRUE;111.71;LR1_2_5_t1_40R_40V_02I_05M;40;13723;25.87;60000;99.97;6.42
LR1_2_5;40R_40V_02I_06M;t1;0.05;143;6346.83;TRUE;185.72;LR1_2_5_t1_40R_40V_02I_06M;40;47202;146.05;60000;97.71;6.07
LR2_2_1;40R_40V_02I_05M;t2;0.05;143;7711.01;TRUE;1013.25;LR2_2_1_t2_40R_40V_02I_05M;40;48166;814.31;60000;0;6.75
LR2_2_1;40R_40V_02I_06M;t2;0.05;143;7668.25;TRUE;1104.33;LR2_2_1_t2_40R_40V_02I_06M;40;48166;886.87;60000;0;7.05
LR2_2_2;40R_40V_02I_05M;t2;0.05;143;6723.44;TRUE;1281.05;LR2_2_2_t2_40R_40V_02I_05M;40;30322;649.52;60000;0;7.32
LR2_2_2;40R_40V_02I_06M;t2;0.05;143;6689.19;TRUE;1409.27;LR2_2_2_t2_40R_40V_02I_06M;40;27660;651.74;60000;0;7.62
LR2_2_3;40R_40V_02I_05M;t2;0.05;143;5740.24;TRUE;1778.59;LR2_2_3_t2_40R_40V_02I_05M;40;40073;1189.44;60000;0;3.84
LR2_2_3;40R_40V_02I_06M;t2;0.05;143;5793.32;TRUE;1964.21;LR2_2_3_t2_40R_40V_02I_06M;40;17;0.86;60000;0;4.01
LR2_2_4;40R_40V_02I_05M;t2;0.05;143;4109.53;TRUE;3184.24;LR2_2_4_t2_40R_40V_02I_05M;40;59283;3145.86;60000;0;1.86
LR2_2_4;40R_40V_02I_06M;t2;0.05;143;4109.53;TRUE;3415.21;LR2_2_4_t2_40R_40V_02I_06M;40;59283;3374.46;60000;0;1.86
LR2_2_5;40R_40V_02I_05M;t2;0.05;143;7815.6;TRUE;1180.02;LR2_2_5_t2_40R_40V_02I_05M;40;47062;927.21;60000;0;9.77
LR2_2_5;40R_40V_02I_06M;t2;0.05;143;7815.6;TRUE;1258.12;LR2_2_5_t2_40R_40V_02I_06M;40;47062;986.74;60000;0;9.77
LR1_2_1;40R_40V_04I_05M;t1;0.05;143;NA;FALSE;112.98;LR1_2_1_t1_40R_40V_04I_05M;40;0;0;60000;100;0
LR1_2_1;40R_40V_04I_06M;t1;0.05;143;7160.44;TRUE;170.27;LR1_2_1_t1_40R_40V_04I_06M;40;7556;21.7;60000;99.97;7.47
LR1_2_2;40R_40V_04I_05M;t1;0.05;143;NA;FALSE;122.38;LR1_2_2_t1_40R_40V_04I_05M;40;0;0;60000;100;0
LR1_2_2;40R_40V_04I_06M;t1;0.05;143;6236.08;TRUE;163.57;LR1_2_2_t1_40R_40V_04I_06M;40;56756;154.72;60000;99.99;8
LR1_2_3;40R_40V_04I_05M;t1;0.05;143;4797.75;TRUE;275.82;LR1_2_3_t1_40R_40V_04I_05M;40;50745;233.9;60000;99.49;6.11
LR1_2_3;40R_40V_04I_06M;t1;0.05;143;4647.74;TRUE;357.56;LR1_2_3_t1_40R_40V_04I_06M;40;19415;115.16;60000;97.79;5.26
LR1_2_4;40R_40V_04I_05M;t1;0.05;143;3503.07;TRUE;729.74;LR1_2_4_t1_40R_40V_04I_05M;40;6021;73.39;60000;88.49;3.79
LR1_2_4;40R_40V_04I_06M;t1;0.05;143;3711.43;TRUE;902.62;LR1_2_4_t1_40R_40V_04I_06M;40;55917;840.86;60000;78.46;3.12
LR1_2_5;40R_40V_04I_05M;t1;0.05;143;5302.4;TRUE;211.11;LR1_2_5_t1_40R_40V_04I_05M;40;21965;77.47;60000;99.99;7.16
LR1_2_5;40R_40V_04I_06M;t1;0.05;143;5293.44;TRUE;307.02;LR1_2_5_t1_40R_40V_04I_06M;40;36019;183.21;60000;99.02;8.66
LR2_2_1;40R_40V_04I_05M;t2;0.05;143;8096.21;TRUE;1368.13;LR2_2_1_t2_40R_40V_04I_05M;40;27399;625.23;60000;0;6.07
LR2_2_1;40R_40V_04I_06M;t2;0.05;143;8092.28;TRUE;1484.04;LR2_2_1_t2_40R_40V_04I_06M;40;27399;678.26;60000;0;6.34
LR2_2_2;40R_40V_04I_05M;t2;0.05;143;6801.7;TRUE;1492.18;LR2_2_2_t2_40R_40V_04I_05M;40;5162;128.3;60000;33.07;6.75
LR2_2_2;40R_40V_04I_06M;t2;0.05;143;6687.33;TRUE;1942.11;LR2_2_2_t2_40R_40V_04I_06M;40;23172;752.25;60000;3.47;7.22
LR2_2_3;40R_40V_04I_05M;t2;0.05;143;5953;TRUE;2901.33;LR2_2_3_t2_40R_40V_04I_05M;40;33503;1620.38;60000;0;3.24
LR2_2_3;40R_40V_04I_06M;t2;0.05;143;6089.35;TRUE;3091.44;LR2_2_3_t2_40R_40V_04I_06M;40;56747;2922.84;60000;0;3.39
LR2_2_4;40R_40V_04I_05M;t2;0.05;143;4380.21;TRUE;3600.04;LR2_2_4_t2_40R_40V_04I_05M;40;37119;3357.4;39803;0;1.42
LR2_2_4;40R_40V_04I_06M;t2;0.05;143;4376.37;TRUE;3600.01;LR2_2_4_t2_40R_40V_04I_06M;40;37119;3521.16;37956;0;1.5
LR2_2_5;40R_40V_04I_05M;t2;0.05;143;8123.01;TRUE;1650.22;LR2_2_5_t2_40R_40V_04I_05M;40;30125;830.94;60000;0;7.87
LR2_2_5;40R_40V_04I_06M;t2;0.05;143;8072.01;TRUE;1767.31;LR2_2_5_t2_40R_40V_04I_06M;40;12735;377.68;60000;0;8.43
LR1_2_1;60R_60V_02I_05M;t1;0.05;143;12347;TRUE;175.96;LR1_2_1_t1_60R_60V_02I_05M;60;1;0.02;60000;100;6.92
LR1_2_1;60R_60V_02I_06M;t1;0.05;143;12282.42;TRUE;196.37;LR1_2_1_t1_60R_60V_02I_06M;60;1;0.02;60000;100;6.69
LR1_2_2;60R_60V_02I_05M;t1;0.05;143;7568.37;TRUE;496.48;LR1_2_2_t1_60R_60V_02I_05M;60;37324;309.73;60000;96.92;4.44
LR1_2_2;60R_60V_02I_06M;t1;0.05;143;7648.95;TRUE;552.46;LR1_2_2_t1_60R_60V_02I_06M;60;38500;353.76;60000;95.42;4.36
LR1_2_3;60R_60V_02I_05M;t1;0.05;143;8320.23;TRUE;240.45;LR1_2_3_t1_60R_60V_02I_05M;60;1;0.03;60000;100;1.71
LR1_2_3;60R_60V_02I_06M;t1;0.05;143;8725.41;TRUE;272.07;LR1_2_3_t1_60R_60V_02I_06M;60;1;0.03;60000;100;2.74
LR1_2_4;60R_60V_02I_05M;t1;0.05;143;5420.68;TRUE;1148.76;LR1_2_4_t1_60R_60V_02I_05M;60;13801;265.68;60000;90.48;1.95
LR1_2_4;60R_60V_02I_06M;t1;0.05;143;5466.74;TRUE;1267.48;LR1_2_4_t1_60R_60V_02I_06M;60;39763;839.31;60000;89.04;1.76
LR1_2_5;60R_60V_02I_05M;t1;0.05;143;7471.84;TRUE;769.16;LR1_2_5_t1_60R_60V_02I_05M;60;32656;418.53;60000;85.65;5.82
LR1_2_5;60R_60V_02I_06M;t1;0.05;143;7429.38;TRUE;1049.37;LR1_2_5_t1_60R_60V_02I_06M;60;48800;852.58;60000;66.73;5.66
LR2_2_1;60R_60V_02I_05M;t2;0.05;143;12103.67;TRUE;2170.09;LR2_2_1_t2_60R_60V_02I_05M;60;20152;735.6;60000;0;5.47
LR2_2_1;60R_60V_02I_06M;t2;0.05;143;12103.67;TRUE;2345.94;LR2_2_1_t2_60R_60V_02I_06M;60;20152;791.94;60000;0;5.78
LR2_2_2;60R_60V_02I_05M;t2;0.05;143;9475.2;TRUE;2969.26;LR2_2_2_t2_60R_60V_02I_05M;60;44462;2201.94;60000;0;4.4
LR2_2_2;60R_60V_02I_06M;t2;0.05;143;9437.69;TRUE;3182.07;LR2_2_2_t2_60R_60V_02I_06M;60;7740;415.19;60000;0;4.62
LR2_2_3;60R_60V_02I_05M;t2;0.05;143;8977.14;TRUE;3600.04;LR2_2_3_t2_60R_60V_02I_05M;60;6665;436;55241;0;3.73
LR2_2_3;60R_60V_02I_06M;t2;0.05;143;8963.14;TRUE;3600.06;LR2_2_3_t2_60R_60V_02I_06M;60;6665;463.46;51868;0;3.73
LR2_2_4;60R_60V_02I_05M;t2;0.05;143;6627.06;TRUE;3600.07;LR2_2_4_t2_60R_60V_02I_05M;60;16164;1491.26;39029;0;1.94
LR2_2_4;60R_60V_02I_06M;t2;0.05;143;6627.06;TRUE;3600.05;LR2_2_4_t2_60R_60V_02I_06M;60;16164;1571.76;37031;0;1.95
LR2_2_5;60R_60V_02I_05M;t2;0.05;143;12038.9;TRUE;2585.79;LR2_2_5_t2_60R_60V_02I_05M;60;58698;2529.87;60000;0;8.23
LR2_2_5;60R_60V_02I_06M;t2;0.05;143;12038.9;TRUE;2751.4;LR2_2_5_t2_60R_60V_02I_06M;60;58698;2692.03;60000;0;8.23
LR1_2_1;60R_60V_04I_05M;t1;0.05;143;NA;FALSE;343.01;LR1_2_1_t1_60R_60V_04I_05M;60;0;0;60000;100;0
LR1_2_1;60R_60V_04I_06M;t1;0.05;143;NA;FALSE;434.4;LR1_2_1_t1_60R_60V_04I_06M;60;0;0;60000;100;0
LR1_2_2;60R_60V_04I_05M;t1;0.05;143;NA;FALSE;355.6;LR1_2_2_t1_60R_60V_04I_05M;60;0;0;60000;100;0
LR1_2_2;60R_60V_04I_06M;t1;0.05;143;9070.53;TRUE;501.38;LR1_2_2_t1_60R_60V_04I_06M;60;45122;376.86;60000;99.99;9.07
LR1_2_3;60R_60V_04I_05M;t1;0.05;143;7795.51;TRUE;604.41;LR1_2_3_t1_60R_60V_04I_05M;60;19218;193.75;60000;99.98;6.49
LR1_2_3;60R_60V_04I_06M;t1;0.05;143;7160.87;TRUE;794.66;LR1_2_3_t1_60R_60V_04I_06M;60;49258;651.6;60000;99.83;6.46
LR1_2_4;60R_60V_04I_05M;t1;0.05;143;5485.97;TRUE;1620.81;LR1_2_4_t1_60R_60V_04I_05M;60;11779;316.85;60000;96.77;4.7
LR1_2_4;60R_60V_04I_06M;t1;0.05;143;4875.97;TRUE;2174.84;LR1_2_4_t1_60R_60V_04I_06M;60;13874;500.64;60000;90.92;4.02
LR1_2_5;60R_60V_04I_05M;t1;0.05;143;NA;FALSE;311.78;LR1_2_5_t1_60R_60V_04I_05M;60;0;0;60000;100;0
LR1_2_5;60R_60V_04I_06M;t1;0.05;143;8365.12;TRUE;440.91;LR1_2_5_t1_60R_60V_04I_06M;60;29691;218.53;60000;99.99;9.24
LR2_2_1;60R_60V_04I_05M;t2;0.05;143;12380.39;TRUE;2739.05;LR2_2_1_t2_60R_60V_04I_05M;60;36153;1649.23;60000;24.75;5.71
LR2_2_1;60R_60V_04I_06M;t2;0.05;143;11874.22;TRUE;3290.62;LR2_2_1_t2_60R_60V_04I_06M;60;11779;648.47;60000;7.81;5.94
LR2_2_2;60R_60V_04I_05M;t2;0.05;143;9767.88;TRUE;3094.94;LR2_2_2_t2_60R_60V_04I_05M;60;46117;2380.97;60000;50.62;5.33
LR2_2_2;60R_60V_04I_06M;t2;0.05;143;9447.93;TRUE;3600.01;LR2_2_2_t2_60R_60V_04I_06M;60;2957;220.72;48333;7.69;5.58
LR2_2_3;60R_60V_04I_05M;t2;0.05;143;9825.23;TRUE;3600.04;LR2_2_3_t2_60R_60V_04I_05M;60;4433;497.32;32132;0.36;3.24
LR2_2_3;60R_60V_04I_06M;t2;0.05;143;9886.14;TRUE;3600.01;LR2_2_3_t2_60R_60V_04I_06M;60;3780;452.46;29997;0.05;3.46
LR2_2_4;60R_60V_04I_05M;t2;0.05;143;7189.59;TRUE;3600.15;LR2_2_4_t2_60R_60V_04I_05M;60;6293;1230.49;18426;0;1.15
LR2_2_4;60R_60V_04I_06M;t2;0.05;143;7163.85;TRUE;3600.03;LR2_2_4_t2_60R_60V_04I_06M;60;6293;1309.6;17283;0;1.22
LR2_2_5;60R_60V_04I_05M;t2;0.05;143;12623.1;TRUE;3600.06;LR2_2_5_t2_60R_60V_04I_05M;60;43354;2775.21;56271;0;5.6
LR2_2_5;60R_60V_04I_06M;t2;0.05;143;12520.6;TRUE;3600.05;LR2_2_5_t2_60R_60V_04I_06M;60;43354;2975.62;52550;0;6.08
lr101;06R_06V_02I_03M;t1;0.05;160;784.11;TRUE;90.26;lr101_t1_06R_06V_02I_03M;6;1;0;60000;0;18.33
lr101;06R_06V_02I_04M;t1;0.05;160;763.79;TRUE;91.25;lr101_t1_06R_06V_02I_04M;6;10;0.29;60000;0;19.55
lr102;06R_06V_02I_03M;t1;0.05;160;542.25;TRUE;86.26;lr102_t1_06R_06V_02I_03M;6;3;0.32;60000;0;13.08
lr102;06R_06V_02I_04M;t1;0.05;160;542.25;TRUE;86.44;lr102_t1_06R_06V_02I_04M;6;3;0.33;60000;0;13.14
lr103;06R_06V_02I_03M;t1;0.05;160;455.04;TRUE;90.27;lr103_t1_06R_06V_02I_03M;6;23;0.35;60000;0;19.88
lr103;06R_06V_02I_04M;t1;0.05;160;452.25;TRUE;91.72;lr103_t1_06R_06V_02I_04M;6;23;0.35;60000;0;20.19
lr104;06R_06V_02I_03M;t1;0.05;160;431.14;TRUE;87.04;lr104_t1_06R_06V_02I_03M;6;5;0.33;60000;0;13.49
lr104;06R_06V_02I_04M;t1;0.05;160;426.97;TRUE;88.79;lr104_t1_06R_06V_02I_04M;6;5;0.3;60000;0;13.98
lr105;06R_06V_02I_03M;t1;0.05;160;472.54;TRUE;90.47;lr105_t1_06R_06V_02I_03M;6;42;0.4;60000;0;22.94
lr105;06R_06V_02I_04M;t1;0.05;160;471.8;TRUE;83.64;lr105_t1_06R_06V_02I_04M;6;42;0.35;60000;0;22.97
lr201;06R_06V_02I_03M;t2;0.05;160;841.88;TRUE;84.69;lr201_t2_06R_06V_02I_03M;6;99;0.44;60000;0;26.45
lr201;06R_06V_02I_04M;t2;0.05;160;840.13;TRUE;85.97;lr201_t2_06R_06V_02I_04M;6;99;0.41;60000;0;26.68
lr202;06R_06V_02I_03M;t2;0.05;160;606.04;TRUE;93.89;lr202_t2_06R_06V_02I_03M;6;35;0.34;60000;0;42.92
lr202;06R_06V_02I_04M;t2;0.05;160;606.04;TRUE;96.48;lr202_t2_06R_06V_02I_04M;6;35;0.37;60000;0;42.92
lr203;06R_06V_02I_03M;t2;0.05;160;676.69;TRUE;97;lr203_t2_06R_06V_02I_03M;6;51;0.4;60000;0;33.02
lr203;06R_06V_02I_04M;t2;0.05;160;676.69;TRUE;98.28;lr203_t2_06R_06V_02I_04M;6;51;0.39;60000;0;33.05
lr204;06R_06V_02I_03M;t2;0.05;160;559.82;TRUE;109.09;lr204_t2_06R_06V_02I_03M;6;16548;30.41;60000;0;23.57
lr204;06R_06V_02I_04M;t2;0.05;160;553.06;TRUE;111.25;lr204_t2_06R_06V_02I_04M;6;709;1.72;60000;0;21.42
lr205;06R_06V_02I_03M;t2;0.05;160;551.63;TRUE;89.74;lr205_t2_06R_06V_02I_03M;6;26;0.33;60000;0;30.74
lr205;06R_06V_02I_04M;t2;0.05;160;549.2;TRUE;93.46;lr205_t2_06R_06V_02I_04M;6;26;0.37;60000;0;30.71
lr101;06R_06V_04I_03M;t1;0.05;160;784.7;TRUE;12.23;lr101_t1_06R_06V_04I_03M;6;208;0.33;60000;92.48;14.65
lr101;06R_06V_04I_04M;t1;0.05;160;757.4;TRUE;47.16;lr101_t1_06R_06V_04I_04M;6;13;0.34;60000;53.35;16.55
lr102;06R_06V_04I_03M;t1;0.05;160;619.93;TRUE;37.78;lr102_t1_06R_06V_04I_03M;6;69;0.32;60000;68.25;11.32
lr102;06R_06V_04I_04M;t1;0.05;160;613.22;TRUE;102.44;lr102_t1_06R_06V_04I_04M;6;1;0;60000;1.48;13.44
lr103;06R_06V_04I_03M;t1;0.05;160;448.87;TRUE;97.51;lr103_t1_06R_06V_04I_03M;6;1;0;60000;0;19.23
lr103;06R_06V_04I_04M;t1;0.05;160;446.87;TRUE;99.16;lr103_t1_06R_06V_04I_04M;6;1;0;60000;0;19.3
lr104;06R_06V_04I_03M;t1;0.05;160;469.54;TRUE;95.99;lr104_t1_06R_06V_04I_03M;6;14;0.31;60000;0;11.21
lr104;06R_06V_04I_04M;t1;0.05;160;465.1;TRUE;99.23;lr104_t1_06R_06V_04I_04M;6;14;0.31;60000;0;11.89
lr105;06R_06V_04I_03M;t1;0.05;160;521.52;TRUE;32.84;lr105_t1_06R_06V_04I_03M;6;5;0.32;60000;71.8;15.82
lr105;06R_06V_04I_04M;t1;0.05;160;513.23;TRUE;100.61;lr105_t1_06R_06V_04I_04M;6;148;0.54;60000;0;18.47
lr201;06R_06V_04I_03M;t2;0.05;160;903.79;TRUE;97.98;lr201_t2_06R_06V_04I_03M;6;9;0.3;60000;0;23.32
lr201;06R_06V_04I_04M;t2;0.05;160;895.88;TRUE;99.7;lr201_t2_06R_06V_04I_04M;6;99;0.5;60000;0;23.27
lr202;06R_06V_04I_03M;t2;0.05;160;547.87;TRUE;107.1;lr202_t2_06R_06V_04I_03M;6;42;0.39;60000;0;27.15
lr202;06R_06V_04I_04M;t2;0.05;160;547.87;TRUE;109.56;lr202_t2_06R_06V_04I_04M;6;42;0.36;60000;0;27.27
lr203;06R_06V_04I_03M;t2;0.05;160;685.01;TRUE;109.74;lr203_t2_06R_06V_04I_03M;6;41;0.39;60000;0;27.72
lr203;06R_06V_04I_04M;t2;0.05;160;681.89;TRUE;111.53;lr203_t2_06R_06V_04I_04M;6;41;0.36;60000;0;30.5
lr204;06R_06V_04I_03M;t2;0.05;160;610.47;TRUE;126.55;lr204_t2_06R_06V_04I_03M;6;928;2.45;60000;0;21.55
lr204;06R_06V_04I_04M;t2;0.05;160;601.61;TRUE;131.42;lr204_t2_06R_06V_04I_04M;6;2054;5.14;60000;0;22.38
lr205;06R_06V_04I_03M;t2;0.05;160;535.22;TRUE;116.94;lr205_t2_06R_06V_04I_03M;6;281;0.87;60000;0;27.12
lr205;06R_06V_04I_04M;t2;0.05;160;535.22;TRUE;121.03;lr205_t2_06R_06V_04I_04M;6;29;0.39;60000;0;26.82
lr101;08R_08V_02I_03M;t1;0.05;160;946.87;TRUE;44.21;lr101_t1_08R_08V_02I_03M;8;4048;3.38;60000;64.72;21.89
lr101;08R_08V_02I_04M;t1;0.05;160;948.49;TRUE;77.27;lr101_t1_08R_08V_02I_04M;8;12;0.34;60000;32.74;22.33
lr102;08R_08V_02I_03M;t1;0.05;160;770.92;TRUE;110.15;lr102_t1_08R_08V_02I_03M;8;352;1;60000;0;15.3
lr102;08R_08V_02I_04M;t1;0.05;160;770.92;TRUE;109.72;lr102_t1_08R_08V_02I_04M;8;352;1;60000;0;15.3
lr103;08R_08V_02I_03M;t1;0.05;160;546.38;TRUE;114.32;lr103_t1_08R_08V_02I_03M;8;446;1.27;60000;0.08;12.25
lr103;08R_08V_02I_04M;t1;0.05;160;546.38;TRUE;118.5;lr103_t1_08R_08V_02I_04M;8;446;1.27;60000;0;12.06
lr104;08R_08V_02I_03M;t1;0.05;160;558.37;TRUE;107.02;lr104_t1_08R_08V_02I_03M;8;11;0.31;60000;0;12.97
lr104;08R_08V_02I_04M;t1;0.05;160;558.37;TRUE;109.33;lr104_t1_08R_08V_02I_04M;8;11;0.34;60000;0;13.18
lr105;08R_08V_02I_03M;t1;0.05;160;557.04;TRUE;99.97;lr105_t1_08R_08V_02I_03M;8;112;0.44;60000;0;18.44
lr105;08R_08V_02I_04M;t1;0.05;160;556.3;TRUE;101.15;lr105_t1_08R_08V_02I_04M;8;112;0.52;60000;0;18.46
lr201;08R_08V_02I_03M;t2;0.05;160;948.1;TRUE;100.91;lr201_t2_08R_08V_02I_03M;8;119;0.52;60000;0;26.91
lr201;08R_08V_02I_04M;t2;0.05;160;944.72;TRUE;101.76;lr201_t2_08R_08V_02I_04M;8;119;0.5;60000;0;26.87
lr202;08R_08V_02I_03M;t2;0.05;160;694.1;TRUE;128.04;lr202_t2_08R_08V_02I_03M;8;23177;49.7;60000;0;34.78
lr202;08R_08V_02I_04M;t2;0.05;160;694.1;TRUE;132.3;lr202_t2_08R_08V_02I_04M;8;23177;51.54;60000;0;34.8
lr203;08R_08V_02I_03M;t2;0.05;160;685.02;TRUE;128.52;lr203_t2_08R_08V_02I_03M;8;908;2.33;60000;0;24.03
lr203;08R_08V_02I_04M;t2;0.05;160;684.26;TRUE;133.5;lr203_t2_08R_08V_02I_04M;8;908;2.38;60000;0;24.34
lr204;08R_08V_02I_03M;t2;0.05;160;682.41;TRUE;137.48;lr204_t2_08R_08V_02I_03M;8;42225;96.72;60000;0;13.05
lr204;08R_08V_02I_04M;t2;0.05;160;679.68;TRUE;141.77;lr204_t2_08R_08V_02I_04M;8;42225;99.65;60000;0;13.15
lr205;08R_08V_02I_03M;t2;0.05;160;646.08;TRUE;124.37;lr205_t2_08R_08V_02I_03M;8;28467;59.2;60000;0;28.08
lr205;08R_08V_02I_04M;t2;0.05;160;633.56;TRUE;129.23;lr205_t2_08R_08V_02I_04M;8;49301;106.17;60000;0;27.38
lr101;08R_08V_04I_03M;t1;0.05;160;1155.57;TRUE;7.1;lr101_t1_08R_08V_04I_03M;8;6173;1.01;60000;99.61;16.74
lr101;08R_08V_04I_04M;t1;0.05;160;1067.57;TRUE;43.86;lr101_t1_08R_08V_04I_04M;8;11214;8.55;60000;69.67;19.61
lr102;08R_08V_04I_03M;t1;0.05;160;772.63;TRUE;62.08;lr102_t1_08R_08V_04I_03M;8;8022;8.63;60000;50.98;14.6
lr102;08R_08V_04I_04M;t1;0.05;160;773.21;TRUE;64.59;lr102_t1_08R_08V_04I_04M;8;704;1.05;60000;50.26;14.34
lr103;08R_08V_04I_03M;t1;0.05;160;563.98;TRUE;104.62;lr103_t1_08R_08V_04I_03M;8;1045;2.15;60000;19.62;11.55
lr103;08R_08V_04I_04M;t1;0.05;160;562.45;TRUE;128.64;lr103_t1_08R_08V_04I_04M;8;257;0.9;60000;1.32;10.6
lr104;08R_08V_04I_03M;t1;0.05;160;649.57;TRUE;110.03;lr104_t1_08R_08V_04I_03M;8;22;0.33;60000;18.72;16.23
lr104;08R_08V_04I_04M;t1;0.05;160;649.55;TRUE;128.94;lr104_t1_08R_08V_04I_04M;8;416;1.28;60000;3.31;10.54
lr105;08R_08V_04I_03M;t1;0.05;160;754.77;TRUE;26.58;lr105_t1_08R_08V_04I_03M;8;1228;0.92;60000;86.35;14.41
lr105;08R_08V_04I_04M;t1;0.05;160;751.51;TRUE;104.08;lr105_t1_08R_08V_04I_04M;8;9835;17.61;60000;15.41;13.56
lr201;08R_08V_04I_03M;t2;0.05;160;1022.83;TRUE;121.86;lr201_t2_08R_08V_04I_03M;8;1204;2.75;60000;0;22.06
lr201;08R_08V_04I_04M;t2;0.05;160;1018.91;TRUE;124.47;lr201_t2_08R_08V_04I_04M;8;1204;2.84;60000;0;21.83
lr202;08R_08V_04I_03M;t2;0.05;160;794.6;TRUE;152.96;lr202_t2_08R_08V_04I_03M;8;10018;25.86;60000;0;25.14
lr202;08R_08V_04I_04M;t2;0.05;160;760.68;TRUE;159.05;lr202_t2_08R_08V_04I_04M;8;2525;7.08;60000;0;30.4
lr203;08R_08V_04I_03M;t2;0.05;160;684.38;TRUE;138.99;lr203_t2_08R_08V_04I_03M;8;3125;7.6;60000;0;21
lr203;08R_08V_04I_04M;t2;0.05;160;683.66;TRUE;144.3;lr203_t2_08R_08V_04I_04M;8;3584;9.05;60000;0;21.37
lr204;08R_08V_04I_03M;t2;0.05;160;719.46;TRUE;166.03;lr204_t2_08R_08V_04I_03M;8;57747;159.77;60000;0;14.12
lr204;08R_08V_04I_04M;t2;0.05;160;719.13;TRUE;173.71;lr204_t2_08R_08V_04I_04M;8;57747;167.2;60000;0;14.72
lr205;08R_08V_04I_03M;t2;0.05;160;662.24;TRUE;151.66;lr205_t2_08R_08V_04I_03M;8;4997;13.12;60000;0;27.52
lr205;08R_08V_04I_04M;t2;0.05;160;661.85;TRUE;158.27;lr205_t2_08R_08V_04I_04M;8;326;1.23;60000;0;27.51
lr101;10R_10V_02I_03M;t1;0.05;160;1295.99;TRUE;15.15;lr101_t1_10R_10V_02I_03M;10;18449;4.94;60000;96.18;13.14
lr101;10R_10V_02I_04M;t1;0.05;160;1254.94;TRUE;60.63;lr101_t1_10R_10V_02I_04M;10;17890;18.44;60000;60.21;14.15
lr102;10R_10V_02I_03M;t1;0.05;160;1018.62;TRUE;121.49;lr102_t1_10R_10V_02I_03M;10;13;0.31;60000;0;11.56
lr102;10R_10V_02I_04M;t1;0.05;160;1018.62;TRUE;124.02;lr102_t1_10R_10V_02I_04M;10;13;0.34;60000;0;11.56
lr103;10R_10V_02I_03M;t1;0.05;160;610.04;TRUE;132.61;lr103_t1_10R_10V_02I_03M;10;180;0.73;60000;0.21;8.51
lr103;10R_10V_02I_04M;t1;0.05;160;610.04;TRUE;136.69;lr103_t1_10R_10V_02I_04M;10;180;0.78;60000;0.01;8.42
lr104;10R_10V_02I_03M;t1;0.05;160;687.39;TRUE;116.73;lr104_t1_10R_10V_02I_03M;10;13177;25.85;60000;0;6.4
lr104;10R_10V_02I_04M;t1;0.05;160;671.72;TRUE;120.95;lr104_t1_10R_10V_02I_04M;10;1557;3.44;60000;0;7.06
lr105;10R_10V_02I_03M;t1;0.05;160;671.01;TRUE;111.26;lr105_t1_10R_10V_02I_03M;10;2425;4.74;60000;0;18.67
lr105;10R_10V_02I_04M;t1;0.05;160;671.01;TRUE;114.9;lr105_t1_10R_10V_02I_04M;10;2425;4.93;60000;0;18.68
lr201;10R_10V_02I_03M;t2;0.05;160;1006.56;TRUE;125.47;lr201_t2_10R_10V_02I_03M;10;50;0.42;60000;0;26.49
lr201;10R_10V_02I_04M;t2;0.05;160;1005.86;TRUE;128.3;lr201_t2_10R_10V_02I_04M;10;50;0.4;60000;0;26.51
lr202;10R_10V_02I_03M;t2;0.05;160;810.23;TRUE;140.75;lr202_t2_10R_10V_02I_03M;10;29959;70.16;60000;0;27.66
lr202;10R_10V_02I_04M;t2;0.05;160;809.32;TRUE;146.88;lr202_t2_10R_10V_02I_04M;10;29959;73.62;60000;0;28.07
lr203;10R_10V_02I_03M;t2;0.05;160;756.99;TRUE;181.56;lr203_t2_10R_10V_02I_03M;10;764;2.6;60000;0;19.71
lr203;10R_10V_02I_04M;t2;0.05;160;756.27;TRUE;192.28;lr203_t2_10R_10V_02I_04M;10;764;2.8;60000;0;20.04
lr204;10R_10V_02I_03M;t2;0.05;160;751.71;TRUE;178.77;lr204_t2_10R_10V_02I_03M;10;70;0.81;60000;0;8.83
lr204;10R_10V_02I_04M;t2;0.05;160;744.2;TRUE;188.61;lr204_t2_10R_10V_02I_04M;10;41165;129.41;60000;0;9.57
lr205;10R_10V_02I_03M;t2;0.05;160;761.09;TRUE;140.9;lr205_t2_10R_10V_02I_03M;10;6253;15.01;60000;0;31.29
lr205;10R_10V_02I_04M;t2;0.05;160;761.09;TRUE;145.57;lr205_t2_10R_10V_02I_04M;10;6253;15.47;60000;0;31.29
lr101;10R_10V_04I_03M;t1;0.05;160;1275.66;TRUE;13.61;lr101_t1_10R_10V_04I_03M;10;8864;2.32;60000;99.7;22.08
lr101;10R_10V_04I_04M;t1;0.05;160;1207.27;TRUE;66.17;lr101_t1_10R_10V_04I_04M;10;148;0.45;60000;60.11;21.11
lr102;10R_10V_04I_03M;t1;0.05;160;941.92;TRUE;53.83;lr102_t1_10R_10V_04I_03M;10;17543;15.83;60000;69.91;12.76
lr102;10R_10V_04I_04M;t1;0.05;160;938.67;TRUE;105.76;lr102_t1_10R_10V_04I_04M;10;5055;9.34;60000;29.61;12.06
lr103;10R_10V_04I_03M;t1;0.05;160;615.06;TRUE;119.3;lr103_t1_10R_10V_04I_03M;10;320;0.93;60000;22.94;15.06
lr103;10R_10V_04I_04M;t1;0.05;160;611.6;TRUE;146.81;lr103_t1_10R_10V_04I_04M;10;100;0.55;60000;4.23;13.74
lr104;10R_10V_04I_03M;t1;0.05;160;745.94;TRUE;132.54;lr104_t1_10R_10V_04I_03M;10;16008;35.64;60000;9.89;12.92
lr104;10R_10V_04I_04M;t1;0.05;160;745.94;TRUE;149.75;lr104_t1_10R_10V_04I_04M;10;13295;33.69;60000;0.1;12.75
lr105;10R_10V_04I_03M;t1;0.05;160;668.46;TRUE;53.68;lr105_t1_10R_10V_04I_03M;10;112;0.42;60000;66.44;14.39
lr105;10R_10V_04I_04M;t1;0.05;160;665.48;TRUE;120.02;lr105_t1_10R_10V_04I_04M;10;2;0.29;60000;9.15;15.59
lr201;10R_10V_04I_03M;t2;0.05;160;1271.26;TRUE;152.87;lr201_t2_10R_10V_04I_03M;10;232;0.91;60000;0;21.91
lr201;10R_10V_04I_04M;t2;0.05;160;1271.26;TRUE;158.43;lr201_t2_10R_10V_04I_04M;10;232;0.97;60000;0;22.09
lr202;10R_10V_04I_03M;t2;0.05;160;975.86;TRUE;121.81;lr202_t2_10R_10V_04I_03M;10;13688;28.39;60000;43.35;25.45
lr202;10R_10V_04I_04M;t2;0.05;160;947.36;TRUE;189.95;lr202_t2_10R_10V_04I_04M;10;37133;117.83;60000;2.8;27.78
lr203;10R_10V_04I_03M;t2;0.05;160;827.82;TRUE;224.89;lr203_t2_10R_10V_04I_03M;10;40634;152.25;60000;0;15.32
lr203;10R_10V_04I_04M;t2;0.05;160;805.4;TRUE;240.85;lr203_t2_10R_10V_04I_04M;10;37760;151.99;60000;0;16.78
lr204;10R_10V_04I_03M;t2;0.05;160;782.88;TRUE;238.04;lr204_t2_10R_10V_04I_03M;10;24497;96.99;60000;0;8.59
lr204;10R_10V_04I_04M;t2;0.05;160;776.08;TRUE;254.39;lr204_t2_10R_10V_04I_04M;10;13739;58.89;60000;0;8.32
lr205;10R_10V_04I_03M;t2;0.05;160;790.23;TRUE;176.27;lr205_t2_10R_10V_04I_03M;10;50656;148.93;60000;0;26.21
lr205;10R_10V_04I_04M;t2;0.05;160;784.55;TRUE;185.6;lr205_t2_10R_10V_04I_04M;10;50656;156.74;60000;0;26.59
lr101;12R_12V_02I_03M;t1;0.05;160;1432.08;TRUE;21.02;lr101_t1_12R_12V_02I_03M;12;7374;2.95;60000;94.28;15.99
lr101;12R_12V_02I_04M;t1;0.05;160;1391.03;TRUE;71.91;lr101_t1_12R_12V_02I_04M;12;3165;4.26;60000;57.81;16.83
lr102;12R_12V_02I_03M;t1;0.05;160;981.42;TRUE;125.88;lr102_t1_12R_12V_02I_03M;12;12;0.31;60000;6.5;14.8
lr102;12R_12V_02I_04M;t1;0.05;160;975.57;TRUE;136.95;lr102_t1_12R_12V_02I_04M;12;96;0.53;60000;0.24;14.44
lr103;12R_12V_02I_03M;t1;0.05;160;716.73;TRUE;148.98;lr103_t1_12R_12V_02I_03M;12;17383;43.77;60000;1.28;10.32
lr103;12R_12V_02I_04M;t1;0.05;160;714.59;TRUE;156.01;lr103_t1_12R_12V_02I_04M;12;17704;46.53;60000;0;10.65
lr104;12R_12V_02I_03M;t1;0.05;160;778.66;TRUE;158.11;lr104_t1_12R_12V_02I_03M;12;25040;66.37;60000;0.52;7.83
lr104;12R_12V_02I_04M;t1;0.05;160;771.33;TRUE;165.73;lr104_t1_12R_12V_02I_04M;12;20356;56.9;60000;0;7.85
lr105;12R_12V_02I_03M;t1;0.05;160;1344.91;TRUE;14.05;lr105_t1_12R_12V_02I_03M;12;59462;13.93;60000;98.89;8.55
lr105;12R_12V_02I_04M;t1;0.05;160;1297.52;TRUE;32.84;lr105_t1_12R_12V_02I_04M;12;32125;17.74;60000;89.25;8.39
lr201;12R_12V_02I_03M;t2;0.05;160;1329.16;TRUE;147.58;lr201_t2_12R_12V_02I_03M;12;518;1.7;60000;0;24.98
lr201;12R_12V_02I_04M;t2;0.05;160;1328.46;TRUE;152.04;lr201_t2_12R_12V_02I_04M;12;518;1.66;60000;0;24.99
lr202;12R_12V_02I_03M;t2;0.05;160;885.14;TRUE;182.52;lr202_t2_12R_12V_02I_03M;12;32398;99.04;60000;0;25.58
lr202;12R_12V_02I_04M;t2;0.05;160;885.14;TRUE;195.17;lr202_t2_12R_12V_02I_04M;12;32398;105.55;60000;0;25.62
lr203;12R_12V_02I_03M;t2;0.05;160;1119.49;TRUE;215.97;lr203_t2_12R_12V_02I_03M;12;13326;48.26;60000;0;12.24
lr203;12R_12V_02I_04M;t2;0.05;160;1104.77;TRUE;228.9;lr203_t2_12R_12V_02I_04M;12;18061;69.02;60000;0;12.31
lr204;12R_12V_02I_03M;t2;0.05;160;849.51;TRUE;219.71;lr204_t2_12R_12V_02I_03M;12;23013;84.93;60000;0;5.23
lr204;12R_12V_02I_04M;t2;0.05;160;848.91;TRUE;232.01;lr204_t2_12R_12V_02I_04M;12;23013;89.69;60000;0;5.32
lr205;12R_12V_02I_03M;t2;0.05;160;923.57;TRUE;186.14;lr205_t2_12R_12V_02I_03M;12;12005;37.56;60000;0;24.5
lr205;12R_12V_02I_04M;t2;0.05;160;923.57;TRUE;195.42;lr205_t2_12R_12V_02I_04M;12;12005;39.6;60000;0;24.62
lr101;12R_12V_04I_03M;t1;0.05;160;1355.4;TRUE;13.98;lr101_t1_12R_12V_04I_03M;12;28547;6.8;60000;99.81;19.61
lr101;12R_12V_04I_04M;t1;0.05;160;1310.09;TRUE;36.49;lr101_t1_12R_12V_04I_04M;12;5021;3.38;60000;88.92;20.06
lr102;12R_12V_04I_03M;t1;0.05;160;993.85;TRUE;66.64;lr102_t1_12R_12V_04I_03M;12;41566;46.23;60000;62.81;12.21
lr102;12R_12V_04I_04M;t1;0.05;160;984.64;TRUE;129.53;lr102_t1_12R_12V_04I_04M;12;1355;3.29;60000;18.86;13.41
lr103;12R_12V_04I_03M;t1;0.05;160;799.41;TRUE;104.78;lr103_t1_12R_12V_04I_03M;12;58093;101.32;60000;56.6;9.08
lr103;12R_12V_04I_04M;t1;0.05;160;794.52;TRUE;171.02;lr103_t1_12R_12V_04I_04M;12;27631;79.03;60000;17.77;8.56
lr104;12R_12V_04I_03M;t1;0.05;160;847.82;TRUE;171.71;lr104_t1_12R_12V_04I_03M;12;1434;4.58;60000;7.96;7.86
lr104;12R_12V_04I_04M;t1;0.05;160;847.82;TRUE;190.06;lr104_t1_12R_12V_04I_04M;12;1434;4.88;60000;0.24;7.24
lr105;12R_12V_04I_03M;t1;0.05;160;834.01;TRUE;76.23;lr105_t1_12R_12V_04I_03M;12;14258;18.25;60000;58.23;16.09
lr105;12R_12V_04I_04M;t1;0.05;160;833.13;TRUE;141.33;lr105_t1_12R_12V_04I_04M;12;38155;89.76;60000;11.94;16.87
lr201;12R_12V_04I_03M;t2;0.05;160;1468.37;TRUE;180.78;lr201_t2_12R_12V_04I_03M;12;17763;53.79;60000;0;21.08
lr201;12R_12V_04I_04M;t2;0.05;160;1467.9;TRUE;188.97;lr201_t2_12R_12V_04I_04M;12;17763;56.49;60000;0;21.4
lr202;12R_12V_04I_03M;t2;0.05;160;1056.66;TRUE;188.33;lr202_t2_12R_12V_04I_03M;12;40160;125.96;60000;24.47;26.42
lr202;12R_12V_04I_04M;t2;0.05;160;1010.29;TRUE;240.16;lr202_t2_12R_12V_04I_04M;12;55414;221.97;60000;1.71;28.14
lr203;12R_12V_04I_03M;t2;0.05;160;898.79;TRUE;282.85;lr203_t2_12R_12V_04I_03M;12;6488;30.97;60000;0;14.4
lr203;12R_12V_04I_04M;t2;0.05;160;877.63;TRUE;305.24;lr203_t2_12R_12V_04I_04M;12;26287;134.17;60000;0;15.13
lr204;12R_12V_04I_03M;t2;0.05;160;894.73;TRUE;303.03;lr204_t2_12R_12V_04I_03M;12;23810;120.49;60000;0;3.65
lr204;12R_12V_04I_04M;t2;0.05;160;897;TRUE;329.22;lr204_t2_12R_12V_04I_04M;12;23810;131.02;60000;0;4.16
lr205;12R_12V_04I_03M;t2;0.05;160;976.4;TRUE;239.21;lr205_t2_12R_12V_04I_03M;12;46152;184.1;60000;0;20.91
lr205;12R_12V_04I_04M;t2;0.05;160;974.75;TRUE;255.86;lr205_t2_12R_12V_04I_04M;12;46152;197.22;60000;0;21.33
LR1_2_1;40R_40V_02I_05M;t1;0.05;160;8377.69;TRUE;82.2;LR1_2_1_t1_40R_40V_02I_05M;40;1;0.01;60000;100;5.08
LR1_2_1;40R_40V_02I_06M;t1;0.05;160;8377.69;TRUE;85.69;LR1_2_1_t1_40R_40V_02I_06M;40;1;0.01;60000;100;5.99
LR1_2_2;40R_40V_02I_05M;t1;0.05;160;7502.15;TRUE;92.12;LR1_2_2_t1_40R_40V_02I_05M;40;1;0.01;60000;100;5.62
LR1_2_2;40R_40V_02I_06M;t1;0.05;160;7364.6;TRUE;101.98;LR1_2_2_t1_40R_40V_02I_06M;40;20814;35.8;60000;100;4.79
LR1_2_3;40R_40V_02I_05M;t1;0.05;160;4835.97;TRUE;213.93;LR1_2_3_t1_40R_40V_02I_05M;40;56227;200.31;60000;98.53;3.04
LR1_2_3;40R_40V_02I_06M;t1;0.05;160;4686.63;TRUE;221.62;LR1_2_3_t1_40R_40V_02I_06M;40;28146;102.18;60000;98.66;3.07
LR1_2_4;40R_40V_02I_05M;t1;0.05;160;3706.85;TRUE;584.42;LR1_2_4_t1_40R_40V_02I_05M;40;29679;288.04;60000;73.64;3.19
LR1_2_4;40R_40V_02I_06M;t1;0.05;160;3659.2;TRUE;969.98;LR1_2_4_t1_40R_40V_02I_06M;40;39405;635.12;60000;34.75;3.13
LR1_2_5;40R_40V_02I_05M;t1;0.05;160;6758.59;TRUE;109.94;LR1_2_5_t1_40R_40V_02I_05M;40;57481;105.45;60000;99.97;5.93
LR1_2_5;40R_40V_02I_06M;t1;0.05;160;6253.89;TRUE;186.93;LR1_2_5_t1_40R_40V_02I_06M;40;43554;135.39;60000;97.68;6.05
LR2_2_1;40R_40V_02I_05M;t2;0.05;160;7912.03;TRUE;1019.66;LR2_2_1_t2_40R_40V_02I_05M;40;8001;138.05;60000;0;6.75
LR2_2_1;40R_40V_02I_06M;t2;0.05;160;7975.67;TRUE;1093.3;LR2_2_1_t2_40R_40V_02I_06M;40;50823;927.12;60000;0;7.06
LR2_2_2;40R_40V_02I_05M;t2;0.05;160;6193.15;TRUE;1301.7;LR2_2_2_t2_40R_40V_02I_05M;40;17712;386.12;60000;0;7.32
LR2_2_2;40R_40V_02I_06M;t2;0.05;160;6475.63;TRUE;1401.67;LR2_2_2_t2_40R_40V_02I_06M;40;28947;677.21;60000;0;7.6
LR2_2_3;40R_40V_02I_05M;t2;0.05;160;5654.13;TRUE;1779.4;LR2_2_3_t2_40R_40V_02I_05M;40;38306;1138.42;60000;0;3.85
LR2_2_3;40R_40V_02I_06M;t2;0.05;160;5780.47;TRUE;1961.6;LR2_2_3_t2_40R_40V_02I_06M;40;32086;1051.04;60000;0;3.99
LR2_2_4;40R_40V_02I_05M;t2;0.05;160;4096.72;TRUE;3174.29;LR2_2_4_t2_40R_40V_02I_05M;40;7194;380.41;60000;0;1.85
LR2_2_4;40R_40V_02I_06M;t2;0.05;160;4096.72;TRUE;3343.02;LR2_2_4_t2_40R_40V_02I_06M;40;7194;401.16;60000;0;1.85
LR2_2_5;40R_40V_02I_05M;t2;0.05;160;7631.76;TRUE;1174.35;LR2_2_5_t2_40R_40V_02I_05M;40;32904;646.19;60000;0;9.78
LR2_2_5;40R_40V_02I_06M;t2;0.05;160;7631.76;TRUE;1252.38;LR2_2_5_t2_40R_40V_02I_06M;40;32904;688.8;60000;0;9.78
LR1_2_1;40R_40V_04I_05M;t1;0.05;160;NA;FALSE;112.34;LR1_2_1_t1_40R_40V_04I_05M;40;0;0;60000;100;0
LR1_2_1;40R_40V_04I_06M;t1;0.05;160;7580.94;TRUE;168.42;LR1_2_1_t1_40R_40V_04I_06M;40;46814;131.67;60000;99.99;8.32
LR1_2_2;40R_40V_04I_05M;t1;0.05;160;NA;FALSE;122.55;LR1_2_2_t1_40R_40V_04I_05M;40;0;0;60000;100;0
LR1_2_2;40R_40V_04I_06M;t1;0.05;160;5969.44;TRUE;162.72;LR1_2_2_t1_40R_40V_04I_06M;40;36341;99;60000;100;9.51
LR1_2_3;40R_40V_04I_05M;t1;0.05;160;4701.67;TRUE;273.27;LR1_2_3_t1_40R_40V_04I_05M;40;11699;54.17;60000;99.47;5.98
LR1_2_3;40R_40V_04I_06M;t1;0.05;160;4541.35;TRUE;364.07;LR1_2_3_t1_40R_40V_04I_06M;40;34770;210.36;60000;97.74;5.3
LR1_2_4;40R_40V_04I_05M;t1;0.05;160;3791.18;TRUE;712.92;LR1_2_4_t1_40R_40V_04I_05M;40;10410;123.52;60000;88.52;3.73
LR1_2_4;40R_40V_04I_06M;t1;0.05;160;3727.79;TRUE;895.34;LR1_2_4_t1_40R_40V_04I_06M;40;34925;523.38;60000;78.45;3.14
LR1_2_5;40R_40V_04I_05M;t1;0.05;160;5441.69;TRUE;210.76;LR1_2_5_t1_40R_40V_04I_05M;40;31397;110.3;60000;99.98;9.07
LR1_2_5;40R_40V_04I_06M;t1;0.05;160;5136.34;TRUE;309.19;LR1_2_5_t1_40R_40V_04I_06M;40;46146;237.17;60000;99.02;8.49
LR2_2_1;40R_40V_04I_05M;t2;0.05;160;8117.46;TRUE;1366.83;LR2_2_1_t2_40R_40V_04I_05M;40;52618;1198.89;60000;0;6.08
LR2_2_1;40R_40V_04I_06M;t2;0.05;160;7986.15;TRUE;1468.75;LR2_2_1_t2_40R_40V_04I_06M;40;45749;1121.6;60000;0;6.36
LR2_2_2;40R_40V_04I_05M;t2;0.05;160;6657.66;TRUE;1487.46;LR2_2_2_t2_40R_40V_04I_05M;40;31060;767.98;60000;33.27;6.74
LR2_2_2;40R_40V_04I_06M;t2;0.05;160;6461.23;TRUE;1923.74;LR2_2_2_t2_40R_40V_04I_06M;40;25443;818.12;60000;3.53;7.21
LR2_2_3;40R_40V_04I_05M;t2;0.05;160;6043.41;TRUE;2930.02;LR2_2_3_t2_40R_40V_04I_05M;40;20848;1020.71;60000;0;3.25
LR2_2_3;40R_40V_04I_06M;t2;0.05;160;6007.29;TRUE;3062.43;LR2_2_3_t2_40R_40V_04I_06M;40;20848;1067.47;60000;0;3.39
LR2_2_4;40R_40V_04I_05M;t2;0.05;160;4404.97;TRUE;3600.03;LR2_2_4_t2_40R_40V_04I_05M;40;19610;1755.91;40138;0;1.43
LR2_2_4;40R_40V_04I_06M;t2;0.05;160;4333.34;TRUE;3600.06;LR2_2_4_t2_40R_40V_04I_06M;40;19610;1867.23;37736;0;1.48
LR2_2_5;40R_40V_04I_05M;t2;0.05;160;8226;TRUE;1660.18;LR2_2_5_t2_40R_40V_04I_05M;40;44959;1244.48;60000;0;7.88
LR2_2_5;40R_40V_04I_06M;t2;0.05;160;7897.48;TRUE;1744.58;LR2_2_5_t2_40R_40V_04I_06M;40;34965;1018.49;60000;0;8.44
LR1_2_1;60R_60V_02I_05M;t1;0.05;160;12347;TRUE;177.21;LR1_2_1_t1_60R_60V_02I_05M;60;1;0.02;60000;100;6.92
LR1_2_1;60R_60V_02I_06M;t1;0.05;160;12282.42;TRUE;197.95;LR1_2_1_t1_60R_60V_02I_06M;60;1;0.02;60000;100;6.69
LR1_2_2;60R_60V_02I_05M;t1;0.05;160;7580.55;TRUE;493.4;LR1_2_2_t1_60R_60V_02I_05M;60;53430;440.1;60000;96.95;4.4
LR1_2_2;60R_60V_02I_06M;t1;0.05;160;7670.89;TRUE;543.92;LR1_2_2_t1_60R_60V_02I_06M;60;12457;114.11;60000;95.65;4.35
LR1_2_3;60R_60V_02I_05M;t1;0.05;160;8320.23;TRUE;240.13;LR1_2_3_t1_60R_60V_02I_05M;60;1;0.02;60000;100;1.71
LR1_2_3;60R_60V_02I_06M;t1;0.05;160;8725.41;TRUE;272.62;LR1_2_3_t1_60R_60V_02I_06M;60;1;0.03;60000;100;2.74
LR1_2_4;60R_60V_02I_05M;t1;0.05;160;5483.24;TRUE;1160.8;LR1_2_4_t1_60R_60V_02I_05M;60;26424;512.34;60000;90.27;1.92
LR1_2_4;60R_60V_02I_06M;t1;0.05;160;5548.91;TRUE;1243.31;LR1_2_4_t1_60R_60V_02I_06M;60;59751;1237.88;60000;89.37;1.77
LR1_2_5;60R_60V_02I_05M;t1;0.05;160;7452.38;TRUE;763.38;LR1_2_5_t1_60R_60V_02I_05M;60;46795;594.14;60000;85.71;5.82
LR1_2_5;60R_60V_02I_06M;t1;0.05;160;7486.79;TRUE;1036.93;LR1_2_5_t1_60R_60V_02I_06M;60;34823;602.89;60000;66.55;5.68
LR2_2_1;60R_60V_02I_05M;t2;0.05;160;12060.7;TRUE;2175.93;LR2_2_1_t2_60R_60V_02I_05M;60;16019;586.8;60000;0;5.48
LR2_2_1;60R_60V_02I_06M;t2;0.05;160;12060.7;TRUE;2378.03;LR2_2_1_t2_60R_60V_02I_06M;60;16019;639.66;60000;0;5.79
LR2_2_2;60R_60V_02I_05M;t2;0.05;160;9665.58;TRUE;2981.25;LR2_2_2_t2_60R_60V_02I_05M;60;30249;1503.73;60000;0;4.39
LR2_2_2;60R_60V_02I_06M;t2;0.05;160;9493.6;TRUE;3178.95;LR2_2_2_t2_60R_60V_02I_06M;60;56557;2998.18;60000;0;4.62
LR2_2_3;60R_60V_02I_05M;t2;0.05;160;9315.65;TRUE;3600.04;LR2_2_3_t2_60R_60V_02I_05M;60;30217;1984.64;54898;0;3.73
LR2_2_3;60R_60V_02I_06M;t2;0.05;160;9145.9;TRUE;3600.02;LR2_2_3_t2_60R_60V_02I_06M;60;13389;927.12;52145;0;3.75
LR2_2_4;60R_60V_02I_05M;t2;0.05;160;6697.06;TRUE;3600.03;LR2_2_4_t2_60R_60V_02I_05M;60;30008;2773.94;38970;0;1.93
LR2_2_4;60R_60V_02I_06M;t2;0.05;160;6869.14;TRUE;3600.05;LR2_2_4_t2_60R_60V_02I_06M;60;4279;418.14;36842;0;1.93
LR2_2_5;60R_60V_02I_05M;t2;0.05;160;12033.42;TRUE;2578.5;LR2_2_5_t2_60R_60V_02I_05M;60;21522;933.01;60000;0;8.23
LR2_2_5;60R_60V_02I_06M;t2;0.05;160;12033.42;TRUE;2727.08;LR2_2_5_t2_60R_60V_02I_06M;60;21522;983.65;60000;0;8.23
LR1_2_1;60R_60V_04I_05M;t1;0.05;160;NA;FALSE;344.58;LR1_2_1_t1_60R_60V_04I_05M;60;0;0;60000;100;0
LR1_2_1;60R_60V_04I_06M;t1;0.05;160;12045.49;TRUE;434.05;LR1_2_1_t1_60R_60V_04I_06M;60;32343;233.94;60000;100;10.15
LR1_2_2;60R_60V_04I_05M;t1;0.05;160;NA;FALSE;352.56;LR1_2_2_t1_60R_60V_04I_05M;60;0;0;60000;100;0
LR1_2_2;60R_60V_04I_06M;t1;0.05;160;8928.17;TRUE;509.87;LR1_2_2_t1_60R_60V_04I_06M;60;54393;461.56;60000;99.99;9.16
LR1_2_3;60R_60V_04I_05M;t1;0.05;160;8234.15;TRUE;603.49;LR1_2_3_t1_60R_60V_04I_05M;60;49598;499.35;60000;99.99;6.3
LR1_2_3;60R_60V_04I_06M;t1;0.05;160;7539.38;TRUE;802.79;LR1_2_3_t1_60R_60V_04I_06M;60;1430;19.17;60000;99.77;6.33
LR1_2_4;60R_60V_04I_05M;t1;0.05;160;5427.44;TRUE;1629.69;LR1_2_4_t1_60R_60V_04I_05M;60;22176;601.05;60000;96.6;4.72
LR1_2_4;60R_60V_04I_06M;t1;0.05;160;5436.11;TRUE;2189.83;LR1_2_4_t1_60R_60V_04I_06M;60;22202;808.45;60000;90.89;4.05
LR1_2_5;60R_60V_04I_05M;t1;0.05;160;NA;FALSE;309.21;LR1_2_5_t1_60R_60V_04I_05M;60;0;0;60000;100;0
LR1_2_5;60R_60V_04I_06M;t1;0.05;160;8591.35;TRUE;443.9;LR1_2_5_t1_60R_60V_04I_06M;60;56415;417.2;60000;99.99;11.09
LR2_2_1;60R_60V_04I_05M;t2;0.05;160;11945.61;TRUE;2748.95;LR2_2_1_t2_60R_60V_04I_05M;60;59395;2721.93;60000;24.24;5.71
LR2_2_1;60R_60V_04I_06M;t2;0.05;160;11853.2;TRUE;3282.1;LR2_2_1_t2_60R_60V_04I_06M;60;28936;1587.25;60000;7.88;5.94
LR2_2_2;60R_60V_04I_05M;t2;0.05;160;9766.14;TRUE;3080.87;LR2_2_2_t2_60R_60V_04I_05M;60;6377;323.45;60000;50.77;5.31
LR2_2_2;60R_60V_04I_06M;t2;0.05;160;9485.17;TRUE;3600.03;LR2_2_2_t2_60R_60V_04I_06M;60;46670;3500.5;47999;7.54;5.59
LR2_2_3;60R_60V_04I_05M;t2;0.05;160;9952.99;TRUE;3600.05;LR2_2_3_t2_60R_60V_04I_05M;60;21721;2405.58;32525;0.4;3.24
LR2_2_3;60R_60V_04I_06M;t2;0.05;160;9815.81;TRUE;3600.1;LR2_2_3_t2_60R_60V_04I_06M;60;23905;2845.54;30240;0.02;3.46
LR2_2_4;60R_60V_04I_05M;t2;0.05;160;7245.92;TRUE;3600.16;LR2_2_4_t2_60R_60V_04I_05M;60;17643;3435.6;18477;0;1.15
LR2_2_4;60R_60V_04I_06M;t2;0.05;160;6922.29;TRUE;3600.02;LR2_2_4_t2_60R_60V_04I_06M;60;5142;1061.56;17356;0;1.2
LR2_2_5;60R_60V_04I_05M;t2;0.05;160;12434.57;TRUE;3600.03;LR2_2_5_t2_60R_60V_04I_05M;60;188;12.44;55867;0;5.6
LR2_2_5;60R_60V_04I_06M;t2;0.05;160;12120.91;TRUE;3600.01;LR2_2_5_t2_60R_60V_04I_06M;60;19987;1368.62;52736;0;6.06
lr101;06R_06V_02I_03M;t1;0.05;177;784.11;TRUE;89.78;lr101_t1_06R_06V_02I_03M;6;1;0;60000;0;18.34
lr101;06R_06V_02I_04M;t1;0.05;177;763.79;TRUE;90.79;lr101_t1_06R_06V_02I_04M;6;4;0.32;60000;0;19.55
lr102;06R_06V_02I_03M;t1;0.05;177;542.25;TRUE;85.52;lr102_t1_06R_06V_02I_03M;6;7;0.33;60000;0;13.07
lr102;06R_06V_02I_04M;t1;0.05;177;542.25;TRUE;87.06;lr102_t1_06R_06V_02I_04M;6;7;0.32;60000;0;13.13
lr103;06R_06V_02I_03M;t1;0.05;177;455.04;TRUE;90.12;lr103_t1_06R_06V_02I_03M;6;54;0.39;60000;0;19.87
lr103;06R_06V_02I_04M;t1;0.05;177;452.25;TRUE;92.36;lr103_t1_06R_06V_02I_04M;6;54;0.41;60000;0;20.17
lr104;06R_06V_02I_03M;t1;0.05;177;431.14;TRUE;85.9;lr104_t1_06R_06V_02I_03M;6;10;0.31;60000;0;13.46
lr104;06R_06V_02I_04M;t1;0.05;177;426.97;TRUE;88.56;lr104_t1_06R_06V_02I_04M;6;10;0.31;60000;0;13.95
lr105;06R_06V_02I_03M;t1;0.05;177;472.54;TRUE;89.73;lr105_t1_06R_06V_02I_03M;6;6;0.29;60000;0;22.93
lr105;06R_06V_02I_04M;t1;0.05;177;471.8;TRUE;83.66;lr105_t1_06R_06V_02I_04M;6;6;0.29;60000;0;22.95
lr201;06R_06V_02I_03M;t2;0.05;177;841.88;TRUE;84.44;lr201_t2_06R_06V_02I_03M;6;102;0.48;60000;0;26.42
lr201;06R_06V_02I_04M;t2;0.05;177;840.13;TRUE;85.42;lr201_t2_06R_06V_02I_04M;6;102;0.43;60000;0;26.65
lr202;06R_06V_02I_03M;t2;0.05;177;606.04;TRUE;95.42;lr202_t2_06R_06V_02I_03M;6;345;0.88;60000;0;42.98
lr202;06R_06V_02I_04M;t2;0.05;177;606.04;TRUE;97.26;lr202_t2_06R_06V_02I_04M;6;345;0.92;60000;0;42.98
lr203;06R_06V_02I_03M;t2;0.05;177;676.69;TRUE;97.63;lr203_t2_06R_06V_02I_03M;6;39;0.36;60000;0;33.06
lr203;06R_06V_02I_04M;t2;0.05;177;676.69;TRUE;98.75;lr203_t2_06R_06V_02I_04M;6;39;0.39;60000;0;33.08
lr204;06R_06V_02I_03M;t2;0.05;177;559.82;TRUE;109.79;lr204_t2_06R_06V_02I_03M;6;16454;30.42;60000;0;23.64
lr204;06R_06V_02I_04M;t2;0.05;177;553.06;TRUE;112.31;lr204_t2_06R_06V_02I_04M;6;138;0.59;60000;0;21.49
lr205;06R_06V_02I_03M;t2;0.05;177;551.63;TRUE;90.56;lr205_t2_06R_06V_02I_03M;6;4;0.33;60000;0;30.76
lr205;06R_06V_02I_04M;t2;0.05;177;549.2;TRUE;92.15;lr205_t2_06R_06V_02I_04M;6;4;0.32;60000;0;30.72
lr101;06R_06V_04I_03M;t1;0.05;177;784.7;TRUE;12.25;lr101_t1_06R_06V_04I_03M;6;284;0.34;60000;92.58;14.71
lr101;06R_06V_04I_04M;t1;0.05;177;757.4;TRUE;47.15;lr101_t1_06R_06V_04I_04M;6;23;0.33;60000;53.49;16.53
lr102;06R_06V_04I_03M;t1;0.05;177;619.93;TRUE;38.35;lr102_t1_06R_06V_04I_03M;6;175;0.43;60000;68.25;11.37
lr102;06R_06V_04I_04M;t1;0.05;177;613.22;TRUE;102.9;lr102_t1_06R_06V_04I_04M;6;1;0;60000;1.37;13.43
lr103;06R_06V_04I_03M;t1;0.05;177;448.87;TRUE;97.28;lr103_t1_06R_06V_04I_03M;6;1;0;60000;0;19.22
lr103;06R_06V_04I_04M;t1;0.05;177;446.87;TRUE;100.15;lr103_t1_06R_06V_04I_04M;6;1;0;60000;0;19.3
lr104;06R_06V_04I_03M;t1;0.05;177;469.54;TRUE;97.29;lr104_t1_06R_06V_04I_03M;6;13;0.31;60000;0;11.21
lr104;06R_06V_04I_04M;t1;0.05;177;465.1;TRUE;99.29;lr104_t1_06R_06V_04I_04M;6;13;0.31;60000;0;11.9
lr105;06R_06V_04I_03M;t1;0.05;177;521.52;TRUE;33;lr105_t1_06R_06V_04I_03M;6;95;0.37;60000;71.69;15.87
lr105;06R_06V_04I_04M;t1;0.05;177;513.23;TRUE;99.37;lr105_t1_06R_06V_04I_04M;6;186;0.63;60000;0;18.47
lr201;06R_06V_04I_03M;t2;0.05;177;903.79;TRUE;98.73;lr201_t2_06R_06V_04I_03M;6;5;0.29;60000;0;23.31
lr201;06R_06V_04I_04M;t2;0.05;177;895.88;TRUE;99.6;lr201_t2_06R_06V_04I_04M;6;102;0.4;60000;0;23.27
lr202;06R_06V_04I_03M;t2;0.05;177;547.87;TRUE;106.54;lr202_t2_06R_06V_04I_03M;6;20;0.32;60000;0;27.17
lr202;06R_06V_04I_04M;t2;0.05;177;547.87;TRUE;110.23;lr202_t2_06R_06V_04I_04M;6;20;0.32;60000;0;27.28
lr203;06R_06V_04I_03M;t2;0.05;177;685.01;TRUE;109.79;lr203_t2_06R_06V_04I_03M;6;27;0.34;60000;0;27.79
lr203;06R_06V_04I_04M;t2;0.05;177;681.89;TRUE;113.77;lr203_t2_06R_06V_04I_04M;6;27;0.38;60000;0;30.52
lr204;06R_06V_04I_03M;t2;0.05;177;610.47;TRUE;126.85;lr204_t2_06R_06V_04I_03M;6;10349;22.36;60000;0;21.51
lr204;06R_06V_04I_04M;t2;0.05;177;601.61;TRUE;131.07;lr204_t2_06R_06V_04I_04M;6;2369;5.49;60000;0;22.33
lr205;06R_06V_04I_03M;t2;0.05;177;535.22;TRUE;115.23;lr205_t2_06R_06V_04I_03M;6;1084;2.41;60000;0;27.14
lr205;06R_06V_04I_04M;t2;0.05;177;535.22;TRUE;119.5;lr205_t2_06R_06V_04I_04M;6;135;0.61;60000;0;26.81
lr101;08R_08V_02I_03M;t1;0.05;177;946.87;TRUE;43.57;lr101_t1_08R_08V_02I_03M;8;415;0.63;60000;65.19;21.89
lr101;08R_08V_02I_04M;t1;0.05;177;948.49;TRUE;77.35;lr101_t1_08R_08V_02I_04M;8;13;0.31;60000;32.38;22.32
lr102;08R_08V_02I_03M;t1;0.05;177;770.92;TRUE;108.28;lr102_t1_08R_08V_02I_03M;8;127;0.54;60000;0;15.31
lr102;08R_08V_02I_04M;t1;0.05;177;770.92;TRUE;111.21;lr102_t1_08R_08V_02I_04M;8;127;0.53;60000;0;15.31
lr103;08R_08V_02I_03M;t1;0.05;177;546.38;TRUE;115.41;lr103_t1_08R_08V_02I_03M;8;656;1.58;60000;0.06;12.28
lr103;08R_08V_02I_04M;t1;0.05;177;546.38;TRUE;118.5;lr103_t1_08R_08V_02I_04M;8;656;1.58;60000;0;12.13
lr104;08R_08V_02I_03M;t1;0.05;177;558.37;TRUE;107.09;lr104_t1_08R_08V_02I_03M;8;2;0.29;60000;0;12.97
lr104;08R_08V_02I_04M;t1;0.05;177;558.37;TRUE;108.62;lr104_t1_08R_08V_02I_04M;8;2;0.29;60000;0;13.17
lr105;08R_08V_02I_03M;t1;0.05;177;557.04;TRUE;98.92;lr105_t1_08R_08V_02I_03M;8;27;0.37;60000;0;18.42
lr105;08R_08V_02I_04M;t1;0.05;177;556.3;TRUE;101.71;lr105_t1_08R_08V_02I_04M;8;27;0.38;60000;0;18.44
lr201;08R_08V_02I_03M;t2;0.05;177;948.1;TRUE;99.96;lr201_t2_08R_08V_02I_03M;8;46;0.34;60000;0;26.92
lr201;08R_08V_02I_04M;t2;0.05;177;944.72;TRUE;103.82;lr201_t2_08R_08V_02I_04M;8;46;0.36;60000;0;26.88
lr202;08R_08V_02I_03M;t2;0.05;177;694.1;TRUE;127.08;lr202_t2_08R_08V_02I_03M;8;3193;7.16;60000;0;34.79
lr202;08R_08V_02I_04M;t2;0.05;177;694.1;TRUE;131.06;lr202_t2_08R_08V_02I_04M;8;3193;7.38;60000;0;34.8
lr203;08R_08V_02I_03M;t2;0.05;177;685.02;TRUE;127.85;lr203_t2_08R_08V_02I_03M;8;221;0.81;60000;0;24
lr203;08R_08V_02I_04M;t2;0.05;177;684.26;TRUE;131.96;lr203_t2_08R_08V_02I_04M;8;221;0.82;60000;0;24.34
lr204;08R_08V_02I_03M;t2;0.05;177;683.79;TRUE;137.82;lr204_t2_08R_08V_02I_03M;8;117;0.61;60000;0;13.09
lr204;08R_08V_02I_04M;t2;0.05;177;682.02;TRUE;140.85;lr204_t2_08R_08V_02I_04M;8;2345;5.87;60000;0;13.14
lr205;08R_08V_02I_03M;t2;0.05;177;649.39;TRUE;124.54;lr205_t2_08R_08V_02I_03M;8;47900;99.34;60000;0;28.11
lr205;08R_08V_02I_04M;t2;0.05;177;639.69;TRUE;129.66;lr205_t2_08R_08V_02I_04M;8;56278;121.46;60000;0;27.4
lr101;08R_08V_04I_03M;t1;0.05;177;1155.57;TRUE;7.1;lr101_t1_08R_08V_04I_03M;8;19717;2.54;60000;99.59;16.71
lr101;08R_08V_04I_04M;t1;0.05;177;1067.57;TRUE;44.39;lr101_t1_08R_08V_04I_04M;8;2506;2.32;60000;69.56;19.6
lr102;08R_08V_04I_03M;t1;0.05;177;772.63;TRUE;61.58;lr102_t1_08R_08V_04I_03M;8;504;0.89;60000;51.24;14.57
lr102;08R_08V_04I_04M;t1;0.05;177;773.21;TRUE;64.8;lr102_t1_08R_08V_04I_04M;8;489;0.91;60000;50.41;14.35
lr103;08R_08V_04I_03M;t1;0.05;177;563.98;TRUE;104.83;lr103_t1_08R_08V_04I_03M;8;106;0.49;60000;19.85;11.54
lr103;08R_08V_04I_04M;t1;0.05;177;562.45;TRUE;128.41;lr103_t1_08R_08V_04I_04M;8;172;0.72;60000;1.21;10.58
lr104;08R_08V_04I_03M;t1;0.05;177;649.57;TRUE;110.03;lr104_t1_08R_08V_04I_03M;8;651;1.57;60000;18.82;16.2
lr104;08R_08V_04I_04M;t1;0.05;177;649.55;TRUE;128.76;lr104_t1_08R_08V_04I_04M;8;1110;2.79;60000;3.3;10.62
lr105;08R_08V_04I_03M;t1;0.05;177;754.77;TRUE;26.26;lr105_t1_08R_08V_04I_03M;8;1567;0.99;60000;86.36;14.4
lr105;08R_08V_04I_04M;t1;0.05;177;751.51;TRUE;104.1;lr105_t1_08R_08V_04I_04M;8;2943;5.61;60000;15.31;13.55
lr201;08R_08V_04I_03M;t2;0.05;177;1022.83;TRUE;123.5;lr201_t2_08R_08V_04I_03M;8;9164;19.43;60000;0;22.08
lr201;08R_08V_04I_04M;t2;0.05;177;1018.91;TRUE;124.9;lr201_t2_08R_08V_04I_04M;8;9164;19.48;60000;0;21.86
lr202;08R_08V_04I_03M;t2;0.05;177;796.27;TRUE;153.17;lr202_t2_08R_08V_04I_03M;8;54952;140.25;60000;0;25.21
lr202;08R_08V_04I_04M;t2;0.05;177;760.68;TRUE;159.7;lr202_t2_08R_08V_04I_04M;8;52984;140.95;60000;0;30.52
lr203;08R_08V_04I_03M;t2;0.05;177;684.38;TRUE;138.63;lr203_t2_08R_08V_04I_03M;8;5860;13.97;60000;0;20.91
lr203;08R_08V_04I_04M;t2;0.05;177;683.66;TRUE;143.82;lr203_t2_08R_08V_04I_04M;8;5860;14.57;60000;0;21.29
lr204;08R_08V_04I_03M;t2;0.05;177;721;TRUE;165.04;lr204_t2_08R_08V_04I_03M;8;450;1.61;60000;0;14.16
lr204;08R_08V_04I_04M;t2;0.05;177;720.9;TRUE;174.5;lr204_t2_08R_08V_04I_04M;8;50576;147.16;60000;0;14.78
lr205;08R_08V_04I_03M;t2;0.05;177;662.24;TRUE;152.3;lr205_t2_08R_08V_04I_03M;8;3220;8.55;60000;0;27.62
lr205;08R_08V_04I_04M;t2;0.05;177;661.85;TRUE;157.63;lr205_t2_08R_08V_04I_04M;8;15344;40.95;60000;0;27.6
lr101;10R_10V_02I_03M;t1;0.05;177;1295.99;TRUE;15.29;lr101_t1_10R_10V_02I_03M;10;8425;2.49;60000;96.08;13.1
lr101;10R_10V_02I_04M;t1;0.05;177;1254.94;TRUE;60.46;lr101_t1_10R_10V_02I_04M;10;3300;3.62;60000;60.49;14.14
lr102;10R_10V_02I_03M;t1;0.05;177;1018.62;TRUE;121.16;lr102_t1_10R_10V_02I_03M;10;7;0.33;60000;0;11.56
lr102;10R_10V_02I_04M;t1;0.05;177;1018.62;TRUE;124.92;lr102_t1_10R_10V_02I_04M;10;7;0.33;60000;0;11.56
lr103;10R_10V_02I_03M;t1;0.05;177;610.04;TRUE;132.99;lr103_t1_10R_10V_02I_03M;10;10;0.31;60000;0.22;8.49
lr103;10R_10V_02I_04M;t1;0.05;177;610.04;TRUE;137.44;lr103_t1_10R_10V_02I_04M;10;10;0.31;60000;0;8.41
lr104;10R_10V_02I_03M;t1;0.05;177;687.39;TRUE;117.87;lr104_t1_10R_10V_02I_03M;10;15367;30.62;60000;0;6.37
lr104;10R_10V_02I_04M;t1;0.05;177;671.72;TRUE;122.4;lr104_t1_10R_10V_02I_04M;10;7982;16.57;60000;0;7.04
lr105;10R_10V_02I_03M;t1;0.05;177;671.01;TRUE;111.01;lr105_t1_10R_10V_02I_03M;10;22;0.33;60000;0;18.65
lr105;10R_10V_02I_04M;t1;0.05;177;671.01;TRUE;115.04;lr105_t1_10R_10V_02I_04M;10;22;0.33;60000;0;18.66
lr201;10R_10V_02I_03M;t2;0.05;177;1006.56;TRUE;126.13;lr201_t2_10R_10V_02I_03M;10;1712;3.94;60000;0;26.48
lr201;10R_10V_02I_04M;t2;0.05;177;1005.86;TRUE;130.07;lr201_t2_10R_10V_02I_04M;10;1712;4.2;60000;0;26.5
lr202;10R_10V_02I_03M;t2;0.05;177;810.23;TRUE;140.45;lr202_t2_10R_10V_02I_03M;10;47123;110.47;60000;0;27.66
lr202;10R_10V_02I_04M;t2;0.05;177;809.32;TRUE;147.54;lr202_t2_10R_10V_02I_04M;10;47123;115.76;60000;0;28.08
lr203;10R_10V_02I_03M;t2;0.05;177;756.99;TRUE;182.3;lr203_t2_10R_10V_02I_03M;10;3729;11.63;60000;0;19.65
lr203;10R_10V_02I_04M;t2;0.05;177;756.27;TRUE;191.91;lr203_t2_10R_10V_02I_04M;10;3729;12.4;60000;0;19.95
lr204;10R_10V_02I_03M;t2;0.05;177;746.96;TRUE;178.43;lr204_t2_10R_10V_02I_03M;10;48747;145.26;60000;0;8.77
lr204;10R_10V_02I_04M;t2;0.05;177;744.08;TRUE;189.3;lr204_t2_10R_10V_02I_04M;10;48747;153.81;60000;0;9.52
lr205;10R_10V_02I_03M;t2;0.05;177;770.61;TRUE;141.51;lr205_t2_10R_10V_02I_03M;10;8532;20.44;60000;0;31.32
lr205;10R_10V_02I_04M;t2;0.05;177;770.61;TRUE;148.6;lr205_t2_10R_10V_02I_04M;10;8532;21.65;60000;0;31.33
lr101;10R_10V_04I_03M;t1;0.05;177;1275.66;TRUE;13.57;lr101_t1_10R_10V_04I_03M;10;2344;0.83;60000;99.7;22.12
lr101;10R_10V_04I_04M;t1;0.05;177;1207.27;TRUE;67.16;lr101_t1_10R_10V_04I_04M;10;1295;1.81;60000;59.96;21.15
lr102;10R_10V_04I_03M;t1;0.05;177;943.35;TRUE;52.74;lr102_t1_10R_10V_04I_03M;10;4001;3.94;60000;70.44;12.73
lr102;10R_10V_04I_04M;t1;0.05;177;938.67;TRUE;104.96;lr102_t1_10R_10V_04I_04M;10;6935;12.47;60000;29.71;12.06
lr103;10R_10V_04I_03M;t1;0.05;177;615.06;TRUE;118.86;lr103_t1_10R_10V_04I_03M;10;1031;2.44;60000;22.74;15.04
lr103;10R_10V_04I_04M;t1;0.05;177;611.6;TRUE;147.63;lr103_t1_10R_10V_04I_04M;10;17;0.35;60000;4.48;13.75
lr104;10R_10V_04I_03M;t1;0.05;177;745.94;TRUE;131.48;lr104_t1_10R_10V_04I_03M;10;28241;61.95;60000;9.8;12.96
lr104;10R_10V_04I_04M;t1;0.05;177;745.94;TRUE;148.01;lr104_t1_10R_10V_04I_04M;10;5384;13.79;60000;0.11;12.73
lr105;10R_10V_04I_03M;t1;0.05;177;668.46;TRUE;52.77;lr105_t1_10R_10V_04I_03M;10;112;0.42;60000;66.68;14.36
lr105;10R_10V_04I_04M;t1;0.05;177;665.48;TRUE;122.68;lr105_t1_10R_10V_04I_04M;10;212;0.78;60000;9.18;15.55
lr201;10R_10V_04I_03M;t2;0.05;177;1271.26;TRUE;153.35;lr201_t2_10R_10V_04I_03M;10;1053;3.03;60000;0;21.94
lr201;10R_10V_04I_04M;t2;0.05;177;1271.26;TRUE;157.41;lr201_t2_10R_10V_04I_04M;10;1053;3.18;60000;0;22.13
lr202;10R_10V_04I_03M;t2;0.05;177;976.55;TRUE;120.45;lr202_t2_10R_10V_04I_03M;10;48189;96.62;60000;43;25.39
lr202;10R_10V_04I_04M;t2;0.05;177;944.47;TRUE;190.48;lr202_t2_10R_10V_04I_04M;10;53793;170.92;60000;2.83;27.9
lr203;10R_10V_04I_03M;t2;0.05;177;840.83;TRUE;224.27;lr203_t2_10R_10V_04I_03M;10;47743;178.75;60000;0;15.26
lr203;10R_10V_04I_04M;t2;0.05;177;811.99;TRUE;240.79;lr203_t2_10R_10V_04I_04M;10;54346;217.98;60000;0;16.67
lr204;10R_10V_04I_03M;t2;0.05;177;777.69;TRUE;238.23;lr204_t2_10R_10V_04I_03M;10;40300;159.79;60000;0;8.53
lr204;10R_10V_04I_04M;t2;0.05;177;772.6;TRUE;256.16;lr204_t2_10R_10V_04I_04M;10;40300;172.47;60000;0;8.29
lr205;10R_10V_04I_03M;t2;0.05;177;789.01;TRUE;177.05;lr205_t2_10R_10V_04I_03M;10;22929;68.1;60000;0;26.3
lr205;10R_10V_04I_04M;t2;0.05;177;795.67;TRUE;185.3;lr205_t2_10R_10V_04I_04M;10;17610;54.63;60000;0;26.64
lr101;12R_12V_02I_03M;t1;0.05;177;1432.08;TRUE;20.89;lr101_t1_12R_12V_02I_03M;12;18251;6.57;60000;94.35;15.99
lr101;12R_12V_02I_04M;t1;0.05;177;1391.03;TRUE;71.75;lr101_t1_12R_12V_02I_04M;12;15640;19.12;60000;58.42;16.83
lr102;12R_12V_02I_03M;t1;0.05;177;981.42;TRUE;128.12;lr102_t1_12R_12V_02I_03M;12;29;0.38;60000;6.32;14.77
lr102;12R_12V_02I_04M;t1;0.05;177;975.57;TRUE;136.83;lr102_t1_12R_12V_02I_04M;12;175;0.74;60000;0.31;14.44
lr103;12R_12V_02I_03M;t1;0.05;177;716.73;TRUE;145.92;lr103_t1_12R_12V_02I_03M;12;24063;58.88;60000;1.21;10.3
lr103;12R_12V_02I_04M;t1;0.05;177;714.59;TRUE;154.16;lr103_t1_12R_12V_02I_04M;12;15549;40.64;60000;0;10.6
lr104;12R_12V_02I_03M;t1;0.05;177;783.03;TRUE;156.67;lr104_t1_12R_12V_02I_03M;12;2187;6.29;60000;0.5;7.81
lr104;12R_12V_02I_04M;t1;0.05;177;771.33;TRUE;166.66;lr104_t1_12R_12V_02I_04M;12;51763;143.75;60000;0;7.85
lr105;12R_12V_02I_03M;t1;0.05;177;1344.91;TRUE;14.08;lr105_t1_12R_12V_02I_03M;12;53182;12.55;60000;98.85;8.67
lr105;12R_12V_02I_04M;t1;0.05;177;1297.52;TRUE;32.79;lr105_t1_12R_12V_02I_04M;12;55121;30.06;60000;89.22;8.39
lr201;12R_12V_02I_03M;t2;0.05;177;1329.16;TRUE;147.56;lr201_t2_12R_12V_02I_03M;12;57344;140.91;60000;0;24.97
lr201;12R_12V_02I_04M;t2;0.05;177;1328.46;TRUE;153.22;lr201_t2_12R_12V_02I_04M;12;40639;104.09;60000;0;24.98
lr202;12R_12V_02I_03M;t2;0.05;177;885.14;TRUE;182.27;lr202_t2_12R_12V_02I_03M;12;9972;30.72;60000;0;25.58
lr202;12R_12V_02I_04M;t2;0.05;177;885.14;TRUE;192.31;lr202_t2_12R_12V_02I_04M;12;9972;32.48;60000;0;25.61
lr203;12R_12V_02I_03M;t2;0.05;177;1124.63;TRUE;217.23;lr203_t2_12R_12V_02I_03M;12;46334;168.05;60000;0;12.16
lr203;12R_12V_02I_04M;t2;0.05;177;1125.29;TRUE;228.85;lr203_t2_12R_12V_02I_04M;12;50642;193.28;60000;0;12.25
lr204;12R_12V_02I_03M;t2;0.05;177;817.24;TRUE;220.24;lr204_t2_12R_12V_02I_03M;12;42587;156.49;60000;0;5.23
lr204;12R_12V_02I_04M;t2;0.05;177;817.24;TRUE;235.79;lr204_t2_12R_12V_02I_04M;12;42587;167.49;60000;0;5.32
lr205;12R_12V_02I_03M;t2;0.05;177;923.38;TRUE;187.08;lr205_t2_12R_12V_02I_03M;12;5448;17.36;60000;0;24.48
lr205;12R_12V_02I_04M;t2;0.05;177;922.49;TRUE;196.17;lr205_t2_12R_12V_02I_04M;12;5448;18.36;60000;0;24.6
lr101;12R_12V_04I_03M;t1;0.05;177;1368.7;TRUE;14.2;lr101_t1_12R_12V_04I_03M;12;7037;1.95;60000;99.81;19.57
lr101;12R_12V_04I_04M;t1;0.05;177;1310.09;TRUE;36.18;lr101_t1_12R_12V_04I_04M;12;36218;21.99;60000;88.92;20.06
lr102;12R_12V_04I_03M;t1;0.05;177;993.9;TRUE;67.44;lr102_t1_12R_12V_04I_03M;12;3297;4.18;60000;62.74;12.2
lr102;12R_12V_04I_04M;t1;0.05;177;984.64;TRUE;129.08;lr102_t1_12R_12V_04I_04M;12;1180;3.04;60000;18.6;13.42
lr103;12R_12V_04I_03M;t1;0.05;177;799.37;TRUE;106.4;lr103_t1_12R_12V_04I_03M;12;31377;55.88;60000;55.99;9.09
lr103;12R_12V_04I_04M;t1;0.05;177;794.52;TRUE;170.68;lr103_t1_12R_12V_04I_04M;12;16684;47.96;60000;17.78;8.55
lr104;12R_12V_04I_03M;t1;0.05;177;847.82;TRUE;172.23;lr104_t1_12R_12V_04I_03M;12;2840;8.48;60000;8.18;7.85
lr104;12R_12V_04I_04M;t1;0.05;177;847.82;TRUE;191.83;lr104_t1_12R_12V_04I_04M;12;2840;9.5;60000;0.27;7.21
lr105;12R_12V_04I_03M;t1;0.05;177;834.01;TRUE;76.71;lr105_t1_12R_12V_04I_03M;12;7909;10.31;60000;58.06;16.09
lr105;12R_12V_04I_04M;t1;0.05;177;833.29;TRUE;140.89;lr105_t1_12R_12V_04I_04M;12;46559;109.34;60000;12.14;16.87
lr201;12R_12V_04I_03M;t2;0.05;177;1452.66;TRUE;180.88;lr201_t2_12R_12V_04I_03M;12;53922;162.34;60000;0;21.14
lr201;12R_12V_04I_04M;t2;0.05;177;1452.19;TRUE;189.85;lr201_t2_12R_12V_04I_04M;12;53922;170.51;60000;0;21.46
lr202;12R_12V_04I_03M;t2;0.05;177;1038.56;TRUE;191.46;lr202_t2_12R_12V_04I_03M;12;45454;145.07;60000;24.11;26.42
lr202;12R_12V_04I_04M;t2;0.05;177;1014.88;TRUE;241.28;lr202_t2_12R_12V_04I_04M;12;6070;24.8;60000;1.74;28.15
lr203;12R_12V_04I_03M;t2;0.05;177;871.72;TRUE;287.65;lr203_t2_12R_12V_04I_03M;12;28197;135.44;60000;0;14.32
lr203;12R_12V_04I_04M;t2;0.05;177;870.26;TRUE;305.52;lr203_t2_12R_12V_04I_04M;12;17560;89.53;60000;0;15.08
lr204;12R_12V_04I_03M;t2;0.05;177;878.78;TRUE;303.25;lr204_t2_12R_12V_04I_03M;12;8643;44.33;60000;0;3.66
lr204;12R_12V_04I_04M;t2;0.05;177;880.77;TRUE;327.96;lr204_t2_12R_12V_04I_04M;12;47197;258.29;60000;0;4.13
lr205;12R_12V_04I_03M;t2;0.05;177;958.11;TRUE;240.95;lr205_t2_12R_12V_04I_03M;12;50292;201.92;60000;0;20.92
lr205;12R_12V_04I_04M;t2;0.05;177;983.77;TRUE;255.01;lr205_t2_12R_12V_04I_04M;12;20032;85.73;60000;0;21.33
LR1_2_1;40R_40V_02I_05M;t1;0.05;177;8377.69;TRUE;81.22;LR1_2_1_t1_40R_40V_02I_05M;40;1;0.01;60000;100;5.62
LR1_2_1;40R_40V_02I_06M;t1;0.05;177;8377.69;TRUE;85.31;LR1_2_1_t1_40R_40V_02I_06M;40;1;0.01;60000;100;6.84
LR1_2_2;40R_40V_02I_05M;t1;0.05;177;7502.15;TRUE;90.43;LR1_2_2_t1_40R_40V_02I_05M;40;1;0.01;60000;100;5.62
LR1_2_2;40R_40V_02I_06M;t1;0.05;177;7505.6;TRUE;102.15;LR1_2_2_t1_40R_40V_02I_06M;40;1;0.01;60000;100;5.86
LR1_2_3;40R_40V_02I_05M;t1;0.05;177;4669.33;TRUE;210.79;LR1_2_3_t1_40R_40V_02I_05M;40;15438;54.64;60000;98.67;3.12
LR1_2_3;40R_40V_02I_06M;t1;0.05;177;4798.5;TRUE;224.29;LR1_2_3_t1_40R_40V_02I_06M;40;6943;26.07;60000;98.63;3
LR1_2_4;40R_40V_02I_05M;t1;0.05;177;3806.52;TRUE;584.92;LR1_2_4_t1_40R_40V_02I_05M;40;40507;395.32;60000;73.14;3.23
LR1_2_4;40R_40V_02I_06M;t1;0.05;177;3610.33;TRUE;967.94;LR1_2_4_t1_40R_40V_02I_06M;40;35116;565.75;60000;34.66;3.13
LR1_2_5;40R_40V_02I_05M;t1;0.05;177;6568.34;TRUE;110.91;LR1_2_5_t1_40R_40V_02I_05M;40;18705;34.88;60000;99.95;6.92
LR1_2_5;40R_40V_02I_06M;t1;0.05;177;6350.73;TRUE;185.92;LR1_2_5_t1_40R_40V_02I_06M;40;8075;24.65;60000;97.76;6.12
LR2_2_1;40R_40V_02I_05M;t2;0.05;177;7815.28;TRUE;1018.98;LR2_2_1_t2_40R_40V_02I_05M;40;16258;279.26;60000;0;6.75
LR2_2_1;40R_40V_02I_06M;t2;0.05;177;7810.35;TRUE;1079.12;LR2_2_1_t2_40R_40V_02I_06M;40;16258;293.73;60000;0;7.06
LR2_2_2;40R_40V_02I_05M;t2;0.05;177;6815.64;TRUE;1317.64;LR2_2_2_t2_40R_40V_02I_05M;40;31293;687.38;60000;0;7.34
LR2_2_2;40R_40V_02I_06M;t2;0.05;177;6633.1;TRUE;1401.43;LR2_2_2_t2_40R_40V_02I_06M;40;33900;793.91;60000;0;7.62
LR2_2_3;40R_40V_02I_05M;t2;0.05;177;5740.2;TRUE;1808.2;LR2_2_3_t2_40R_40V_02I_05M;40;53290;1606.16;60000;0;3.84
LR2_2_3;40R_40V_02I_06M;t2;0.05;177;5805.21;TRUE;1971.1;LR2_2_3_t2_40R_40V_02I_06M;40;32920;1084.65;60000;0;4.02
LR2_2_4;40R_40V_02I_05M;t2;0.05;177;4062.39;TRUE;3187.94;LR2_2_4_t2_40R_40V_02I_05M;40;47688;2532.21;60000;0;1.86
LR2_2_4;40R_40V_02I_06M;t2;0.05;177;4062.39;TRUE;3361.21;LR2_2_4_t2_40R_40V_02I_06M;40;47688;2671.99;60000;0;1.85
LR2_2_5;40R_40V_02I_05M;t2;0.05;177;7543.39;TRUE;1172.56;LR2_2_5_t2_40R_40V_02I_05M;40;35876;703.07;60000;0;9.76
LR2_2_5;40R_40V_02I_06M;t2;0.05;177;7543.39;TRUE;1268.01;LR2_2_5_t2_40R_40V_02I_06M;40;35876;759.8;60000;0;9.76
LR1_2_1;40R_40V_04I_05M;t1;0.05;177;NA;FALSE;112.09;LR1_2_1_t1_40R_40V_04I_05M;40;0;0;60000;100;0
LR1_2_1;40R_40V_04I_06M;t1;0.05;177;7614.14;TRUE;169.15;LR1_2_1_t1_40R_40V_04I_06M;40;41482;117.02;60000;99.98;8.09
LR1_2_2;40R_40V_04I_05M;t1;0.05;177;NA;FALSE;123.37;LR1_2_2_t1_40R_40V_04I_05M;40;0;0;60000;100;0
LR1_2_2;40R_40V_04I_06M;t1;0.05;177;6344.41;TRUE;163.58;LR1_2_2_t1_40R_40V_04I_06M;40;30257;82.37;60000;100;8.07
LR1_2_3;40R_40V_04I_05M;t1;0.05;177;4609.94;TRUE;273.29;LR1_2_3_t1_40R_40V_04I_05M;40;35339;161.25;60000;99.43;6.22
LR1_2_3;40R_40V_04I_06M;t1;0.05;177;4456.08;TRUE;360.63;LR1_2_3_t1_40R_40V_04I_06M;40;47796;287.07;60000;97.76;5.27
LR1_2_4;40R_40V_04I_05M;t1;0.05;177;3714.33;TRUE;711.73;LR1_2_4_t1_40R_40V_04I_05M;40;22798;270.13;60000;88.69;3.72
LR1_2_4;40R_40V_04I_06M;t1;0.05;177;3657.37;TRUE;911.91;LR1_2_4_t1_40R_40V_04I_06M;40;31238;474.02;60000;78.46;3.11
LR1_2_5;40R_40V_04I_05M;t1;0.05;177;5576.16;TRUE;211.1;LR1_2_5_t1_40R_40V_04I_05M;40;21542;75.63;60000;99.98;9.29
LR1_2_5;40R_40V_04I_06M;t1;0.05;177;5136.61;TRUE;306.31;LR1_2_5_t1_40R_40V_04I_06M;40;58251;297.29;60000;99.08;8.63
LR2_2_1;40R_40V_04I_05M;t2;0.05;177;7914.12;TRUE;1369.08;LR2_2_1_t2_40R_40V_04I_05M;40;38800;886.25;60000;0;6.08
LR2_2_1;40R_40V_04I_06M;t2;0.05;177;8000.06;TRUE;1476.53;LR2_2_1_t2_40R_40V_04I_06M;40;38800;955.78;60000;0;6.34
LR2_2_2;40R_40V_04I_05M;t2;0.05;177;6832.96;TRUE;1482.45;LR2_2_2_t2_40R_40V_04I_05M;40;7444;184.47;60000;33.13;6.73
LR2_2_2;40R_40V_04I_06M;t2;0.05;177;6566.57;TRUE;1932.13;LR2_2_2_t2_40R_40V_04I_06M;40;22865;739.29;60000;3.29;7.25
LR2_2_3;40R_40V_04I_05M;t2;0.05;177;5866.86;TRUE;2889.44;LR2_2_3_t2_40R_40V_04I_05M;40;42867;2065.13;60000;0;3.24
LR2_2_3;40R_40V_04I_06M;t2;0.05;177;6053.7;TRUE;3092.17;LR2_2_3_t2_40R_40V_04I_06M;40;49439;2547.88;60000;0;3.37
LR2_2_4;40R_40V_04I_05M;t2;0.05;177;4486.13;TRUE;3600.08;LR2_2_4_t2_40R_40V_04I_05M;40;33815;3033.5;40113;0;1.41
LR2_2_4;40R_40V_04I_06M;t2;0.05;177;4439.79;TRUE;3600.01;LR2_2_4_t2_40R_40V_04I_06M;40;33815;3195.42;38108;0;1.48
LR2_2_5;40R_40V_04I_05M;t2;0.05;177;8247.72;TRUE;1683.16;LR2_2_5_t2_40R_40V_04I_05M;40;6065;170.75;60000;0;7.89
LR2_2_5;40R_40V_04I_06M;t2;0.05;177;8079.08;TRUE;1771.08;LR2_2_5_t2_40R_40V_04I_06M;40;59093;1744.13;60000;0;8.44
LR1_2_1;60R_60V_02I_05M;t1;0.05;177;12347;TRUE;179;LR1_2_1_t1_60R_60V_02I_05M;60;1;0.02;60000;100;6.92
LR1_2_1;60R_60V_02I_06M;t1;0.05;177;12282.42;TRUE;194.37;LR1_2_1_t1_60R_60V_02I_06M;60;1;0.02;60000;100;6.69
LR1_2_2;60R_60V_02I_05M;t1;0.05;177;7767.29;TRUE;498;LR1_2_2_t1_60R_60V_02I_05M;60;30011;248.5;60000;96.91;4.4
LR1_2_2;60R_60V_02I_06M;t1;0.05;177;7708.06;TRUE;552.46;LR1_2_2_t1_60R_60V_02I_06M;60;5528;51.29;60000;95.38;4.35
LR1_2_3;60R_60V_02I_05M;t1;0.05;177;8320.23;TRUE;240.93;LR1_2_3_t1_60R_60V_02I_05M;60;1;0.03;60000;100;1.71
LR1_2_3;60R_60V_02I_06M;t1;0.05;177;8725.41;TRUE;268.69;LR1_2_3_t1_60R_60V_02I_06M;60;1;0.03;60000;100;2.74
LR1_2_4;60R_60V_02I_05M;t1;0.05;177;5512.63;TRUE;1138.32;LR1_2_4_t1_60R_60V_02I_05M;60;1033;20.01;60000;90.44;1.95
LR1_2_4;60R_60V_02I_06M;t1;0.05;177;5412.65;TRUE;1256.17;LR1_2_4_t1_60R_60V_02I_06M;60;17562;366.63;60000;89.05;1.78
LR1_2_5;60R_60V_02I_05M;t1;0.05;177;7502.16;TRUE;770.31;LR1_2_5_t1_60R_60V_02I_05M;60;15940;205.04;60000;85.45;5.83
LR1_2_5;60R_60V_02I_06M;t1;0.05;177;7441.76;TRUE;1038.81;LR1_2_5_t1_60R_60V_02I_06M;60;54593;945.13;60000;66.36;5.68
LR2_2_1;60R_60V_02I_05M;t2;0.05;177;12005.47;TRUE;2170.97;LR2_2_1_t2_60R_60V_02I_05M;60;2500;92.23;60000;0;5.48
LR2_2_1;60R_60V_02I_06M;t2;0.05;177;12005.47;TRUE;2356.94;LR2_2_1_t2_60R_60V_02I_06M;60;2500;99.9;60000;0;5.79
LR2_2_2;60R_60V_02I_05M;t2;0.05;177;9394.02;TRUE;2946.91;LR2_2_2_t2_60R_60V_02I_05M;60;54180;2661.5;60000;0;4.39
LR2_2_2;60R_60V_02I_06M;t2;0.05;177;9484.69;TRUE;3168.2;LR2_2_2_t2_60R_60V_02I_06M;60;22622;1205.69;60000;0;4.62
LR2_2_3;60R_60V_02I_05M;t2;0.05;177;9155.43;TRUE;3600.02;LR2_2_3_t2_60R_60V_02I_05M;60;6304;420.01;54078;0;3.73
LR2_2_3;60R_60V_02I_06M;t2;0.05;177;9151.42;TRUE;3600.02;LR2_2_3_t2_60R_60V_02I_06M;60;6304;440.14;51797;0;3.74
LR2_2_4;60R_60V_02I_05M;t2;0.05;177;6774.05;TRUE;3600.07;LR2_2_4_t2_60R_60V_02I_05M;60;29511;2723.22;39054;0;1.91
LR2_2_4;60R_60V_02I_06M;t2;0.05;177;6774.05;TRUE;3600.05;LR2_2_4_t2_60R_60V_02I_06M;60;29511;2882.41;36906;0;1.91
LR2_2_5;60R_60V_02I_05M;t2;0.05;177;12012.49;TRUE;2605.52;LR2_2_5_t2_60R_60V_02I_05M;60;30604;1335.93;60000;0;8.24
LR2_2_5;60R_60V_02I_06M;t2;0.05;177;12012.49;TRUE;2762.36;LR2_2_5_t2_60R_60V_02I_06M;60;30604;1414.46;60000;0;8.24
LR1_2_1;60R_60V_04I_05M;t1;0.05;177;NA;FALSE;341.69;LR1_2_1_t1_60R_60V_04I_05M;60;0;0;60000;100;0
LR1_2_1;60R_60V_04I_06M;t1;0.05;177;11837.62;TRUE;438.64;LR1_2_1_t1_60R_60V_04I_06M;60;41192;300.67;60000;100;11.25
LR1_2_2;60R_60V_04I_05M;t1;0.05;177;NA;FALSE;350.91;LR1_2_2_t1_60R_60V_04I_05M;60;0;0;60000;100;0
LR1_2_2;60R_60V_04I_06M;t1;0.05;177;9419.12;TRUE;501.39;LR1_2_2_t1_60R_60V_04I_06M;60;47378;396.04;60000;99.99;8.94
LR1_2_3;60R_60V_04I_05M;t1;0.05;177;8087.28;TRUE;615.18;LR1_2_3_t1_60R_60V_04I_05M;60;46003;472.27;60000;99.98;7.27
LR1_2_3;60R_60V_04I_06M;t1;0.05;177;7558.86;TRUE;790.08;LR1_2_3_t1_60R_60V_04I_06M;60;57965;763.55;60000;99.82;6.46
LR1_2_4;60R_60V_04I_05M;t1;0.05;177;5531.2;TRUE;1620.51;LR1_2_4_t1_60R_60V_04I_05M;60;45431;1228.15;60000;96.7;4.71
LR1_2_4;60R_60V_04I_06M;t1;0.05;177;5360.5;TRUE;2147.73;LR1_2_4_t1_60R_60V_04I_06M;60;53836;1927.52;60000;90.97;4.02
LR1_2_5;60R_60V_04I_05M;t1;0.05;177;NA;FALSE;308.05;LR1_2_5_t1_60R_60V_04I_05M;60;0;0;60000;100;0
LR1_2_5;60R_60V_04I_06M;t1;0.05;177;8429.94;TRUE;440.81;LR1_2_5_t1_60R_60V_04I_06M;60;1076;8.18;60000;100;9.52
LR2_2_1;60R_60V_04I_05M;t2;0.05;177;12046.12;TRUE;2765.74;LR2_2_1_t2_60R_60V_04I_05M;60;9862;456.8;60000;24.89;5.72
LR2_2_1;60R_60V_04I_06M;t2;0.05;177;12028.37;TRUE;3273.21;LR2_2_1_t2_60R_60V_04I_06M;60;4496;247.83;60000;7.83;5.94
LR2_2_2;60R_60V_04I_05M;t2;0.05;177;9795.44;TRUE;3067.35;LR2_2_2_t2_60R_60V_04I_05M;60;14771;753.48;60000;50.82;5.33
LR2_2_2;60R_60V_04I_06M;t2;0.05;177;10019.96;TRUE;3600.05;LR2_2_2_t2_60R_60V_04I_06M;60;35830;2680.75;48145;7.42;5.59
LR2_2_3;60R_60V_04I_05M;t2;0.05;177;9901.13;TRUE;3600.04;LR2_2_3_t2_60R_60V_04I_05M;60;10801;1202.81;32419;0.38;3.23
LR2_2_3;60R_60V_04I_06M;t2;0.05;177;9945.7;TRUE;3600.11;LR2_2_3_t2_60R_60V_04I_06M;60;24650;2931.32;30274;0.04;3.47
LR2_2_4;60R_60V_04I_05M;t2;0.05;177;7071.48;TRUE;3600.08;LR2_2_4_t2_60R_60V_04I_05M;60;13329;2609.84;18426;0;1.15
LR2_2_4;60R_60V_04I_06M;t2;0.05;177;6812;TRUE;3600.08;LR2_2_4_t2_60R_60V_04I_06M;60;2793;579.59;17264;0;1.21
LR2_2_5;60R_60V_04I_05M;t2;0.05;177;12344.52;TRUE;3600.02;LR2_2_5_t2_60R_60V_04I_05M;60;16049;1033.73;56060;0;5.59
LR2_2_5;60R_60V_04I_06M;t2;0.05;177;12308.25;TRUE;3600.05;LR2_2_5_t2_60R_60V_04I_06M;60;7695;526.66;52749;0;6.07
